frame_idx,timestamp,price,volume
0,2024-05-13T13:30:37.097Z,26.3,
0,2024-05-13T13:30:38.097Z,26.2809,
0,2024-05-13T13:30:39.097Z,26.2814,
0,2024-05-13T13:30:40.097Z,26.2815,
0,2024-05-13T13:30:41.097Z,26.2752,
0,2024-05-13T13:30:42.097Z,26.2911,
0,2024-05-13T13:30:43.097Z,26.2912,
0,2024-05-13T13:30:44.097Z,26.2913,
0,2024-05-13T13:30:45.097Z,26.2914,
0,2024-05-13T13:30:46.097Z,26.2915,
0,2024-05-13T13:30:47.097Z,26.2852,
0,2024-05-13T13:30:48.097Z,26.2845,
0,2024-05-13T13:30:49.097Z,24.729400000000002,
0,2024-05-13T13:30:50.097Z,24.7295,
0,2024-05-13T13:30:51.097Z,24.729200000000002,
0,2024-05-13T13:30:52.097Z,22.278100000000002,
0,2024-05-13T13:30:53.097Z,22.278200000000002,
0,2024-05-13T13:30:54.097Z,22.2783,
0,2024-05-13T13:30:55.097Z,22.2784,
0,2024-05-13T13:30:56.097Z,22.2785,
0,2024-05-13T13:30:57.097Z,22.2786,
0,2024-05-13T13:30:58.097Z,22.2785,
0,2024-05-13T13:30:59.097Z,22.297,
0,2024-05-13T13:31:00.097Z,22.2969,
0,2024-05-13T13:31:01.097Z,22.297,
0,2024-05-13T13:31:02.097Z,22.2971,
0,2024-05-13T13:31:03.097Z,22.2972,
0,2024-05-13T13:31:04.097Z,22.2973,
0,2024-05-13T13:31:05.097Z,22.2974,
0,2024-05-13T13:31:06.097Z,22.2975,
0,2024-05-13T13:31:07.097Z,22.2976,
0,2024-05-13T13:31:08.097Z,22.2977,
0,2024-05-13T13:31:09.097Z,22.2978,
0,2024-05-13T13:31:10.097Z,22.2979,
0,2024-05-13T13:31:11.097Z,22.298,
0,2024-05-13T13:31:12.097Z,22.298099999999998,
0,2024-05-13T13:31:13.097Z,22.298199999999998,
0,2024-05-13T13:31:14.097Z,22.298299999999998,
0,2024-05-13T13:31:15.097Z,22.298399999999997,
0,2024-05-13T13:31:16.097Z,22.298499999999997,
0,2024-05-13T13:31:17.097Z,22.298599999999997,
0,2024-05-13T13:31:18.097Z,22.298699999999997,
0,2024-05-13T13:31:19.097Z,22.298799999999996,
0,2024-05-13T13:31:20.097Z,22.298899999999996,
0,2024-05-13T13:31:21.097Z,22.298999999999996,
0,2024-05-13T13:31:22.097Z,22.299099999999996,
0,2024-05-13T13:31:23.097Z,22.299199999999995,
0,2024-05-13T13:31:24.097Z,22.299299999999995,
0,2024-05-13T13:31:25.097Z,22.299399999999995,
0,2024-05-13T13:31:26.097Z,22.299499999999995,
0,2024-05-13T13:31:27.097Z,22.299599999999995,
0,2024-05-13T13:31:28.097Z,22.299699999999994,
0,2024-05-13T13:31:29.097Z,22.299799999999994,
0,2024-05-13T13:31:30.097Z,22.299899999999994,
0,2024-05-13T13:31:31.097Z,22.299999999999994,
0,2024-05-13T13:31:32.097Z,22.298499999999994,
0,2024-05-13T13:31:33.097Z,21.901799999999994,
0,2024-05-13T13:31:34.097Z,21.901899999999994,
0,2024-05-13T13:31:35.097Z,21.907999999999994,
0,2024-05-13T13:31:36.097Z,21.903299999999994,
0,2024-05-13T13:31:37.097Z,22.299299999999995,
0,2024-05-13T13:31:38.097Z,22.30079999999999,
0,2024-05-13T13:31:39.097Z,22.30089999999999,
0,2024-05-13T13:31:40.097Z,22.30099999999999,
0,2024-05-13T13:31:41.097Z,22.30109999999999,
0,2024-05-13T13:31:42.097Z,22.30089999999999,
0,2024-05-13T13:31:43.097Z,22.318599999999993,
0,2024-05-13T13:31:44.097Z,22.407999999999994,
0,2024-05-13T13:31:45.097Z,17.506199999999993,
0,2024-05-13T13:31:46.097Z,17.522299999999994,
0,2024-05-13T13:31:47.097Z,17.520799999999994,
0,2024-05-13T13:31:48.097Z,17.52089999999999,
0,2024-05-13T13:31:49.097Z,17.520999999999994,
0,2024-05-13T13:31:50.097Z,17.52109999999999,
0,2024-05-13T13:31:51.097Z,17.521199999999993,
0,2024-05-13T13:31:52.097Z,17.519699999999993,
0,2024-05-13T13:31:53.097Z,17.53579999999999,
0,2024-05-13T13:31:54.097Z,17.53589999999999,
0,2024-05-13T13:31:55.097Z,17.53879999999999,
0,2024-05-13T13:31:56.097Z,17.53729999999999,
0,2024-05-13T13:31:57.097Z,17.55619999999999,
0,2024-05-13T13:31:58.097Z,17.556299999999993,
0,2024-05-13T13:31:59.097Z,17.557799999999993,
0,2024-05-13T13:32:00.097Z,17.55789999999999,
0,2024-05-13T13:32:01.097Z,17.557999999999993,
0,2024-05-13T13:32:02.097Z,17.55809999999999,
0,2024-05-13T13:32:03.097Z,17.558199999999992,
0,2024-05-13T13:32:04.097Z,17.55829999999999,
0,2024-05-13T13:32:05.097Z,17.557999999999993,
0,2024-05-13T13:32:06.097Z,15.490899999999991,
0,2024-05-13T13:32:07.097Z,15.484599999999991,
0,2024-05-13T13:32:08.097Z,15.46709999999999,
0,2024-05-13T13:32:09.097Z,15.46399999999999,
0,2024-05-13T13:32:10.097Z,15.65579999999999,
0,2024-05-13T13:32:11.097Z,15.67349999999999,
0,2024-05-13T13:32:12.097Z,15.67199999999999,
0,2024-05-13T13:32:13.097Z,15.64649999999999,
0,2024-05-13T13:32:14.097Z,15.67859999999999,
0,2024-05-13T13:32:15.097Z,15.67549999999999,
0,2024-05-13T13:32:16.097Z,15.675199999999991,
0,2024-05-13T13:32:17.097Z,15.675299999999991,
0,2024-05-13T13:32:18.097Z,15.675099999999992,
0,2024-05-13T13:32:19.097Z,15.693999999999992,
0,2024-05-13T13:32:20.097Z,15.697099999999992,
0,2024-05-13T13:32:21.097Z,15.695499999999992,
0,2024-05-13T13:32:22.097Z,15.714799999999991,
0,2024-05-13T13:32:23.097Z,15.733299999999991,
0,2024-05-13T13:32:24.097Z,15.73339999999999,
0,2024-05-13T13:32:25.097Z,15.73029999999999,
0,2024-05-13T13:32:26.097Z,14.10479999999999,
0,2024-05-13T13:32:27.097Z,14.08569999999999,
0,2024-05-13T13:32:28.097Z,14.08579999999999,
0,2024-05-13T13:32:29.097Z,14.08509999999999,
0,2024-05-13T13:32:30.097Z,14.89119999999999,
0,2024-05-13T13:32:31.097Z,14.915299999999991,
0,2024-05-13T13:32:32.097Z,14.915399999999991,
0,2024-05-13T13:32:33.097Z,14.91709999999999,
0,2024-05-13T13:32:34.097Z,14.91649999999999,
0,2024-05-13T13:32:35.097Z,15.30699999999999,
0,2024-05-13T13:32:36.097Z,15.34519999999999,
0,2024-05-13T13:32:37.097Z,15.74169999999999,
0,2024-05-13T13:32:38.097Z,13.376999999999988,
0,2024-05-13T13:32:39.097Z,13.376899999999988,
0,2024-05-13T13:32:40.097Z,13.376999999999988,
0,2024-05-13T13:32:41.097Z,13.377199999999988,
0,2024-05-13T13:32:42.097Z,12.570899999999988,
0,2024-05-13T13:32:43.097Z,12.759799999999988,
0,2024-05-13T13:32:44.097Z,12.772699999999988,
0,2024-05-13T13:32:45.097Z,12.772799999999988,
0,2024-05-13T13:32:46.097Z,12.772899999999987,
0,2024-05-13T13:32:47.097Z,12.773399999999988,
0,2024-05-13T13:32:48.097Z,12.773499999999988,
0,2024-05-13T13:32:49.097Z,12.774099999999988,
0,2024-05-13T13:32:50.097Z,12.771799999999988,
0,2024-05-13T13:32:51.097Z,12.789899999999989,
0,2024-05-13T13:32:52.097Z,12.78739999999999,
0,2024-05-13T13:32:53.097Z,12.78109999999999,
0,2024-05-13T13:32:54.097Z,12.77479999999999,
0,2024-05-13T13:32:55.097Z,12.77619999999999,
0,2024-05-13T13:32:56.097Z,12.77309999999999,
0,2024-05-13T13:32:57.097Z,13.57939999999999,
0,2024-05-13T13:32:58.097Z,14.385699999999991,
0,2024-05-13T13:32:59.097Z,14.38739999999999,
0,2024-05-13T13:33:00.097Z,14.38429999999999,
0,2024-05-13T13:33:01.097Z,14.384899999999991,
0,2024-05-13T13:33:02.097Z,14.381799999999991,
0,2024-05-13T13:33:03.097Z,14.425899999999992,
0,2024-05-13T13:33:04.097Z,14.425999999999991,
0,2024-05-13T13:33:05.097Z,14.426099999999991,
0,2024-05-13T13:33:06.097Z,14.425899999999992,
0,2024-05-13T13:33:07.097Z,14.435599999999992,
0,2024-05-13T13:33:08.097Z,11.992499999999993,
0,2024-05-13T13:33:09.097Z,11.992599999999992,
0,2024-05-13T13:33:10.097Z,11.992699999999992,
0,2024-05-13T13:33:11.097Z,11.992799999999992,
0,2024-05-13T13:33:12.097Z,11.992899999999992,
0,2024-05-13T13:33:13.097Z,12.624999999999991,
0,2024-05-13T13:33:14.097Z,12.643899999999991,
0,2024-05-13T13:33:15.097Z,12.643999999999991,
0,2024-05-13T13:33:16.097Z,12.644099999999991,
0,2024-05-13T13:33:17.097Z,12.64419999999999,
0,2024-05-13T13:33:18.097Z,12.64449999999999,
0,2024-05-13T13:33:19.097Z,12.64459999999999,
0,2024-05-13T13:33:20.097Z,12.64469999999999,
0,2024-05-13T13:33:21.097Z,12.64479999999999,
0,2024-05-13T13:33:22.097Z,12.64489999999999,
0,2024-05-13T13:33:23.097Z,12.644999999999989,
0,2024-05-13T13:33:24.097Z,12.645099999999989,
0,2024-05-13T13:33:25.097Z,12.645199999999988,
0,2024-05-13T13:33:26.097Z,12.645299999999988,
0,2024-05-13T13:33:27.097Z,12.663799999999988,
0,2024-05-13T13:33:28.097Z,12.663899999999988,
0,2024-05-13T13:33:29.097Z,12.663799999999988,
0,2024-05-13T13:33:30.097Z,12.663899999999988,
0,2024-05-13T13:33:31.097Z,12.663999999999987,
0,2024-05-13T13:33:32.097Z,12.664099999999987,
0,2024-05-13T13:33:33.097Z,12.682999999999987,
0,2024-05-13T13:33:34.097Z,12.683099999999987,
0,2024-05-13T13:33:35.097Z,12.689399999999987,
0,2024-05-13T13:33:36.097Z,12.689499999999986,
0,2024-05-13T13:33:37.097Z,12.689599999999986,
0,2024-05-13T13:33:38.097Z,12.689699999999986,
0,2024-05-13T13:33:39.097Z,12.689799999999986,
0,2024-05-13T13:33:40.097Z,12.689899999999986,
0,2024-05-13T13:33:41.097Z,12.689999999999985,
0,2024-05-13T13:33:42.097Z,12.690099999999985,
0,2024-05-13T13:33:43.097Z,12.683799999999986,
0,2024-05-13T13:33:44.097Z,12.701499999999985,
0,2024-05-13T13:33:45.097Z,12.701599999999985,
0,2024-05-13T13:33:46.097Z,12.720099999999984,
0,2024-05-13T13:33:47.097Z,12.720199999999984,
0,2024-05-13T13:33:48.097Z,12.720299999999984,
0,2024-05-13T13:33:49.097Z,12.720399999999984,
0,2024-05-13T13:33:50.097Z,12.720499999999983,
0,2024-05-13T13:33:51.097Z,12.720599999999983,
0,2024-05-13T13:33:52.097Z,12.719099999999983,
0,2024-05-13T13:33:53.097Z,12.719699999999987,
0,2024-05-13T13:33:54.097Z,12.719799999999987,
0,2024-05-13T13:33:55.097Z,12.719899999999987,
0,2024-05-13T13:33:56.097Z,12.719999999999986,
0,2024-05-13T13:33:57.097Z,12.720099999999986,
0,2024-05-13T13:33:58.097Z,12.720199999999986,
0,2024-05-13T13:33:59.097Z,12.719499999999986,
0,2024-05-13T13:34:00.097Z,12.719599999999986,
0,2024-05-13T13:34:01.097Z,12.719699999999985,
0,2024-05-13T13:34:02.097Z,12.719799999999985,
0,2024-05-13T13:34:03.097Z,12.719699999999985,
0,2024-05-13T13:34:04.097Z,13.063799999999985,
0,2024-05-13T13:34:05.097Z,13.146199999999984,
0,2024-05-13T13:34:06.097Z,13.147599999999985,
0,2024-05-13T13:34:07.097Z,9.893099999999986,
0,2024-05-13T13:34:08.097Z,9.886799999999987,
0,2024-05-13T13:34:09.097Z,9.905299999999986,
0,2024-05-13T13:34:10.097Z,9.905399999999986,
0,2024-05-13T13:34:11.097Z,9.905499999999986,
0,2024-05-13T13:34:12.097Z,9.905599999999986,
0,2024-05-13T13:34:13.097Z,9.905699999999985,
0,2024-05-13T13:34:14.097Z,9.905799999999985,
0,2024-05-13T13:34:15.097Z,9.905899999999985,
0,2024-05-13T13:34:16.097Z,9.905999999999985,
0,2024-05-13T13:34:17.097Z,9.906099999999984,
0,2024-05-13T13:34:18.097Z,9.912399999999984,
0,2024-05-13T13:34:19.097Z,9.912499999999984,
0,2024-05-13T13:34:20.097Z,9.912599999999983,
0,2024-05-13T13:34:21.097Z,9.912699999999983,
0,2024-05-13T13:34:22.097Z,9.915599999999984,
0,2024-05-13T13:34:23.097Z,9.912499999999984,
0,2024-05-13T13:34:24.097Z,9.893399999999982,
0,2024-05-13T13:34:25.097Z,9.890299999999982,
0,2024-05-13T13:34:26.097Z,9.907999999999983,
0,2024-05-13T13:34:27.097Z,9.906499999999983,
0,2024-05-13T13:34:28.097Z,9.906599999999983,
0,2024-05-13T13:34:29.097Z,9.906699999999983,
0,2024-05-13T13:34:30.097Z,9.906599999999983,
0,2024-05-13T13:34:31.097Z,9.887499999999982,
0,2024-05-13T13:34:32.097Z,9.89239999999998,
0,2024-05-13T13:34:33.097Z,9.89249999999998,
0,2024-05-13T13:34:34.097Z,9.892299999999981,
0,2024-05-13T13:34:35.097Z,9.908399999999983,
0,2024-05-13T13:34:36.097Z,9.908499999999982,
0,2024-05-13T13:34:37.097Z,9.908599999999982,
0,2024-05-13T13:34:38.097Z,9.908699999999982,
0,2024-05-13T13:34:39.097Z,9.908799999999982,
0,2024-05-13T13:34:40.097Z,9.908899999999981,
0,2024-05-13T13:34:41.097Z,9.908999999999981,
0,2024-05-13T13:34:42.097Z,9.909099999999981,
0,2024-05-13T13:34:43.097Z,9.90919999999998,
0,2024-05-13T13:34:44.097Z,9.90929999999998,
0,2024-05-13T13:34:45.097Z,9.90939999999998,
0,2024-05-13T13:34:46.097Z,9.908699999999982,
0,2024-05-13T13:34:47.097Z,9.939199999999978,
0,2024-05-13T13:34:48.097Z,9.939299999999978,
0,2024-05-13T13:34:49.097Z,9.939399999999978,
0,2024-05-13T13:34:50.097Z,9.939299999999978,
0,2024-05-13T13:34:51.097Z,9.939399999999978,
0,2024-05-13T13:34:52.097Z,9.933099999999978,
0,2024-05-13T13:34:53.097Z,6.668999999999979,
0,2024-05-13T13:34:54.097Z,4.224299999999978,
0,2024-05-13T13:34:55.097Z,4.217999999999979,
0,2024-05-13T13:34:56.097Z,4.229299999999977,
0,2024-05-13T13:34:57.097Z,4.229399999999977,
0,2024-05-13T13:34:58.097Z,4.229499999999977,
0,2024-05-13T13:34:59.097Z,4.2295999999999765,
0,2024-05-13T13:35:00.097Z,4.229699999999976,
0,2024-05-13T13:35:01.097Z,4.2295999999999765,
0,2024-05-13T13:35:02.097Z,4.229699999999976,
0,2024-05-13T13:35:03.097Z,4.229799999999976,
0,2024-05-13T13:35:04.097Z,4.229899999999976,
0,2024-05-13T13:35:05.097Z,4.229699999999976,
0,2024-05-13T13:35:06.097Z,4.247399999999978,
0,2024-05-13T13:35:07.097Z,4.247499999999977,
0,2024-05-13T13:35:08.097Z,4.247599999999977,
0,2024-05-13T13:35:09.097Z,4.247699999999977,
0,2024-05-13T13:35:10.097Z,4.247799999999977,
0,2024-05-13T13:35:11.097Z,4.2478999999999765,
0,2024-05-13T13:35:12.097Z,4.247999999999976,
0,2024-05-13T13:35:13.097Z,4.248099999999976,
0,2024-05-13T13:35:14.097Z,4.248199999999976,
0,2024-05-13T13:35:15.097Z,4.245099999999976,
0,2024-05-13T13:35:16.097Z,4.245199999999976,
0,2024-05-13T13:35:17.097Z,4.245299999999975,
0,2024-05-13T13:35:18.097Z,4.245399999999975,
0,2024-05-13T13:35:19.097Z,4.250299999999974,
0,2024-05-13T13:35:20.097Z,4.249999999999975,
0,2024-05-13T13:35:21.097Z,4.250099999999975,
0,2024-05-13T13:35:22.097Z,4.250199999999975,
0,2024-05-13T13:35:23.097Z,4.250299999999974,
0,2024-05-13T13:35:24.097Z,4.250399999999974,
0,2024-05-13T13:35:25.097Z,4.250499999999974,
0,2024-05-13T13:35:26.097Z,4.250599999999974,
0,2024-05-13T13:35:27.097Z,4.2506999999999735,
0,2024-05-13T13:35:28.097Z,4.250799999999973,
0,2024-05-13T13:35:29.097Z,4.250899999999973,
0,2024-05-13T13:35:30.097Z,4.250999999999973,
0,2024-05-13T13:35:31.097Z,4.251099999999973,
0,2024-05-13T13:35:32.097Z,4.251199999999972,
0,2024-05-13T13:35:33.097Z,4.251299999999972,
0,2024-05-13T13:35:34.097Z,4.251399999999972,
0,2024-05-13T13:35:35.097Z,4.251499999999972,
0,2024-05-13T13:35:36.097Z,4.251599999999971,
0,2024-05-13T13:35:37.097Z,4.251699999999971,
0,2024-05-13T13:35:38.097Z,4.251799999999971,
0,2024-05-13T13:35:39.097Z,4.251899999999971,
0,2024-05-13T13:35:40.097Z,4.2519999999999705,
0,2024-05-13T13:35:41.097Z,4.25209999999997,
0,2024-05-13T13:35:42.097Z,4.25219999999997,
0,2024-05-13T13:35:43.097Z,4.25229999999997,
0,2024-05-13T13:35:44.097Z,4.2523999999999695,
0,2024-05-13T13:35:45.097Z,4.252499999999969,
0,2024-05-13T13:35:46.097Z,4.252599999999969,
0,2024-05-13T13:35:47.097Z,4.252699999999969,
0,2024-05-13T13:35:48.097Z,4.252799999999969,
0,2024-05-13T13:35:49.097Z,4.252899999999968,
0,2024-05-13T13:35:50.097Z,4.252999999999968,
0,2024-05-13T13:35:51.097Z,4.253099999999968,
0,2024-05-13T13:35:52.097Z,4.253199999999968,
0,2024-05-13T13:35:53.097Z,4.253299999999967,
0,2024-05-13T13:35:54.097Z,4.253399999999967,
0,2024-05-13T13:35:55.097Z,4.253499999999967,
0,2024-05-13T13:35:56.097Z,4.253599999999967,
0,2024-05-13T13:35:57.097Z,4.2536999999999665,
0,2024-05-13T13:35:58.097Z,4.253799999999966,
0,2024-05-13T13:35:59.097Z,4.253899999999966,
0,2024-05-13T13:36:00.097Z,4.253999999999966,
0,2024-05-13T13:36:01.097Z,4.254099999999966,
0,2024-05-13T13:36:02.097Z,4.254199999999965,
0,2024-05-13T13:36:03.097Z,4.254299999999965,
0,2024-05-13T13:36:04.097Z,4.254399999999965,
0,2024-05-13T13:36:05.097Z,4.254499999999965,
0,2024-05-13T13:36:06.097Z,4.254599999999964,
0,2024-05-13T13:36:07.097Z,4.254699999999964,
0,2024-05-13T13:36:08.097Z,4.254499999999965,
0,2024-05-13T13:36:09.097Z,4.255899999999965,
0,2024-05-13T13:36:10.097Z,4.249599999999965,
0,2024-05-13T13:36:11.097Z,4.249699999999965,
0,2024-05-13T13:36:12.097Z,5.049399999999967,
0,2024-05-13T13:36:13.097Z,5.049499999999966,
0,2024-05-13T13:36:14.097Z,5.049599999999966,
0,2024-05-13T13:36:15.097Z,5.049699999999966,
0,2024-05-13T13:36:16.097Z,5.049799999999966,
0,2024-05-13T13:36:17.097Z,5.049899999999965,
0,2024-05-13T13:36:18.097Z,5.049999999999965,
0,2024-05-13T13:36:19.097Z,5.043699999999966,
0,2024-05-13T13:36:20.097Z,5.046199999999967,
0,2024-05-13T13:36:21.097Z,5.046299999999967,
0,2024-05-13T13:36:22.097Z,5.0463999999999665,
0,2024-05-13T13:36:23.097Z,5.046499999999966,
0,2024-05-13T13:36:24.097Z,5.046599999999966,
0,2024-05-13T13:36:25.097Z,5.046699999999966,
0,2024-05-13T13:36:26.097Z,5.045999999999967,
0,2024-05-13T13:36:27.097Z,5.026899999999966,
0,2024-05-13T13:36:28.097Z,5.0269999999999655,
0,2024-05-13T13:36:29.097Z,5.027099999999965,
0,2024-05-13T13:36:30.097Z,5.025399999999966,
0,2024-05-13T13:36:31.097Z,5.828699999999966,
0,2024-05-13T13:36:32.097Z,6.019199999999966,
0,2024-05-13T13:36:33.097Z,6.044599999999967,
0,2024-05-13T13:36:34.097Z,3.6190999999999676,
0,2024-05-13T13:36:35.097Z,3.6191999999999673,
0,2024-05-13T13:36:36.097Z,3.619299999999967,
0,2024-05-13T13:36:37.097Z,3.619399999999967,
0,2024-05-13T13:36:38.097Z,3.624299999999966,
0,2024-05-13T13:36:39.097Z,3.624399999999966,
0,2024-05-13T13:36:40.097Z,3.6244999999999656,
0,2024-05-13T13:36:41.097Z,3.6245999999999654,
0,2024-05-13T13:36:42.097Z,3.624699999999965,
0,2024-05-13T13:36:43.097Z,3.624699999999965,
0,2024-05-13T13:36:44.097Z,3.6248999999999647,
0,2024-05-13T13:36:45.097Z,3.6249999999999645,
0,2024-05-13T13:36:46.097Z,3.6250999999999642,
0,2024-05-13T13:36:47.097Z,3.625199999999964,
0,2024-05-13T13:36:48.097Z,3.6238999999999635,
0,2024-05-13T13:36:49.097Z,4.001299999999965,
0,2024-05-13T13:36:50.097Z,4.000999999999966,
0,2024-05-13T13:36:51.097Z,4.0010999999999655,
0,2024-05-13T13:36:52.097Z,4.002499999999966,
0,2024-05-13T13:36:53.097Z,4.0021999999999665,
0,2024-05-13T13:36:54.097Z,3.9990999999999666,
0,2024-05-13T13:36:55.097Z,3.979999999999965,
0,2024-05-13T13:36:56.097Z,3.9792999999999665,
0,2024-05-13T13:36:57.097Z,4.426599999999965,
0,2024-05-13T13:36:58.097Z,4.4450999999999645,
0,2024-05-13T13:36:59.097Z,4.440199999999965,
0,2024-05-13T13:37:00.097Z,2.981099999999966,
0,2024-05-13T13:37:01.097Z,3.0192999999999657,
0,2024-05-13T13:37:02.097Z,2.980999999999966,
0,2024-05-13T13:37:03.097Z,2.981099999999966,
0,2024-05-13T13:37:04.097Z,2.9807999999999666,
0,2024-05-13T13:37:05.097Z,2.9792999999999665,
0,2024-05-13T13:37:06.097Z,2.972999999999967,
0,2024-05-13T13:37:07.097Z,2.9914999999999665,
0,2024-05-13T13:37:08.097Z,2.991299999999967,
0,2024-05-13T13:37:09.097Z,2.9913999999999668,
0,2024-05-13T13:37:10.097Z,2.991699999999966,
0,2024-05-13T13:37:11.097Z,2.9915999999999663,
0,2024-05-13T13:37:12.097Z,3.0234999999999665,
0,2024-05-13T13:37:13.097Z,3.0235999999999663,
0,2024-05-13T13:37:14.097Z,3.023699999999966,
0,2024-05-13T13:37:15.097Z,3.023799999999966,
0,2024-05-13T13:37:16.097Z,3.0230999999999675,
0,2024-05-13T13:37:17.097Z,3.0231999999999672,
0,2024-05-13T13:37:18.097Z,3.023299999999967,
0,2024-05-13T13:37:19.097Z,3.023399999999967,
0,2024-05-13T13:37:20.097Z,3.0234999999999665,
0,2024-05-13T13:37:21.097Z,3.0235999999999663,
0,2024-05-13T13:37:22.097Z,3.023699999999966,
0,2024-05-13T13:37:23.097Z,3.023799999999966,
0,2024-05-13T13:37:24.097Z,3.0238999999999656,
0,2024-05-13T13:37:25.097Z,3.0239999999999654,
0,2024-05-13T13:37:26.097Z,3.024099999999965,
0,2024-05-13T13:37:27.097Z,3.0239999999999654,
0,2024-05-13T13:37:28.097Z,3.024099999999965,
0,2024-05-13T13:37:29.097Z,3.0273999999999646,
0,2024-05-13T13:37:30.097Z,3.0274999999999643,
0,2024-05-13T13:37:31.097Z,3.028099999999963,
0,2024-05-13T13:37:32.097Z,3.0231999999999637,
0,2024-05-13T13:37:33.097Z,3.022999999999964,
0,2024-05-13T13:37:34.097Z,3.0227999999999646,
0,2024-05-13T13:37:35.097Z,3.0228999999999644,
0,2024-05-13T13:37:36.097Z,3.022599999999965,
0,2024-05-13T13:37:37.097Z,3.0218999999999667,
0,2024-05-13T13:37:38.097Z,3.0219999999999665,
0,2024-05-13T13:37:39.097Z,3.0204999999999664,
0,2024-05-13T13:37:40.097Z,3.0189999999999664,
0,2024-05-13T13:37:41.097Z,3.0318999999999647,
0,2024-05-13T13:37:42.097Z,3.0380999999999645,
0,2024-05-13T13:37:43.097Z,3.031799999999965,
0,2024-05-13T13:37:44.097Z,3.8318999999999654,
0,2024-05-13T13:37:45.097Z,3.849599999999967,
0,2024-05-13T13:37:46.097Z,3.8496999999999666,
0,2024-05-13T13:37:47.097Z,3.851099999999967,
0,2024-05-13T13:37:48.097Z,3.8516999999999655,
0,2024-05-13T13:37:49.097Z,3.8517999999999653,
0,2024-05-13T13:37:50.097Z,3.8520999999999646,
0,2024-05-13T13:37:51.097Z,3.8521999999999643,
0,2024-05-13T13:37:52.097Z,3.851499999999966,
0,2024-05-13T13:37:53.097Z,3.8675999999999675,
0,2024-05-13T13:37:54.097Z,3.8676999999999673,
0,2024-05-13T13:37:55.097Z,3.866999999999969,
0,2024-05-13T13:37:56.097Z,3.8830999999999705,
0,2024-05-13T13:37:57.097Z,3.8831999999999702,
0,2024-05-13T13:37:58.097Z,3.88329999999997,
0,2024-05-13T13:37:59.097Z,3.8833999999999698,
0,2024-05-13T13:38:00.097Z,3.8826999999999714,
0,2024-05-13T13:38:01.097Z,3.898799999999973,
0,2024-05-13T13:38:02.097Z,3.8988999999999727,
0,2024-05-13T13:38:03.097Z,3.8989999999999725,
0,2024-05-13T13:38:04.097Z,3.8990999999999723,
0,2024-05-13T13:38:05.097Z,3.899199999999972,
0,2024-05-13T13:38:06.097Z,3.899299999999972,
0,2024-05-13T13:38:07.097Z,3.8993999999999716,
0,2024-05-13T13:38:08.097Z,3.8994999999999713,
0,2024-05-13T13:38:09.097Z,3.8997999999999706,
0,2024-05-13T13:38:10.097Z,3.8990999999999723,
0,2024-05-13T13:38:11.097Z,3.9167999999999736,
0,2024-05-13T13:38:12.097Z,3.916999999999973,
0,2024-05-13T13:38:13.097Z,3.923199999999973,
0,2024-05-13T13:38:14.097Z,3.9168999999999734,
0,2024-05-13T13:38:15.097Z,3.934599999999975,
0,2024-05-13T13:38:16.097Z,3.9342999999999755,
0,2024-05-13T13:38:17.097Z,3.947199999999974,
0,2024-05-13T13:38:18.097Z,3.9472999999999736,
0,2024-05-13T13:38:19.097Z,3.9473999999999734,
0,2024-05-13T13:38:20.097Z,3.947499999999973,
0,2024-05-13T13:38:21.097Z,3.9443999999999733,
0,2024-05-13T13:38:22.097Z,3.944499999999973,
0,2024-05-13T13:38:23.097Z,3.9451999999999714,
0,2024-05-13T13:38:24.097Z,3.945299999999971,
0,2024-05-13T13:38:25.097Z,3.944599999999973,
0,2024-05-13T13:38:26.097Z,3.941499999999973,
0,2024-05-13T13:38:27.097Z,3.943999999999974,
0,2024-05-13T13:38:28.097Z,3.9437999999999747,
0,2024-05-13T13:38:29.097Z,4.129499999999975,
0,2024-05-13T13:38:30.097Z,4.129599999999975,
0,2024-05-13T13:38:31.097Z,4.126499999999975,
0,2024-05-13T13:38:32.097Z,4.123099999999976,
0,2024-05-13T13:38:33.097Z,4.123199999999976,
0,2024-05-13T13:38:34.097Z,4.121699999999976,
0,2024-05-13T13:38:35.097Z,4.1217999999999755,
0,2024-05-13T13:38:36.097Z,4.121899999999975,
0,2024-05-13T13:38:37.097Z,4.121999999999975,
0,2024-05-13T13:38:38.097Z,4.122099999999975,
0,2024-05-13T13:38:39.097Z,4.115899999999975,
0,2024-05-13T13:38:40.097Z,4.134799999999974,
0,2024-05-13T13:38:41.097Z,4.134899999999973,
0,2024-05-13T13:38:42.097Z,4.134999999999973,
0,2024-05-13T13:38:43.097Z,4.129999999999974,
0,2024-05-13T13:38:44.097Z,6.554899999999975,
0,2024-05-13T13:38:45.097Z,6.554999999999975,
0,2024-05-13T13:38:46.097Z,6.555099999999975,
0,2024-05-13T13:38:47.097Z,6.555999999999976,
0,2024-05-13T13:38:48.097Z,6.556499999999975,
0,2024-05-13T13:38:49.097Z,6.562199999999976,
0,2024-05-13T13:38:50.097Z,6.5618999999999765,
0,2024-05-13T13:38:51.097Z,6.580899999999975,
0,2024-05-13T13:38:52.097Z,6.580999999999975,
0,2024-05-13T13:38:53.097Z,6.581099999999974,
0,2024-05-13T13:38:54.097Z,6.581199999999974,
0,2024-05-13T13:38:55.097Z,6.581299999999974,
0,2024-05-13T13:38:56.097Z,6.581399999999974,
0,2024-05-13T13:38:57.097Z,6.5814999999999735,
0,2024-05-13T13:38:58.097Z,6.581599999999973,
0,2024-05-13T13:38:59.097Z,6.581699999999973,
0,2024-05-13T13:39:00.097Z,6.581799999999973,
0,2024-05-13T13:39:01.097Z,6.5818999999999726,
0,2024-05-13T13:39:02.097Z,6.581599999999973,
0,2024-05-13T13:39:03.097Z,6.581699999999973,
0,2024-05-13T13:39:04.097Z,6.581799999999973,
0,2024-05-13T13:39:05.097Z,6.5818999999999726,
0,2024-05-13T13:39:06.097Z,6.581999999999972,
0,2024-05-13T13:39:07.097Z,6.582099999999972,
0,2024-05-13T13:39:08.097Z,6.588199999999972,
0,2024-05-13T13:39:09.097Z,6.587499999999974,
0,2024-05-13T13:39:10.097Z,6.605999999999973,
0,2024-05-13T13:39:11.097Z,4.336899999999975,
0,2024-05-13T13:39:12.097Z,4.336999999999975,
0,2024-05-13T13:39:13.097Z,4.337099999999975,
0,2024-05-13T13:39:14.097Z,4.336399999999976,
0,2024-05-13T13:39:15.097Z,4.349199999999975,
0,2024-05-13T13:39:16.097Z,4.349299999999975,
0,2024-05-13T13:39:17.097Z,4.349399999999974,
0,2024-05-13T13:39:18.097Z,4.349499999999974,
0,2024-05-13T13:39:19.097Z,4.349599999999974,
0,2024-05-13T13:39:20.097Z,4.349699999999974,
0,2024-05-13T13:39:21.097Z,4.3497999999999735,
0,2024-05-13T13:39:22.097Z,4.349899999999973,
0,2024-05-13T13:39:23.097Z,4.349999999999973,
0,2024-05-13T13:39:24.097Z,4.350099999999973,
0,2024-05-13T13:39:25.097Z,4.3501999999999725,
0,2024-05-13T13:39:26.097Z,4.350299999999972,
0,2024-05-13T13:39:27.097Z,4.350399999999972,
0,2024-05-13T13:39:28.097Z,4.350499999999972,
0,2024-05-13T13:39:29.097Z,4.350599999999972,
0,2024-05-13T13:39:30.097Z,4.350699999999971,
0,2024-05-13T13:39:31.097Z,4.350799999999971,
0,2024-05-13T13:39:32.097Z,4.350899999999971,
0,2024-05-13T13:39:33.097Z,4.350999999999971,
0,2024-05-13T13:39:34.097Z,4.35109999999997,
0,2024-05-13T13:39:35.097Z,4.35119999999997,
0,2024-05-13T13:39:36.097Z,4.35129999999997,
0,2024-05-13T13:39:37.097Z,4.35139999999997,
0,2024-05-13T13:39:38.097Z,4.3514999999999695,
0,2024-05-13T13:39:39.097Z,4.351599999999969,
0,2024-05-13T13:39:40.097Z,4.351699999999969,
0,2024-05-13T13:39:41.097Z,4.351799999999969,
0,2024-05-13T13:39:42.097Z,4.351899999999969,
0,2024-05-13T13:39:43.097Z,4.351999999999968,
0,2024-05-13T13:39:44.097Z,4.352099999999968,
0,2024-05-13T13:39:45.097Z,4.352199999999968,
0,2024-05-13T13:39:46.097Z,4.352299999999968,
0,2024-05-13T13:39:47.097Z,4.350799999999968,
0,2024-05-13T13:39:48.097Z,4.363699999999966,
0,2024-05-13T13:39:49.097Z,4.363799999999966,
0,2024-05-13T13:39:50.097Z,4.3638999999999655,
0,2024-05-13T13:39:51.097Z,4.360799999999966,
0,2024-05-13T13:39:52.097Z,4.361099999999965,
0,2024-05-13T13:39:53.097Z,4.3603999999999665,
0,2024-05-13T13:39:54.097Z,4.392499999999966,
0,2024-05-13T13:39:55.097Z,4.392599999999966,
0,2024-05-13T13:39:56.097Z,4.406799999999965,
0,2024-05-13T13:39:57.097Z,4.406899999999965,
0,2024-05-13T13:39:58.097Z,4.4069999999999645,
0,2024-05-13T13:39:59.097Z,4.407099999999964,
0,2024-05-13T13:40:00.097Z,4.407199999999964,
0,2024-05-13T13:40:01.097Z,4.407299999999964,
0,2024-05-13T13:40:02.097Z,4.407399999999964,
0,2024-05-13T13:40:03.097Z,4.407499999999963,
0,2024-05-13T13:40:04.097Z,4.407599999999963,
0,2024-05-13T13:40:05.097Z,4.407699999999963,
0,2024-05-13T13:40:06.097Z,4.407799999999963,
0,2024-05-13T13:40:07.097Z,4.407599999999963,
0,2024-05-13T13:40:08.097Z,4.407699999999963,
0,2024-05-13T13:40:09.097Z,4.407799999999963,
0,2024-05-13T13:40:10.097Z,4.407899999999962,
0,2024-05-13T13:40:11.097Z,4.407999999999962,
0,2024-05-13T13:40:12.097Z,4.408099999999962,
0,2024-05-13T13:40:13.097Z,4.408199999999962,
0,2024-05-13T13:40:14.097Z,4.4082999999999615,
0,2024-05-13T13:40:15.097Z,4.408399999999961,
0,2024-05-13T13:40:16.097Z,4.408499999999961,
0,2024-05-13T13:40:17.097Z,4.40299999999996,
0,2024-05-13T13:40:18.097Z,4.403099999999959,
0,2024-05-13T13:40:19.097Z,4.403199999999959,
0,2024-05-13T13:40:20.097Z,4.403299999999959,
0,2024-05-13T13:40:21.097Z,4.403399999999959,
0,2024-05-13T13:40:22.097Z,4.4034999999999584,
0,2024-05-13T13:40:23.097Z,4.403599999999958,
0,2024-05-13T13:40:24.097Z,4.403699999999958,
0,2024-05-13T13:40:25.097Z,4.403799999999958,
0,2024-05-13T13:40:26.097Z,4.4038999999999575,
0,2024-05-13T13:40:27.097Z,4.403999999999957,
0,2024-05-13T13:40:28.097Z,4.404099999999957,
0,2024-05-13T13:40:29.097Z,4.404199999999957,
0,2024-05-13T13:40:30.097Z,4.404299999999957,
0,2024-05-13T13:40:31.097Z,4.404399999999956,
0,2024-05-13T13:40:32.097Z,4.404499999999956,
0,2024-05-13T13:40:33.097Z,4.404299999999957,
0,2024-05-13T13:40:34.097Z,4.404399999999956,
0,2024-05-13T13:40:35.097Z,4.404499999999956,
0,2024-05-13T13:40:36.097Z,4.404599999999956,
0,2024-05-13T13:40:37.097Z,4.404699999999956,
0,2024-05-13T13:40:38.097Z,4.404799999999955,
0,2024-05-13T13:40:39.097Z,4.404899999999955,
0,2024-05-13T13:40:40.097Z,4.404999999999955,
0,2024-05-13T13:40:41.097Z,4.405099999999955,
0,2024-05-13T13:40:42.097Z,4.4051999999999545,
0,2024-05-13T13:40:43.097Z,4.405299999999954,
0,2024-05-13T13:40:44.097Z,4.405399999999954,
0,2024-05-13T13:40:45.097Z,4.405499999999954,
0,2024-05-13T13:40:46.097Z,4.4055999999999536,
0,2024-05-13T13:40:47.097Z,4.405699999999953,
0,2024-05-13T13:40:48.097Z,4.408699999999953,
0,2024-05-13T13:40:49.097Z,4.408799999999953,
0,2024-05-13T13:40:50.097Z,4.408899999999953,
0,2024-05-13T13:40:51.097Z,4.408999999999953,
0,2024-05-13T13:40:52.097Z,4.4090999999999525,
0,2024-05-13T13:40:53.097Z,4.409199999999952,
0,2024-05-13T13:40:54.097Z,4.402899999999953,
0,2024-05-13T13:40:55.097Z,4.425299999999954,
0,2024-05-13T13:40:56.097Z,4.425599999999953,
0,2024-05-13T13:40:57.097Z,4.425699999999953,
0,2024-05-13T13:40:58.097Z,4.425799999999953,
0,2024-05-13T13:40:59.097Z,4.425899999999952,
0,2024-05-13T13:41:00.097Z,4.425999999999952,
0,2024-05-13T13:41:01.097Z,4.426099999999952,
0,2024-05-13T13:41:02.097Z,4.426199999999952,
0,2024-05-13T13:41:03.097Z,4.4262999999999515,
0,2024-05-13T13:41:04.097Z,4.426399999999951,
0,2024-05-13T13:41:05.097Z,4.426499999999951,
0,2024-05-13T13:41:06.097Z,4.426599999999951,
0,2024-05-13T13:41:07.097Z,4.426699999999951,
1,2024-05-13T13:30:37.097Z,26.3,
1,2024-05-13T13:30:38.097Z,26.2809,
1,2024-05-13T13:30:39.097Z,26.2814,
1,2024-05-13T13:30:40.097Z,26.2815,
1,2024-05-13T13:30:41.097Z,26.2752,
1,2024-05-13T13:30:42.097Z,26.2911,
1,2024-05-13T13:30:43.097Z,26.2912,
1,2024-05-13T13:30:44.097Z,26.2913,
1,2024-05-13T13:30:45.097Z,26.2914,
1,2024-05-13T13:30:46.097Z,26.2915,
1,2024-05-13T13:30:47.097Z,26.2852,
1,2024-05-13T13:30:48.097Z,26.2845,
1,2024-05-13T13:30:49.097Z,24.729400000000002,
1,2024-05-13T13:30:50.097Z,24.7295,
1,2024-05-13T13:30:51.097Z,24.729200000000002,
1,2024-05-13T13:30:52.097Z,22.278100000000002,
1,2024-05-13T13:30:53.097Z,22.278200000000002,
1,2024-05-13T13:30:54.097Z,22.2783,
1,2024-05-13T13:30:55.097Z,22.2784,
1,2024-05-13T13:30:56.097Z,22.2785,
1,2024-05-13T13:30:57.097Z,22.2786,
1,2024-05-13T13:30:58.097Z,22.2785,
1,2024-05-13T13:30:59.097Z,22.297,
1,2024-05-13T13:31:00.097Z,22.2969,
1,2024-05-13T13:31:01.097Z,22.297,
1,2024-05-13T13:31:02.097Z,22.2971,
1,2024-05-13T13:31:03.097Z,22.2972,
1,2024-05-13T13:31:04.097Z,22.2973,
1,2024-05-13T13:31:05.097Z,22.2974,
1,2024-05-13T13:31:06.097Z,22.2975,
1,2024-05-13T13:31:07.097Z,22.2976,
1,2024-05-13T13:31:08.097Z,22.2977,
1,2024-05-13T13:31:09.097Z,22.2978,
1,2024-05-13T13:31:10.097Z,22.2979,
1,2024-05-13T13:31:11.097Z,22.298,
1,2024-05-13T13:31:12.097Z,22.298099999999998,
1,2024-05-13T13:31:13.097Z,22.298199999999998,
1,2024-05-13T13:31:14.097Z,22.298299999999998,
1,2024-05-13T13:31:15.097Z,22.298399999999997,
1,2024-05-13T13:31:16.097Z,22.298499999999997,
1,2024-05-13T13:31:17.097Z,22.298599999999997,
1,2024-05-13T13:31:18.097Z,22.298699999999997,
1,2024-05-13T13:31:19.097Z,22.298799999999996,
1,2024-05-13T13:31:20.097Z,22.298899999999996,
1,2024-05-13T13:31:21.097Z,22.298999999999996,
1,2024-05-13T13:31:22.097Z,22.299099999999996,
1,2024-05-13T13:31:23.097Z,22.299199999999995,
1,2024-05-13T13:31:24.097Z,22.299299999999995,
1,2024-05-13T13:31:25.097Z,22.299399999999995,
1,2024-05-13T13:31:26.097Z,22.299499999999995,
1,2024-05-13T13:31:27.097Z,22.299599999999995,
1,2024-05-13T13:31:28.097Z,22.299699999999994,
1,2024-05-13T13:31:29.097Z,22.299799999999994,
1,2024-05-13T13:31:30.097Z,22.299899999999994,
1,2024-05-13T13:31:31.097Z,22.299999999999994,
1,2024-05-13T13:31:32.097Z,22.298499999999994,
1,2024-05-13T13:31:33.097Z,21.901799999999994,
1,2024-05-13T13:31:34.097Z,21.901899999999994,
1,2024-05-13T13:31:35.097Z,21.907999999999994,
1,2024-05-13T13:31:36.097Z,21.903299999999994,
1,2024-05-13T13:31:37.097Z,22.299299999999995,
1,2024-05-13T13:31:38.097Z,22.30079999999999,
1,2024-05-13T13:31:39.097Z,22.30089999999999,
1,2024-05-13T13:31:40.097Z,22.30099999999999,
1,2024-05-13T13:31:41.097Z,22.30109999999999,
1,2024-05-13T13:31:42.097Z,22.30089999999999,
1,2024-05-13T13:31:43.097Z,22.318599999999993,
1,2024-05-13T13:31:44.097Z,22.407999999999994,
1,2024-05-13T13:31:45.097Z,17.506199999999993,
1,2024-05-13T13:31:46.097Z,17.522299999999994,
1,2024-05-13T13:31:47.097Z,17.520799999999994,
1,2024-05-13T13:31:48.097Z,17.52089999999999,
1,2024-05-13T13:31:49.097Z,17.520999999999994,
1,2024-05-13T13:31:50.097Z,17.52109999999999,
1,2024-05-13T13:31:51.097Z,17.521199999999993,
1,2024-05-13T13:31:52.097Z,17.519699999999993,
1,2024-05-13T13:31:53.097Z,17.53579999999999,
1,2024-05-13T13:31:54.097Z,17.53589999999999,
1,2024-05-13T13:31:55.097Z,17.53879999999999,
1,2024-05-13T13:31:56.097Z,17.53729999999999,
1,2024-05-13T13:31:57.097Z,17.55619999999999,
1,2024-05-13T13:31:58.097Z,17.556299999999993,
1,2024-05-13T13:31:59.097Z,17.557799999999993,
1,2024-05-13T13:32:00.097Z,17.55789999999999,
1,2024-05-13T13:32:01.097Z,17.557999999999993,
1,2024-05-13T13:32:02.097Z,17.55809999999999,
1,2024-05-13T13:32:03.097Z,17.558199999999992,
1,2024-05-13T13:32:04.097Z,17.55829999999999,
1,2024-05-13T13:32:05.097Z,17.557999999999993,
1,2024-05-13T13:32:06.097Z,15.490899999999991,
1,2024-05-13T13:32:07.097Z,15.484599999999991,
1,2024-05-13T13:32:08.097Z,15.46709999999999,
1,2024-05-13T13:32:09.097Z,15.46399999999999,
1,2024-05-13T13:32:10.097Z,15.65579999999999,
1,2024-05-13T13:32:11.097Z,15.67349999999999,
1,2024-05-13T13:32:12.097Z,15.67199999999999,
1,2024-05-13T13:32:13.097Z,15.64649999999999,
1,2024-05-13T13:32:14.097Z,15.67859999999999,
1,2024-05-13T13:32:15.097Z,15.67549999999999,
1,2024-05-13T13:32:16.097Z,15.675199999999991,
1,2024-05-13T13:32:17.097Z,15.675299999999991,
1,2024-05-13T13:32:18.097Z,15.675099999999992,
1,2024-05-13T13:32:19.097Z,15.693999999999992,
1,2024-05-13T13:32:20.097Z,15.697099999999992,
1,2024-05-13T13:32:21.097Z,15.695499999999992,
1,2024-05-13T13:32:22.097Z,15.714799999999991,
1,2024-05-13T13:32:23.097Z,15.733299999999991,
1,2024-05-13T13:32:24.097Z,15.73339999999999,
1,2024-05-13T13:32:25.097Z,15.73029999999999,
1,2024-05-13T13:32:26.097Z,14.10479999999999,
1,2024-05-13T13:32:27.097Z,14.08569999999999,
1,2024-05-13T13:32:28.097Z,14.08579999999999,
1,2024-05-13T13:32:29.097Z,14.08509999999999,
1,2024-05-13T13:32:30.097Z,14.89119999999999,
1,2024-05-13T13:32:31.097Z,14.915299999999991,
1,2024-05-13T13:32:32.097Z,14.915399999999991,
1,2024-05-13T13:32:33.097Z,14.91709999999999,
1,2024-05-13T13:32:34.097Z,14.91649999999999,
1,2024-05-13T13:32:35.097Z,15.30699999999999,
1,2024-05-13T13:32:36.097Z,15.34519999999999,
1,2024-05-13T13:32:37.097Z,15.74169999999999,
1,2024-05-13T13:32:38.097Z,13.376999999999988,
1,2024-05-13T13:32:39.097Z,13.376899999999988,
1,2024-05-13T13:32:40.097Z,13.376999999999988,
1,2024-05-13T13:32:41.097Z,13.377199999999988,
1,2024-05-13T13:32:42.097Z,12.570899999999988,
1,2024-05-13T13:32:43.097Z,12.759799999999988,
1,2024-05-13T13:32:44.097Z,12.772699999999988,
1,2024-05-13T13:32:45.097Z,12.772799999999988,
1,2024-05-13T13:32:46.097Z,12.772899999999987,
1,2024-05-13T13:32:47.097Z,12.773399999999988,
1,2024-05-13T13:32:48.097Z,12.773499999999988,
1,2024-05-13T13:32:49.097Z,12.774099999999988,
1,2024-05-13T13:32:50.097Z,12.771799999999988,
1,2024-05-13T13:32:51.097Z,12.789899999999989,
1,2024-05-13T13:32:52.097Z,12.78739999999999,
1,2024-05-13T13:32:53.097Z,12.78109999999999,
1,2024-05-13T13:32:54.097Z,12.77479999999999,
1,2024-05-13T13:32:55.097Z,12.77619999999999,
1,2024-05-13T13:32:56.097Z,12.77309999999999,
1,2024-05-13T13:32:57.097Z,13.57939999999999,
1,2024-05-13T13:32:58.097Z,14.385699999999991,
1,2024-05-13T13:32:59.097Z,14.38739999999999,
1,2024-05-13T13:33:00.097Z,14.38429999999999,
1,2024-05-13T13:33:01.097Z,14.384899999999991,
1,2024-05-13T13:33:02.097Z,14.381799999999991,
1,2024-05-13T13:33:03.097Z,14.425899999999992,
1,2024-05-13T13:33:04.097Z,14.425999999999991,
1,2024-05-13T13:33:05.097Z,14.426099999999991,
1,2024-05-13T13:33:06.097Z,14.425899999999992,
1,2024-05-13T13:33:07.097Z,14.435599999999992,
1,2024-05-13T13:33:08.097Z,11.992499999999993,
1,2024-05-13T13:33:09.097Z,11.992599999999992,
1,2024-05-13T13:33:10.097Z,11.992699999999992,
1,2024-05-13T13:33:11.097Z,11.992799999999992,
1,2024-05-13T13:33:12.097Z,11.992899999999992,
1,2024-05-13T13:33:13.097Z,12.624999999999991,
1,2024-05-13T13:33:14.097Z,12.643899999999991,
1,2024-05-13T13:33:15.097Z,12.643999999999991,
1,2024-05-13T13:33:16.097Z,12.644099999999991,
1,2024-05-13T13:33:17.097Z,12.64419999999999,
1,2024-05-13T13:33:18.097Z,12.64449999999999,
1,2024-05-13T13:33:19.097Z,12.64459999999999,
1,2024-05-13T13:33:20.097Z,12.64469999999999,
1,2024-05-13T13:33:21.097Z,12.64479999999999,
1,2024-05-13T13:33:22.097Z,12.64489999999999,
1,2024-05-13T13:33:23.097Z,12.644999999999989,
1,2024-05-13T13:33:24.097Z,12.645099999999989,
1,2024-05-13T13:33:25.097Z,12.645199999999988,
1,2024-05-13T13:33:26.097Z,12.645299999999988,
1,2024-05-13T13:33:27.097Z,12.663799999999988,
1,2024-05-13T13:33:28.097Z,12.663899999999988,
1,2024-05-13T13:33:29.097Z,12.663799999999988,
1,2024-05-13T13:33:30.097Z,12.663899999999988,
1,2024-05-13T13:33:31.097Z,12.663999999999987,
1,2024-05-13T13:33:32.097Z,12.664099999999987,
1,2024-05-13T13:33:33.097Z,12.682999999999987,
1,2024-05-13T13:33:34.097Z,12.683099999999987,
1,2024-05-13T13:33:35.097Z,12.689399999999987,
1,2024-05-13T13:33:36.097Z,12.689499999999986,
1,2024-05-13T13:33:37.097Z,12.689599999999986,
1,2024-05-13T13:33:38.097Z,12.689699999999986,
1,2024-05-13T13:33:39.097Z,12.689799999999986,
1,2024-05-13T13:33:40.097Z,12.689899999999986,
1,2024-05-13T13:33:41.097Z,12.689999999999985,
1,2024-05-13T13:33:42.097Z,12.690099999999985,
1,2024-05-13T13:33:43.097Z,12.683799999999986,
1,2024-05-13T13:33:44.097Z,12.701499999999985,
1,2024-05-13T13:33:45.097Z,12.701599999999985,
1,2024-05-13T13:33:46.097Z,12.720099999999984,
1,2024-05-13T13:33:47.097Z,12.720199999999984,
1,2024-05-13T13:33:48.097Z,12.720299999999984,
1,2024-05-13T13:33:49.097Z,12.720399999999984,
1,2024-05-13T13:33:50.097Z,12.720499999999983,
1,2024-05-13T13:33:51.097Z,12.720599999999983,
1,2024-05-13T13:33:52.097Z,12.719099999999983,
1,2024-05-13T13:33:53.097Z,12.719699999999987,
1,2024-05-13T13:33:54.097Z,12.719799999999987,
1,2024-05-13T13:33:55.097Z,12.719899999999987,
1,2024-05-13T13:33:56.097Z,12.719999999999986,
1,2024-05-13T13:33:57.097Z,12.720099999999986,
1,2024-05-13T13:33:58.097Z,12.720199999999986,
1,2024-05-13T13:33:59.097Z,12.719499999999986,
1,2024-05-13T13:34:00.097Z,12.719599999999986,
1,2024-05-13T13:34:01.097Z,12.719699999999985,
1,2024-05-13T13:34:02.097Z,12.719799999999985,
1,2024-05-13T13:34:03.097Z,12.719699999999985,
1,2024-05-13T13:34:04.097Z,13.063799999999985,
1,2024-05-13T13:34:05.097Z,13.146199999999984,
1,2024-05-13T13:34:06.097Z,13.147599999999985,
1,2024-05-13T13:34:07.097Z,9.893099999999986,
1,2024-05-13T13:34:08.097Z,9.886799999999987,
1,2024-05-13T13:34:09.097Z,9.905299999999986,
1,2024-05-13T13:34:10.097Z,9.905399999999986,
1,2024-05-13T13:34:11.097Z,9.905499999999986,
1,2024-05-13T13:34:12.097Z,9.905599999999986,
1,2024-05-13T13:34:13.097Z,9.905699999999985,
1,2024-05-13T13:34:14.097Z,9.905799999999985,
1,2024-05-13T13:34:15.097Z,9.905899999999985,
1,2024-05-13T13:34:16.097Z,9.905999999999985,
1,2024-05-13T13:34:17.097Z,9.906099999999984,
1,2024-05-13T13:34:18.097Z,9.912399999999984,
1,2024-05-13T13:34:19.097Z,9.912499999999984,
1,2024-05-13T13:34:20.097Z,9.912599999999983,
1,2024-05-13T13:34:21.097Z,9.912699999999983,
1,2024-05-13T13:34:22.097Z,9.915599999999984,
1,2024-05-13T13:34:23.097Z,9.912499999999984,
1,2024-05-13T13:34:24.097Z,9.893399999999982,
1,2024-05-13T13:34:25.097Z,9.890299999999982,
1,2024-05-13T13:34:26.097Z,9.907999999999983,
1,2024-05-13T13:34:27.097Z,9.906499999999983,
1,2024-05-13T13:34:28.097Z,9.906599999999983,
1,2024-05-13T13:34:29.097Z,9.906699999999983,
1,2024-05-13T13:34:30.097Z,9.906599999999983,
1,2024-05-13T13:34:31.097Z,9.887499999999982,
1,2024-05-13T13:34:32.097Z,9.89239999999998,
1,2024-05-13T13:34:33.097Z,9.89249999999998,
1,2024-05-13T13:34:34.097Z,9.892299999999981,
1,2024-05-13T13:34:35.097Z,9.908399999999983,
1,2024-05-13T13:34:36.097Z,9.908499999999982,
1,2024-05-13T13:34:37.097Z,9.908599999999982,
1,2024-05-13T13:34:38.097Z,9.908699999999982,
1,2024-05-13T13:34:39.097Z,9.908799999999982,
1,2024-05-13T13:34:40.097Z,9.908899999999981,
1,2024-05-13T13:34:41.097Z,9.908999999999981,
1,2024-05-13T13:34:42.097Z,9.909099999999981,
1,2024-05-13T13:34:43.097Z,9.90919999999998,
1,2024-05-13T13:34:44.097Z,9.90929999999998,
1,2024-05-13T13:34:45.097Z,9.90939999999998,
1,2024-05-13T13:34:46.097Z,9.908699999999982,
1,2024-05-13T13:34:47.097Z,9.939199999999978,
1,2024-05-13T13:34:48.097Z,9.939299999999978,
1,2024-05-13T13:34:49.097Z,9.939399999999978,
1,2024-05-13T13:34:50.097Z,9.939299999999978,
1,2024-05-13T13:34:51.097Z,9.939399999999978,
1,2024-05-13T13:34:52.097Z,9.933099999999978,
1,2024-05-13T13:34:53.097Z,6.668999999999979,
1,2024-05-13T13:34:54.097Z,4.224299999999978,
1,2024-05-13T13:34:55.097Z,4.217999999999979,
1,2024-05-13T13:34:56.097Z,4.229299999999977,
1,2024-05-13T13:34:57.097Z,4.229399999999977,
1,2024-05-13T13:34:58.097Z,4.229499999999977,
1,2024-05-13T13:34:59.097Z,4.2295999999999765,
1,2024-05-13T13:35:00.097Z,4.229699999999976,
1,2024-05-13T13:35:01.097Z,4.2295999999999765,
1,2024-05-13T13:35:02.097Z,4.229699999999976,
1,2024-05-13T13:35:03.097Z,4.229799999999976,
1,2024-05-13T13:35:04.097Z,4.229899999999976,
1,2024-05-13T13:35:05.097Z,4.229699999999976,
1,2024-05-13T13:35:06.097Z,4.247399999999978,
1,2024-05-13T13:35:07.097Z,4.247499999999977,
1,2024-05-13T13:35:08.097Z,4.247599999999977,
1,2024-05-13T13:35:09.097Z,4.247699999999977,
1,2024-05-13T13:35:10.097Z,4.247799999999977,
1,2024-05-13T13:35:11.097Z,4.2478999999999765,
1,2024-05-13T13:35:12.097Z,4.247999999999976,
1,2024-05-13T13:35:13.097Z,4.248099999999976,
1,2024-05-13T13:35:14.097Z,4.248199999999976,
1,2024-05-13T13:35:15.097Z,4.245099999999976,
1,2024-05-13T13:35:16.097Z,4.245199999999976,
1,2024-05-13T13:35:17.097Z,4.245299999999975,
1,2024-05-13T13:35:18.097Z,4.245399999999975,
1,2024-05-13T13:35:19.097Z,4.250299999999974,
1,2024-05-13T13:35:20.097Z,4.249999999999975,
1,2024-05-13T13:35:21.097Z,4.250099999999975,
1,2024-05-13T13:35:22.097Z,4.250199999999975,
1,2024-05-13T13:35:23.097Z,4.250299999999974,
1,2024-05-13T13:35:24.097Z,4.250399999999974,
1,2024-05-13T13:35:25.097Z,4.250499999999974,
1,2024-05-13T13:35:26.097Z,4.250599999999974,
1,2024-05-13T13:35:27.097Z,4.2506999999999735,
1,2024-05-13T13:35:28.097Z,4.250799999999973,
1,2024-05-13T13:35:29.097Z,4.250899999999973,
1,2024-05-13T13:35:30.097Z,4.250999999999973,
1,2024-05-13T13:35:31.097Z,4.251099999999973,
1,2024-05-13T13:35:32.097Z,4.251199999999972,
1,2024-05-13T13:35:33.097Z,4.251299999999972,
1,2024-05-13T13:35:34.097Z,4.251399999999972,
1,2024-05-13T13:35:35.097Z,4.251499999999972,
1,2024-05-13T13:35:36.097Z,4.251599999999971,
1,2024-05-13T13:35:37.097Z,4.251699999999971,
1,2024-05-13T13:35:38.097Z,4.251799999999971,
1,2024-05-13T13:35:39.097Z,4.251899999999971,
1,2024-05-13T13:35:40.097Z,4.2519999999999705,
1,2024-05-13T13:35:41.097Z,4.25209999999997,
1,2024-05-13T13:35:42.097Z,4.25219999999997,
1,2024-05-13T13:35:43.097Z,4.25229999999997,
1,2024-05-13T13:35:44.097Z,4.2523999999999695,
1,2024-05-13T13:35:45.097Z,4.252499999999969,
1,2024-05-13T13:35:46.097Z,4.252599999999969,
1,2024-05-13T13:35:47.097Z,4.252699999999969,
1,2024-05-13T13:35:48.097Z,4.252799999999969,
1,2024-05-13T13:35:49.097Z,4.252899999999968,
1,2024-05-13T13:35:50.097Z,4.252999999999968,
1,2024-05-13T13:35:51.097Z,4.253099999999968,
1,2024-05-13T13:35:52.097Z,4.253199999999968,
1,2024-05-13T13:35:53.097Z,4.253299999999967,
1,2024-05-13T13:35:54.097Z,4.253399999999967,
1,2024-05-13T13:35:55.097Z,4.253499999999967,
1,2024-05-13T13:35:56.097Z,4.253599999999967,
1,2024-05-13T13:35:57.097Z,4.2536999999999665,
1,2024-05-13T13:35:58.097Z,4.253799999999966,
1,2024-05-13T13:35:59.097Z,4.253899999999966,
1,2024-05-13T13:36:00.097Z,4.253999999999966,
1,2024-05-13T13:36:01.097Z,4.254099999999966,
1,2024-05-13T13:36:02.097Z,4.254199999999965,
1,2024-05-13T13:36:03.097Z,4.254299999999965,
1,2024-05-13T13:36:04.097Z,4.254399999999965,
1,2024-05-13T13:36:05.097Z,4.254499999999965,
1,2024-05-13T13:36:06.097Z,4.254599999999964,
1,2024-05-13T13:36:07.097Z,4.254699999999964,
1,2024-05-13T13:36:08.097Z,4.254499999999965,
1,2024-05-13T13:36:09.097Z,4.255899999999965,
1,2024-05-13T13:36:10.097Z,4.249599999999965,
1,2024-05-13T13:36:11.097Z,4.249699999999965,
1,2024-05-13T13:36:12.097Z,5.049399999999967,
1,2024-05-13T13:36:13.097Z,5.049499999999966,
1,2024-05-13T13:36:14.097Z,5.049599999999966,
1,2024-05-13T13:36:15.097Z,5.049699999999966,
1,2024-05-13T13:36:16.097Z,5.049799999999966,
1,2024-05-13T13:36:17.097Z,5.049899999999965,
1,2024-05-13T13:36:18.097Z,5.049999999999965,
1,2024-05-13T13:36:19.097Z,5.043699999999966,
1,2024-05-13T13:36:20.097Z,5.046199999999967,
1,2024-05-13T13:36:21.097Z,5.046299999999967,
1,2024-05-13T13:36:22.097Z,5.0463999999999665,
1,2024-05-13T13:36:23.097Z,5.046499999999966,
1,2024-05-13T13:36:24.097Z,5.046599999999966,
1,2024-05-13T13:36:25.097Z,5.046699999999966,
1,2024-05-13T13:36:26.097Z,5.045999999999967,
1,2024-05-13T13:36:27.097Z,5.026899999999966,
1,2024-05-13T13:36:28.097Z,5.0269999999999655,
1,2024-05-13T13:36:29.097Z,5.027099999999965,
1,2024-05-13T13:36:30.097Z,5.025399999999966,
1,2024-05-13T13:36:31.097Z,5.828699999999966,
1,2024-05-13T13:36:32.097Z,6.019199999999966,
1,2024-05-13T13:36:33.097Z,6.044599999999967,
1,2024-05-13T13:36:34.097Z,3.6190999999999676,
1,2024-05-13T13:36:35.097Z,3.6191999999999673,
1,2024-05-13T13:36:36.097Z,3.619299999999967,
1,2024-05-13T13:36:37.097Z,3.619399999999967,
1,2024-05-13T13:36:38.097Z,3.624299999999966,
1,2024-05-13T13:36:39.097Z,3.624399999999966,
1,2024-05-13T13:36:40.097Z,3.6244999999999656,
1,2024-05-13T13:36:41.097Z,3.6245999999999654,
1,2024-05-13T13:36:42.097Z,3.624699999999965,
1,2024-05-13T13:36:43.097Z,3.624699999999965,
1,2024-05-13T13:36:44.097Z,3.6248999999999647,
1,2024-05-13T13:36:45.097Z,3.6249999999999645,
1,2024-05-13T13:36:46.097Z,3.6250999999999642,
1,2024-05-13T13:36:47.097Z,3.625199999999964,
1,2024-05-13T13:36:48.097Z,3.6238999999999635,
1,2024-05-13T13:36:49.097Z,4.001299999999965,
1,2024-05-13T13:36:50.097Z,4.000999999999966,
1,2024-05-13T13:36:51.097Z,4.0010999999999655,
1,2024-05-13T13:36:52.097Z,4.002499999999966,
1,2024-05-13T13:36:53.097Z,4.0021999999999665,
1,2024-05-13T13:36:54.097Z,3.9990999999999666,
1,2024-05-13T13:36:55.097Z,3.979999999999965,
1,2024-05-13T13:36:56.097Z,3.9792999999999665,
1,2024-05-13T13:36:57.097Z,4.426599999999965,
1,2024-05-13T13:36:58.097Z,4.4450999999999645,
1,2024-05-13T13:36:59.097Z,4.440199999999965,
1,2024-05-13T13:37:00.097Z,2.981099999999966,
1,2024-05-13T13:37:01.097Z,3.0192999999999657,
1,2024-05-13T13:37:02.097Z,2.980999999999966,
1,2024-05-13T13:37:03.097Z,2.981099999999966,
1,2024-05-13T13:37:04.097Z,2.9807999999999666,
1,2024-05-13T13:37:05.097Z,2.9792999999999665,
1,2024-05-13T13:37:06.097Z,2.972999999999967,
1,2024-05-13T13:37:07.097Z,2.9914999999999665,
1,2024-05-13T13:37:08.097Z,2.991299999999967,
1,2024-05-13T13:37:09.097Z,2.9913999999999668,
1,2024-05-13T13:37:10.097Z,2.991699999999966,
1,2024-05-13T13:37:11.097Z,2.9915999999999663,
1,2024-05-13T13:37:12.097Z,3.0234999999999665,
1,2024-05-13T13:37:13.097Z,3.0235999999999663,
1,2024-05-13T13:37:14.097Z,3.023699999999966,
1,2024-05-13T13:37:15.097Z,3.023799999999966,
1,2024-05-13T13:37:16.097Z,3.0230999999999675,
1,2024-05-13T13:37:17.097Z,3.0231999999999672,
1,2024-05-13T13:37:18.097Z,3.023299999999967,
1,2024-05-13T13:37:19.097Z,3.023399999999967,
1,2024-05-13T13:37:20.097Z,3.0234999999999665,
1,2024-05-13T13:37:21.097Z,3.0235999999999663,
1,2024-05-13T13:37:22.097Z,3.023699999999966,
1,2024-05-13T13:37:23.097Z,3.023799999999966,
1,2024-05-13T13:37:24.097Z,3.0238999999999656,
1,2024-05-13T13:37:25.097Z,3.0239999999999654,
1,2024-05-13T13:37:26.097Z,3.024099999999965,
1,2024-05-13T13:37:27.097Z,3.0239999999999654,
1,2024-05-13T13:37:28.097Z,3.024099999999965,
1,2024-05-13T13:37:29.097Z,3.0273999999999646,
1,2024-05-13T13:37:30.097Z,3.0274999999999643,
1,2024-05-13T13:37:31.097Z,3.028099999999963,
1,2024-05-13T13:37:32.097Z,3.0231999999999637,
1,2024-05-13T13:37:33.097Z,3.022999999999964,
1,2024-05-13T13:37:34.097Z,3.0227999999999646,
1,2024-05-13T13:37:35.097Z,3.0228999999999644,
1,2024-05-13T13:37:36.097Z,3.022599999999965,
1,2024-05-13T13:37:37.097Z,3.0218999999999667,
1,2024-05-13T13:37:38.097Z,3.0219999999999665,
1,2024-05-13T13:37:39.097Z,3.0204999999999664,
1,2024-05-13T13:37:40.097Z,3.0189999999999664,
1,2024-05-13T13:37:41.097Z,3.0318999999999647,
1,2024-05-13T13:37:42.097Z,3.0380999999999645,
1,2024-05-13T13:37:43.097Z,3.031799999999965,
1,2024-05-13T13:37:44.097Z,3.8318999999999654,
1,2024-05-13T13:37:45.097Z,3.849599999999967,
1,2024-05-13T13:37:46.097Z,3.8496999999999666,
1,2024-05-13T13:37:47.097Z,3.851099999999967,
1,2024-05-13T13:37:48.097Z,3.8516999999999655,
1,2024-05-13T13:37:49.097Z,3.8517999999999653,
1,2024-05-13T13:37:50.097Z,3.8520999999999646,
1,2024-05-13T13:37:51.097Z,3.8521999999999643,
1,2024-05-13T13:37:52.097Z,3.851499999999966,
1,2024-05-13T13:37:53.097Z,3.8675999999999675,
1,2024-05-13T13:37:54.097Z,3.8676999999999673,
1,2024-05-13T13:37:55.097Z,3.866999999999969,
1,2024-05-13T13:37:56.097Z,3.8830999999999705,
1,2024-05-13T13:37:57.097Z,3.8831999999999702,
1,2024-05-13T13:37:58.097Z,3.88329999999997,
1,2024-05-13T13:37:59.097Z,3.8833999999999698,
1,2024-05-13T13:38:00.097Z,3.8826999999999714,
1,2024-05-13T13:38:01.097Z,3.898799999999973,
1,2024-05-13T13:38:02.097Z,3.8988999999999727,
1,2024-05-13T13:38:03.097Z,3.8989999999999725,
1,2024-05-13T13:38:04.097Z,3.8990999999999723,
1,2024-05-13T13:38:05.097Z,3.899199999999972,
1,2024-05-13T13:38:06.097Z,3.899299999999972,
1,2024-05-13T13:38:07.097Z,3.8993999999999716,
1,2024-05-13T13:38:08.097Z,3.8994999999999713,
1,2024-05-13T13:38:09.097Z,3.8997999999999706,
1,2024-05-13T13:38:10.097Z,3.8990999999999723,
1,2024-05-13T13:38:11.097Z,3.9167999999999736,
1,2024-05-13T13:38:12.097Z,3.916999999999973,
1,2024-05-13T13:38:13.097Z,3.923199999999973,
1,2024-05-13T13:38:14.097Z,3.9168999999999734,
1,2024-05-13T13:38:15.097Z,3.934599999999975,
1,2024-05-13T13:38:16.097Z,3.9342999999999755,
1,2024-05-13T13:38:17.097Z,3.947199999999974,
1,2024-05-13T13:38:18.097Z,3.9472999999999736,
1,2024-05-13T13:38:19.097Z,3.9473999999999734,
1,2024-05-13T13:38:20.097Z,3.947499999999973,
1,2024-05-13T13:38:21.097Z,3.9443999999999733,
1,2024-05-13T13:38:22.097Z,3.944499999999973,
1,2024-05-13T13:38:23.097Z,3.9451999999999714,
1,2024-05-13T13:38:24.097Z,3.945299999999971,
1,2024-05-13T13:38:25.097Z,3.944599999999973,
1,2024-05-13T13:38:26.097Z,3.941499999999973,
1,2024-05-13T13:38:27.097Z,3.943999999999974,
1,2024-05-13T13:38:28.097Z,3.9437999999999747,
1,2024-05-13T13:38:29.097Z,4.129499999999975,
1,2024-05-13T13:38:30.097Z,4.129599999999975,
1,2024-05-13T13:38:31.097Z,4.126499999999975,
1,2024-05-13T13:38:32.097Z,4.123099999999976,
1,2024-05-13T13:38:33.097Z,4.123199999999976,
1,2024-05-13T13:38:34.097Z,4.121699999999976,
1,2024-05-13T13:38:35.097Z,4.1217999999999755,
1,2024-05-13T13:38:36.097Z,4.121899999999975,
1,2024-05-13T13:38:37.097Z,4.121999999999975,
1,2024-05-13T13:38:38.097Z,4.122099999999975,
1,2024-05-13T13:38:39.097Z,4.115899999999975,
1,2024-05-13T13:38:40.097Z,4.134799999999974,
1,2024-05-13T13:38:41.097Z,4.134899999999973,
1,2024-05-13T13:38:42.097Z,4.134999999999973,
1,2024-05-13T13:38:43.097Z,4.129999999999974,
1,2024-05-13T13:38:44.097Z,6.554899999999975,
1,2024-05-13T13:38:45.097Z,6.554999999999975,
1,2024-05-13T13:38:46.097Z,6.555099999999975,
1,2024-05-13T13:38:47.097Z,6.555999999999976,
1,2024-05-13T13:38:48.097Z,6.556499999999975,
1,2024-05-13T13:38:49.097Z,6.562199999999976,
1,2024-05-13T13:38:50.097Z,6.5618999999999765,
1,2024-05-13T13:38:51.097Z,6.580899999999975,
1,2024-05-13T13:38:52.097Z,6.580999999999975,
1,2024-05-13T13:38:53.097Z,6.581099999999974,
1,2024-05-13T13:38:54.097Z,6.581199999999974,
1,2024-05-13T13:38:55.097Z,6.581299999999974,
1,2024-05-13T13:38:56.097Z,6.581399999999974,
1,2024-05-13T13:38:57.097Z,6.5814999999999735,
1,2024-05-13T13:38:58.097Z,6.581599999999973,
1,2024-05-13T13:38:59.097Z,6.581699999999973,
1,2024-05-13T13:39:00.097Z,6.581799999999973,
1,2024-05-13T13:39:01.097Z,6.5818999999999726,
1,2024-05-13T13:39:02.097Z,6.581599999999973,
1,2024-05-13T13:39:03.097Z,6.581699999999973,
1,2024-05-13T13:39:04.097Z,6.581799999999973,
1,2024-05-13T13:39:05.097Z,6.5818999999999726,
1,2024-05-13T13:39:06.097Z,6.581999999999972,
1,2024-05-13T13:39:07.097Z,6.582099999999972,
1,2024-05-13T13:39:08.097Z,6.588199999999972,
1,2024-05-13T13:39:09.097Z,6.587499999999974,
1,2024-05-13T13:39:10.097Z,6.605999999999973,
1,2024-05-13T13:39:11.097Z,4.336899999999975,
1,2024-05-13T13:39:12.097Z,4.336999999999975,
1,2024-05-13T13:39:13.097Z,4.337099999999975,
1,2024-05-13T13:39:14.097Z,4.336399999999976,
1,2024-05-13T13:39:15.097Z,4.349199999999975,
1,2024-05-13T13:39:16.097Z,4.349299999999975,
1,2024-05-13T13:39:17.097Z,4.349399999999974,
1,2024-05-13T13:39:18.097Z,4.349499999999974,
1,2024-05-13T13:39:19.097Z,4.349599999999974,
1,2024-05-13T13:39:20.097Z,4.349699999999974,
1,2024-05-13T13:39:21.097Z,4.3497999999999735,
1,2024-05-13T13:39:22.097Z,4.349899999999973,
1,2024-05-13T13:39:23.097Z,4.349999999999973,
1,2024-05-13T13:39:24.097Z,4.350099999999973,
1,2024-05-13T13:39:25.097Z,4.3501999999999725,
1,2024-05-13T13:39:26.097Z,4.350299999999972,
1,2024-05-13T13:39:27.097Z,4.350399999999972,
1,2024-05-13T13:39:28.097Z,4.350499999999972,
1,2024-05-13T13:39:29.097Z,4.350599999999972,
1,2024-05-13T13:39:30.097Z,4.350699999999971,
1,2024-05-13T13:39:31.097Z,4.350799999999971,
1,2024-05-13T13:39:32.097Z,4.350899999999971,
1,2024-05-13T13:39:33.097Z,4.350999999999971,
1,2024-05-13T13:39:34.097Z,4.35109999999997,
1,2024-05-13T13:39:35.097Z,4.35119999999997,
1,2024-05-13T13:39:36.097Z,4.35129999999997,
1,2024-05-13T13:39:37.097Z,4.35139999999997,
1,2024-05-13T13:39:38.097Z,4.3514999999999695,
1,2024-05-13T13:39:39.097Z,4.351599999999969,
1,2024-05-13T13:39:40.097Z,4.351699999999969,
1,2024-05-13T13:39:41.097Z,4.351799999999969,
1,2024-05-13T13:39:42.097Z,4.351899999999969,
1,2024-05-13T13:39:43.097Z,4.351999999999968,
1,2024-05-13T13:39:44.097Z,4.352099999999968,
1,2024-05-13T13:39:45.097Z,4.352199999999968,
1,2024-05-13T13:39:46.097Z,4.352299999999968,
1,2024-05-13T13:39:47.097Z,4.350799999999968,
1,2024-05-13T13:39:48.097Z,4.363699999999966,
1,2024-05-13T13:39:49.097Z,4.363799999999966,
1,2024-05-13T13:39:50.097Z,4.3638999999999655,
1,2024-05-13T13:39:51.097Z,4.360799999999966,
1,2024-05-13T13:39:52.097Z,4.361099999999965,
1,2024-05-13T13:39:53.097Z,4.3603999999999665,
1,2024-05-13T13:39:54.097Z,4.392499999999966,
1,2024-05-13T13:39:55.097Z,4.392599999999966,
1,2024-05-13T13:39:56.097Z,4.406799999999965,
1,2024-05-13T13:39:57.097Z,4.406899999999965,
1,2024-05-13T13:39:58.097Z,4.4069999999999645,
1,2024-05-13T13:39:59.097Z,4.407099999999964,
1,2024-05-13T13:40:00.097Z,4.407199999999964,
1,2024-05-13T13:40:01.097Z,4.407299999999964,
1,2024-05-13T13:40:02.097Z,4.407399999999964,
1,2024-05-13T13:40:03.097Z,4.407499999999963,
1,2024-05-13T13:40:04.097Z,4.407599999999963,
1,2024-05-13T13:40:05.097Z,4.407699999999963,
1,2024-05-13T13:40:06.097Z,4.407799999999963,
1,2024-05-13T13:40:07.097Z,4.407599999999963,
1,2024-05-13T13:40:08.097Z,4.407699999999963,
1,2024-05-13T13:40:09.097Z,4.407799999999963,
1,2024-05-13T13:40:10.097Z,4.407899999999962,
1,2024-05-13T13:40:11.097Z,4.407999999999962,
1,2024-05-13T13:40:12.097Z,4.408099999999962,
1,2024-05-13T13:40:13.097Z,4.408199999999962,
1,2024-05-13T13:40:14.097Z,4.4082999999999615,
1,2024-05-13T13:40:15.097Z,4.408399999999961,
1,2024-05-13T13:40:16.097Z,4.408499999999961,
1,2024-05-13T13:40:17.097Z,4.40299999999996,
1,2024-05-13T13:40:18.097Z,4.403099999999959,
1,2024-05-13T13:40:19.097Z,4.403199999999959,
1,2024-05-13T13:40:20.097Z,4.403299999999959,
1,2024-05-13T13:40:21.097Z,4.403399999999959,
1,2024-05-13T13:40:22.097Z,4.4034999999999584,
1,2024-05-13T13:40:23.097Z,4.403599999999958,
1,2024-05-13T13:40:24.097Z,4.403699999999958,
1,2024-05-13T13:40:25.097Z,4.403799999999958,
1,2024-05-13T13:40:26.097Z,4.4038999999999575,
1,2024-05-13T13:40:27.097Z,4.403999999999957,
1,2024-05-13T13:40:28.097Z,4.404099999999957,
1,2024-05-13T13:40:29.097Z,4.404199999999957,
1,2024-05-13T13:40:30.097Z,4.404299999999957,
1,2024-05-13T13:40:31.097Z,4.404399999999956,
1,2024-05-13T13:40:32.097Z,4.404499999999956,
1,2024-05-13T13:40:33.097Z,4.404299999999957,
1,2024-05-13T13:40:34.097Z,4.404399999999956,
1,2024-05-13T13:40:35.097Z,4.404499999999956,
1,2024-05-13T13:40:36.097Z,4.404599999999956,
1,2024-05-13T13:40:37.097Z,4.404699999999956,
1,2024-05-13T13:40:38.097Z,4.404799999999955,
1,2024-05-13T13:40:39.097Z,4.404899999999955,
1,2024-05-13T13:40:40.097Z,4.404999999999955,
1,2024-05-13T13:40:41.097Z,4.405099999999955,
1,2024-05-13T13:40:42.097Z,4.4051999999999545,
1,2024-05-13T13:40:43.097Z,4.405299999999954,
1,2024-05-13T13:40:44.097Z,4.405399999999954,
1,2024-05-13T13:40:45.097Z,4.405499999999954,
1,2024-05-13T13:40:46.097Z,4.4055999999999536,
1,2024-05-13T13:40:47.097Z,4.405699999999953,
1,2024-05-13T13:40:48.097Z,4.408699999999953,
1,2024-05-13T13:40:49.097Z,4.408799999999953,
1,2024-05-13T13:40:50.097Z,4.408899999999953,
1,2024-05-13T13:40:51.097Z,4.408999999999953,
1,2024-05-13T13:40:52.097Z,4.4090999999999525,
1,2024-05-13T13:40:53.097Z,4.409199999999952,
1,2024-05-13T13:40:54.097Z,4.402899999999953,
1,2024-05-13T13:40:55.097Z,4.425299999999954,
1,2024-05-13T13:40:56.097Z,4.425599999999953,
1,2024-05-13T13:40:57.097Z,4.425699999999953,
1,2024-05-13T13:40:58.097Z,4.425799999999953,
1,2024-05-13T13:40:59.097Z,4.425899999999952,
1,2024-05-13T13:41:00.097Z,4.425999999999952,
1,2024-05-13T13:41:01.097Z,4.426099999999952,
1,2024-05-13T13:41:02.097Z,4.426199999999952,
1,2024-05-13T13:41:03.097Z,4.4262999999999515,
1,2024-05-13T13:41:04.097Z,4.426399999999951,
1,2024-05-13T13:41:05.097Z,4.426499999999951,
1,2024-05-13T13:41:06.097Z,4.426599999999951,
1,2024-05-13T13:41:07.097Z,4.426699999999951,
2,2024-05-13T13:30:37.097Z,26.3,
2,2024-05-13T13:30:38.097Z,26.2809,
2,2024-05-13T13:30:39.097Z,26.2814,
2,2024-05-13T13:30:40.097Z,26.2815,
2,2024-05-13T13:30:41.097Z,26.2752,
2,2024-05-13T13:30:42.097Z,26.2911,
2,2024-05-13T13:30:43.097Z,26.2912,
2,2024-05-13T13:30:44.097Z,26.2913,
2,2024-05-13T13:30:45.097Z,26.2914,
2,2024-05-13T13:30:46.097Z,26.2915,
2,2024-05-13T13:30:47.097Z,26.2852,
2,2024-05-13T13:30:48.097Z,26.2845,
2,2024-05-13T13:30:49.097Z,24.729400000000002,
2,2024-05-13T13:30:50.097Z,24.7295,
2,2024-05-13T13:30:51.097Z,24.729200000000002,
2,2024-05-13T13:30:52.097Z,22.278100000000002,
2,2024-05-13T13:30:53.097Z,22.278200000000002,
2,2024-05-13T13:30:54.097Z,22.2783,
2,2024-05-13T13:30:55.097Z,22.2784,
2,2024-05-13T13:30:56.097Z,22.2785,
2,2024-05-13T13:30:57.097Z,22.2786,
2,2024-05-13T13:30:58.097Z,22.2785,
2,2024-05-13T13:30:59.097Z,22.297,
2,2024-05-13T13:31:00.097Z,22.2969,
2,2024-05-13T13:31:01.097Z,22.297,
2,2024-05-13T13:31:02.097Z,22.2971,
2,2024-05-13T13:31:03.097Z,22.2972,
2,2024-05-13T13:31:04.097Z,22.2973,
2,2024-05-13T13:31:05.097Z,22.2974,
2,2024-05-13T13:31:06.097Z,22.2975,
2,2024-05-13T13:31:07.097Z,22.2976,
2,2024-05-13T13:31:08.097Z,22.2977,
2,2024-05-13T13:31:09.097Z,22.2978,
2,2024-05-13T13:31:10.097Z,22.2979,
2,2024-05-13T13:31:11.097Z,22.298,
2,2024-05-13T13:31:12.097Z,22.298099999999998,
2,2024-05-13T13:31:13.097Z,22.298199999999998,
2,2024-05-13T13:31:14.097Z,22.298299999999998,
2,2024-05-13T13:31:15.097Z,22.298399999999997,
2,2024-05-13T13:31:16.097Z,22.298499999999997,
2,2024-05-13T13:31:17.097Z,22.298599999999997,
2,2024-05-13T13:31:18.097Z,22.298699999999997,
2,2024-05-13T13:31:19.097Z,22.298799999999996,
2,2024-05-13T13:31:20.097Z,22.298899999999996,
2,2024-05-13T13:31:21.097Z,22.298999999999996,
2,2024-05-13T13:31:22.097Z,22.299099999999996,
2,2024-05-13T13:31:23.097Z,22.299199999999995,
2,2024-05-13T13:31:24.097Z,22.299299999999995,
2,2024-05-13T13:31:25.097Z,22.299399999999995,
2,2024-05-13T13:31:26.097Z,22.299499999999995,
2,2024-05-13T13:31:27.097Z,22.299599999999995,
2,2024-05-13T13:31:28.097Z,22.299699999999994,
2,2024-05-13T13:31:29.097Z,22.299799999999994,
2,2024-05-13T13:31:30.097Z,22.299899999999994,
2,2024-05-13T13:31:31.097Z,22.299999999999994,
2,2024-05-13T13:31:32.097Z,22.298499999999994,
2,2024-05-13T13:31:33.097Z,21.901799999999994,
2,2024-05-13T13:31:34.097Z,21.901899999999994,
2,2024-05-13T13:31:35.097Z,21.907999999999994,
2,2024-05-13T13:31:36.097Z,21.903299999999994,
2,2024-05-13T13:31:37.097Z,22.299299999999995,
2,2024-05-13T13:31:38.097Z,22.30079999999999,
2,2024-05-13T13:31:39.097Z,22.30089999999999,
2,2024-05-13T13:31:40.097Z,22.30099999999999,
2,2024-05-13T13:31:41.097Z,22.30109999999999,
2,2024-05-13T13:31:42.097Z,22.30089999999999,
2,2024-05-13T13:31:43.097Z,22.318599999999993,
2,2024-05-13T13:31:44.097Z,22.407999999999994,
2,2024-05-13T13:31:45.097Z,17.506199999999993,
2,2024-05-13T13:31:46.097Z,17.522299999999994,
2,2024-05-13T13:31:47.097Z,17.520799999999994,
2,2024-05-13T13:31:48.097Z,17.52089999999999,
2,2024-05-13T13:31:49.097Z,17.520999999999994,
2,2024-05-13T13:31:50.097Z,17.52109999999999,
2,2024-05-13T13:31:51.097Z,17.521199999999993,
2,2024-05-13T13:31:52.097Z,17.519699999999993,
2,2024-05-13T13:31:53.097Z,17.53579999999999,
2,2024-05-13T13:31:54.097Z,17.53589999999999,
2,2024-05-13T13:31:55.097Z,17.53879999999999,
2,2024-05-13T13:31:56.097Z,17.53729999999999,
2,2024-05-13T13:31:57.097Z,17.55619999999999,
2,2024-05-13T13:31:58.097Z,17.556299999999993,
2,2024-05-13T13:31:59.097Z,17.557799999999993,
2,2024-05-13T13:32:00.097Z,17.55789999999999,
2,2024-05-13T13:32:01.097Z,17.557999999999993,
2,2024-05-13T13:32:02.097Z,17.55809999999999,
2,2024-05-13T13:32:03.097Z,17.558199999999992,
2,2024-05-13T13:32:04.097Z,17.55829999999999,
2,2024-05-13T13:32:05.097Z,17.557999999999993,
2,2024-05-13T13:32:06.097Z,15.490899999999991,
2,2024-05-13T13:32:07.097Z,15.484599999999991,
2,2024-05-13T13:32:08.097Z,15.46709999999999,
2,2024-05-13T13:32:09.097Z,15.46399999999999,
2,2024-05-13T13:32:10.097Z,15.65579999999999,
2,2024-05-13T13:32:11.097Z,15.67349999999999,
2,2024-05-13T13:32:12.097Z,15.67199999999999,
2,2024-05-13T13:32:13.097Z,15.64649999999999,
2,2024-05-13T13:32:14.097Z,15.67859999999999,
2,2024-05-13T13:32:15.097Z,15.67549999999999,
2,2024-05-13T13:32:16.097Z,15.675199999999991,
2,2024-05-13T13:32:17.097Z,15.675299999999991,
2,2024-05-13T13:32:18.097Z,15.675099999999992,
2,2024-05-13T13:32:19.097Z,15.693999999999992,
2,2024-05-13T13:32:20.097Z,15.697099999999992,
2,2024-05-13T13:32:21.097Z,15.695499999999992,
2,2024-05-13T13:32:22.097Z,15.714799999999991,
2,2024-05-13T13:32:23.097Z,15.733299999999991,
2,2024-05-13T13:32:24.097Z,15.73339999999999,
2,2024-05-13T13:32:25.097Z,15.73029999999999,
2,2024-05-13T13:32:26.097Z,14.10479999999999,
2,2024-05-13T13:32:27.097Z,14.08569999999999,
2,2024-05-13T13:32:28.097Z,14.08579999999999,
2,2024-05-13T13:32:29.097Z,14.08509999999999,
2,2024-05-13T13:32:30.097Z,14.89119999999999,
2,2024-05-13T13:32:31.097Z,14.915299999999991,
2,2024-05-13T13:32:32.097Z,14.915399999999991,
2,2024-05-13T13:32:33.097Z,14.91709999999999,
2,2024-05-13T13:32:34.097Z,14.91649999999999,
2,2024-05-13T13:32:35.097Z,15.30699999999999,
2,2024-05-13T13:32:36.097Z,15.34519999999999,
2,2024-05-13T13:32:37.097Z,15.74169999999999,
2,2024-05-13T13:32:38.097Z,13.376999999999988,
2,2024-05-13T13:32:39.097Z,13.376899999999988,
2,2024-05-13T13:32:40.097Z,13.376999999999988,
2,2024-05-13T13:32:41.097Z,13.377199999999988,
2,2024-05-13T13:32:42.097Z,12.570899999999988,
2,2024-05-13T13:32:43.097Z,12.759799999999988,
2,2024-05-13T13:32:44.097Z,12.772699999999988,
2,2024-05-13T13:32:45.097Z,12.772799999999988,
2,2024-05-13T13:32:46.097Z,12.772899999999987,
2,2024-05-13T13:32:47.097Z,12.773399999999988,
2,2024-05-13T13:32:48.097Z,12.773499999999988,
2,2024-05-13T13:32:49.097Z,12.774099999999988,
2,2024-05-13T13:32:50.097Z,12.771799999999988,
2,2024-05-13T13:32:51.097Z,12.789899999999989,
2,2024-05-13T13:32:52.097Z,12.78739999999999,
2,2024-05-13T13:32:53.097Z,12.78109999999999,
2,2024-05-13T13:32:54.097Z,12.77479999999999,
2,2024-05-13T13:32:55.097Z,12.77619999999999,
2,2024-05-13T13:32:56.097Z,12.77309999999999,
2,2024-05-13T13:32:57.097Z,13.57939999999999,
2,2024-05-13T13:32:58.097Z,14.385699999999991,
2,2024-05-13T13:32:59.097Z,14.38739999999999,
2,2024-05-13T13:33:00.097Z,14.38429999999999,
2,2024-05-13T13:33:01.097Z,14.384899999999991,
2,2024-05-13T13:33:02.097Z,14.381799999999991,
2,2024-05-13T13:33:03.097Z,14.425899999999992,
2,2024-05-13T13:33:04.097Z,14.425999999999991,
2,2024-05-13T13:33:05.097Z,14.426099999999991,
2,2024-05-13T13:33:06.097Z,14.425899999999992,
2,2024-05-13T13:33:07.097Z,14.435599999999992,
2,2024-05-13T13:33:08.097Z,11.992499999999993,
2,2024-05-13T13:33:09.097Z,11.992599999999992,
2,2024-05-13T13:33:10.097Z,11.992699999999992,
2,2024-05-13T13:33:11.097Z,11.992799999999992,
2,2024-05-13T13:33:12.097Z,11.992899999999992,
2,2024-05-13T13:33:13.097Z,12.624999999999991,
2,2024-05-13T13:33:14.097Z,12.643899999999991,
2,2024-05-13T13:33:15.097Z,12.643999999999991,
2,2024-05-13T13:33:16.097Z,12.644099999999991,
2,2024-05-13T13:33:17.097Z,12.64419999999999,
2,2024-05-13T13:33:18.097Z,12.64449999999999,
2,2024-05-13T13:33:19.097Z,12.64459999999999,
2,2024-05-13T13:33:20.097Z,12.64469999999999,
2,2024-05-13T13:33:21.097Z,12.64479999999999,
2,2024-05-13T13:33:22.097Z,12.64489999999999,
2,2024-05-13T13:33:23.097Z,12.644999999999989,
2,2024-05-13T13:33:24.097Z,12.645099999999989,
2,2024-05-13T13:33:25.097Z,12.645199999999988,
2,2024-05-13T13:33:26.097Z,12.645299999999988,
2,2024-05-13T13:33:27.097Z,12.663799999999988,
2,2024-05-13T13:33:28.097Z,12.663899999999988,
2,2024-05-13T13:33:29.097Z,12.663799999999988,
2,2024-05-13T13:33:30.097Z,12.663899999999988,
2,2024-05-13T13:33:31.097Z,12.663999999999987,
2,2024-05-13T13:33:32.097Z,12.664099999999987,
2,2024-05-13T13:33:33.097Z,12.682999999999987,
2,2024-05-13T13:33:34.097Z,12.683099999999987,
2,2024-05-13T13:33:35.097Z,12.689399999999987,
2,2024-05-13T13:33:36.097Z,12.689499999999986,
2,2024-05-13T13:33:37.097Z,12.689599999999986,
2,2024-05-13T13:33:38.097Z,12.689699999999986,
2,2024-05-13T13:33:39.097Z,12.689799999999986,
2,2024-05-13T13:33:40.097Z,12.689899999999986,
2,2024-05-13T13:33:41.097Z,12.689999999999985,
2,2024-05-13T13:33:42.097Z,12.690099999999985,
2,2024-05-13T13:33:43.097Z,12.683799999999986,
2,2024-05-13T13:33:44.097Z,12.701499999999985,
2,2024-05-13T13:33:45.097Z,12.701599999999985,
2,2024-05-13T13:33:46.097Z,12.720099999999984,
2,2024-05-13T13:33:47.097Z,12.720199999999984,
2,2024-05-13T13:33:48.097Z,12.720299999999984,
2,2024-05-13T13:33:49.097Z,12.720399999999984,
2,2024-05-13T13:33:50.097Z,12.720499999999983,
2,2024-05-13T13:33:51.097Z,12.720599999999983,
2,2024-05-13T13:33:52.097Z,12.719099999999983,
2,2024-05-13T13:33:53.097Z,12.719699999999987,
2,2024-05-13T13:33:54.097Z,12.719799999999987,
2,2024-05-13T13:33:55.097Z,12.719899999999987,
2,2024-05-13T13:33:56.097Z,12.719999999999986,
2,2024-05-13T13:33:57.097Z,12.720099999999986,
2,2024-05-13T13:33:58.097Z,12.720199999999986,
2,2024-05-13T13:33:59.097Z,12.719499999999986,
2,2024-05-13T13:34:00.097Z,12.719599999999986,
2,2024-05-13T13:34:01.097Z,12.719699999999985,
2,2024-05-13T13:34:02.097Z,12.719799999999985,
2,2024-05-13T13:34:03.097Z,12.719699999999985,
2,2024-05-13T13:34:04.097Z,13.063799999999985,
2,2024-05-13T13:34:05.097Z,13.146199999999984,
2,2024-05-13T13:34:06.097Z,13.147599999999985,
2,2024-05-13T13:34:07.097Z,9.893099999999986,
2,2024-05-13T13:34:08.097Z,9.886799999999987,
2,2024-05-13T13:34:09.097Z,9.905299999999986,
2,2024-05-13T13:34:10.097Z,9.905399999999986,
2,2024-05-13T13:34:11.097Z,9.905499999999986,
2,2024-05-13T13:34:12.097Z,9.905599999999986,
2,2024-05-13T13:34:13.097Z,9.905699999999985,
2,2024-05-13T13:34:14.097Z,9.905799999999985,
2,2024-05-13T13:34:15.097Z,9.905899999999985,
2,2024-05-13T13:34:16.097Z,9.905999999999985,
2,2024-05-13T13:34:17.097Z,9.906099999999984,
2,2024-05-13T13:34:18.097Z,9.912399999999984,
2,2024-05-13T13:34:19.097Z,9.912499999999984,
2,2024-05-13T13:34:20.097Z,9.912599999999983,
2,2024-05-13T13:34:21.097Z,9.912699999999983,
2,2024-05-13T13:34:22.097Z,9.915599999999984,
2,2024-05-13T13:34:23.097Z,9.912499999999984,
2,2024-05-13T13:34:24.097Z,9.893399999999982,
2,2024-05-13T13:34:25.097Z,9.890299999999982,
2,2024-05-13T13:34:26.097Z,9.907999999999983,
2,2024-05-13T13:34:27.097Z,9.906499999999983,
2,2024-05-13T13:34:28.097Z,9.906599999999983,
2,2024-05-13T13:34:29.097Z,9.906699999999983,
2,2024-05-13T13:34:30.097Z,9.906599999999983,
2,2024-05-13T13:34:31.097Z,9.887499999999982,
2,2024-05-13T13:34:32.097Z,9.89239999999998,
2,2024-05-13T13:34:33.097Z,9.89249999999998,
2,2024-05-13T13:34:34.097Z,9.892299999999981,
2,2024-05-13T13:34:35.097Z,9.908399999999983,
2,2024-05-13T13:34:36.097Z,9.908499999999982,
2,2024-05-13T13:34:37.097Z,9.908599999999982,
2,2024-05-13T13:34:38.097Z,9.908699999999982,
2,2024-05-13T13:34:39.097Z,9.908799999999982,
2,2024-05-13T13:34:40.097Z,9.908899999999981,
2,2024-05-13T13:34:41.097Z,9.908999999999981,
2,2024-05-13T13:34:42.097Z,9.909099999999981,
2,2024-05-13T13:34:43.097Z,9.90919999999998,
2,2024-05-13T13:34:44.097Z,9.90929999999998,
2,2024-05-13T13:34:45.097Z,9.90939999999998,
2,2024-05-13T13:34:46.097Z,9.908699999999982,
2,2024-05-13T13:34:47.097Z,9.939199999999978,
2,2024-05-13T13:34:48.097Z,9.939299999999978,
2,2024-05-13T13:34:49.097Z,9.939399999999978,
2,2024-05-13T13:34:50.097Z,9.939299999999978,
2,2024-05-13T13:34:51.097Z,9.939399999999978,
2,2024-05-13T13:34:52.097Z,9.933099999999978,
2,2024-05-13T13:34:53.097Z,6.668999999999979,
2,2024-05-13T13:34:54.097Z,4.224299999999978,
2,2024-05-13T13:34:55.097Z,4.217999999999979,
2,2024-05-13T13:34:56.097Z,4.229299999999977,
2,2024-05-13T13:34:57.097Z,4.229399999999977,
2,2024-05-13T13:34:58.097Z,4.229499999999977,
2,2024-05-13T13:34:59.097Z,4.2295999999999765,
2,2024-05-13T13:35:00.097Z,4.229699999999976,
2,2024-05-13T13:35:01.097Z,4.2295999999999765,
2,2024-05-13T13:35:02.097Z,4.229699999999976,
2,2024-05-13T13:35:03.097Z,4.229799999999976,
2,2024-05-13T13:35:04.097Z,4.229899999999976,
2,2024-05-13T13:35:05.097Z,4.229699999999976,
2,2024-05-13T13:35:06.097Z,4.247399999999978,
2,2024-05-13T13:35:07.097Z,4.247499999999977,
2,2024-05-13T13:35:08.097Z,4.247599999999977,
2,2024-05-13T13:35:09.097Z,4.247699999999977,
2,2024-05-13T13:35:10.097Z,4.247799999999977,
2,2024-05-13T13:35:11.097Z,4.2478999999999765,
2,2024-05-13T13:35:12.097Z,4.247999999999976,
2,2024-05-13T13:35:13.097Z,4.248099999999976,
2,2024-05-13T13:35:14.097Z,4.248199999999976,
2,2024-05-13T13:35:15.097Z,4.245099999999976,
2,2024-05-13T13:35:16.097Z,4.245199999999976,
2,2024-05-13T13:35:17.097Z,4.245299999999975,
2,2024-05-13T13:35:18.097Z,4.245399999999975,
2,2024-05-13T13:35:19.097Z,4.250299999999974,
2,2024-05-13T13:35:20.097Z,4.249999999999975,
2,2024-05-13T13:35:21.097Z,4.250099999999975,
2,2024-05-13T13:35:22.097Z,4.250199999999975,
2,2024-05-13T13:35:23.097Z,4.250299999999974,
2,2024-05-13T13:35:24.097Z,4.250399999999974,
2,2024-05-13T13:35:25.097Z,4.250499999999974,
2,2024-05-13T13:35:26.097Z,4.250599999999974,
2,2024-05-13T13:35:27.097Z,4.2506999999999735,
2,2024-05-13T13:35:28.097Z,4.250799999999973,
2,2024-05-13T13:35:29.097Z,4.250899999999973,
2,2024-05-13T13:35:30.097Z,4.250999999999973,
2,2024-05-13T13:35:31.097Z,4.251099999999973,
2,2024-05-13T13:35:32.097Z,4.251199999999972,
2,2024-05-13T13:35:33.097Z,4.251299999999972,
2,2024-05-13T13:35:34.097Z,4.251399999999972,
2,2024-05-13T13:35:35.097Z,4.251499999999972,
2,2024-05-13T13:35:36.097Z,4.251599999999971,
2,2024-05-13T13:35:37.097Z,4.251699999999971,
2,2024-05-13T13:35:38.097Z,4.251799999999971,
2,2024-05-13T13:35:39.097Z,4.251899999999971,
2,2024-05-13T13:35:40.097Z,4.2519999999999705,
2,2024-05-13T13:35:41.097Z,4.25209999999997,
2,2024-05-13T13:35:42.097Z,4.25219999999997,
2,2024-05-13T13:35:43.097Z,4.25229999999997,
2,2024-05-13T13:35:44.097Z,4.2523999999999695,
2,2024-05-13T13:35:45.097Z,4.252499999999969,
2,2024-05-13T13:35:46.097Z,4.252599999999969,
2,2024-05-13T13:35:47.097Z,4.252699999999969,
2,2024-05-13T13:35:48.097Z,4.252799999999969,
2,2024-05-13T13:35:49.097Z,4.252899999999968,
2,2024-05-13T13:35:50.097Z,4.252999999999968,
2,2024-05-13T13:35:51.097Z,4.253099999999968,
2,2024-05-13T13:35:52.097Z,4.253199999999968,
2,2024-05-13T13:35:53.097Z,4.253299999999967,
2,2024-05-13T13:35:54.097Z,4.253399999999967,
2,2024-05-13T13:35:55.097Z,4.253499999999967,
2,2024-05-13T13:35:56.097Z,4.253599999999967,
2,2024-05-13T13:35:57.097Z,4.2536999999999665,
2,2024-05-13T13:35:58.097Z,4.253799999999966,
2,2024-05-13T13:35:59.097Z,4.253899999999966,
2,2024-05-13T13:36:00.097Z,4.253999999999966,
2,2024-05-13T13:36:01.097Z,4.254099999999966,
2,2024-05-13T13:36:02.097Z,4.254199999999965,
2,2024-05-13T13:36:03.097Z,4.254299999999965,
2,2024-05-13T13:36:04.097Z,4.254399999999965,
2,2024-05-13T13:36:05.097Z,4.254499999999965,
2,2024-05-13T13:36:06.097Z,4.254599999999964,
2,2024-05-13T13:36:07.097Z,4.254699999999964,
2,2024-05-13T13:36:08.097Z,4.254499999999965,
2,2024-05-13T13:36:09.097Z,4.255899999999965,
2,2024-05-13T13:36:10.097Z,4.249599999999965,
2,2024-05-13T13:36:11.097Z,4.249699999999965,
2,2024-05-13T13:36:12.097Z,5.049399999999967,
2,2024-05-13T13:36:13.097Z,5.049499999999966,
2,2024-05-13T13:36:14.097Z,5.049599999999966,
2,2024-05-13T13:36:15.097Z,5.049699999999966,
2,2024-05-13T13:36:16.097Z,5.049799999999966,
2,2024-05-13T13:36:17.097Z,5.049899999999965,
2,2024-05-13T13:36:18.097Z,5.049999999999965,
2,2024-05-13T13:36:19.097Z,5.043699999999966,
2,2024-05-13T13:36:20.097Z,5.046199999999967,
2,2024-05-13T13:36:21.097Z,5.046299999999967,
2,2024-05-13T13:36:22.097Z,5.0463999999999665,
2,2024-05-13T13:36:23.097Z,5.046499999999966,
2,2024-05-13T13:36:24.097Z,5.046599999999966,
2,2024-05-13T13:36:25.097Z,5.046699999999966,
2,2024-05-13T13:36:26.097Z,5.045999999999967,
2,2024-05-13T13:36:27.097Z,5.026899999999966,
2,2024-05-13T13:36:28.097Z,5.0269999999999655,
2,2024-05-13T13:36:29.097Z,5.027099999999965,
2,2024-05-13T13:36:30.097Z,5.025399999999966,
2,2024-05-13T13:36:31.097Z,5.828699999999966,
2,2024-05-13T13:36:32.097Z,6.019199999999966,
2,2024-05-13T13:36:33.097Z,6.044599999999967,
2,2024-05-13T13:36:34.097Z,3.6190999999999676,
2,2024-05-13T13:36:35.097Z,3.6191999999999673,
2,2024-05-13T13:36:36.097Z,3.619299999999967,
2,2024-05-13T13:36:37.097Z,3.619399999999967,
2,2024-05-13T13:36:38.097Z,3.624299999999966,
2,2024-05-13T13:36:39.097Z,3.624399999999966,
2,2024-05-13T13:36:40.097Z,3.6244999999999656,
2,2024-05-13T13:36:41.097Z,3.6245999999999654,
2,2024-05-13T13:36:42.097Z,3.624699999999965,
2,2024-05-13T13:36:43.097Z,3.624699999999965,
2,2024-05-13T13:36:44.097Z,3.6248999999999647,
2,2024-05-13T13:36:45.097Z,3.6249999999999645,
2,2024-05-13T13:36:46.097Z,3.6250999999999642,
2,2024-05-13T13:36:47.097Z,3.625199999999964,
2,2024-05-13T13:36:48.097Z,3.6238999999999635,
2,2024-05-13T13:36:49.097Z,4.001299999999965,
2,2024-05-13T13:36:50.097Z,4.000999999999966,
2,2024-05-13T13:36:51.097Z,4.0010999999999655,
2,2024-05-13T13:36:52.097Z,4.002499999999966,
2,2024-05-13T13:36:53.097Z,4.0021999999999665,
2,2024-05-13T13:36:54.097Z,3.9990999999999666,
2,2024-05-13T13:36:55.097Z,3.979999999999965,
2,2024-05-13T13:36:56.097Z,3.9792999999999665,
2,2024-05-13T13:36:57.097Z,4.426599999999965,
2,2024-05-13T13:36:58.097Z,4.4450999999999645,
2,2024-05-13T13:36:59.097Z,4.440199999999965,
2,2024-05-13T13:37:00.097Z,2.981099999999966,
2,2024-05-13T13:37:01.097Z,3.0192999999999657,
2,2024-05-13T13:37:02.097Z,2.980999999999966,
2,2024-05-13T13:37:03.097Z,2.981099999999966,
2,2024-05-13T13:37:04.097Z,2.9807999999999666,
2,2024-05-13T13:37:05.097Z,2.9792999999999665,
2,2024-05-13T13:37:06.097Z,2.972999999999967,
2,2024-05-13T13:37:07.097Z,2.9914999999999665,
2,2024-05-13T13:37:08.097Z,2.991299999999967,
2,2024-05-13T13:37:09.097Z,2.9913999999999668,
2,2024-05-13T13:37:10.097Z,2.991699999999966,
2,2024-05-13T13:37:11.097Z,2.9915999999999663,
2,2024-05-13T13:37:12.097Z,3.0234999999999665,
2,2024-05-13T13:37:13.097Z,3.0235999999999663,
2,2024-05-13T13:37:14.097Z,3.023699999999966,
2,2024-05-13T13:37:15.097Z,3.023799999999966,
2,2024-05-13T13:37:16.097Z,3.0230999999999675,
2,2024-05-13T13:37:17.097Z,3.0231999999999672,
2,2024-05-13T13:37:18.097Z,3.023299999999967,
2,2024-05-13T13:37:19.097Z,3.023399999999967,
2,2024-05-13T13:37:20.097Z,3.0234999999999665,
2,2024-05-13T13:37:21.097Z,3.0235999999999663,
2,2024-05-13T13:37:22.097Z,3.023699999999966,
2,2024-05-13T13:37:23.097Z,3.023799999999966,
2,2024-05-13T13:37:24.097Z,3.0238999999999656,
2,2024-05-13T13:37:25.097Z,3.0239999999999654,
2,2024-05-13T13:37:26.097Z,3.024099999999965,
2,2024-05-13T13:37:27.097Z,3.0239999999999654,
2,2024-05-13T13:37:28.097Z,3.024099999999965,
2,2024-05-13T13:37:29.097Z,3.0273999999999646,
2,2024-05-13T13:37:30.097Z,3.0274999999999643,
2,2024-05-13T13:37:31.097Z,3.028099999999963,
2,2024-05-13T13:37:32.097Z,3.0231999999999637,
2,2024-05-13T13:37:33.097Z,3.022999999999964,
2,2024-05-13T13:37:34.097Z,3.0227999999999646,
2,2024-05-13T13:37:35.097Z,3.0228999999999644,
2,2024-05-13T13:37:36.097Z,3.022599999999965,
2,2024-05-13T13:37:37.097Z,3.0218999999999667,
2,2024-05-13T13:37:38.097Z,3.0219999999999665,
2,2024-05-13T13:37:39.097Z,3.0204999999999664,
2,2024-05-13T13:37:40.097Z,3.0189999999999664,
2,2024-05-13T13:37:41.097Z,3.0318999999999647,
2,2024-05-13T13:37:42.097Z,3.0380999999999645,
2,2024-05-13T13:37:43.097Z,3.031799999999965,
2,2024-05-13T13:37:44.097Z,3.8318999999999654,
2,2024-05-13T13:37:45.097Z,3.849599999999967,
2,2024-05-13T13:37:46.097Z,3.8496999999999666,
2,2024-05-13T13:37:47.097Z,3.851099999999967,
2,2024-05-13T13:37:48.097Z,3.8516999999999655,
2,2024-05-13T13:37:49.097Z,3.8517999999999653,
2,2024-05-13T13:37:50.097Z,3.8520999999999646,
2,2024-05-13T13:37:51.097Z,3.8521999999999643,
2,2024-05-13T13:37:52.097Z,3.851499999999966,
2,2024-05-13T13:37:53.097Z,3.8675999999999675,
2,2024-05-13T13:37:54.097Z,3.8676999999999673,
2,2024-05-13T13:37:55.097Z,3.866999999999969,
2,2024-05-13T13:37:56.097Z,3.8830999999999705,
2,2024-05-13T13:37:57.097Z,3.8831999999999702,
2,2024-05-13T13:37:58.097Z,3.88329999999997,
2,2024-05-13T13:37:59.097Z,3.8833999999999698,
2,2024-05-13T13:38:00.097Z,3.8826999999999714,
2,2024-05-13T13:38:01.097Z,3.898799999999973,
2,2024-05-13T13:38:02.097Z,3.8988999999999727,
2,2024-05-13T13:38:03.097Z,3.8989999999999725,
2,2024-05-13T13:38:04.097Z,3.8990999999999723,
2,2024-05-13T13:38:05.097Z,3.899199999999972,
2,2024-05-13T13:38:06.097Z,3.899299999999972,
2,2024-05-13T13:38:07.097Z,3.8993999999999716,
2,2024-05-13T13:38:08.097Z,3.8994999999999713,
2,2024-05-13T13:38:09.097Z,3.8997999999999706,
2,2024-05-13T13:38:10.097Z,3.8990999999999723,
2,2024-05-13T13:38:11.097Z,3.9167999999999736,
2,2024-05-13T13:38:12.097Z,3.916999999999973,
2,2024-05-13T13:38:13.097Z,3.923199999999973,
2,2024-05-13T13:38:14.097Z,3.9168999999999734,
2,2024-05-13T13:38:15.097Z,3.934599999999975,
2,2024-05-13T13:38:16.097Z,3.9342999999999755,
2,2024-05-13T13:38:17.097Z,3.947199999999974,
2,2024-05-13T13:38:18.097Z,3.9472999999999736,
2,2024-05-13T13:38:19.097Z,3.9473999999999734,
2,2024-05-13T13:38:20.097Z,3.947499999999973,
2,2024-05-13T13:38:21.097Z,3.9443999999999733,
2,2024-05-13T13:38:22.097Z,3.944499999999973,
2,2024-05-13T13:38:23.097Z,3.9451999999999714,
2,2024-05-13T13:38:24.097Z,3.945299999999971,
2,2024-05-13T13:38:25.097Z,3.944599999999973,
2,2024-05-13T13:38:26.097Z,3.941499999999973,
2,2024-05-13T13:38:27.097Z,3.943999999999974,
2,2024-05-13T13:38:28.097Z,3.9437999999999747,
2,2024-05-13T13:38:29.097Z,4.129499999999975,
2,2024-05-13T13:38:30.097Z,4.129599999999975,
2,2024-05-13T13:38:31.097Z,4.126499999999975,
2,2024-05-13T13:38:32.097Z,4.123099999999976,
2,2024-05-13T13:38:33.097Z,4.123199999999976,
2,2024-05-13T13:38:34.097Z,4.121699999999976,
2,2024-05-13T13:38:35.097Z,4.1217999999999755,
2,2024-05-13T13:38:36.097Z,4.121899999999975,
2,2024-05-13T13:38:37.097Z,4.121999999999975,
2,2024-05-13T13:38:38.097Z,4.122099999999975,
2,2024-05-13T13:38:39.097Z,4.115899999999975,
2,2024-05-13T13:38:40.097Z,4.134799999999974,
2,2024-05-13T13:38:41.097Z,4.134899999999973,
2,2024-05-13T13:38:42.097Z,4.134999999999973,
2,2024-05-13T13:38:43.097Z,4.129999999999974,
2,2024-05-13T13:38:44.097Z,6.554899999999975,
2,2024-05-13T13:38:45.097Z,6.554999999999975,
2,2024-05-13T13:38:46.097Z,6.555099999999975,
2,2024-05-13T13:38:47.097Z,6.555999999999976,
2,2024-05-13T13:38:48.097Z,6.556499999999975,
2,2024-05-13T13:38:49.097Z,6.562199999999976,
2,2024-05-13T13:38:50.097Z,6.5618999999999765,
2,2024-05-13T13:38:51.097Z,6.580899999999975,
2,2024-05-13T13:38:52.097Z,6.580999999999975,
2,2024-05-13T13:38:53.097Z,6.581099999999974,
2,2024-05-13T13:38:54.097Z,6.581199999999974,
2,2024-05-13T13:38:55.097Z,6.581299999999974,
2,2024-05-13T13:38:56.097Z,6.581399999999974,
2,2024-05-13T13:38:57.097Z,6.5814999999999735,
2,2024-05-13T13:38:58.097Z,6.581599999999973,
2,2024-05-13T13:38:59.097Z,6.581699999999973,
2,2024-05-13T13:39:00.097Z,6.581799999999973,
2,2024-05-13T13:39:01.097Z,6.5818999999999726,
2,2024-05-13T13:39:02.097Z,6.581599999999973,
2,2024-05-13T13:39:03.097Z,6.581699999999973,
2,2024-05-13T13:39:04.097Z,6.581799999999973,
2,2024-05-13T13:39:05.097Z,6.5818999999999726,
2,2024-05-13T13:39:06.097Z,6.581999999999972,
2,2024-05-13T13:39:07.097Z,6.582099999999972,
2,2024-05-13T13:39:08.097Z,6.588199999999972,
2,2024-05-13T13:39:09.097Z,6.587499999999974,
2,2024-05-13T13:39:10.097Z,6.605999999999973,
2,2024-05-13T13:39:11.097Z,4.336899999999975,
2,2024-05-13T13:39:12.097Z,4.336999999999975,
2,2024-05-13T13:39:13.097Z,4.337099999999975,
2,2024-05-13T13:39:14.097Z,4.336399999999976,
2,2024-05-13T13:39:15.097Z,4.349199999999975,
2,2024-05-13T13:39:16.097Z,4.349299999999975,
2,2024-05-13T13:39:17.097Z,4.349399999999974,
2,2024-05-13T13:39:18.097Z,4.349499999999974,
2,2024-05-13T13:39:19.097Z,4.349599999999974,
2,2024-05-13T13:39:20.097Z,4.349699999999974,
2,2024-05-13T13:39:21.097Z,4.3497999999999735,
2,2024-05-13T13:39:22.097Z,4.349899999999973,
2,2024-05-13T13:39:23.097Z,4.349999999999973,
2,2024-05-13T13:39:24.097Z,4.350099999999973,
2,2024-05-13T13:39:25.097Z,4.3501999999999725,
2,2024-05-13T13:39:26.097Z,4.350299999999972,
2,2024-05-13T13:39:27.097Z,4.350399999999972,
2,2024-05-13T13:39:28.097Z,4.350499999999972,
2,2024-05-13T13:39:29.097Z,4.350599999999972,
2,2024-05-13T13:39:30.097Z,4.350699999999971,
2,2024-05-13T13:39:31.097Z,4.350799999999971,
2,2024-05-13T13:39:32.097Z,4.350899999999971,
2,2024-05-13T13:39:33.097Z,4.350999999999971,
2,2024-05-13T13:39:34.097Z,4.35109999999997,
2,2024-05-13T13:39:35.097Z,4.35119999999997,
2,2024-05-13T13:39:36.097Z,4.35129999999997,
2,2024-05-13T13:39:37.097Z,4.35139999999997,
2,2024-05-13T13:39:38.097Z,4.3514999999999695,
2,2024-05-13T13:39:39.097Z,4.351599999999969,
2,2024-05-13T13:39:40.097Z,4.351699999999969,
2,2024-05-13T13:39:41.097Z,4.351799999999969,
2,2024-05-13T13:39:42.097Z,4.351899999999969,
2,2024-05-13T13:39:43.097Z,4.351999999999968,
2,2024-05-13T13:39:44.097Z,4.352099999999968,
2,2024-05-13T13:39:45.097Z,4.352199999999968,
2,2024-05-13T13:39:46.097Z,4.352299999999968,
2,2024-05-13T13:39:47.097Z,4.350799999999968,
2,2024-05-13T13:39:48.097Z,4.363699999999966,
2,2024-05-13T13:39:49.097Z,4.363799999999966,
2,2024-05-13T13:39:50.097Z,4.3638999999999655,
2,2024-05-13T13:39:51.097Z,4.360799999999966,
2,2024-05-13T13:39:52.097Z,4.361099999999965,
2,2024-05-13T13:39:53.097Z,4.3603999999999665,
2,2024-05-13T13:39:54.097Z,4.392499999999966,
2,2024-05-13T13:39:55.097Z,4.392599999999966,
2,2024-05-13T13:39:56.097Z,4.406799999999965,
2,2024-05-13T13:39:57.097Z,4.406899999999965,
2,2024-05-13T13:39:58.097Z,4.4069999999999645,
2,2024-05-13T13:39:59.097Z,4.407099999999964,
2,2024-05-13T13:40:00.097Z,4.407199999999964,
2,2024-05-13T13:40:01.097Z,4.407299999999964,
2,2024-05-13T13:40:02.097Z,4.407399999999964,
2,2024-05-13T13:40:03.097Z,4.407499999999963,
2,2024-05-13T13:40:04.097Z,4.407599999999963,
2,2024-05-13T13:40:05.097Z,4.407699999999963,
2,2024-05-13T13:40:06.097Z,4.407799999999963,
2,2024-05-13T13:40:07.097Z,4.407599999999963,
2,2024-05-13T13:40:08.097Z,4.407699999999963,
2,2024-05-13T13:40:09.097Z,4.407799999999963,
2,2024-05-13T13:40:10.097Z,4.407899999999962,
2,2024-05-13T13:40:11.097Z,4.407999999999962,
2,2024-05-13T13:40:12.097Z,4.408099999999962,
2,2024-05-13T13:40:13.097Z,4.408199999999962,
2,2024-05-13T13:40:14.097Z,4.4082999999999615,
2,2024-05-13T13:40:15.097Z,4.408399999999961,
2,2024-05-13T13:40:16.097Z,4.408499999999961,
2,2024-05-13T13:40:17.097Z,4.40299999999996,
2,2024-05-13T13:40:18.097Z,4.403099999999959,
2,2024-05-13T13:40:19.097Z,4.403199999999959,
2,2024-05-13T13:40:20.097Z,4.403299999999959,
2,2024-05-13T13:40:21.097Z,4.403399999999959,
2,2024-05-13T13:40:22.097Z,4.4034999999999584,
2,2024-05-13T13:40:23.097Z,4.403599999999958,
2,2024-05-13T13:40:24.097Z,4.403699999999958,
2,2024-05-13T13:40:25.097Z,4.403799999999958,
2,2024-05-13T13:40:26.097Z,4.4038999999999575,
2,2024-05-13T13:40:27.097Z,4.403999999999957,
2,2024-05-13T13:40:28.097Z,4.404099999999957,
2,2024-05-13T13:40:29.097Z,4.404199999999957,
2,2024-05-13T13:40:30.097Z,4.404299999999957,
2,2024-05-13T13:40:31.097Z,4.404399999999956,
2,2024-05-13T13:40:32.097Z,4.404499999999956,
2,2024-05-13T13:40:33.097Z,4.404299999999957,
2,2024-05-13T13:40:34.097Z,4.404399999999956,
2,2024-05-13T13:40:35.097Z,4.404499999999956,
2,2024-05-13T13:40:36.097Z,4.404599999999956,
2,2024-05-13T13:40:37.097Z,4.404699999999956,
2,2024-05-13T13:40:38.097Z,4.404799999999955,
2,2024-05-13T13:40:39.097Z,4.404899999999955,
2,2024-05-13T13:40:40.097Z,4.404999999999955,
2,2024-05-13T13:40:41.097Z,4.405099999999955,
2,2024-05-13T13:40:42.097Z,4.4051999999999545,
2,2024-05-13T13:40:43.097Z,4.405299999999954,
2,2024-05-13T13:40:44.097Z,4.405399999999954,
2,2024-05-13T13:40:45.097Z,4.405499999999954,
2,2024-05-13T13:40:46.097Z,4.4055999999999536,
2,2024-05-13T13:40:47.097Z,4.405699999999953,
2,2024-05-13T13:40:48.097Z,4.408699999999953,
2,2024-05-13T13:40:49.097Z,4.408799999999953,
2,2024-05-13T13:40:50.097Z,4.408899999999953,
2,2024-05-13T13:40:51.097Z,4.408999999999953,
2,2024-05-13T13:40:52.097Z,4.4090999999999525,
2,2024-05-13T13:40:53.097Z,4.409199999999952,
2,2024-05-13T13:40:54.097Z,4.402899999999953,
2,2024-05-13T13:40:55.097Z,4.425299999999954,
2,2024-05-13T13:40:56.097Z,4.425599999999953,
2,2024-05-13T13:40:57.097Z,4.425699999999953,
2,2024-05-13T13:40:58.097Z,4.425799999999953,
2,2024-05-13T13:40:59.097Z,4.425899999999952,
2,2024-05-13T13:41:00.097Z,4.425999999999952,
2,2024-05-13T13:41:01.097Z,4.426099999999952,
2,2024-05-13T13:41:02.097Z,4.426199999999952,
2,2024-05-13T13:41:03.097Z,4.4262999999999515,
2,2024-05-13T13:41:04.097Z,4.426399999999951,
2,2024-05-13T13:41:05.097Z,4.426499999999951,
2,2024-05-13T13:41:06.097Z,4.426599999999951,
2,2024-05-13T13:41:07.097Z,4.426699999999951,
3,2024-05-13T13:30:37.097Z,26.3,
3,2024-05-13T13:30:38.097Z,26.2809,
3,2024-05-13T13:30:39.097Z,26.2814,
3,2024-05-13T13:30:40.097Z,26.2815,
3,2024-05-13T13:30:41.097Z,26.2752,
3,2024-05-13T13:30:42.097Z,26.2911,
3,2024-05-13T13:30:43.097Z,26.2912,
3,2024-05-13T13:30:44.097Z,26.2913,
3,2024-05-13T13:30:45.097Z,26.2914,
3,2024-05-13T13:30:46.097Z,26.2915,
3,2024-05-13T13:30:47.097Z,26.2852,
3,2024-05-13T13:30:48.097Z,26.2845,
3,2024-05-13T13:30:49.097Z,24.729400000000002,
3,2024-05-13T13:30:50.097Z,24.7295,
3,2024-05-13T13:30:51.097Z,24.729200000000002,
3,2024-05-13T13:30:52.097Z,22.278100000000002,
3,2024-05-13T13:30:53.097Z,22.278200000000002,
3,2024-05-13T13:30:54.097Z,22.2783,
3,2024-05-13T13:30:55.097Z,22.2784,
3,2024-05-13T13:30:56.097Z,22.2785,
3,2024-05-13T13:30:57.097Z,22.2786,
3,2024-05-13T13:30:58.097Z,22.2785,
3,2024-05-13T13:30:59.097Z,22.297,
3,2024-05-13T13:31:00.097Z,22.2969,
3,2024-05-13T13:31:01.097Z,22.297,
3,2024-05-13T13:31:02.097Z,22.2971,
3,2024-05-13T13:31:03.097Z,22.2972,
3,2024-05-13T13:31:04.097Z,22.2973,
3,2024-05-13T13:31:05.097Z,22.2974,
3,2024-05-13T13:31:06.097Z,22.2975,
3,2024-05-13T13:31:07.097Z,22.2976,
3,2024-05-13T13:31:08.097Z,22.2977,
3,2024-05-13T13:31:09.097Z,22.2978,
3,2024-05-13T13:31:10.097Z,22.2979,
3,2024-05-13T13:31:11.097Z,22.298,
3,2024-05-13T13:31:12.097Z,22.298099999999998,
3,2024-05-13T13:31:13.097Z,22.298199999999998,
3,2024-05-13T13:31:14.097Z,22.298299999999998,
3,2024-05-13T13:31:15.097Z,22.298399999999997,
3,2024-05-13T13:31:16.097Z,22.298499999999997,
3,2024-05-13T13:31:17.097Z,22.298599999999997,
3,2024-05-13T13:31:18.097Z,22.298699999999997,
3,2024-05-13T13:31:19.097Z,22.298799999999996,
3,2024-05-13T13:31:20.097Z,22.298899999999996,
3,2024-05-13T13:31:21.097Z,22.298999999999996,
3,2024-05-13T13:31:22.097Z,22.299099999999996,
3,2024-05-13T13:31:23.097Z,22.299199999999995,
3,2024-05-13T13:31:24.097Z,22.299299999999995,
3,2024-05-13T13:31:25.097Z,22.299399999999995,
3,2024-05-13T13:31:26.097Z,22.299499999999995,
3,2024-05-13T13:31:27.097Z,22.299599999999995,
3,2024-05-13T13:31:28.097Z,22.299699999999994,
3,2024-05-13T13:31:29.097Z,22.299799999999994,
3,2024-05-13T13:31:30.097Z,22.299899999999994,
3,2024-05-13T13:31:31.097Z,22.299999999999994,
3,2024-05-13T13:31:32.097Z,22.298499999999994,
3,2024-05-13T13:31:33.097Z,21.901799999999994,
3,2024-05-13T13:31:34.097Z,21.901899999999994,
3,2024-05-13T13:31:35.097Z,21.907999999999994,
3,2024-05-13T13:31:36.097Z,21.903299999999994,
3,2024-05-13T13:31:37.097Z,22.299299999999995,
3,2024-05-13T13:31:38.097Z,22.30079999999999,
3,2024-05-13T13:31:39.097Z,22.30089999999999,
3,2024-05-13T13:31:40.097Z,22.30099999999999,
3,2024-05-13T13:31:41.097Z,22.30109999999999,
3,2024-05-13T13:31:42.097Z,22.30089999999999,
3,2024-05-13T13:31:43.097Z,22.318599999999993,
3,2024-05-13T13:31:44.097Z,22.407999999999994,
3,2024-05-13T13:31:45.097Z,17.506199999999993,
3,2024-05-13T13:31:46.097Z,17.522299999999994,
3,2024-05-13T13:31:47.097Z,17.520799999999994,
3,2024-05-13T13:31:48.097Z,17.52089999999999,
3,2024-05-13T13:31:49.097Z,17.520999999999994,
3,2024-05-13T13:31:50.097Z,17.52109999999999,
3,2024-05-13T13:31:51.097Z,17.521199999999993,
3,2024-05-13T13:31:52.097Z,17.519699999999993,
3,2024-05-13T13:31:53.097Z,17.53579999999999,
3,2024-05-13T13:31:54.097Z,17.53589999999999,
3,2024-05-13T13:31:55.097Z,17.53879999999999,
3,2024-05-13T13:31:56.097Z,17.53729999999999,
3,2024-05-13T13:31:57.097Z,17.55619999999999,
3,2024-05-13T13:31:58.097Z,17.556299999999993,
3,2024-05-13T13:31:59.097Z,17.557799999999993,
3,2024-05-13T13:32:00.097Z,17.55789999999999,
3,2024-05-13T13:32:01.097Z,17.557999999999993,
3,2024-05-13T13:32:02.097Z,17.55809999999999,
3,2024-05-13T13:32:03.097Z,17.558199999999992,
3,2024-05-13T13:32:04.097Z,17.55829999999999,
3,2024-05-13T13:32:05.097Z,17.557999999999993,
3,2024-05-13T13:32:06.097Z,15.490899999999991,
3,2024-05-13T13:32:07.097Z,15.484599999999991,
3,2024-05-13T13:32:08.097Z,15.46709999999999,
3,2024-05-13T13:32:09.097Z,15.46399999999999,
3,2024-05-13T13:32:10.097Z,15.65579999999999,
3,2024-05-13T13:32:11.097Z,15.67349999999999,
3,2024-05-13T13:32:12.097Z,15.67199999999999,
3,2024-05-13T13:32:13.097Z,15.64649999999999,
3,2024-05-13T13:32:14.097Z,15.67859999999999,
3,2024-05-13T13:32:15.097Z,15.67549999999999,
3,2024-05-13T13:32:16.097Z,15.675199999999991,
3,2024-05-13T13:32:17.097Z,15.675299999999991,
3,2024-05-13T13:32:18.097Z,15.675099999999992,
3,2024-05-13T13:32:19.097Z,15.693999999999992,
3,2024-05-13T13:32:20.097Z,15.697099999999992,
3,2024-05-13T13:32:21.097Z,15.695499999999992,
3,2024-05-13T13:32:22.097Z,15.714799999999991,
3,2024-05-13T13:32:23.097Z,15.733299999999991,
3,2024-05-13T13:32:24.097Z,15.73339999999999,
3,2024-05-13T13:32:25.097Z,15.73029999999999,
3,2024-05-13T13:32:26.097Z,14.10479999999999,
3,2024-05-13T13:32:27.097Z,14.08569999999999,
3,2024-05-13T13:32:28.097Z,14.08579999999999,
3,2024-05-13T13:32:29.097Z,14.08509999999999,
3,2024-05-13T13:32:30.097Z,14.89119999999999,
3,2024-05-13T13:32:31.097Z,14.915299999999991,
3,2024-05-13T13:32:32.097Z,14.915399999999991,
3,2024-05-13T13:32:33.097Z,14.91709999999999,
3,2024-05-13T13:32:34.097Z,14.91649999999999,
3,2024-05-13T13:32:35.097Z,15.30699999999999,
3,2024-05-13T13:32:36.097Z,15.34519999999999,
3,2024-05-13T13:32:37.097Z,15.74169999999999,
3,2024-05-13T13:32:38.097Z,13.376999999999988,
3,2024-05-13T13:32:39.097Z,13.376899999999988,
3,2024-05-13T13:32:40.097Z,13.376999999999988,
3,2024-05-13T13:32:41.097Z,13.377199999999988,
3,2024-05-13T13:32:42.097Z,12.570899999999988,
3,2024-05-13T13:32:43.097Z,12.759799999999988,
3,2024-05-13T13:32:44.097Z,12.772699999999988,
3,2024-05-13T13:32:45.097Z,12.772799999999988,
3,2024-05-13T13:32:46.097Z,12.772899999999987,
3,2024-05-13T13:32:47.097Z,12.773399999999988,
3,2024-05-13T13:32:48.097Z,12.773499999999988,
3,2024-05-13T13:32:49.097Z,12.774099999999988,
3,2024-05-13T13:32:50.097Z,12.771799999999988,
3,2024-05-13T13:32:51.097Z,12.789899999999989,
3,2024-05-13T13:32:52.097Z,12.78739999999999,
3,2024-05-13T13:32:53.097Z,12.78109999999999,
3,2024-05-13T13:32:54.097Z,12.77479999999999,
3,2024-05-13T13:32:55.097Z,12.77619999999999,
3,2024-05-13T13:32:56.097Z,12.77309999999999,
3,2024-05-13T13:32:57.097Z,13.57939999999999,
3,2024-05-13T13:32:58.097Z,14.385699999999991,
3,2024-05-13T13:32:59.097Z,14.38739999999999,
3,2024-05-13T13:33:00.097Z,14.38429999999999,
3,2024-05-13T13:33:01.097Z,14.384899999999991,
3,2024-05-13T13:33:02.097Z,14.381799999999991,
3,2024-05-13T13:33:03.097Z,14.425899999999992,
3,2024-05-13T13:33:04.097Z,14.425999999999991,
3,2024-05-13T13:33:05.097Z,14.426099999999991,
3,2024-05-13T13:33:06.097Z,14.425899999999992,
3,2024-05-13T13:33:07.097Z,14.435599999999992,
3,2024-05-13T13:33:08.097Z,11.992499999999993,
3,2024-05-13T13:33:09.097Z,11.992599999999992,
3,2024-05-13T13:33:10.097Z,11.992699999999992,
3,2024-05-13T13:33:11.097Z,11.992799999999992,
3,2024-05-13T13:33:12.097Z,11.992899999999992,
3,2024-05-13T13:33:13.097Z,12.624999999999991,
3,2024-05-13T13:33:14.097Z,12.643899999999991,
3,2024-05-13T13:33:15.097Z,12.643999999999991,
3,2024-05-13T13:33:16.097Z,12.644099999999991,
3,2024-05-13T13:33:17.097Z,12.64419999999999,
3,2024-05-13T13:33:18.097Z,12.64449999999999,
3,2024-05-13T13:33:19.097Z,12.64459999999999,
3,2024-05-13T13:33:20.097Z,12.64469999999999,
3,2024-05-13T13:33:21.097Z,12.64479999999999,
3,2024-05-13T13:33:22.097Z,12.64489999999999,
3,2024-05-13T13:33:23.097Z,12.644999999999989,
3,2024-05-13T13:33:24.097Z,12.645099999999989,
3,2024-05-13T13:33:25.097Z,12.645199999999988,
3,2024-05-13T13:33:26.097Z,12.645299999999988,
3,2024-05-13T13:33:27.097Z,12.663799999999988,
3,2024-05-13T13:33:28.097Z,12.663899999999988,
3,2024-05-13T13:33:29.097Z,12.663799999999988,
3,2024-05-13T13:33:30.097Z,12.663899999999988,
3,2024-05-13T13:33:31.097Z,12.663999999999987,
3,2024-05-13T13:33:32.097Z,12.664099999999987,
3,2024-05-13T13:33:33.097Z,12.682999999999987,
3,2024-05-13T13:33:34.097Z,12.683099999999987,
3,2024-05-13T13:33:35.097Z,12.689399999999987,
3,2024-05-13T13:33:36.097Z,12.689499999999986,
3,2024-05-13T13:33:37.097Z,12.689599999999986,
3,2024-05-13T13:33:38.097Z,12.689699999999986,
3,2024-05-13T13:33:39.097Z,12.689799999999986,
3,2024-05-13T13:33:40.097Z,12.689899999999986,
3,2024-05-13T13:33:41.097Z,12.689999999999985,
3,2024-05-13T13:33:42.097Z,12.690099999999985,
3,2024-05-13T13:33:43.097Z,12.683799999999986,
3,2024-05-13T13:33:44.097Z,12.701499999999985,
3,2024-05-13T13:33:45.097Z,12.701599999999985,
3,2024-05-13T13:33:46.097Z,12.720099999999984,
3,2024-05-13T13:33:47.097Z,12.720199999999984,
3,2024-05-13T13:33:48.097Z,12.720299999999984,
3,2024-05-13T13:33:49.097Z,12.720399999999984,
3,2024-05-13T13:33:50.097Z,12.720499999999983,
3,2024-05-13T13:33:51.097Z,12.720599999999983,
3,2024-05-13T13:33:52.097Z,12.719099999999983,
3,2024-05-13T13:33:53.097Z,12.719699999999987,
3,2024-05-13T13:33:54.097Z,12.719799999999987,
3,2024-05-13T13:33:55.097Z,12.719899999999987,
3,2024-05-13T13:33:56.097Z,12.719999999999986,
3,2024-05-13T13:33:57.097Z,12.720099999999986,
3,2024-05-13T13:33:58.097Z,12.720199999999986,
3,2024-05-13T13:33:59.097Z,12.719499999999986,
3,2024-05-13T13:34:00.097Z,12.719599999999986,
3,2024-05-13T13:34:01.097Z,12.719699999999985,
3,2024-05-13T13:34:02.097Z,12.719799999999985,
3,2024-05-13T13:34:03.097Z,12.719699999999985,
3,2024-05-13T13:34:04.097Z,13.063799999999985,
3,2024-05-13T13:34:05.097Z,13.146199999999984,
3,2024-05-13T13:34:06.097Z,13.147599999999985,
3,2024-05-13T13:34:07.097Z,9.893099999999986,
3,2024-05-13T13:34:08.097Z,9.886799999999987,
3,2024-05-13T13:34:09.097Z,9.905299999999986,
3,2024-05-13T13:34:10.097Z,9.905399999999986,
3,2024-05-13T13:34:11.097Z,9.905499999999986,
3,2024-05-13T13:34:12.097Z,9.905599999999986,
3,2024-05-13T13:34:13.097Z,9.905699999999985,
3,2024-05-13T13:34:14.097Z,9.905799999999985,
3,2024-05-13T13:34:15.097Z,9.905899999999985,
3,2024-05-13T13:34:16.097Z,9.905999999999985,
3,2024-05-13T13:34:17.097Z,9.906099999999984,
3,2024-05-13T13:34:18.097Z,9.912399999999984,
3,2024-05-13T13:34:19.097Z,9.912499999999984,
3,2024-05-13T13:34:20.097Z,9.912599999999983,
3,2024-05-13T13:34:21.097Z,9.912699999999983,
3,2024-05-13T13:34:22.097Z,9.915599999999984,
3,2024-05-13T13:34:23.097Z,9.912499999999984,
3,2024-05-13T13:34:24.097Z,9.893399999999982,
3,2024-05-13T13:34:25.097Z,9.890299999999982,
3,2024-05-13T13:34:26.097Z,9.907999999999983,
3,2024-05-13T13:34:27.097Z,9.906499999999983,
3,2024-05-13T13:34:28.097Z,9.906599999999983,
3,2024-05-13T13:34:29.097Z,9.906699999999983,
3,2024-05-13T13:34:30.097Z,9.906599999999983,
3,2024-05-13T13:34:31.097Z,9.887499999999982,
3,2024-05-13T13:34:32.097Z,9.89239999999998,
3,2024-05-13T13:34:33.097Z,9.89249999999998,
3,2024-05-13T13:34:34.097Z,9.892299999999981,
3,2024-05-13T13:34:35.097Z,9.908399999999983,
3,2024-05-13T13:34:36.097Z,9.908499999999982,
3,2024-05-13T13:34:37.097Z,9.908599999999982,
3,2024-05-13T13:34:38.097Z,9.908699999999982,
3,2024-05-13T13:34:39.097Z,9.908799999999982,
3,2024-05-13T13:34:40.097Z,9.908899999999981,
3,2024-05-13T13:34:41.097Z,9.908999999999981,
3,2024-05-13T13:34:42.097Z,9.909099999999981,
3,2024-05-13T13:34:43.097Z,9.90919999999998,
3,2024-05-13T13:34:44.097Z,9.90929999999998,
3,2024-05-13T13:34:45.097Z,9.90939999999998,
3,2024-05-13T13:34:46.097Z,9.908699999999982,
3,2024-05-13T13:34:47.097Z,9.939199999999978,
3,2024-05-13T13:34:48.097Z,9.939299999999978,
3,2024-05-13T13:34:49.097Z,9.939399999999978,
3,2024-05-13T13:34:50.097Z,9.939299999999978,
3,2024-05-13T13:34:51.097Z,9.939399999999978,
3,2024-05-13T13:34:52.097Z,9.933099999999978,
3,2024-05-13T13:34:53.097Z,6.668999999999979,
3,2024-05-13T13:34:54.097Z,4.224299999999978,
3,2024-05-13T13:34:55.097Z,4.217999999999979,
3,2024-05-13T13:34:56.097Z,4.229299999999977,
3,2024-05-13T13:34:57.097Z,4.229399999999977,
3,2024-05-13T13:34:58.097Z,4.229499999999977,
3,2024-05-13T13:34:59.097Z,4.2295999999999765,
3,2024-05-13T13:35:00.097Z,4.229699999999976,
3,2024-05-13T13:35:01.097Z,4.2295999999999765,
3,2024-05-13T13:35:02.097Z,4.229699999999976,
3,2024-05-13T13:35:03.097Z,4.229799999999976,
3,2024-05-13T13:35:04.097Z,4.229899999999976,
3,2024-05-13T13:35:05.097Z,4.229699999999976,
3,2024-05-13T13:35:06.097Z,4.247399999999978,
3,2024-05-13T13:35:07.097Z,4.247499999999977,
3,2024-05-13T13:35:08.097Z,4.247599999999977,
3,2024-05-13T13:35:09.097Z,4.247699999999977,
3,2024-05-13T13:35:10.097Z,4.247799999999977,
3,2024-05-13T13:35:11.097Z,4.2478999999999765,
3,2024-05-13T13:35:12.097Z,4.247999999999976,
3,2024-05-13T13:35:13.097Z,4.248099999999976,
3,2024-05-13T13:35:14.097Z,4.248199999999976,
3,2024-05-13T13:35:15.097Z,4.245099999999976,
3,2024-05-13T13:35:16.097Z,4.245199999999976,
3,2024-05-13T13:35:17.097Z,4.245299999999975,
3,2024-05-13T13:35:18.097Z,4.245399999999975,
3,2024-05-13T13:35:19.097Z,4.250299999999974,
3,2024-05-13T13:35:20.097Z,4.249999999999975,
3,2024-05-13T13:35:21.097Z,4.250099999999975,
3,2024-05-13T13:35:22.097Z,4.250199999999975,
3,2024-05-13T13:35:23.097Z,4.250299999999974,
3,2024-05-13T13:35:24.097Z,4.250399999999974,
3,2024-05-13T13:35:25.097Z,4.250499999999974,
3,2024-05-13T13:35:26.097Z,4.250599999999974,
3,2024-05-13T13:35:27.097Z,4.2506999999999735,
3,2024-05-13T13:35:28.097Z,4.250799999999973,
3,2024-05-13T13:35:29.097Z,4.250899999999973,
3,2024-05-13T13:35:30.097Z,4.250999999999973,
3,2024-05-13T13:35:31.097Z,4.251099999999973,
3,2024-05-13T13:35:32.097Z,4.251199999999972,
3,2024-05-13T13:35:33.097Z,4.251299999999972,
3,2024-05-13T13:35:34.097Z,4.251399999999972,
3,2024-05-13T13:35:35.097Z,4.251499999999972,
3,2024-05-13T13:35:36.097Z,4.251599999999971,
3,2024-05-13T13:35:37.097Z,4.251699999999971,
3,2024-05-13T13:35:38.097Z,4.251799999999971,
3,2024-05-13T13:35:39.097Z,4.251899999999971,
3,2024-05-13T13:35:40.097Z,4.2519999999999705,
3,2024-05-13T13:35:41.097Z,4.25209999999997,
3,2024-05-13T13:35:42.097Z,4.25219999999997,
3,2024-05-13T13:35:43.097Z,4.25229999999997,
3,2024-05-13T13:35:44.097Z,4.2523999999999695,
3,2024-05-13T13:35:45.097Z,4.252499999999969,
3,2024-05-13T13:35:46.097Z,4.252599999999969,
3,2024-05-13T13:35:47.097Z,4.252699999999969,
3,2024-05-13T13:35:48.097Z,4.252799999999969,
3,2024-05-13T13:35:49.097Z,4.252899999999968,
3,2024-05-13T13:35:50.097Z,4.252999999999968,
3,2024-05-13T13:35:51.097Z,4.253099999999968,
3,2024-05-13T13:35:52.097Z,4.253199999999968,
3,2024-05-13T13:35:53.097Z,4.253299999999967,
3,2024-05-13T13:35:54.097Z,4.253399999999967,
3,2024-05-13T13:35:55.097Z,4.253499999999967,
3,2024-05-13T13:35:56.097Z,4.253599999999967,
3,2024-05-13T13:35:57.097Z,4.2536999999999665,
3,2024-05-13T13:35:58.097Z,4.253799999999966,
3,2024-05-13T13:35:59.097Z,4.253899999999966,
3,2024-05-13T13:36:00.097Z,4.253999999999966,
3,2024-05-13T13:36:01.097Z,4.254099999999966,
3,2024-05-13T13:36:02.097Z,4.254199999999965,
3,2024-05-13T13:36:03.097Z,4.254299999999965,
3,2024-05-13T13:36:04.097Z,4.254399999999965,
3,2024-05-13T13:36:05.097Z,4.254499999999965,
3,2024-05-13T13:36:06.097Z,4.254599999999964,
3,2024-05-13T13:36:07.097Z,4.254699999999964,
3,2024-05-13T13:36:08.097Z,4.254499999999965,
3,2024-05-13T13:36:09.097Z,4.255899999999965,
3,2024-05-13T13:36:10.097Z,4.249599999999965,
3,2024-05-13T13:36:11.097Z,4.249699999999965,
3,2024-05-13T13:36:12.097Z,5.049399999999967,
3,2024-05-13T13:36:13.097Z,5.049499999999966,
3,2024-05-13T13:36:14.097Z,5.049599999999966,
3,2024-05-13T13:36:15.097Z,5.049699999999966,
3,2024-05-13T13:36:16.097Z,5.049799999999966,
3,2024-05-13T13:36:17.097Z,5.049899999999965,
3,2024-05-13T13:36:18.097Z,5.049999999999965,
3,2024-05-13T13:36:19.097Z,5.043699999999966,
3,2024-05-13T13:36:20.097Z,5.046199999999967,
3,2024-05-13T13:36:21.097Z,5.046299999999967,
3,2024-05-13T13:36:22.097Z,5.0463999999999665,
3,2024-05-13T13:36:23.097Z,5.046499999999966,
3,2024-05-13T13:36:24.097Z,5.046599999999966,
3,2024-05-13T13:36:25.097Z,5.046699999999966,
3,2024-05-13T13:36:26.097Z,5.045999999999967,
3,2024-05-13T13:36:27.097Z,5.026899999999966,
3,2024-05-13T13:36:28.097Z,5.0269999999999655,
3,2024-05-13T13:36:29.097Z,5.027099999999965,
3,2024-05-13T13:36:30.097Z,5.025399999999966,
3,2024-05-13T13:36:31.097Z,5.828699999999966,
3,2024-05-13T13:36:32.097Z,6.019199999999966,
3,2024-05-13T13:36:33.097Z,6.044599999999967,
3,2024-05-13T13:36:34.097Z,3.6190999999999676,
3,2024-05-13T13:36:35.097Z,3.6191999999999673,
3,2024-05-13T13:36:36.097Z,3.619299999999967,
3,2024-05-13T13:36:37.097Z,3.619399999999967,
3,2024-05-13T13:36:38.097Z,3.624299999999966,
3,2024-05-13T13:36:39.097Z,3.624399999999966,
3,2024-05-13T13:36:40.097Z,3.6244999999999656,
3,2024-05-13T13:36:41.097Z,3.6245999999999654,
3,2024-05-13T13:36:42.097Z,3.624699999999965,
3,2024-05-13T13:36:43.097Z,3.624699999999965,
3,2024-05-13T13:36:44.097Z,3.6248999999999647,
3,2024-05-13T13:36:45.097Z,3.6249999999999645,
3,2024-05-13T13:36:46.097Z,3.6250999999999642,
3,2024-05-13T13:36:47.097Z,3.625199999999964,
3,2024-05-13T13:36:48.097Z,3.6238999999999635,
3,2024-05-13T13:36:49.097Z,4.001299999999965,
3,2024-05-13T13:36:50.097Z,4.000999999999966,
3,2024-05-13T13:36:51.097Z,4.0010999999999655,
3,2024-05-13T13:36:52.097Z,4.002499999999966,
3,2024-05-13T13:36:53.097Z,4.0021999999999665,
3,2024-05-13T13:36:54.097Z,3.9990999999999666,
3,2024-05-13T13:36:55.097Z,3.979999999999965,
3,2024-05-13T13:36:56.097Z,3.9792999999999665,
3,2024-05-13T13:36:57.097Z,4.426599999999965,
3,2024-05-13T13:36:58.097Z,4.4450999999999645,
3,2024-05-13T13:36:59.097Z,4.440199999999965,
3,2024-05-13T13:37:00.097Z,2.981099999999966,
3,2024-05-13T13:37:01.097Z,3.0192999999999657,
3,2024-05-13T13:37:02.097Z,2.980999999999966,
3,2024-05-13T13:37:03.097Z,2.981099999999966,
3,2024-05-13T13:37:04.097Z,2.9807999999999666,
3,2024-05-13T13:37:05.097Z,2.9792999999999665,
3,2024-05-13T13:37:06.097Z,2.972999999999967,
3,2024-05-13T13:37:07.097Z,2.9914999999999665,
3,2024-05-13T13:37:08.097Z,2.991299999999967,
3,2024-05-13T13:37:09.097Z,2.9913999999999668,
3,2024-05-13T13:37:10.097Z,2.991699999999966,
3,2024-05-13T13:37:11.097Z,2.9915999999999663,
3,2024-05-13T13:37:12.097Z,3.0234999999999665,
3,2024-05-13T13:37:13.097Z,3.0235999999999663,
3,2024-05-13T13:37:14.097Z,3.023699999999966,
3,2024-05-13T13:37:15.097Z,3.023799999999966,
3,2024-05-13T13:37:16.097Z,3.0230999999999675,
3,2024-05-13T13:37:17.097Z,3.0231999999999672,
3,2024-05-13T13:37:18.097Z,3.023299999999967,
3,2024-05-13T13:37:19.097Z,3.023399999999967,
3,2024-05-13T13:37:20.097Z,3.0234999999999665,
3,2024-05-13T13:37:21.097Z,3.0235999999999663,
3,2024-05-13T13:37:22.097Z,3.023699999999966,
3,2024-05-13T13:37:23.097Z,3.023799999999966,
3,2024-05-13T13:37:24.097Z,3.0238999999999656,
3,2024-05-13T13:37:25.097Z,3.0239999999999654,
3,2024-05-13T13:37:26.097Z,3.024099999999965,
3,2024-05-13T13:37:27.097Z,3.0239999999999654,
3,2024-05-13T13:37:28.097Z,3.024099999999965,
3,2024-05-13T13:37:29.097Z,3.0273999999999646,
3,2024-05-13T13:37:30.097Z,3.0274999999999643,
3,2024-05-13T13:37:31.097Z,3.028099999999963,
3,2024-05-13T13:37:32.097Z,3.0231999999999637,
3,2024-05-13T13:37:33.097Z,3.022999999999964,
3,2024-05-13T13:37:34.097Z,3.0227999999999646,
3,2024-05-13T13:37:35.097Z,3.0228999999999644,
3,2024-05-13T13:37:36.097Z,3.022599999999965,
3,2024-05-13T13:37:37.097Z,3.0218999999999667,
3,2024-05-13T13:37:38.097Z,3.0219999999999665,
3,2024-05-13T13:37:39.097Z,3.0204999999999664,
3,2024-05-13T13:37:40.097Z,3.0189999999999664,
3,2024-05-13T13:37:41.097Z,3.0318999999999647,
3,2024-05-13T13:37:42.097Z,3.0380999999999645,
3,2024-05-13T13:37:43.097Z,3.031799999999965,
3,2024-05-13T13:37:44.097Z,3.8318999999999654,
3,2024-05-13T13:37:45.097Z,3.849599999999967,
3,2024-05-13T13:37:46.097Z,3.8496999999999666,
3,2024-05-13T13:37:47.097Z,3.851099999999967,
3,2024-05-13T13:37:48.097Z,3.8516999999999655,
3,2024-05-13T13:37:49.097Z,3.8517999999999653,
3,2024-05-13T13:37:50.097Z,3.8520999999999646,
3,2024-05-13T13:37:51.097Z,3.8521999999999643,
3,2024-05-13T13:37:52.097Z,3.851499999999966,
3,2024-05-13T13:37:53.097Z,3.8675999999999675,
3,2024-05-13T13:37:54.097Z,3.8676999999999673,
3,2024-05-13T13:37:55.097Z,3.866999999999969,
3,2024-05-13T13:37:56.097Z,3.8830999999999705,
3,2024-05-13T13:37:57.097Z,3.8831999999999702,
3,2024-05-13T13:37:58.097Z,3.88329999999997,
3,2024-05-13T13:37:59.097Z,3.8833999999999698,
3,2024-05-13T13:38:00.097Z,3.8826999999999714,
3,2024-05-13T13:38:01.097Z,3.898799999999973,
3,2024-05-13T13:38:02.097Z,3.8988999999999727,
3,2024-05-13T13:38:03.097Z,3.8989999999999725,
3,2024-05-13T13:38:04.097Z,3.8990999999999723,
3,2024-05-13T13:38:05.097Z,3.899199999999972,
3,2024-05-13T13:38:06.097Z,3.899299999999972,
3,2024-05-13T13:38:07.097Z,3.8993999999999716,
3,2024-05-13T13:38:08.097Z,3.8994999999999713,
3,2024-05-13T13:38:09.097Z,3.8997999999999706,
3,2024-05-13T13:38:10.097Z,3.8990999999999723,
3,2024-05-13T13:38:11.097Z,3.9167999999999736,
3,2024-05-13T13:38:12.097Z,3.916999999999973,
3,2024-05-13T13:38:13.097Z,3.923199999999973,
3,2024-05-13T13:38:14.097Z,3.9168999999999734,
3,2024-05-13T13:38:15.097Z,3.934599999999975,
3,2024-05-13T13:38:16.097Z,3.9342999999999755,
3,2024-05-13T13:38:17.097Z,3.947199999999974,
3,2024-05-13T13:38:18.097Z,3.9472999999999736,
3,2024-05-13T13:38:19.097Z,3.9473999999999734,
3,2024-05-13T13:38:20.097Z,3.947499999999973,
3,2024-05-13T13:38:21.097Z,3.9443999999999733,
3,2024-05-13T13:38:22.097Z,3.944499999999973,
3,2024-05-13T13:38:23.097Z,3.9451999999999714,
3,2024-05-13T13:38:24.097Z,3.945299999999971,
3,2024-05-13T13:38:25.097Z,3.944599999999973,
3,2024-05-13T13:38:26.097Z,3.941499999999973,
3,2024-05-13T13:38:27.097Z,3.943999999999974,
3,2024-05-13T13:38:28.097Z,3.9437999999999747,
3,2024-05-13T13:38:29.097Z,4.129499999999975,
3,2024-05-13T13:38:30.097Z,4.129599999999975,
3,2024-05-13T13:38:31.097Z,4.126499999999975,
3,2024-05-13T13:38:32.097Z,4.123099999999976,
3,2024-05-13T13:38:33.097Z,4.123199999999976,
3,2024-05-13T13:38:34.097Z,4.121699999999976,
3,2024-05-13T13:38:35.097Z,4.1217999999999755,
3,2024-05-13T13:38:36.097Z,4.121899999999975,
3,2024-05-13T13:38:37.097Z,4.121999999999975,
3,2024-05-13T13:38:38.097Z,4.122099999999975,
3,2024-05-13T13:38:39.097Z,4.115899999999975,
3,2024-05-13T13:38:40.097Z,4.134799999999974,
3,2024-05-13T13:38:41.097Z,4.134899999999973,
3,2024-05-13T13:38:42.097Z,4.134999999999973,
3,2024-05-13T13:38:43.097Z,4.129999999999974,
3,2024-05-13T13:38:44.097Z,6.554899999999975,
3,2024-05-13T13:38:45.097Z,6.554999999999975,
3,2024-05-13T13:38:46.097Z,6.555099999999975,
3,2024-05-13T13:38:47.097Z,6.555999999999976,
3,2024-05-13T13:38:48.097Z,6.556499999999975,
3,2024-05-13T13:38:49.097Z,6.562199999999976,
3,2024-05-13T13:38:50.097Z,6.5618999999999765,
3,2024-05-13T13:38:51.097Z,6.580899999999975,
3,2024-05-13T13:38:52.097Z,6.580999999999975,
3,2024-05-13T13:38:53.097Z,6.581099999999974,
3,2024-05-13T13:38:54.097Z,6.581199999999974,
3,2024-05-13T13:38:55.097Z,6.581299999999974,
3,2024-05-13T13:38:56.097Z,6.581399999999974,
3,2024-05-13T13:38:57.097Z,6.5814999999999735,
3,2024-05-13T13:38:58.097Z,6.581599999999973,
3,2024-05-13T13:38:59.097Z,6.581699999999973,
3,2024-05-13T13:39:00.097Z,6.581799999999973,
3,2024-05-13T13:39:01.097Z,6.5818999999999726,
3,2024-05-13T13:39:02.097Z,6.581599999999973,
3,2024-05-13T13:39:03.097Z,6.581699999999973,
3,2024-05-13T13:39:04.097Z,6.581799999999973,
3,2024-05-13T13:39:05.097Z,6.5818999999999726,
3,2024-05-13T13:39:06.097Z,6.581999999999972,
3,2024-05-13T13:39:07.097Z,6.582099999999972,
3,2024-05-13T13:39:08.097Z,6.588199999999972,
3,2024-05-13T13:39:09.097Z,6.587499999999974,
3,2024-05-13T13:39:10.097Z,6.605999999999973,
3,2024-05-13T13:39:11.097Z,4.336899999999975,
3,2024-05-13T13:39:12.097Z,4.336999999999975,
3,2024-05-13T13:39:13.097Z,4.337099999999975,
3,2024-05-13T13:39:14.097Z,4.336399999999976,
3,2024-05-13T13:39:15.097Z,4.349199999999975,
3,2024-05-13T13:39:16.097Z,4.349299999999975,
3,2024-05-13T13:39:17.097Z,4.349399999999974,
3,2024-05-13T13:39:18.097Z,4.349499999999974,
3,2024-05-13T13:39:19.097Z,4.349599999999974,
3,2024-05-13T13:39:20.097Z,4.349699999999974,
3,2024-05-13T13:39:21.097Z,4.3497999999999735,
3,2024-05-13T13:39:22.097Z,4.349899999999973,
3,2024-05-13T13:39:23.097Z,4.349999999999973,
3,2024-05-13T13:39:24.097Z,4.350099999999973,
3,2024-05-13T13:39:25.097Z,4.3501999999999725,
3,2024-05-13T13:39:26.097Z,4.350299999999972,
3,2024-05-13T13:39:27.097Z,4.350399999999972,
3,2024-05-13T13:39:28.097Z,4.350499999999972,
3,2024-05-13T13:39:29.097Z,4.350599999999972,
3,2024-05-13T13:39:30.097Z,4.350699999999971,
3,2024-05-13T13:39:31.097Z,4.350799999999971,
3,2024-05-13T13:39:32.097Z,4.350899999999971,
3,2024-05-13T13:39:33.097Z,4.350999999999971,
3,2024-05-13T13:39:34.097Z,4.35109999999997,
3,2024-05-13T13:39:35.097Z,4.35119999999997,
3,2024-05-13T13:39:36.097Z,4.35129999999997,
3,2024-05-13T13:39:37.097Z,4.35139999999997,
3,2024-05-13T13:39:38.097Z,4.3514999999999695,
3,2024-05-13T13:39:39.097Z,4.351599999999969,
3,2024-05-13T13:39:40.097Z,4.351699999999969,
3,2024-05-13T13:39:41.097Z,4.351799999999969,
3,2024-05-13T13:39:42.097Z,4.351899999999969,
3,2024-05-13T13:39:43.097Z,4.351999999999968,
3,2024-05-13T13:39:44.097Z,4.352099999999968,
3,2024-05-13T13:39:45.097Z,4.352199999999968,
3,2024-05-13T13:39:46.097Z,4.352299999999968,
3,2024-05-13T13:39:47.097Z,4.350799999999968,
3,2024-05-13T13:39:48.097Z,4.363699999999966,
3,2024-05-13T13:39:49.097Z,4.363799999999966,
3,2024-05-13T13:39:50.097Z,4.3638999999999655,
3,2024-05-13T13:39:51.097Z,4.360799999999966,
3,2024-05-13T13:39:52.097Z,4.361099999999965,
3,2024-05-13T13:39:53.097Z,4.3603999999999665,
3,2024-05-13T13:39:54.097Z,4.392499999999966,
3,2024-05-13T13:39:55.097Z,4.392599999999966,
3,2024-05-13T13:39:56.097Z,4.406799999999965,
3,2024-05-13T13:39:57.097Z,4.406899999999965,
3,2024-05-13T13:39:58.097Z,4.4069999999999645,
3,2024-05-13T13:39:59.097Z,4.407099999999964,
3,2024-05-13T13:40:00.097Z,4.407199999999964,
3,2024-05-13T13:40:01.097Z,4.407299999999964,
3,2024-05-13T13:40:02.097Z,4.407399999999964,
3,2024-05-13T13:40:03.097Z,4.407499999999963,
3,2024-05-13T13:40:04.097Z,4.407599999999963,
3,2024-05-13T13:40:05.097Z,4.407699999999963,
3,2024-05-13T13:40:06.097Z,4.407799999999963,
3,2024-05-13T13:40:07.097Z,4.407599999999963,
3,2024-05-13T13:40:08.097Z,4.407699999999963,
3,2024-05-13T13:40:09.097Z,4.407799999999963,
3,2024-05-13T13:40:10.097Z,4.407899999999962,
3,2024-05-13T13:40:11.097Z,4.407999999999962,
3,2024-05-13T13:40:12.097Z,4.408099999999962,
3,2024-05-13T13:40:13.097Z,4.408199999999962,
3,2024-05-13T13:40:14.097Z,4.4082999999999615,
3,2024-05-13T13:40:15.097Z,4.408399999999961,
3,2024-05-13T13:40:16.097Z,4.408499999999961,
3,2024-05-13T13:40:17.097Z,4.40299999999996,
3,2024-05-13T13:40:18.097Z,4.403099999999959,
3,2024-05-13T13:40:19.097Z,4.403199999999959,
3,2024-05-13T13:40:20.097Z,4.403299999999959,
3,2024-05-13T13:40:21.097Z,4.403399999999959,
3,2024-05-13T13:40:22.097Z,4.4034999999999584,
3,2024-05-13T13:40:23.097Z,4.403599999999958,
3,2024-05-13T13:40:24.097Z,4.403699999999958,
3,2024-05-13T13:40:25.097Z,4.403799999999958,
3,2024-05-13T13:40:26.097Z,4.4038999999999575,
3,2024-05-13T13:40:27.097Z,4.403999999999957,
3,2024-05-13T13:40:28.097Z,4.404099999999957,
3,2024-05-13T13:40:29.097Z,4.404199999999957,
3,2024-05-13T13:40:30.097Z,4.404299999999957,
3,2024-05-13T13:40:31.097Z,4.404399999999956,
3,2024-05-13T13:40:32.097Z,4.404499999999956,
3,2024-05-13T13:40:33.097Z,4.404299999999957,
3,2024-05-13T13:40:34.097Z,4.404399999999956,
3,2024-05-13T13:40:35.097Z,4.404499999999956,
3,2024-05-13T13:40:36.097Z,4.404599999999956,
3,2024-05-13T13:40:37.097Z,4.404699999999956,
3,2024-05-13T13:40:38.097Z,4.404799999999955,
3,2024-05-13T13:40:39.097Z,4.404899999999955,
3,2024-05-13T13:40:40.097Z,4.404999999999955,
3,2024-05-13T13:40:41.097Z,4.405099999999955,
3,2024-05-13T13:40:42.097Z,4.4051999999999545,
3,2024-05-13T13:40:43.097Z,4.405299999999954,
3,2024-05-13T13:40:44.097Z,4.405399999999954,
3,2024-05-13T13:40:45.097Z,4.405499999999954,
3,2024-05-13T13:40:46.097Z,4.4055999999999536,
3,2024-05-13T13:40:47.097Z,4.405699999999953,
3,2024-05-13T13:40:48.097Z,4.408699999999953,
3,2024-05-13T13:40:49.097Z,4.408799999999953,
3,2024-05-13T13:40:50.097Z,4.408899999999953,
3,2024-05-13T13:40:51.097Z,4.408999999999953,
3,2024-05-13T13:40:52.097Z,4.4090999999999525,
3,2024-05-13T13:40:53.097Z,4.409199999999952,
3,2024-05-13T13:40:54.097Z,4.402899999999953,
3,2024-05-13T13:40:55.097Z,4.425299999999954,
3,2024-05-13T13:40:56.097Z,4.425599999999953,
3,2024-05-13T13:40:57.097Z,4.425699999999953,
3,2024-05-13T13:40:58.097Z,4.425799999999953,
3,2024-05-13T13:40:59.097Z,4.425899999999952,
3,2024-05-13T13:41:00.097Z,4.425999999999952,
3,2024-05-13T13:41:01.097Z,4.426099999999952,
3,2024-05-13T13:41:02.097Z,4.426199999999952,
3,2024-05-13T13:41:03.097Z,4.4262999999999515,
3,2024-05-13T13:41:04.097Z,4.426399999999951,
3,2024-05-13T13:41:05.097Z,4.426499999999951,
3,2024-05-13T13:41:06.097Z,4.426599999999951,
3,2024-05-13T13:41:07.097Z,4.426699999999951,
4,2024-05-13T13:30:37.097Z,26.3,
4,2024-05-13T13:30:38.097Z,26.2809,
4,2024-05-13T13:30:39.097Z,26.2814,
4,2024-05-13T13:30:40.097Z,26.2815,
4,2024-05-13T13:30:41.097Z,26.2752,
4,2024-05-13T13:30:42.097Z,26.2911,
4,2024-05-13T13:30:43.097Z,26.2912,
4,2024-05-13T13:30:44.097Z,26.2913,
4,2024-05-13T13:30:45.097Z,26.2914,
4,2024-05-13T13:30:46.097Z,26.2915,
4,2024-05-13T13:30:47.097Z,26.2852,
4,2024-05-13T13:30:48.097Z,26.2845,
4,2024-05-13T13:30:49.097Z,24.729400000000002,
4,2024-05-13T13:30:50.097Z,24.7295,
4,2024-05-13T13:30:51.097Z,24.729200000000002,
4,2024-05-13T13:30:52.097Z,22.278100000000002,
4,2024-05-13T13:30:53.097Z,22.278200000000002,
4,2024-05-13T13:30:54.097Z,22.2783,
4,2024-05-13T13:30:55.097Z,22.2784,
4,2024-05-13T13:30:56.097Z,22.2785,
4,2024-05-13T13:30:57.097Z,22.2786,
4,2024-05-13T13:30:58.097Z,22.2785,
4,2024-05-13T13:30:59.097Z,22.297,
4,2024-05-13T13:31:00.097Z,22.2969,
4,2024-05-13T13:31:01.097Z,22.297,
4,2024-05-13T13:31:02.097Z,22.2971,
4,2024-05-13T13:31:03.097Z,22.2972,
4,2024-05-13T13:31:04.097Z,22.2973,
4,2024-05-13T13:31:05.097Z,22.2974,
4,2024-05-13T13:31:06.097Z,22.2975,
4,2024-05-13T13:31:07.097Z,22.2976,
4,2024-05-13T13:31:08.097Z,22.2977,
4,2024-05-13T13:31:09.097Z,22.2978,
4,2024-05-13T13:31:10.097Z,22.2979,
4,2024-05-13T13:31:11.097Z,22.298,
4,2024-05-13T13:31:12.097Z,22.298099999999998,
4,2024-05-13T13:31:13.097Z,22.298199999999998,
4,2024-05-13T13:31:14.097Z,22.298299999999998,
4,2024-05-13T13:31:15.097Z,22.298399999999997,
4,2024-05-13T13:31:16.097Z,22.298499999999997,
4,2024-05-13T13:31:17.097Z,22.298599999999997,
4,2024-05-13T13:31:18.097Z,22.298699999999997,
4,2024-05-13T13:31:19.097Z,22.298799999999996,
4,2024-05-13T13:31:20.097Z,22.298899999999996,
4,2024-05-13T13:31:21.097Z,22.298999999999996,
4,2024-05-13T13:31:22.097Z,22.299099999999996,
4,2024-05-13T13:31:23.097Z,22.299199999999995,
4,2024-05-13T13:31:24.097Z,22.299299999999995,
4,2024-05-13T13:31:25.097Z,22.299399999999995,
4,2024-05-13T13:31:26.097Z,22.299499999999995,
4,2024-05-13T13:31:27.097Z,22.299599999999995,
4,2024-05-13T13:31:28.097Z,22.299699999999994,
4,2024-05-13T13:31:29.097Z,22.299799999999994,
4,2024-05-13T13:31:30.097Z,22.299899999999994,
4,2024-05-13T13:31:31.097Z,22.299999999999994,
4,2024-05-13T13:31:32.097Z,22.298499999999994,
4,2024-05-13T13:31:33.097Z,21.901799999999994,
4,2024-05-13T13:31:34.097Z,21.901899999999994,
4,2024-05-13T13:31:35.097Z,21.907999999999994,
4,2024-05-13T13:31:36.097Z,21.903299999999994,
4,2024-05-13T13:31:37.097Z,22.299299999999995,
4,2024-05-13T13:31:38.097Z,22.30079999999999,
4,2024-05-13T13:31:39.097Z,22.30089999999999,
4,2024-05-13T13:31:40.097Z,22.30099999999999,
4,2024-05-13T13:31:41.097Z,22.30109999999999,
4,2024-05-13T13:31:42.097Z,22.30089999999999,
4,2024-05-13T13:31:43.097Z,22.318599999999993,
4,2024-05-13T13:31:44.097Z,22.407999999999994,
4,2024-05-13T13:31:45.097Z,17.506199999999993,
4,2024-05-13T13:31:46.097Z,17.522299999999994,
4,2024-05-13T13:31:47.097Z,17.520799999999994,
4,2024-05-13T13:31:48.097Z,17.52089999999999,
4,2024-05-13T13:31:49.097Z,17.520999999999994,
4,2024-05-13T13:31:50.097Z,17.52109999999999,
4,2024-05-13T13:31:51.097Z,17.521199999999993,
4,2024-05-13T13:31:52.097Z,17.519699999999993,
4,2024-05-13T13:31:53.097Z,17.53579999999999,
4,2024-05-13T13:31:54.097Z,17.53589999999999,
4,2024-05-13T13:31:55.097Z,17.53879999999999,
4,2024-05-13T13:31:56.097Z,17.53729999999999,
4,2024-05-13T13:31:57.097Z,17.55619999999999,
4,2024-05-13T13:31:58.097Z,17.556299999999993,
4,2024-05-13T13:31:59.097Z,17.557799999999993,
4,2024-05-13T13:32:00.097Z,17.55789999999999,
4,2024-05-13T13:32:01.097Z,17.557999999999993,
4,2024-05-13T13:32:02.097Z,17.55809999999999,
4,2024-05-13T13:32:03.097Z,17.558199999999992,
4,2024-05-13T13:32:04.097Z,17.55829999999999,
4,2024-05-13T13:32:05.097Z,17.557999999999993,
4,2024-05-13T13:32:06.097Z,15.490899999999991,
4,2024-05-13T13:32:07.097Z,15.484599999999991,
4,2024-05-13T13:32:08.097Z,15.46709999999999,
4,2024-05-13T13:32:09.097Z,15.46399999999999,
4,2024-05-13T13:32:10.097Z,15.65579999999999,
4,2024-05-13T13:32:11.097Z,15.67349999999999,
4,2024-05-13T13:32:12.097Z,15.67199999999999,
4,2024-05-13T13:32:13.097Z,15.64649999999999,
4,2024-05-13T13:32:14.097Z,15.67859999999999,
4,2024-05-13T13:32:15.097Z,15.67549999999999,
4,2024-05-13T13:32:16.097Z,15.675199999999991,
4,2024-05-13T13:32:17.097Z,15.675299999999991,
4,2024-05-13T13:32:18.097Z,15.675099999999992,
4,2024-05-13T13:32:19.097Z,15.693999999999992,
4,2024-05-13T13:32:20.097Z,15.697099999999992,
4,2024-05-13T13:32:21.097Z,15.695499999999992,
4,2024-05-13T13:32:22.097Z,15.714799999999991,
4,2024-05-13T13:32:23.097Z,15.733299999999991,
4,2024-05-13T13:32:24.097Z,15.73339999999999,
4,2024-05-13T13:32:25.097Z,15.73029999999999,
4,2024-05-13T13:32:26.097Z,14.10479999999999,
4,2024-05-13T13:32:27.097Z,14.08569999999999,
4,2024-05-13T13:32:28.097Z,14.08579999999999,
4,2024-05-13T13:32:29.097Z,14.08509999999999,
4,2024-05-13T13:32:30.097Z,14.89119999999999,
4,2024-05-13T13:32:31.097Z,14.915299999999991,
4,2024-05-13T13:32:32.097Z,14.915399999999991,
4,2024-05-13T13:32:33.097Z,14.91709999999999,
4,2024-05-13T13:32:34.097Z,14.91649999999999,
4,2024-05-13T13:32:35.097Z,15.30699999999999,
4,2024-05-13T13:32:36.097Z,15.34519999999999,
4,2024-05-13T13:32:37.097Z,15.74169999999999,
4,2024-05-13T13:32:38.097Z,13.376999999999988,
4,2024-05-13T13:32:39.097Z,13.376899999999988,
4,2024-05-13T13:32:40.097Z,13.376999999999988,
4,2024-05-13T13:32:41.097Z,13.377199999999988,
4,2024-05-13T13:32:42.097Z,12.570899999999988,
4,2024-05-13T13:32:43.097Z,12.759799999999988,
4,2024-05-13T13:32:44.097Z,12.772699999999988,
4,2024-05-13T13:32:45.097Z,12.772799999999988,
4,2024-05-13T13:32:46.097Z,12.772899999999987,
4,2024-05-13T13:32:47.097Z,12.773399999999988,
4,2024-05-13T13:32:48.097Z,12.773499999999988,
4,2024-05-13T13:32:49.097Z,12.774099999999988,
4,2024-05-13T13:32:50.097Z,12.771799999999988,
4,2024-05-13T13:32:51.097Z,12.789899999999989,
4,2024-05-13T13:32:52.097Z,12.78739999999999,
4,2024-05-13T13:32:53.097Z,12.78109999999999,
4,2024-05-13T13:32:54.097Z,12.77479999999999,
4,2024-05-13T13:32:55.097Z,12.77619999999999,
4,2024-05-13T13:32:56.097Z,12.77309999999999,
4,2024-05-13T13:32:57.097Z,13.57939999999999,
4,2024-05-13T13:32:58.097Z,14.385699999999991,
4,2024-05-13T13:32:59.097Z,14.38739999999999,
4,2024-05-13T13:33:00.097Z,14.38429999999999,
4,2024-05-13T13:33:01.097Z,14.384899999999991,
4,2024-05-13T13:33:02.097Z,14.381799999999991,
4,2024-05-13T13:33:03.097Z,14.425899999999992,
4,2024-05-13T13:33:04.097Z,14.425999999999991,
4,2024-05-13T13:33:05.097Z,14.426099999999991,
4,2024-05-13T13:33:06.097Z,14.425899999999992,
4,2024-05-13T13:33:07.097Z,14.435599999999992,
4,2024-05-13T13:33:08.097Z,11.992499999999993,
4,2024-05-13T13:33:09.097Z,11.992599999999992,
4,2024-05-13T13:33:10.097Z,11.992699999999992,
4,2024-05-13T13:33:11.097Z,11.992799999999992,
4,2024-05-13T13:33:12.097Z,11.992899999999992,
4,2024-05-13T13:33:13.097Z,12.624999999999991,
4,2024-05-13T13:33:14.097Z,12.643899999999991,
4,2024-05-13T13:33:15.097Z,12.643999999999991,
4,2024-05-13T13:33:16.097Z,12.644099999999991,
4,2024-05-13T13:33:17.097Z,12.64419999999999,
4,2024-05-13T13:33:18.097Z,12.64449999999999,
4,2024-05-13T13:33:19.097Z,12.64459999999999,
4,2024-05-13T13:33:20.097Z,12.64469999999999,
4,2024-05-13T13:33:21.097Z,12.64479999999999,
4,2024-05-13T13:33:22.097Z,12.64489999999999,
4,2024-05-13T13:33:23.097Z,12.644999999999989,
4,2024-05-13T13:33:24.097Z,12.645099999999989,
4,2024-05-13T13:33:25.097Z,12.645199999999988,
4,2024-05-13T13:33:26.097Z,12.645299999999988,
4,2024-05-13T13:33:27.097Z,12.663799999999988,
4,2024-05-13T13:33:28.097Z,12.663899999999988,
4,2024-05-13T13:33:29.097Z,12.663799999999988,
4,2024-05-13T13:33:30.097Z,12.663899999999988,
4,2024-05-13T13:33:31.097Z,12.663999999999987,
4,2024-05-13T13:33:32.097Z,12.664099999999987,
4,2024-05-13T13:33:33.097Z,12.682999999999987,
4,2024-05-13T13:33:34.097Z,12.683099999999987,
4,2024-05-13T13:33:35.097Z,12.689399999999987,
4,2024-05-13T13:33:36.097Z,12.689499999999986,
4,2024-05-13T13:33:37.097Z,12.689599999999986,
4,2024-05-13T13:33:38.097Z,12.689699999999986,
4,2024-05-13T13:33:39.097Z,12.689799999999986,
4,2024-05-13T13:33:40.097Z,12.689899999999986,
4,2024-05-13T13:33:41.097Z,12.689999999999985,
4,2024-05-13T13:33:42.097Z,12.690099999999985,
4,2024-05-13T13:33:43.097Z,12.683799999999986,
4,2024-05-13T13:33:44.097Z,12.701499999999985,
4,2024-05-13T13:33:45.097Z,12.701599999999985,
4,2024-05-13T13:33:46.097Z,12.720099999999984,
4,2024-05-13T13:33:47.097Z,12.720199999999984,
4,2024-05-13T13:33:48.097Z,12.720299999999984,
4,2024-05-13T13:33:49.097Z,12.720399999999984,
4,2024-05-13T13:33:50.097Z,12.720499999999983,
4,2024-05-13T13:33:51.097Z,12.720599999999983,
4,2024-05-13T13:33:52.097Z,12.719099999999983,
4,2024-05-13T13:33:53.097Z,12.719699999999987,
4,2024-05-13T13:33:54.097Z,12.719799999999987,
4,2024-05-13T13:33:55.097Z,12.719899999999987,
4,2024-05-13T13:33:56.097Z,12.719999999999986,
4,2024-05-13T13:33:57.097Z,12.720099999999986,
4,2024-05-13T13:33:58.097Z,12.720199999999986,
4,2024-05-13T13:33:59.097Z,12.719499999999986,
4,2024-05-13T13:34:00.097Z,12.719599999999986,
4,2024-05-13T13:34:01.097Z,12.719699999999985,
4,2024-05-13T13:34:02.097Z,12.719799999999985,
4,2024-05-13T13:34:03.097Z,12.719699999999985,
4,2024-05-13T13:34:04.097Z,13.063799999999985,
4,2024-05-13T13:34:05.097Z,13.146199999999984,
4,2024-05-13T13:34:06.097Z,13.147599999999985,
4,2024-05-13T13:34:07.097Z,9.893099999999986,
4,2024-05-13T13:34:08.097Z,9.886799999999987,
4,2024-05-13T13:34:09.097Z,9.905299999999986,
4,2024-05-13T13:34:10.097Z,9.905399999999986,
4,2024-05-13T13:34:11.097Z,9.905499999999986,
4,2024-05-13T13:34:12.097Z,9.905599999999986,
4,2024-05-13T13:34:13.097Z,9.905699999999985,
4,2024-05-13T13:34:14.097Z,9.905799999999985,
4,2024-05-13T13:34:15.097Z,9.905899999999985,
4,2024-05-13T13:34:16.097Z,9.905999999999985,
4,2024-05-13T13:34:17.097Z,9.906099999999984,
4,2024-05-13T13:34:18.097Z,9.912399999999984,
4,2024-05-13T13:34:19.097Z,9.912499999999984,
4,2024-05-13T13:34:20.097Z,9.912599999999983,
4,2024-05-13T13:34:21.097Z,9.912699999999983,
4,2024-05-13T13:34:22.097Z,9.915599999999984,
4,2024-05-13T13:34:23.097Z,9.912499999999984,
4,2024-05-13T13:34:24.097Z,9.893399999999982,
4,2024-05-13T13:34:25.097Z,9.890299999999982,
4,2024-05-13T13:34:26.097Z,9.907999999999983,
4,2024-05-13T13:34:27.097Z,9.906499999999983,
4,2024-05-13T13:34:28.097Z,9.906599999999983,
4,2024-05-13T13:34:29.097Z,9.906699999999983,
4,2024-05-13T13:34:30.097Z,9.906599999999983,
4,2024-05-13T13:34:31.097Z,9.887499999999982,
4,2024-05-13T13:34:32.097Z,9.89239999999998,
4,2024-05-13T13:34:33.097Z,9.89249999999998,
4,2024-05-13T13:34:34.097Z,9.892299999999981,
4,2024-05-13T13:34:35.097Z,9.908399999999983,
4,2024-05-13T13:34:36.097Z,9.908499999999982,
4,2024-05-13T13:34:37.097Z,9.908599999999982,
4,2024-05-13T13:34:38.097Z,9.908699999999982,
4,2024-05-13T13:34:39.097Z,9.908799999999982,
4,2024-05-13T13:34:40.097Z,9.908899999999981,
4,2024-05-13T13:34:41.097Z,9.908999999999981,
4,2024-05-13T13:34:42.097Z,9.909099999999981,
4,2024-05-13T13:34:43.097Z,9.90919999999998,
4,2024-05-13T13:34:44.097Z,9.90929999999998,
4,2024-05-13T13:34:45.097Z,9.90939999999998,
4,2024-05-13T13:34:46.097Z,9.908699999999982,
4,2024-05-13T13:34:47.097Z,9.939199999999978,
4,2024-05-13T13:34:48.097Z,9.939299999999978,
4,2024-05-13T13:34:49.097Z,9.939399999999978,
4,2024-05-13T13:34:50.097Z,9.939299999999978,
4,2024-05-13T13:34:51.097Z,9.939399999999978,
4,2024-05-13T13:34:52.097Z,9.933099999999978,
4,2024-05-13T13:34:53.097Z,6.668999999999979,
4,2024-05-13T13:34:54.097Z,4.224299999999978,
4,2024-05-13T13:34:55.097Z,4.217999999999979,
4,2024-05-13T13:34:56.097Z,4.229299999999977,
4,2024-05-13T13:34:57.097Z,4.229399999999977,
4,2024-05-13T13:34:58.097Z,4.229499999999977,
4,2024-05-13T13:34:59.097Z,4.2295999999999765,
4,2024-05-13T13:35:00.097Z,4.229699999999976,
4,2024-05-13T13:35:01.097Z,4.2295999999999765,
4,2024-05-13T13:35:02.097Z,4.229699999999976,
4,2024-05-13T13:35:03.097Z,4.229799999999976,
4,2024-05-13T13:35:04.097Z,4.229899999999976,
4,2024-05-13T13:35:05.097Z,4.229699999999976,
4,2024-05-13T13:35:06.097Z,4.247399999999978,
4,2024-05-13T13:35:07.097Z,4.247499999999977,
4,2024-05-13T13:35:08.097Z,4.247599999999977,
4,2024-05-13T13:35:09.097Z,4.247699999999977,
4,2024-05-13T13:35:10.097Z,4.247799999999977,
4,2024-05-13T13:35:11.097Z,4.2478999999999765,
4,2024-05-13T13:35:12.097Z,4.247999999999976,
4,2024-05-13T13:35:13.097Z,4.248099999999976,
4,2024-05-13T13:35:14.097Z,4.248199999999976,
4,2024-05-13T13:35:15.097Z,4.245099999999976,
4,2024-05-13T13:35:16.097Z,4.245199999999976,
4,2024-05-13T13:35:17.097Z,4.245299999999975,
4,2024-05-13T13:35:18.097Z,4.245399999999975,
4,2024-05-13T13:35:19.097Z,4.250299999999974,
4,2024-05-13T13:35:20.097Z,4.249999999999975,
4,2024-05-13T13:35:21.097Z,4.250099999999975,
4,2024-05-13T13:35:22.097Z,4.250199999999975,
4,2024-05-13T13:35:23.097Z,4.250299999999974,
4,2024-05-13T13:35:24.097Z,4.250399999999974,
4,2024-05-13T13:35:25.097Z,4.250499999999974,
4,2024-05-13T13:35:26.097Z,4.250599999999974,
4,2024-05-13T13:35:27.097Z,4.2506999999999735,
4,2024-05-13T13:35:28.097Z,4.250799999999973,
4,2024-05-13T13:35:29.097Z,4.250899999999973,
4,2024-05-13T13:35:30.097Z,4.250999999999973,
4,2024-05-13T13:35:31.097Z,4.251099999999973,
4,2024-05-13T13:35:32.097Z,4.251199999999972,
4,2024-05-13T13:35:33.097Z,4.251299999999972,
4,2024-05-13T13:35:34.097Z,4.251399999999972,
4,2024-05-13T13:35:35.097Z,4.251499999999972,
4,2024-05-13T13:35:36.097Z,4.251599999999971,
4,2024-05-13T13:35:37.097Z,4.251699999999971,
4,2024-05-13T13:35:38.097Z,4.251799999999971,
4,2024-05-13T13:35:39.097Z,4.251899999999971,
4,2024-05-13T13:35:40.097Z,4.2519999999999705,
4,2024-05-13T13:35:41.097Z,4.25209999999997,
4,2024-05-13T13:35:42.097Z,4.25219999999997,
4,2024-05-13T13:35:43.097Z,4.25229999999997,
4,2024-05-13T13:35:44.097Z,4.2523999999999695,
4,2024-05-13T13:35:45.097Z,4.252499999999969,
4,2024-05-13T13:35:46.097Z,4.252599999999969,
4,2024-05-13T13:35:47.097Z,4.252699999999969,
4,2024-05-13T13:35:48.097Z,4.252799999999969,
4,2024-05-13T13:35:49.097Z,4.252899999999968,
4,2024-05-13T13:35:50.097Z,4.252999999999968,
4,2024-05-13T13:35:51.097Z,4.253099999999968,
4,2024-05-13T13:35:52.097Z,4.253199999999968,
4,2024-05-13T13:35:53.097Z,4.253299999999967,
4,2024-05-13T13:35:54.097Z,4.253399999999967,
4,2024-05-13T13:35:55.097Z,4.253499999999967,
4,2024-05-13T13:35:56.097Z,4.253599999999967,
4,2024-05-13T13:35:57.097Z,4.2536999999999665,
4,2024-05-13T13:35:58.097Z,4.253799999999966,
4,2024-05-13T13:35:59.097Z,4.253899999999966,
4,2024-05-13T13:36:00.097Z,4.253999999999966,
4,2024-05-13T13:36:01.097Z,4.254099999999966,
4,2024-05-13T13:36:02.097Z,4.254199999999965,
4,2024-05-13T13:36:03.097Z,4.254299999999965,
4,2024-05-13T13:36:04.097Z,4.254399999999965,
4,2024-05-13T13:36:05.097Z,4.254499999999965,
4,2024-05-13T13:36:06.097Z,4.254599999999964,
4,2024-05-13T13:36:07.097Z,4.254699999999964,
4,2024-05-13T13:36:08.097Z,4.254499999999965,
4,2024-05-13T13:36:09.097Z,4.255899999999965,
4,2024-05-13T13:36:10.097Z,4.249599999999965,
4,2024-05-13T13:36:11.097Z,4.249699999999965,
4,2024-05-13T13:36:12.097Z,5.049399999999967,
4,2024-05-13T13:36:13.097Z,5.049499999999966,
4,2024-05-13T13:36:14.097Z,5.049599999999966,
4,2024-05-13T13:36:15.097Z,5.049699999999966,
4,2024-05-13T13:36:16.097Z,5.049799999999966,
4,2024-05-13T13:36:17.097Z,5.049899999999965,
4,2024-05-13T13:36:18.097Z,5.049999999999965,
4,2024-05-13T13:36:19.097Z,5.043699999999966,
4,2024-05-13T13:36:20.097Z,5.046199999999967,
4,2024-05-13T13:36:21.097Z,5.046299999999967,
4,2024-05-13T13:36:22.097Z,5.0463999999999665,
4,2024-05-13T13:36:23.097Z,5.046499999999966,
4,2024-05-13T13:36:24.097Z,5.046599999999966,
4,2024-05-13T13:36:25.097Z,5.046699999999966,
4,2024-05-13T13:36:26.097Z,5.045999999999967,
4,2024-05-13T13:36:27.097Z,5.026899999999966,
4,2024-05-13T13:36:28.097Z,5.0269999999999655,
4,2024-05-13T13:36:29.097Z,5.027099999999965,
4,2024-05-13T13:36:30.097Z,5.025399999999966,
4,2024-05-13T13:36:31.097Z,5.828699999999966,
4,2024-05-13T13:36:32.097Z,6.019199999999966,
4,2024-05-13T13:36:33.097Z,6.044599999999967,
4,2024-05-13T13:36:34.097Z,3.6190999999999676,
4,2024-05-13T13:36:35.097Z,3.6191999999999673,
4,2024-05-13T13:36:36.097Z,3.619299999999967,
4,2024-05-13T13:36:37.097Z,3.619399999999967,
4,2024-05-13T13:36:38.097Z,3.624299999999966,
4,2024-05-13T13:36:39.097Z,3.624399999999966,
4,2024-05-13T13:36:40.097Z,3.6244999999999656,
4,2024-05-13T13:36:41.097Z,3.6245999999999654,
4,2024-05-13T13:36:42.097Z,3.624699999999965,
4,2024-05-13T13:36:43.097Z,3.624699999999965,
4,2024-05-13T13:36:44.097Z,3.6248999999999647,
4,2024-05-13T13:36:45.097Z,3.6249999999999645,
4,2024-05-13T13:36:46.097Z,3.6250999999999642,
4,2024-05-13T13:36:47.097Z,3.625199999999964,
4,2024-05-13T13:36:48.097Z,3.6238999999999635,
4,2024-05-13T13:36:49.097Z,4.001299999999965,
4,2024-05-13T13:36:50.097Z,4.000999999999966,
4,2024-05-13T13:36:51.097Z,4.0010999999999655,
4,2024-05-13T13:36:52.097Z,4.002499999999966,
4,2024-05-13T13:36:53.097Z,4.0021999999999665,
4,2024-05-13T13:36:54.097Z,3.9990999999999666,
4,2024-05-13T13:36:55.097Z,3.979999999999965,
4,2024-05-13T13:36:56.097Z,3.9792999999999665,
4,2024-05-13T13:36:57.097Z,4.426599999999965,
4,2024-05-13T13:36:58.097Z,4.4450999999999645,
4,2024-05-13T13:36:59.097Z,4.440199999999965,
4,2024-05-13T13:37:00.097Z,2.981099999999966,
4,2024-05-13T13:37:01.097Z,3.0192999999999657,
4,2024-05-13T13:37:02.097Z,2.980999999999966,
4,2024-05-13T13:37:03.097Z,2.981099999999966,
4,2024-05-13T13:37:04.097Z,2.9807999999999666,
4,2024-05-13T13:37:05.097Z,2.9792999999999665,
4,2024-05-13T13:37:06.097Z,2.972999999999967,
4,2024-05-13T13:37:07.097Z,2.9914999999999665,
4,2024-05-13T13:37:08.097Z,2.991299999999967,
4,2024-05-13T13:37:09.097Z,2.9913999999999668,
4,2024-05-13T13:37:10.097Z,2.991699999999966,
4,2024-05-13T13:37:11.097Z,2.9915999999999663,
4,2024-05-13T13:37:12.097Z,3.0234999999999665,
4,2024-05-13T13:37:13.097Z,3.0235999999999663,
4,2024-05-13T13:37:14.097Z,3.023699999999966,
4,2024-05-13T13:37:15.097Z,3.023799999999966,
4,2024-05-13T13:37:16.097Z,3.0230999999999675,
4,2024-05-13T13:37:17.097Z,3.0231999999999672,
4,2024-05-13T13:37:18.097Z,3.023299999999967,
4,2024-05-13T13:37:19.097Z,3.023399999999967,
4,2024-05-13T13:37:20.097Z,3.0234999999999665,
4,2024-05-13T13:37:21.097Z,3.0235999999999663,
4,2024-05-13T13:37:22.097Z,3.023699999999966,
4,2024-05-13T13:37:23.097Z,3.023799999999966,
4,2024-05-13T13:37:24.097Z,3.0238999999999656,
4,2024-05-13T13:37:25.097Z,3.0239999999999654,
4,2024-05-13T13:37:26.097Z,3.024099999999965,
4,2024-05-13T13:37:27.097Z,3.0239999999999654,
4,2024-05-13T13:37:28.097Z,3.024099999999965,
4,2024-05-13T13:37:29.097Z,3.0273999999999646,
4,2024-05-13T13:37:30.097Z,3.0274999999999643,
4,2024-05-13T13:37:31.097Z,3.028099999999963,
4,2024-05-13T13:37:32.097Z,3.0231999999999637,
4,2024-05-13T13:37:33.097Z,3.022999999999964,
4,2024-05-13T13:37:34.097Z,3.0227999999999646,
4,2024-05-13T13:37:35.097Z,3.0228999999999644,
4,2024-05-13T13:37:36.097Z,3.022599999999965,
4,2024-05-13T13:37:37.097Z,3.0218999999999667,
4,2024-05-13T13:37:38.097Z,3.0219999999999665,
4,2024-05-13T13:37:39.097Z,3.0204999999999664,
4,2024-05-13T13:37:40.097Z,3.0189999999999664,
4,2024-05-13T13:37:41.097Z,3.0318999999999647,
4,2024-05-13T13:37:42.097Z,3.0380999999999645,
4,2024-05-13T13:37:43.097Z,3.031799999999965,
4,2024-05-13T13:37:44.097Z,3.8318999999999654,
4,2024-05-13T13:37:45.097Z,3.849599999999967,
4,2024-05-13T13:37:46.097Z,3.8496999999999666,
4,2024-05-13T13:37:47.097Z,3.851099999999967,
4,2024-05-13T13:37:48.097Z,3.8516999999999655,
4,2024-05-13T13:37:49.097Z,3.8517999999999653,
4,2024-05-13T13:37:50.097Z,3.8520999999999646,
4,2024-05-13T13:37:51.097Z,3.8521999999999643,
4,2024-05-13T13:37:52.097Z,3.851499999999966,
4,2024-05-13T13:37:53.097Z,3.8675999999999675,
4,2024-05-13T13:37:54.097Z,3.8676999999999673,
4,2024-05-13T13:37:55.097Z,3.866999999999969,
4,2024-05-13T13:37:56.097Z,3.8830999999999705,
4,2024-05-13T13:37:57.097Z,3.8831999999999702,
4,2024-05-13T13:37:58.097Z,3.88329999999997,
4,2024-05-13T13:37:59.097Z,3.8833999999999698,
4,2024-05-13T13:38:00.097Z,3.8826999999999714,
4,2024-05-13T13:38:01.097Z,3.898799999999973,
4,2024-05-13T13:38:02.097Z,3.8988999999999727,
4,2024-05-13T13:38:03.097Z,3.8989999999999725,
4,2024-05-13T13:38:04.097Z,3.8990999999999723,
4,2024-05-13T13:38:05.097Z,3.899199999999972,
4,2024-05-13T13:38:06.097Z,3.899299999999972,
4,2024-05-13T13:38:07.097Z,3.8993999999999716,
4,2024-05-13T13:38:08.097Z,3.8994999999999713,
4,2024-05-13T13:38:09.097Z,3.8997999999999706,
4,2024-05-13T13:38:10.097Z,3.8990999999999723,
4,2024-05-13T13:38:11.097Z,3.9167999999999736,
4,2024-05-13T13:38:12.097Z,3.916999999999973,
4,2024-05-13T13:38:13.097Z,3.923199999999973,
4,2024-05-13T13:38:14.097Z,3.9168999999999734,
4,2024-05-13T13:38:15.097Z,3.934599999999975,
4,2024-05-13T13:38:16.097Z,3.9342999999999755,
4,2024-05-13T13:38:17.097Z,3.947199999999974,
4,2024-05-13T13:38:18.097Z,3.9472999999999736,
4,2024-05-13T13:38:19.097Z,3.9473999999999734,
4,2024-05-13T13:38:20.097Z,3.947499999999973,
4,2024-05-13T13:38:21.097Z,3.9443999999999733,
4,2024-05-13T13:38:22.097Z,3.944499999999973,
4,2024-05-13T13:38:23.097Z,3.9451999999999714,
4,2024-05-13T13:38:24.097Z,3.945299999999971,
4,2024-05-13T13:38:25.097Z,3.944599999999973,
4,2024-05-13T13:38:26.097Z,3.941499999999973,
4,2024-05-13T13:38:27.097Z,3.943999999999974,
4,2024-05-13T13:38:28.097Z,3.9437999999999747,
4,2024-05-13T13:38:29.097Z,4.129499999999975,
4,2024-05-13T13:38:30.097Z,4.129599999999975,
4,2024-05-13T13:38:31.097Z,4.126499999999975,
4,2024-05-13T13:38:32.097Z,4.123099999999976,
4,2024-05-13T13:38:33.097Z,4.123199999999976,
4,2024-05-13T13:38:34.097Z,4.121699999999976,
4,2024-05-13T13:38:35.097Z,4.1217999999999755,
4,2024-05-13T13:38:36.097Z,4.121899999999975,
4,2024-05-13T13:38:37.097Z,4.121999999999975,
4,2024-05-13T13:38:38.097Z,4.122099999999975,
4,2024-05-13T13:38:39.097Z,4.115899999999975,
4,2024-05-13T13:38:40.097Z,4.134799999999974,
4,2024-05-13T13:38:41.097Z,4.134899999999973,
4,2024-05-13T13:38:42.097Z,4.134999999999973,
4,2024-05-13T13:38:43.097Z,4.129999999999974,
4,2024-05-13T13:38:44.097Z,6.554899999999975,
4,2024-05-13T13:38:45.097Z,6.554999999999975,
4,2024-05-13T13:38:46.097Z,6.555099999999975,
4,2024-05-13T13:38:47.097Z,6.555999999999976,
4,2024-05-13T13:38:48.097Z,6.556499999999975,
4,2024-05-13T13:38:49.097Z,6.562199999999976,
4,2024-05-13T13:38:50.097Z,6.5618999999999765,
4,2024-05-13T13:38:51.097Z,6.580899999999975,
4,2024-05-13T13:38:52.097Z,6.580999999999975,
4,2024-05-13T13:38:53.097Z,6.581099999999974,
4,2024-05-13T13:38:54.097Z,6.581199999999974,
4,2024-05-13T13:38:55.097Z,6.581299999999974,
4,2024-05-13T13:38:56.097Z,6.581399999999974,
4,2024-05-13T13:38:57.097Z,6.5814999999999735,
4,2024-05-13T13:38:58.097Z,6.581599999999973,
4,2024-05-13T13:38:59.097Z,6.581699999999973,
4,2024-05-13T13:39:00.097Z,6.581799999999973,
4,2024-05-13T13:39:01.097Z,6.5818999999999726,
4,2024-05-13T13:39:02.097Z,6.581599999999973,
4,2024-05-13T13:39:03.097Z,6.581699999999973,
4,2024-05-13T13:39:04.097Z,6.581799999999973,
4,2024-05-13T13:39:05.097Z,6.5818999999999726,
4,2024-05-13T13:39:06.097Z,6.581999999999972,
4,2024-05-13T13:39:07.097Z,6.582099999999972,
4,2024-05-13T13:39:08.097Z,6.588199999999972,
4,2024-05-13T13:39:09.097Z,6.587499999999974,
4,2024-05-13T13:39:10.097Z,6.605999999999973,
4,2024-05-13T13:39:11.097Z,4.336899999999975,
4,2024-05-13T13:39:12.097Z,4.336999999999975,
4,2024-05-13T13:39:13.097Z,4.337099999999975,
4,2024-05-13T13:39:14.097Z,4.336399999999976,
4,2024-05-13T13:39:15.097Z,4.349199999999975,
4,2024-05-13T13:39:16.097Z,4.349299999999975,
4,2024-05-13T13:39:17.097Z,4.349399999999974,
4,2024-05-13T13:39:18.097Z,4.349499999999974,
4,2024-05-13T13:39:19.097Z,4.349599999999974,
4,2024-05-13T13:39:20.097Z,4.349699999999974,
4,2024-05-13T13:39:21.097Z,4.3497999999999735,
4,2024-05-13T13:39:22.097Z,4.349899999999973,
4,2024-05-13T13:39:23.097Z,4.349999999999973,
4,2024-05-13T13:39:24.097Z,4.350099999999973,
4,2024-05-13T13:39:25.097Z,4.3501999999999725,
4,2024-05-13T13:39:26.097Z,4.350299999999972,
4,2024-05-13T13:39:27.097Z,4.350399999999972,
4,2024-05-13T13:39:28.097Z,4.350499999999972,
4,2024-05-13T13:39:29.097Z,4.350599999999972,
4,2024-05-13T13:39:30.097Z,4.350699999999971,
4,2024-05-13T13:39:31.097Z,4.350799999999971,
4,2024-05-13T13:39:32.097Z,4.350899999999971,
4,2024-05-13T13:39:33.097Z,4.350999999999971,
4,2024-05-13T13:39:34.097Z,4.35109999999997,
4,2024-05-13T13:39:35.097Z,4.35119999999997,
4,2024-05-13T13:39:36.097Z,4.35129999999997,
4,2024-05-13T13:39:37.097Z,4.35139999999997,
4,2024-05-13T13:39:38.097Z,4.3514999999999695,
4,2024-05-13T13:39:39.097Z,4.351599999999969,
4,2024-05-13T13:39:40.097Z,4.351699999999969,
4,2024-05-13T13:39:41.097Z,4.351799999999969,
4,2024-05-13T13:39:42.097Z,4.351899999999969,
4,2024-05-13T13:39:43.097Z,4.351999999999968,
4,2024-05-13T13:39:44.097Z,4.352099999999968,
4,2024-05-13T13:39:45.097Z,4.352199999999968,
4,2024-05-13T13:39:46.097Z,4.352299999999968,
4,2024-05-13T13:39:47.097Z,4.350799999999968,
4,2024-05-13T13:39:48.097Z,4.363699999999966,
4,2024-05-13T13:39:49.097Z,4.363799999999966,
4,2024-05-13T13:39:50.097Z,4.3638999999999655,
4,2024-05-13T13:39:51.097Z,4.360799999999966,
4,2024-05-13T13:39:52.097Z,4.361099999999965,
4,2024-05-13T13:39:53.097Z,4.3603999999999665,
4,2024-05-13T13:39:54.097Z,4.392499999999966,
4,2024-05-13T13:39:55.097Z,4.392599999999966,
4,2024-05-13T13:39:56.097Z,4.406799999999965,
4,2024-05-13T13:39:57.097Z,4.406899999999965,
4,2024-05-13T13:39:58.097Z,4.4069999999999645,
4,2024-05-13T13:39:59.097Z,4.407099999999964,
4,2024-05-13T13:40:00.097Z,4.407199999999964,
4,2024-05-13T13:40:01.097Z,4.407299999999964,
4,2024-05-13T13:40:02.097Z,4.407399999999964,
4,2024-05-13T13:40:03.097Z,4.407499999999963,
4,2024-05-13T13:40:04.097Z,4.407599999999963,
4,2024-05-13T13:40:05.097Z,4.407699999999963,
4,2024-05-13T13:40:06.097Z,4.407799999999963,
4,2024-05-13T13:40:07.097Z,4.407599999999963,
4,2024-05-13T13:40:08.097Z,4.407699999999963,
4,2024-05-13T13:40:09.097Z,4.407799999999963,
4,2024-05-13T13:40:10.097Z,4.407899999999962,
4,2024-05-13T13:40:11.097Z,4.407999999999962,
4,2024-05-13T13:40:12.097Z,4.408099999999962,
4,2024-05-13T13:40:13.097Z,4.408199999999962,
4,2024-05-13T13:40:14.097Z,4.4082999999999615,
4,2024-05-13T13:40:15.097Z,4.408399999999961,
4,2024-05-13T13:40:16.097Z,4.408499999999961,
4,2024-05-13T13:40:17.097Z,4.40299999999996,
4,2024-05-13T13:40:18.097Z,4.403099999999959,
4,2024-05-13T13:40:19.097Z,4.403199999999959,
4,2024-05-13T13:40:20.097Z,4.403299999999959,
4,2024-05-13T13:40:21.097Z,4.403399999999959,
4,2024-05-13T13:40:22.097Z,4.4034999999999584,
4,2024-05-13T13:40:23.097Z,4.403599999999958,
4,2024-05-13T13:40:24.097Z,4.403699999999958,
4,2024-05-13T13:40:25.097Z,4.403799999999958,
4,2024-05-13T13:40:26.097Z,4.4038999999999575,
4,2024-05-13T13:40:27.097Z,4.403999999999957,
4,2024-05-13T13:40:28.097Z,4.404099999999957,
4,2024-05-13T13:40:29.097Z,4.404199999999957,
4,2024-05-13T13:40:30.097Z,4.404299999999957,
4,2024-05-13T13:40:31.097Z,4.404399999999956,
4,2024-05-13T13:40:32.097Z,4.404499999999956,
4,2024-05-13T13:40:33.097Z,4.404299999999957,
4,2024-05-13T13:40:34.097Z,4.404399999999956,
4,2024-05-13T13:40:35.097Z,4.404499999999956,
4,2024-05-13T13:40:36.097Z,4.404599999999956,
4,2024-05-13T13:40:37.097Z,4.404699999999956,
4,2024-05-13T13:40:38.097Z,4.404799999999955,
4,2024-05-13T13:40:39.097Z,4.404899999999955,
4,2024-05-13T13:40:40.097Z,4.404999999999955,
4,2024-05-13T13:40:41.097Z,4.405099999999955,
4,2024-05-13T13:40:42.097Z,4.4051999999999545,
4,2024-05-13T13:40:43.097Z,4.405299999999954,
4,2024-05-13T13:40:44.097Z,4.405399999999954,
4,2024-05-13T13:40:45.097Z,4.405499999999954,
4,2024-05-13T13:40:46.097Z,4.4055999999999536,
4,2024-05-13T13:40:47.097Z,4.405699999999953,
4,2024-05-13T13:40:48.097Z,4.408699999999953,
4,2024-05-13T13:40:49.097Z,4.408799999999953,
4,2024-05-13T13:40:50.097Z,4.408899999999953,
4,2024-05-13T13:40:51.097Z,4.408999999999953,
4,2024-05-13T13:40:52.097Z,4.4090999999999525,
4,2024-05-13T13:40:53.097Z,4.409199999999952,
4,2024-05-13T13:40:54.097Z,4.402899999999953,
4,2024-05-13T13:40:55.097Z,4.425299999999954,
4,2024-05-13T13:40:56.097Z,4.425599999999953,
4,2024-05-13T13:40:57.097Z,4.425699999999953,
4,2024-05-13T13:40:58.097Z,4.425799999999953,
4,2024-05-13T13:40:59.097Z,4.425899999999952,
4,2024-05-13T13:41:00.097Z,4.425999999999952,
4,2024-05-13T13:41:01.097Z,4.426099999999952,
4,2024-05-13T13:41:02.097Z,4.426199999999952,
4,2024-05-13T13:41:03.097Z,4.4262999999999515,
4,2024-05-13T13:41:04.097Z,4.426399999999951,
4,2024-05-13T13:41:05.097Z,4.426499999999951,
4,2024-05-13T13:41:06.097Z,4.426599999999951,
4,2024-05-13T13:41:07.097Z,4.426699999999951,
5,2024-05-13T13:30:37.097Z,26.3,
5,2024-05-13T13:30:38.097Z,26.2809,
5,2024-05-13T13:30:39.097Z,26.2814,
5,2024-05-13T13:30:40.097Z,26.2815,
5,2024-05-13T13:30:41.097Z,26.2752,
5,2024-05-13T13:30:42.097Z,26.2911,
5,2024-05-13T13:30:43.097Z,26.2912,
5,2024-05-13T13:30:44.097Z,26.2913,
5,2024-05-13T13:30:45.097Z,26.2914,
5,2024-05-13T13:30:46.097Z,26.2915,
5,2024-05-13T13:30:47.097Z,26.2852,
5,2024-05-13T13:30:48.097Z,26.2845,
5,2024-05-13T13:30:49.097Z,24.729400000000002,
5,2024-05-13T13:30:50.097Z,24.7295,
5,2024-05-13T13:30:51.097Z,24.729200000000002,
5,2024-05-13T13:30:52.097Z,22.278100000000002,
5,2024-05-13T13:30:53.097Z,22.278200000000002,
5,2024-05-13T13:30:54.097Z,22.2783,
5,2024-05-13T13:30:55.097Z,22.2784,
5,2024-05-13T13:30:56.097Z,22.2785,
5,2024-05-13T13:30:57.097Z,22.2786,
5,2024-05-13T13:30:58.097Z,22.2785,
5,2024-05-13T13:30:59.097Z,22.297,
5,2024-05-13T13:31:00.097Z,22.2969,
5,2024-05-13T13:31:01.097Z,22.297,
5,2024-05-13T13:31:02.097Z,22.2971,
5,2024-05-13T13:31:03.097Z,22.2972,
5,2024-05-13T13:31:04.097Z,22.2973,
5,2024-05-13T13:31:05.097Z,22.2974,
5,2024-05-13T13:31:06.097Z,22.2975,
5,2024-05-13T13:31:07.097Z,22.2976,
5,2024-05-13T13:31:08.097Z,22.2977,
5,2024-05-13T13:31:09.097Z,22.2978,
5,2024-05-13T13:31:10.097Z,22.2979,
5,2024-05-13T13:31:11.097Z,22.298,
5,2024-05-13T13:31:12.097Z,22.298099999999998,
5,2024-05-13T13:31:13.097Z,22.298199999999998,
5,2024-05-13T13:31:14.097Z,22.298299999999998,
5,2024-05-13T13:31:15.097Z,22.298399999999997,
5,2024-05-13T13:31:16.097Z,22.298499999999997,
5,2024-05-13T13:31:17.097Z,22.298599999999997,
5,2024-05-13T13:31:18.097Z,22.298699999999997,
5,2024-05-13T13:31:19.097Z,22.298799999999996,
5,2024-05-13T13:31:20.097Z,22.298899999999996,
5,2024-05-13T13:31:21.097Z,22.298999999999996,
5,2024-05-13T13:31:22.097Z,22.299099999999996,
5,2024-05-13T13:31:23.097Z,22.299199999999995,
5,2024-05-13T13:31:24.097Z,22.299299999999995,
5,2024-05-13T13:31:25.097Z,22.299399999999995,
5,2024-05-13T13:31:26.097Z,22.299499999999995,
5,2024-05-13T13:31:27.097Z,22.299599999999995,
5,2024-05-13T13:31:28.097Z,22.299699999999994,
5,2024-05-13T13:31:29.097Z,22.299799999999994,
5,2024-05-13T13:31:30.097Z,22.299899999999994,
5,2024-05-13T13:31:31.097Z,22.299999999999994,
5,2024-05-13T13:31:32.097Z,22.298499999999994,
5,2024-05-13T13:31:33.097Z,21.901799999999994,
5,2024-05-13T13:31:34.097Z,21.901899999999994,
5,2024-05-13T13:31:35.097Z,21.907999999999994,
5,2024-05-13T13:31:36.097Z,21.903299999999994,
5,2024-05-13T13:31:37.097Z,22.299299999999995,
5,2024-05-13T13:31:38.097Z,22.30079999999999,
5,2024-05-13T13:31:39.097Z,22.30089999999999,
5,2024-05-13T13:31:40.097Z,22.30099999999999,
5,2024-05-13T13:31:41.097Z,22.30109999999999,
5,2024-05-13T13:31:42.097Z,22.30089999999999,
5,2024-05-13T13:31:43.097Z,22.318599999999993,
5,2024-05-13T13:31:44.097Z,22.407999999999994,
5,2024-05-13T13:31:45.097Z,17.506199999999993,
5,2024-05-13T13:31:46.097Z,17.522299999999994,
5,2024-05-13T13:31:47.097Z,17.520799999999994,
5,2024-05-13T13:31:48.097Z,17.52089999999999,
5,2024-05-13T13:31:49.097Z,17.520999999999994,
5,2024-05-13T13:31:50.097Z,17.52109999999999,
5,2024-05-13T13:31:51.097Z,17.521199999999993,
5,2024-05-13T13:31:52.097Z,17.519699999999993,
5,2024-05-13T13:31:53.097Z,17.53579999999999,
5,2024-05-13T13:31:54.097Z,17.53589999999999,
5,2024-05-13T13:31:55.097Z,17.53879999999999,
5,2024-05-13T13:31:56.097Z,17.53729999999999,
5,2024-05-13T13:31:57.097Z,17.55619999999999,
5,2024-05-13T13:31:58.097Z,17.556299999999993,
5,2024-05-13T13:31:59.097Z,17.557799999999993,
5,2024-05-13T13:32:00.097Z,17.55789999999999,
5,2024-05-13T13:32:01.097Z,17.557999999999993,
5,2024-05-13T13:32:02.097Z,17.55809999999999,
5,2024-05-13T13:32:03.097Z,17.558199999999992,
5,2024-05-13T13:32:04.097Z,17.55829999999999,
5,2024-05-13T13:32:05.097Z,17.557999999999993,
5,2024-05-13T13:32:06.097Z,15.490899999999991,
5,2024-05-13T13:32:07.097Z,15.484599999999991,
5,2024-05-13T13:32:08.097Z,15.46709999999999,
5,2024-05-13T13:32:09.097Z,15.46399999999999,
5,2024-05-13T13:32:10.097Z,15.65579999999999,
5,2024-05-13T13:32:11.097Z,15.67349999999999,
5,2024-05-13T13:32:12.097Z,15.67199999999999,
5,2024-05-13T13:32:13.097Z,15.64649999999999,
5,2024-05-13T13:32:14.097Z,15.67859999999999,
5,2024-05-13T13:32:15.097Z,15.67549999999999,
5,2024-05-13T13:32:16.097Z,15.675199999999991,
5,2024-05-13T13:32:17.097Z,15.675299999999991,
5,2024-05-13T13:32:18.097Z,15.675099999999992,
5,2024-05-13T13:32:19.097Z,15.693999999999992,
5,2024-05-13T13:32:20.097Z,15.697099999999992,
5,2024-05-13T13:32:21.097Z,15.695499999999992,
5,2024-05-13T13:32:22.097Z,15.714799999999991,
5,2024-05-13T13:32:23.097Z,15.733299999999991,
5,2024-05-13T13:32:24.097Z,15.73339999999999,
5,2024-05-13T13:32:25.097Z,15.73029999999999,
5,2024-05-13T13:32:26.097Z,14.10479999999999,
5,2024-05-13T13:32:27.097Z,14.08569999999999,
5,2024-05-13T13:32:28.097Z,14.08579999999999,
5,2024-05-13T13:32:29.097Z,14.08509999999999,
5,2024-05-13T13:32:30.097Z,14.89119999999999,
5,2024-05-13T13:32:31.097Z,14.915299999999991,
5,2024-05-13T13:32:32.097Z,14.915399999999991,
5,2024-05-13T13:32:33.097Z,14.91709999999999,
5,2024-05-13T13:32:34.097Z,14.91649999999999,
5,2024-05-13T13:32:35.097Z,15.30699999999999,
5,2024-05-13T13:32:36.097Z,15.34519999999999,
5,2024-05-13T13:32:37.097Z,15.74169999999999,
5,2024-05-13T13:32:38.097Z,13.376999999999988,
5,2024-05-13T13:32:39.097Z,13.376899999999988,
5,2024-05-13T13:32:40.097Z,13.376999999999988,
5,2024-05-13T13:32:41.097Z,13.377199999999988,
5,2024-05-13T13:32:42.097Z,12.570899999999988,
5,2024-05-13T13:32:43.097Z,12.759799999999988,
5,2024-05-13T13:32:44.097Z,12.772699999999988,
5,2024-05-13T13:32:45.097Z,12.772799999999988,
5,2024-05-13T13:32:46.097Z,12.772899999999987,
5,2024-05-13T13:32:47.097Z,12.773399999999988,
5,2024-05-13T13:32:48.097Z,12.773499999999988,
5,2024-05-13T13:32:49.097Z,12.774099999999988,
5,2024-05-13T13:32:50.097Z,12.771799999999988,
5,2024-05-13T13:32:51.097Z,12.789899999999989,
5,2024-05-13T13:32:52.097Z,12.78739999999999,
5,2024-05-13T13:32:53.097Z,12.78109999999999,
5,2024-05-13T13:32:54.097Z,12.77479999999999,
5,2024-05-13T13:32:55.097Z,12.77619999999999,
5,2024-05-13T13:32:56.097Z,12.77309999999999,
5,2024-05-13T13:32:57.097Z,13.57939999999999,
5,2024-05-13T13:32:58.097Z,14.385699999999991,
5,2024-05-13T13:32:59.097Z,14.38739999999999,
5,2024-05-13T13:33:00.097Z,14.38429999999999,
5,2024-05-13T13:33:01.097Z,14.384899999999991,
5,2024-05-13T13:33:02.097Z,14.381799999999991,
5,2024-05-13T13:33:03.097Z,14.425899999999992,
5,2024-05-13T13:33:04.097Z,14.425999999999991,
5,2024-05-13T13:33:05.097Z,14.426099999999991,
5,2024-05-13T13:33:06.097Z,14.425899999999992,
5,2024-05-13T13:33:07.097Z,14.435599999999992,
5,2024-05-13T13:33:08.097Z,11.992499999999993,
5,2024-05-13T13:33:09.097Z,11.992599999999992,
5,2024-05-13T13:33:10.097Z,11.992699999999992,
5,2024-05-13T13:33:11.097Z,11.992799999999992,
5,2024-05-13T13:33:12.097Z,11.992899999999992,
5,2024-05-13T13:33:13.097Z,12.624999999999991,
5,2024-05-13T13:33:14.097Z,12.643899999999991,
5,2024-05-13T13:33:15.097Z,12.643999999999991,
5,2024-05-13T13:33:16.097Z,12.644099999999991,
5,2024-05-13T13:33:17.097Z,12.64419999999999,
5,2024-05-13T13:33:18.097Z,12.64449999999999,
5,2024-05-13T13:33:19.097Z,12.64459999999999,
5,2024-05-13T13:33:20.097Z,12.64469999999999,
5,2024-05-13T13:33:21.097Z,12.64479999999999,
5,2024-05-13T13:33:22.097Z,12.64489999999999,
5,2024-05-13T13:33:23.097Z,12.644999999999989,
5,2024-05-13T13:33:24.097Z,12.645099999999989,
5,2024-05-13T13:33:25.097Z,12.645199999999988,
5,2024-05-13T13:33:26.097Z,12.645299999999988,
5,2024-05-13T13:33:27.097Z,12.663799999999988,
5,2024-05-13T13:33:28.097Z,12.663899999999988,
5,2024-05-13T13:33:29.097Z,12.663799999999988,
5,2024-05-13T13:33:30.097Z,12.663899999999988,
5,2024-05-13T13:33:31.097Z,12.663999999999987,
5,2024-05-13T13:33:32.097Z,12.664099999999987,
5,2024-05-13T13:33:33.097Z,12.682999999999987,
5,2024-05-13T13:33:34.097Z,12.683099999999987,
5,2024-05-13T13:33:35.097Z,12.689399999999987,
5,2024-05-13T13:33:36.097Z,12.689499999999986,
5,2024-05-13T13:33:37.097Z,12.689599999999986,
5,2024-05-13T13:33:38.097Z,12.689699999999986,
5,2024-05-13T13:33:39.097Z,12.689799999999986,
5,2024-05-13T13:33:40.097Z,12.689899999999986,
5,2024-05-13T13:33:41.097Z,12.689999999999985,
5,2024-05-13T13:33:42.097Z,12.690099999999985,
5,2024-05-13T13:33:43.097Z,12.683799999999986,
5,2024-05-13T13:33:44.097Z,12.701499999999985,
5,2024-05-13T13:33:45.097Z,12.701599999999985,
5,2024-05-13T13:33:46.097Z,12.720099999999984,
5,2024-05-13T13:33:47.097Z,12.720199999999984,
5,2024-05-13T13:33:48.097Z,12.720299999999984,
5,2024-05-13T13:33:49.097Z,12.720399999999984,
5,2024-05-13T13:33:50.097Z,12.720499999999983,
5,2024-05-13T13:33:51.097Z,12.720599999999983,
5,2024-05-13T13:33:52.097Z,12.719099999999983,
5,2024-05-13T13:33:53.097Z,12.719699999999987,
5,2024-05-13T13:33:54.097Z,12.719799999999987,
5,2024-05-13T13:33:55.097Z,12.719899999999987,
5,2024-05-13T13:33:56.097Z,12.719999999999986,
5,2024-05-13T13:33:57.097Z,12.720099999999986,
5,2024-05-13T13:33:58.097Z,12.720199999999986,
5,2024-05-13T13:33:59.097Z,12.719499999999986,
5,2024-05-13T13:34:00.097Z,12.719599999999986,
5,2024-05-13T13:34:01.097Z,12.719699999999985,
5,2024-05-13T13:34:02.097Z,12.719799999999985,
5,2024-05-13T13:34:03.097Z,12.719699999999985,
5,2024-05-13T13:34:04.097Z,13.063799999999985,
5,2024-05-13T13:34:05.097Z,13.146199999999984,
5,2024-05-13T13:34:06.097Z,13.147599999999985,
5,2024-05-13T13:34:07.097Z,9.893099999999986,
5,2024-05-13T13:34:08.097Z,9.886799999999987,
5,2024-05-13T13:34:09.097Z,9.905299999999986,
5,2024-05-13T13:34:10.097Z,9.905399999999986,
5,2024-05-13T13:34:11.097Z,9.905499999999986,
5,2024-05-13T13:34:12.097Z,9.905599999999986,
5,2024-05-13T13:34:13.097Z,9.905699999999985,
5,2024-05-13T13:34:14.097Z,9.905799999999985,
5,2024-05-13T13:34:15.097Z,9.905899999999985,
5,2024-05-13T13:34:16.097Z,9.905999999999985,
5,2024-05-13T13:34:17.097Z,9.906099999999984,
5,2024-05-13T13:34:18.097Z,9.912399999999984,
5,2024-05-13T13:34:19.097Z,9.912499999999984,
5,2024-05-13T13:34:20.097Z,9.912599999999983,
5,2024-05-13T13:34:21.097Z,9.912699999999983,
5,2024-05-13T13:34:22.097Z,9.915599999999984,
5,2024-05-13T13:34:23.097Z,9.912499999999984,
5,2024-05-13T13:34:24.097Z,9.893399999999982,
5,2024-05-13T13:34:25.097Z,9.890299999999982,
5,2024-05-13T13:34:26.097Z,9.907999999999983,
5,2024-05-13T13:34:27.097Z,9.906499999999983,
5,2024-05-13T13:34:28.097Z,9.906599999999983,
5,2024-05-13T13:34:29.097Z,9.906699999999983,
5,2024-05-13T13:34:30.097Z,9.906599999999983,
5,2024-05-13T13:34:31.097Z,9.887499999999982,
5,2024-05-13T13:34:32.097Z,9.89239999999998,
5,2024-05-13T13:34:33.097Z,9.89249999999998,
5,2024-05-13T13:34:34.097Z,9.892299999999981,
5,2024-05-13T13:34:35.097Z,9.908399999999983,
5,2024-05-13T13:34:36.097Z,9.908499999999982,
5,2024-05-13T13:34:37.097Z,9.908599999999982,
5,2024-05-13T13:34:38.097Z,9.908699999999982,
5,2024-05-13T13:34:39.097Z,9.908799999999982,
5,2024-05-13T13:34:40.097Z,9.908899999999981,
5,2024-05-13T13:34:41.097Z,9.908999999999981,
5,2024-05-13T13:34:42.097Z,9.909099999999981,
5,2024-05-13T13:34:43.097Z,9.90919999999998,
5,2024-05-13T13:34:44.097Z,9.90929999999998,
5,2024-05-13T13:34:45.097Z,9.90939999999998,
5,2024-05-13T13:34:46.097Z,9.908699999999982,
5,2024-05-13T13:34:47.097Z,9.939199999999978,
5,2024-05-13T13:34:48.097Z,9.939299999999978,
5,2024-05-13T13:34:49.097Z,9.939399999999978,
5,2024-05-13T13:34:50.097Z,9.939299999999978,
5,2024-05-13T13:34:51.097Z,9.939399999999978,
5,2024-05-13T13:34:52.097Z,9.933099999999978,
5,2024-05-13T13:34:53.097Z,6.668999999999979,
5,2024-05-13T13:34:54.097Z,4.224299999999978,
5,2024-05-13T13:34:55.097Z,4.217999999999979,
5,2024-05-13T13:34:56.097Z,4.229299999999977,
5,2024-05-13T13:34:57.097Z,4.229399999999977,
5,2024-05-13T13:34:58.097Z,4.229499999999977,
5,2024-05-13T13:34:59.097Z,4.2295999999999765,
5,2024-05-13T13:35:00.097Z,4.229699999999976,
5,2024-05-13T13:35:01.097Z,4.2295999999999765,
5,2024-05-13T13:35:02.097Z,4.229699999999976,
5,2024-05-13T13:35:03.097Z,4.229799999999976,
5,2024-05-13T13:35:04.097Z,4.229899999999976,
5,2024-05-13T13:35:05.097Z,4.229699999999976,
5,2024-05-13T13:35:06.097Z,4.247399999999978,
5,2024-05-13T13:35:07.097Z,4.247499999999977,
5,2024-05-13T13:35:08.097Z,4.247599999999977,
5,2024-05-13T13:35:09.097Z,4.247699999999977,
5,2024-05-13T13:35:10.097Z,4.247799999999977,
5,2024-05-13T13:35:11.097Z,4.2478999999999765,
5,2024-05-13T13:35:12.097Z,4.247999999999976,
5,2024-05-13T13:35:13.097Z,4.248099999999976,
5,2024-05-13T13:35:14.097Z,4.248199999999976,
5,2024-05-13T13:35:15.097Z,4.245099999999976,
5,2024-05-13T13:35:16.097Z,4.245199999999976,
5,2024-05-13T13:35:17.097Z,4.245299999999975,
5,2024-05-13T13:35:18.097Z,4.245399999999975,
5,2024-05-13T13:35:19.097Z,4.250299999999974,
5,2024-05-13T13:35:20.097Z,4.249999999999975,
5,2024-05-13T13:35:21.097Z,4.250099999999975,
5,2024-05-13T13:35:22.097Z,4.250199999999975,
5,2024-05-13T13:35:23.097Z,4.250299999999974,
5,2024-05-13T13:35:24.097Z,4.250399999999974,
5,2024-05-13T13:35:25.097Z,4.250499999999974,
5,2024-05-13T13:35:26.097Z,4.250599999999974,
5,2024-05-13T13:35:27.097Z,4.2506999999999735,
5,2024-05-13T13:35:28.097Z,4.250799999999973,
5,2024-05-13T13:35:29.097Z,4.250899999999973,
5,2024-05-13T13:35:30.097Z,4.250999999999973,
5,2024-05-13T13:35:31.097Z,4.251099999999973,
5,2024-05-13T13:35:32.097Z,4.251199999999972,
5,2024-05-13T13:35:33.097Z,4.251299999999972,
5,2024-05-13T13:35:34.097Z,4.251399999999972,
5,2024-05-13T13:35:35.097Z,4.251499999999972,
5,2024-05-13T13:35:36.097Z,4.251599999999971,
5,2024-05-13T13:35:37.097Z,4.251699999999971,
5,2024-05-13T13:35:38.097Z,4.251799999999971,
5,2024-05-13T13:35:39.097Z,4.251899999999971,
5,2024-05-13T13:35:40.097Z,4.2519999999999705,
5,2024-05-13T13:35:41.097Z,4.25209999999997,
5,2024-05-13T13:35:42.097Z,4.25219999999997,
5,2024-05-13T13:35:43.097Z,4.25229999999997,
5,2024-05-13T13:35:44.097Z,4.2523999999999695,
5,2024-05-13T13:35:45.097Z,4.252499999999969,
5,2024-05-13T13:35:46.097Z,4.252599999999969,
5,2024-05-13T13:35:47.097Z,4.252699999999969,
5,2024-05-13T13:35:48.097Z,4.252799999999969,
5,2024-05-13T13:35:49.097Z,4.252899999999968,
5,2024-05-13T13:35:50.097Z,4.252999999999968,
5,2024-05-13T13:35:51.097Z,4.253099999999968,
5,2024-05-13T13:35:52.097Z,4.253199999999968,
5,2024-05-13T13:35:53.097Z,4.253299999999967,
5,2024-05-13T13:35:54.097Z,4.253399999999967,
5,2024-05-13T13:35:55.097Z,4.253499999999967,
5,2024-05-13T13:35:56.097Z,4.253599999999967,
5,2024-05-13T13:35:57.097Z,4.2536999999999665,
5,2024-05-13T13:35:58.097Z,4.253799999999966,
5,2024-05-13T13:35:59.097Z,4.253899999999966,
5,2024-05-13T13:36:00.097Z,4.253999999999966,
5,2024-05-13T13:36:01.097Z,4.254099999999966,
5,2024-05-13T13:36:02.097Z,4.254199999999965,
5,2024-05-13T13:36:03.097Z,4.254299999999965,
5,2024-05-13T13:36:04.097Z,4.254399999999965,
5,2024-05-13T13:36:05.097Z,4.254499999999965,
5,2024-05-13T13:36:06.097Z,4.254599999999964,
5,2024-05-13T13:36:07.097Z,4.254699999999964,
5,2024-05-13T13:36:08.097Z,4.254499999999965,
5,2024-05-13T13:36:09.097Z,4.255899999999965,
5,2024-05-13T13:36:10.097Z,4.249599999999965,
5,2024-05-13T13:36:11.097Z,4.249699999999965,
5,2024-05-13T13:36:12.097Z,5.049399999999967,
5,2024-05-13T13:36:13.097Z,5.049499999999966,
5,2024-05-13T13:36:14.097Z,5.049599999999966,
5,2024-05-13T13:36:15.097Z,5.049699999999966,
5,2024-05-13T13:36:16.097Z,5.049799999999966,
5,2024-05-13T13:36:17.097Z,5.049899999999965,
5,2024-05-13T13:36:18.097Z,5.049999999999965,
5,2024-05-13T13:36:19.097Z,5.043699999999966,
5,2024-05-13T13:36:20.097Z,5.046199999999967,
5,2024-05-13T13:36:21.097Z,5.046299999999967,
5,2024-05-13T13:36:22.097Z,5.0463999999999665,
5,2024-05-13T13:36:23.097Z,5.046499999999966,
5,2024-05-13T13:36:24.097Z,5.046599999999966,
5,2024-05-13T13:36:25.097Z,5.046699999999966,
5,2024-05-13T13:36:26.097Z,5.045999999999967,
5,2024-05-13T13:36:27.097Z,5.026899999999966,
5,2024-05-13T13:36:28.097Z,5.0269999999999655,
5,2024-05-13T13:36:29.097Z,5.027099999999965,
5,2024-05-13T13:36:30.097Z,5.025399999999966,
5,2024-05-13T13:36:31.097Z,5.828699999999966,
5,2024-05-13T13:36:32.097Z,6.019199999999966,
5,2024-05-13T13:36:33.097Z,6.044599999999967,
5,2024-05-13T13:36:34.097Z,3.6190999999999676,
5,2024-05-13T13:36:35.097Z,3.6191999999999673,
5,2024-05-13T13:36:36.097Z,3.619299999999967,
5,2024-05-13T13:36:37.097Z,3.619399999999967,
5,2024-05-13T13:36:38.097Z,3.624299999999966,
5,2024-05-13T13:36:39.097Z,3.624399999999966,
5,2024-05-13T13:36:40.097Z,3.6244999999999656,
5,2024-05-13T13:36:41.097Z,3.6245999999999654,
5,2024-05-13T13:36:42.097Z,3.624699999999965,
5,2024-05-13T13:36:43.097Z,3.624699999999965,
5,2024-05-13T13:36:44.097Z,3.6248999999999647,
5,2024-05-13T13:36:45.097Z,3.6249999999999645,
5,2024-05-13T13:36:46.097Z,3.6250999999999642,
5,2024-05-13T13:36:47.097Z,3.625199999999964,
5,2024-05-13T13:36:48.097Z,3.6238999999999635,
5,2024-05-13T13:36:49.097Z,4.001299999999965,
5,2024-05-13T13:36:50.097Z,4.000999999999966,
5,2024-05-13T13:36:51.097Z,4.0010999999999655,
5,2024-05-13T13:36:52.097Z,4.002499999999966,
5,2024-05-13T13:36:53.097Z,4.0021999999999665,
5,2024-05-13T13:36:54.097Z,3.9990999999999666,
5,2024-05-13T13:36:55.097Z,3.979999999999965,
5,2024-05-13T13:36:56.097Z,3.9792999999999665,
5,2024-05-13T13:36:57.097Z,4.426599999999965,
5,2024-05-13T13:36:58.097Z,4.4450999999999645,
5,2024-05-13T13:36:59.097Z,4.440199999999965,
5,2024-05-13T13:37:00.097Z,2.981099999999966,
5,2024-05-13T13:37:01.097Z,3.0192999999999657,
5,2024-05-13T13:37:02.097Z,2.980999999999966,
5,2024-05-13T13:37:03.097Z,2.981099999999966,
5,2024-05-13T13:37:04.097Z,2.9807999999999666,
5,2024-05-13T13:37:05.097Z,2.9792999999999665,
5,2024-05-13T13:37:06.097Z,2.972999999999967,
5,2024-05-13T13:37:07.097Z,2.9914999999999665,
5,2024-05-13T13:37:08.097Z,2.991299999999967,
5,2024-05-13T13:37:09.097Z,2.9913999999999668,
5,2024-05-13T13:37:10.097Z,2.991699999999966,
5,2024-05-13T13:37:11.097Z,2.9915999999999663,
5,2024-05-13T13:37:12.097Z,3.0234999999999665,
5,2024-05-13T13:37:13.097Z,3.0235999999999663,
5,2024-05-13T13:37:14.097Z,3.023699999999966,
5,2024-05-13T13:37:15.097Z,3.023799999999966,
5,2024-05-13T13:37:16.097Z,3.0230999999999675,
5,2024-05-13T13:37:17.097Z,3.0231999999999672,
5,2024-05-13T13:37:18.097Z,3.023299999999967,
5,2024-05-13T13:37:19.097Z,3.023399999999967,
5,2024-05-13T13:37:20.097Z,3.0234999999999665,
5,2024-05-13T13:37:21.097Z,3.0235999999999663,
5,2024-05-13T13:37:22.097Z,3.023699999999966,
5,2024-05-13T13:37:23.097Z,3.023799999999966,
5,2024-05-13T13:37:24.097Z,3.0238999999999656,
5,2024-05-13T13:37:25.097Z,3.0239999999999654,
5,2024-05-13T13:37:26.097Z,3.024099999999965,
5,2024-05-13T13:37:27.097Z,3.0239999999999654,
5,2024-05-13T13:37:28.097Z,3.024099999999965,
5,2024-05-13T13:37:29.097Z,3.0273999999999646,
5,2024-05-13T13:37:30.097Z,3.0274999999999643,
5,2024-05-13T13:37:31.097Z,3.028099999999963,
5,2024-05-13T13:37:32.097Z,3.0231999999999637,
5,2024-05-13T13:37:33.097Z,3.022999999999964,
5,2024-05-13T13:37:34.097Z,3.0227999999999646,
5,2024-05-13T13:37:35.097Z,3.0228999999999644,
5,2024-05-13T13:37:36.097Z,3.022599999999965,
5,2024-05-13T13:37:37.097Z,3.0218999999999667,
5,2024-05-13T13:37:38.097Z,3.0219999999999665,
5,2024-05-13T13:37:39.097Z,3.0204999999999664,
5,2024-05-13T13:37:40.097Z,3.0189999999999664,
5,2024-05-13T13:37:41.097Z,3.0318999999999647,
5,2024-05-13T13:37:42.097Z,3.0380999999999645,
5,2024-05-13T13:37:43.097Z,3.031799999999965,
5,2024-05-13T13:37:44.097Z,3.8318999999999654,
5,2024-05-13T13:37:45.097Z,3.849599999999967,
5,2024-05-13T13:37:46.097Z,3.8496999999999666,
5,2024-05-13T13:37:47.097Z,3.851099999999967,
5,2024-05-13T13:37:48.097Z,3.8516999999999655,
5,2024-05-13T13:37:49.097Z,3.8517999999999653,
5,2024-05-13T13:37:50.097Z,3.8520999999999646,
5,2024-05-13T13:37:51.097Z,3.8521999999999643,
5,2024-05-13T13:37:52.097Z,3.851499999999966,
5,2024-05-13T13:37:53.097Z,3.8675999999999675,
5,2024-05-13T13:37:54.097Z,3.8676999999999673,
5,2024-05-13T13:37:55.097Z,3.866999999999969,
5,2024-05-13T13:37:56.097Z,3.8830999999999705,
5,2024-05-13T13:37:57.097Z,3.8831999999999702,
5,2024-05-13T13:37:58.097Z,3.88329999999997,
5,2024-05-13T13:37:59.097Z,3.8833999999999698,
5,2024-05-13T13:38:00.097Z,3.8826999999999714,
5,2024-05-13T13:38:01.097Z,3.898799999999973,
5,2024-05-13T13:38:02.097Z,3.8988999999999727,
5,2024-05-13T13:38:03.097Z,3.8989999999999725,
5,2024-05-13T13:38:04.097Z,3.8990999999999723,
5,2024-05-13T13:38:05.097Z,3.899199999999972,
5,2024-05-13T13:38:06.097Z,3.899299999999972,
5,2024-05-13T13:38:07.097Z,3.8993999999999716,
5,2024-05-13T13:38:08.097Z,3.8994999999999713,
5,2024-05-13T13:38:09.097Z,3.8997999999999706,
5,2024-05-13T13:38:10.097Z,3.8990999999999723,
5,2024-05-13T13:38:11.097Z,3.9167999999999736,
5,2024-05-13T13:38:12.097Z,3.916999999999973,
5,2024-05-13T13:38:13.097Z,3.923199999999973,
5,2024-05-13T13:38:14.097Z,3.9168999999999734,
5,2024-05-13T13:38:15.097Z,3.934599999999975,
5,2024-05-13T13:38:16.097Z,3.9342999999999755,
5,2024-05-13T13:38:17.097Z,3.947199999999974,
5,2024-05-13T13:38:18.097Z,3.9472999999999736,
5,2024-05-13T13:38:19.097Z,3.9473999999999734,
5,2024-05-13T13:38:20.097Z,3.947499999999973,
5,2024-05-13T13:38:21.097Z,3.9443999999999733,
5,2024-05-13T13:38:22.097Z,3.944499999999973,
5,2024-05-13T13:38:23.097Z,3.9451999999999714,
5,2024-05-13T13:38:24.097Z,3.945299999999971,
5,2024-05-13T13:38:25.097Z,3.944599999999973,
5,2024-05-13T13:38:26.097Z,3.941499999999973,
5,2024-05-13T13:38:27.097Z,3.943999999999974,
5,2024-05-13T13:38:28.097Z,3.9437999999999747,
5,2024-05-13T13:38:29.097Z,4.129499999999975,
5,2024-05-13T13:38:30.097Z,4.129599999999975,
5,2024-05-13T13:38:31.097Z,4.126499999999975,
5,2024-05-13T13:38:32.097Z,4.123099999999976,
5,2024-05-13T13:38:33.097Z,4.123199999999976,
5,2024-05-13T13:38:34.097Z,4.121699999999976,
5,2024-05-13T13:38:35.097Z,4.1217999999999755,
5,2024-05-13T13:38:36.097Z,4.121899999999975,
5,2024-05-13T13:38:37.097Z,4.121999999999975,
5,2024-05-13T13:38:38.097Z,4.122099999999975,
5,2024-05-13T13:38:39.097Z,4.115899999999975,
5,2024-05-13T13:38:40.097Z,4.134799999999974,
5,2024-05-13T13:38:41.097Z,4.134899999999973,
5,2024-05-13T13:38:42.097Z,4.134999999999973,
5,2024-05-13T13:38:43.097Z,4.129999999999974,
5,2024-05-13T13:38:44.097Z,6.554899999999975,
5,2024-05-13T13:38:45.097Z,6.554999999999975,
5,2024-05-13T13:38:46.097Z,6.555099999999975,
5,2024-05-13T13:38:47.097Z,6.555999999999976,
5,2024-05-13T13:38:48.097Z,6.556499999999975,
5,2024-05-13T13:38:49.097Z,6.562199999999976,
5,2024-05-13T13:38:50.097Z,6.5618999999999765,
5,2024-05-13T13:38:51.097Z,6.580899999999975,
5,2024-05-13T13:38:52.097Z,6.580999999999975,
5,2024-05-13T13:38:53.097Z,6.581099999999974,
5,2024-05-13T13:38:54.097Z,6.581199999999974,
5,2024-05-13T13:38:55.097Z,6.581299999999974,
5,2024-05-13T13:38:56.097Z,6.581399999999974,
5,2024-05-13T13:38:57.097Z,6.5814999999999735,
5,2024-05-13T13:38:58.097Z,6.581599999999973,
5,2024-05-13T13:38:59.097Z,6.581699999999973,
5,2024-05-13T13:39:00.097Z,6.581799999999973,
5,2024-05-13T13:39:01.097Z,6.5818999999999726,
5,2024-05-13T13:39:02.097Z,6.581599999999973,
5,2024-05-13T13:39:03.097Z,6.581699999999973,
5,2024-05-13T13:39:04.097Z,6.581799999999973,
5,2024-05-13T13:39:05.097Z,6.5818999999999726,
5,2024-05-13T13:39:06.097Z,6.581999999999972,
5,2024-05-13T13:39:07.097Z,6.582099999999972,
5,2024-05-13T13:39:08.097Z,6.588199999999972,
5,2024-05-13T13:39:09.097Z,6.587499999999974,
5,2024-05-13T13:39:10.097Z,6.605999999999973,
5,2024-05-13T13:39:11.097Z,4.336899999999975,
5,2024-05-13T13:39:12.097Z,4.336999999999975,
5,2024-05-13T13:39:13.097Z,4.337099999999975,
5,2024-05-13T13:39:14.097Z,4.336399999999976,
5,2024-05-13T13:39:15.097Z,4.349199999999975,
5,2024-05-13T13:39:16.097Z,4.349299999999975,
5,2024-05-13T13:39:17.097Z,4.349399999999974,
5,2024-05-13T13:39:18.097Z,4.349499999999974,
5,2024-05-13T13:39:19.097Z,4.349599999999974,
5,2024-05-13T13:39:20.097Z,4.349699999999974,
5,2024-05-13T13:39:21.097Z,4.3497999999999735,
5,2024-05-13T13:39:22.097Z,4.349899999999973,
5,2024-05-13T13:39:23.097Z,4.349999999999973,
5,2024-05-13T13:39:24.097Z,4.350099999999973,
5,2024-05-13T13:39:25.097Z,4.3501999999999725,
5,2024-05-13T13:39:26.097Z,4.350299999999972,
5,2024-05-13T13:39:27.097Z,4.350399999999972,
5,2024-05-13T13:39:28.097Z,4.350499999999972,
5,2024-05-13T13:39:29.097Z,4.350599999999972,
5,2024-05-13T13:39:30.097Z,4.350699999999971,
5,2024-05-13T13:39:31.097Z,4.350799999999971,
5,2024-05-13T13:39:32.097Z,4.350899999999971,
5,2024-05-13T13:39:33.097Z,4.350999999999971,
5,2024-05-13T13:39:34.097Z,4.35109999999997,
5,2024-05-13T13:39:35.097Z,4.35119999999997,
5,2024-05-13T13:39:36.097Z,4.35129999999997,
5,2024-05-13T13:39:37.097Z,4.35139999999997,
5,2024-05-13T13:39:38.097Z,4.3514999999999695,
5,2024-05-13T13:39:39.097Z,4.351599999999969,
5,2024-05-13T13:39:40.097Z,4.351699999999969,
5,2024-05-13T13:39:41.097Z,4.351799999999969,
5,2024-05-13T13:39:42.097Z,4.351899999999969,
5,2024-05-13T13:39:43.097Z,4.351999999999968,
5,2024-05-13T13:39:44.097Z,4.352099999999968,
5,2024-05-13T13:39:45.097Z,4.352199999999968,
5,2024-05-13T13:39:46.097Z,4.352299999999968,
5,2024-05-13T13:39:47.097Z,4.350799999999968,
5,2024-05-13T13:39:48.097Z,4.363699999999966,
5,2024-05-13T13:39:49.097Z,4.363799999999966,
5,2024-05-13T13:39:50.097Z,4.3638999999999655,
5,2024-05-13T13:39:51.097Z,4.360799999999966,
5,2024-05-13T13:39:52.097Z,4.361099999999965,
5,2024-05-13T13:39:53.097Z,4.3603999999999665,
5,2024-05-13T13:39:54.097Z,4.392499999999966,
5,2024-05-13T13:39:55.097Z,4.392599999999966,
5,2024-05-13T13:39:56.097Z,4.406799999999965,
5,2024-05-13T13:39:57.097Z,4.406899999999965,
5,2024-05-13T13:39:58.097Z,4.4069999999999645,
5,2024-05-13T13:39:59.097Z,4.407099999999964,
5,2024-05-13T13:40:00.097Z,4.407199999999964,
5,2024-05-13T13:40:01.097Z,4.407299999999964,
5,2024-05-13T13:40:02.097Z,4.407399999999964,
5,2024-05-13T13:40:03.097Z,4.407499999999963,
5,2024-05-13T13:40:04.097Z,4.407599999999963,
5,2024-05-13T13:40:05.097Z,4.407699999999963,
5,2024-05-13T13:40:06.097Z,4.407799999999963,
5,2024-05-13T13:40:07.097Z,4.407599999999963,
5,2024-05-13T13:40:08.097Z,4.407699999999963,
5,2024-05-13T13:40:09.097Z,4.407799999999963,
5,2024-05-13T13:40:10.097Z,4.407899999999962,
5,2024-05-13T13:40:11.097Z,4.407999999999962,
5,2024-05-13T13:40:12.097Z,4.408099999999962,
5,2024-05-13T13:40:13.097Z,4.408199999999962,
5,2024-05-13T13:40:14.097Z,4.4082999999999615,
5,2024-05-13T13:40:15.097Z,4.408399999999961,
5,2024-05-13T13:40:16.097Z,4.408499999999961,
5,2024-05-13T13:40:17.097Z,4.40299999999996,
5,2024-05-13T13:40:18.097Z,4.403099999999959,
5,2024-05-13T13:40:19.097Z,4.403199999999959,
5,2024-05-13T13:40:20.097Z,4.403299999999959,
5,2024-05-13T13:40:21.097Z,4.403399999999959,
5,2024-05-13T13:40:22.097Z,4.4034999999999584,
5,2024-05-13T13:40:23.097Z,4.403599999999958,
5,2024-05-13T13:40:24.097Z,4.403699999999958,
5,2024-05-13T13:40:25.097Z,4.403799999999958,
5,2024-05-13T13:40:26.097Z,4.4038999999999575,
5,2024-05-13T13:40:27.097Z,4.403999999999957,
5,2024-05-13T13:40:28.097Z,4.404099999999957,
5,2024-05-13T13:40:29.097Z,4.404199999999957,
5,2024-05-13T13:40:30.097Z,4.404299999999957,
5,2024-05-13T13:40:31.097Z,4.404399999999956,
5,2024-05-13T13:40:32.097Z,4.404499999999956,
5,2024-05-13T13:40:33.097Z,4.404299999999957,
5,2024-05-13T13:40:34.097Z,4.404399999999956,
5,2024-05-13T13:40:35.097Z,4.404499999999956,
5,2024-05-13T13:40:36.097Z,4.404599999999956,
5,2024-05-13T13:40:37.097Z,4.404699999999956,
5,2024-05-13T13:40:38.097Z,4.404799999999955,
5,2024-05-13T13:40:39.097Z,4.404899999999955,
5,2024-05-13T13:40:40.097Z,4.404999999999955,
5,2024-05-13T13:40:41.097Z,4.405099999999955,
5,2024-05-13T13:40:42.097Z,4.4051999999999545,
5,2024-05-13T13:40:43.097Z,4.405299999999954,
5,2024-05-13T13:40:44.097Z,4.405399999999954,
5,2024-05-13T13:40:45.097Z,4.405499999999954,
5,2024-05-13T13:40:46.097Z,4.4055999999999536,
5,2024-05-13T13:40:47.097Z,4.405699999999953,
5,2024-05-13T13:40:48.097Z,4.408699999999953,
5,2024-05-13T13:40:49.097Z,4.408799999999953,
5,2024-05-13T13:40:50.097Z,4.408899999999953,
5,2024-05-13T13:40:51.097Z,4.408999999999953,
5,2024-05-13T13:40:52.097Z,4.4090999999999525,
5,2024-05-13T13:40:53.097Z,4.409199999999952,
5,2024-05-13T13:40:54.097Z,4.402899999999953,
5,2024-05-13T13:40:55.097Z,4.425299999999954,
5,2024-05-13T13:40:56.097Z,4.425599999999953,
5,2024-05-13T13:40:57.097Z,4.425699999999953,
5,2024-05-13T13:40:58.097Z,4.425799999999953,
5,2024-05-13T13:40:59.097Z,4.425899999999952,
5,2024-05-13T13:41:00.097Z,4.425999999999952,
5,2024-05-13T13:41:01.097Z,4.426099999999952,
5,2024-05-13T13:41:02.097Z,4.426199999999952,
5,2024-05-13T13:41:03.097Z,4.4262999999999515,
5,2024-05-13T13:41:04.097Z,4.426399999999951,
5,2024-05-13T13:41:05.097Z,4.426499999999951,
5,2024-05-13T13:41:06.097Z,4.426599999999951,
5,2024-05-13T13:41:07.097Z,4.426699999999951,
6,2024-05-13T13:30:37.097Z,26.3,
6,2024-05-13T13:30:38.097Z,26.2809,
6,2024-05-13T13:30:39.097Z,26.2814,
6,2024-05-13T13:30:40.097Z,26.2815,
6,2024-05-13T13:30:41.097Z,26.2752,
6,2024-05-13T13:30:42.097Z,26.2911,
6,2024-05-13T13:30:43.097Z,26.2912,
6,2024-05-13T13:30:44.097Z,26.2913,
6,2024-05-13T13:30:45.097Z,26.2914,
6,2024-05-13T13:30:46.097Z,26.2915,
6,2024-05-13T13:30:47.097Z,26.2852,
6,2024-05-13T13:30:48.097Z,26.2845,
6,2024-05-13T13:30:49.097Z,24.729400000000002,
6,2024-05-13T13:30:50.097Z,24.7295,
6,2024-05-13T13:30:51.097Z,24.729200000000002,
6,2024-05-13T13:30:52.097Z,22.278100000000002,
6,2024-05-13T13:30:53.097Z,22.278200000000002,
6,2024-05-13T13:30:54.097Z,22.2783,
6,2024-05-13T13:30:55.097Z,22.2784,
6,2024-05-13T13:30:56.097Z,22.2785,
6,2024-05-13T13:30:57.097Z,22.2786,
6,2024-05-13T13:30:58.097Z,22.2785,
6,2024-05-13T13:30:59.097Z,22.297,
6,2024-05-13T13:31:00.097Z,22.2969,
6,2024-05-13T13:31:01.097Z,22.297,
6,2024-05-13T13:31:02.097Z,22.2971,
6,2024-05-13T13:31:03.097Z,22.2972,
6,2024-05-13T13:31:04.097Z,22.2973,
6,2024-05-13T13:31:05.097Z,22.2974,
6,2024-05-13T13:31:06.097Z,22.2975,
6,2024-05-13T13:31:07.097Z,22.2976,
6,2024-05-13T13:31:08.097Z,22.2977,
6,2024-05-13T13:31:09.097Z,22.2978,
6,2024-05-13T13:31:10.097Z,22.2979,
6,2024-05-13T13:31:11.097Z,22.298,
6,2024-05-13T13:31:12.097Z,22.298099999999998,
6,2024-05-13T13:31:13.097Z,22.298199999999998,
6,2024-05-13T13:31:14.097Z,22.298299999999998,
6,2024-05-13T13:31:15.097Z,22.298399999999997,
6,2024-05-13T13:31:16.097Z,22.298499999999997,
6,2024-05-13T13:31:17.097Z,22.298599999999997,
6,2024-05-13T13:31:18.097Z,22.298699999999997,
6,2024-05-13T13:31:19.097Z,22.298799999999996,
6,2024-05-13T13:31:20.097Z,22.298899999999996,
6,2024-05-13T13:31:21.097Z,22.298999999999996,
6,2024-05-13T13:31:22.097Z,22.299099999999996,
6,2024-05-13T13:31:23.097Z,22.299199999999995,
6,2024-05-13T13:31:24.097Z,22.299299999999995,
6,2024-05-13T13:31:25.097Z,22.299399999999995,
6,2024-05-13T13:31:26.097Z,22.299499999999995,
6,2024-05-13T13:31:27.097Z,22.299599999999995,
6,2024-05-13T13:31:28.097Z,22.299699999999994,
6,2024-05-13T13:31:29.097Z,22.299799999999994,
6,2024-05-13T13:31:30.097Z,22.299899999999994,
6,2024-05-13T13:31:31.097Z,22.299999999999994,
6,2024-05-13T13:31:32.097Z,22.298499999999994,
6,2024-05-13T13:31:33.097Z,21.901799999999994,
6,2024-05-13T13:31:34.097Z,21.901899999999994,
6,2024-05-13T13:31:35.097Z,21.907999999999994,
6,2024-05-13T13:31:36.097Z,21.903299999999994,
6,2024-05-13T13:31:37.097Z,22.299299999999995,
6,2024-05-13T13:31:38.097Z,22.30079999999999,
6,2024-05-13T13:31:39.097Z,22.30089999999999,
6,2024-05-13T13:31:40.097Z,22.30099999999999,
6,2024-05-13T13:31:41.097Z,22.30109999999999,
6,2024-05-13T13:31:42.097Z,22.30089999999999,
6,2024-05-13T13:31:43.097Z,22.318599999999993,
6,2024-05-13T13:31:44.097Z,22.407999999999994,
6,2024-05-13T13:31:45.097Z,17.506199999999993,
6,2024-05-13T13:31:46.097Z,17.522299999999994,
6,2024-05-13T13:31:47.097Z,17.520799999999994,
6,2024-05-13T13:31:48.097Z,17.52089999999999,
6,2024-05-13T13:31:49.097Z,17.520999999999994,
6,2024-05-13T13:31:50.097Z,17.52109999999999,
6,2024-05-13T13:31:51.097Z,17.521199999999993,
6,2024-05-13T13:31:52.097Z,17.519699999999993,
6,2024-05-13T13:31:53.097Z,17.53579999999999,
6,2024-05-13T13:31:54.097Z,17.53589999999999,
6,2024-05-13T13:31:55.097Z,17.53879999999999,
6,2024-05-13T13:31:56.097Z,17.53729999999999,
6,2024-05-13T13:31:57.097Z,17.55619999999999,
6,2024-05-13T13:31:58.097Z,17.556299999999993,
6,2024-05-13T13:31:59.097Z,17.557799999999993,
6,2024-05-13T13:32:00.097Z,17.55789999999999,
6,2024-05-13T13:32:01.097Z,17.557999999999993,
6,2024-05-13T13:32:02.097Z,17.55809999999999,
6,2024-05-13T13:32:03.097Z,17.558199999999992,
6,2024-05-13T13:32:04.097Z,17.55829999999999,
6,2024-05-13T13:32:05.097Z,17.557999999999993,
6,2024-05-13T13:32:06.097Z,15.490899999999991,
6,2024-05-13T13:32:07.097Z,15.484599999999991,
6,2024-05-13T13:32:08.097Z,15.46709999999999,
6,2024-05-13T13:32:09.097Z,15.46399999999999,
6,2024-05-13T13:32:10.097Z,15.65579999999999,
6,2024-05-13T13:32:11.097Z,15.67349999999999,
6,2024-05-13T13:32:12.097Z,15.67199999999999,
6,2024-05-13T13:32:13.097Z,15.64649999999999,
6,2024-05-13T13:32:14.097Z,15.67859999999999,
6,2024-05-13T13:32:15.097Z,15.67549999999999,
6,2024-05-13T13:32:16.097Z,15.675199999999991,
6,2024-05-13T13:32:17.097Z,15.675299999999991,
6,2024-05-13T13:32:18.097Z,15.675099999999992,
6,2024-05-13T13:32:19.097Z,15.693999999999992,
6,2024-05-13T13:32:20.097Z,15.697099999999992,
6,2024-05-13T13:32:21.097Z,15.695499999999992,
6,2024-05-13T13:32:22.097Z,15.714799999999991,
6,2024-05-13T13:32:23.097Z,15.733299999999991,
6,2024-05-13T13:32:24.097Z,15.73339999999999,
6,2024-05-13T13:32:25.097Z,15.73029999999999,
6,2024-05-13T13:32:26.097Z,14.10479999999999,
6,2024-05-13T13:32:27.097Z,14.08569999999999,
6,2024-05-13T13:32:28.097Z,14.08579999999999,
6,2024-05-13T13:32:29.097Z,14.08509999999999,
6,2024-05-13T13:32:30.097Z,14.89119999999999,
6,2024-05-13T13:32:31.097Z,14.915299999999991,
6,2024-05-13T13:32:32.097Z,14.915399999999991,
6,2024-05-13T13:32:33.097Z,14.91709999999999,
6,2024-05-13T13:32:34.097Z,14.91649999999999,
6,2024-05-13T13:32:35.097Z,15.30699999999999,
6,2024-05-13T13:32:36.097Z,15.34519999999999,
6,2024-05-13T13:32:37.097Z,15.74169999999999,
6,2024-05-13T13:32:38.097Z,13.376999999999988,
6,2024-05-13T13:32:39.097Z,13.376899999999988,
6,2024-05-13T13:32:40.097Z,13.376999999999988,
6,2024-05-13T13:32:41.097Z,13.377199999999988,
6,2024-05-13T13:32:42.097Z,12.570899999999988,
6,2024-05-13T13:32:43.097Z,12.759799999999988,
6,2024-05-13T13:32:44.097Z,12.772699999999988,
6,2024-05-13T13:32:45.097Z,12.772799999999988,
6,2024-05-13T13:32:46.097Z,12.772899999999987,
6,2024-05-13T13:32:47.097Z,12.773399999999988,
6,2024-05-13T13:32:48.097Z,12.773499999999988,
6,2024-05-13T13:32:49.097Z,12.774099999999988,
6,2024-05-13T13:32:50.097Z,12.771799999999988,
6,2024-05-13T13:32:51.097Z,12.789899999999989,
6,2024-05-13T13:32:52.097Z,12.78739999999999,
6,2024-05-13T13:32:53.097Z,12.78109999999999,
6,2024-05-13T13:32:54.097Z,12.77479999999999,
6,2024-05-13T13:32:55.097Z,12.77619999999999,
6,2024-05-13T13:32:56.097Z,12.77309999999999,
6,2024-05-13T13:32:57.097Z,13.57939999999999,
6,2024-05-13T13:32:58.097Z,14.385699999999991,
6,2024-05-13T13:32:59.097Z,14.38739999999999,
6,2024-05-13T13:33:00.097Z,14.38429999999999,
6,2024-05-13T13:33:01.097Z,14.384899999999991,
6,2024-05-13T13:33:02.097Z,14.381799999999991,
6,2024-05-13T13:33:03.097Z,14.425899999999992,
6,2024-05-13T13:33:04.097Z,14.425999999999991,
6,2024-05-13T13:33:05.097Z,14.426099999999991,
6,2024-05-13T13:33:06.097Z,14.425899999999992,
6,2024-05-13T13:33:07.097Z,14.435599999999992,
6,2024-05-13T13:33:08.097Z,11.992499999999993,
6,2024-05-13T13:33:09.097Z,11.992599999999992,
6,2024-05-13T13:33:10.097Z,11.992699999999992,
6,2024-05-13T13:33:11.097Z,11.992799999999992,
6,2024-05-13T13:33:12.097Z,11.992899999999992,
6,2024-05-13T13:33:13.097Z,12.624999999999991,
6,2024-05-13T13:33:14.097Z,12.643899999999991,
6,2024-05-13T13:33:15.097Z,12.643999999999991,
6,2024-05-13T13:33:16.097Z,12.644099999999991,
6,2024-05-13T13:33:17.097Z,12.64419999999999,
6,2024-05-13T13:33:18.097Z,12.64449999999999,
6,2024-05-13T13:33:19.097Z,12.64459999999999,
6,2024-05-13T13:33:20.097Z,12.64469999999999,
6,2024-05-13T13:33:21.097Z,12.64479999999999,
6,2024-05-13T13:33:22.097Z,12.64489999999999,
6,2024-05-13T13:33:23.097Z,12.644999999999989,
6,2024-05-13T13:33:24.097Z,12.645099999999989,
6,2024-05-13T13:33:25.097Z,12.645199999999988,
6,2024-05-13T13:33:26.097Z,12.645299999999988,
6,2024-05-13T13:33:27.097Z,12.663799999999988,
6,2024-05-13T13:33:28.097Z,12.663899999999988,
6,2024-05-13T13:33:29.097Z,12.663799999999988,
6,2024-05-13T13:33:30.097Z,12.663899999999988,
6,2024-05-13T13:33:31.097Z,12.663999999999987,
6,2024-05-13T13:33:32.097Z,12.664099999999987,
6,2024-05-13T13:33:33.097Z,12.682999999999987,
6,2024-05-13T13:33:34.097Z,12.683099999999987,
6,2024-05-13T13:33:35.097Z,12.689399999999987,
6,2024-05-13T13:33:36.097Z,12.689499999999986,
6,2024-05-13T13:33:37.097Z,12.689599999999986,
6,2024-05-13T13:33:38.097Z,12.689699999999986,
6,2024-05-13T13:33:39.097Z,12.689799999999986,
6,2024-05-13T13:33:40.097Z,12.689899999999986,
6,2024-05-13T13:33:41.097Z,12.689999999999985,
6,2024-05-13T13:33:42.097Z,12.690099999999985,
6,2024-05-13T13:33:43.097Z,12.683799999999986,
6,2024-05-13T13:33:44.097Z,12.701499999999985,
6,2024-05-13T13:33:45.097Z,12.701599999999985,
6,2024-05-13T13:33:46.097Z,12.720099999999984,
6,2024-05-13T13:33:47.097Z,12.720199999999984,
6,2024-05-13T13:33:48.097Z,12.720299999999984,
6,2024-05-13T13:33:49.097Z,12.720399999999984,
6,2024-05-13T13:33:50.097Z,12.720499999999983,
6,2024-05-13T13:33:51.097Z,12.720599999999983,
6,2024-05-13T13:33:52.097Z,12.719099999999983,
6,2024-05-13T13:33:53.097Z,12.719699999999987,
6,2024-05-13T13:33:54.097Z,12.719799999999987,
6,2024-05-13T13:33:55.097Z,12.719899999999987,
6,2024-05-13T13:33:56.097Z,12.719999999999986,
6,2024-05-13T13:33:57.097Z,12.720099999999986,
6,2024-05-13T13:33:58.097Z,12.720199999999986,
6,2024-05-13T13:33:59.097Z,12.719499999999986,
6,2024-05-13T13:34:00.097Z,12.719599999999986,
6,2024-05-13T13:34:01.097Z,12.719699999999985,
6,2024-05-13T13:34:02.097Z,12.719799999999985,
6,2024-05-13T13:34:03.097Z,12.719699999999985,
6,2024-05-13T13:34:04.097Z,13.063799999999985,
6,2024-05-13T13:34:05.097Z,13.146199999999984,
6,2024-05-13T13:34:06.097Z,13.147599999999985,
6,2024-05-13T13:34:07.097Z,9.893099999999986,
6,2024-05-13T13:34:08.097Z,9.886799999999987,
6,2024-05-13T13:34:09.097Z,9.905299999999986,
6,2024-05-13T13:34:10.097Z,9.905399999999986,
6,2024-05-13T13:34:11.097Z,9.905499999999986,
6,2024-05-13T13:34:12.097Z,9.905599999999986,
6,2024-05-13T13:34:13.097Z,9.905699999999985,
6,2024-05-13T13:34:14.097Z,9.905799999999985,
6,2024-05-13T13:34:15.097Z,9.905899999999985,
6,2024-05-13T13:34:16.097Z,9.905999999999985,
6,2024-05-13T13:34:17.097Z,9.906099999999984,
6,2024-05-13T13:34:18.097Z,9.912399999999984,
6,2024-05-13T13:34:19.097Z,9.912499999999984,
6,2024-05-13T13:34:20.097Z,9.912599999999983,
6,2024-05-13T13:34:21.097Z,9.912699999999983,
6,2024-05-13T13:34:22.097Z,9.915599999999984,
6,2024-05-13T13:34:23.097Z,9.912499999999984,
6,2024-05-13T13:34:24.097Z,9.893399999999982,
6,2024-05-13T13:34:25.097Z,9.890299999999982,
6,2024-05-13T13:34:26.097Z,9.907999999999983,
6,2024-05-13T13:34:27.097Z,9.906499999999983,
6,2024-05-13T13:34:28.097Z,9.906599999999983,
6,2024-05-13T13:34:29.097Z,9.906699999999983,
6,2024-05-13T13:34:30.097Z,9.906599999999983,
6,2024-05-13T13:34:31.097Z,9.887499999999982,
6,2024-05-13T13:34:32.097Z,9.89239999999998,
6,2024-05-13T13:34:33.097Z,9.89249999999998,
6,2024-05-13T13:34:34.097Z,9.892299999999981,
6,2024-05-13T13:34:35.097Z,9.908399999999983,
6,2024-05-13T13:34:36.097Z,9.908499999999982,
6,2024-05-13T13:34:37.097Z,9.908599999999982,
6,2024-05-13T13:34:38.097Z,9.908699999999982,
6,2024-05-13T13:34:39.097Z,9.908799999999982,
6,2024-05-13T13:34:40.097Z,9.908899999999981,
6,2024-05-13T13:34:41.097Z,9.908999999999981,
6,2024-05-13T13:34:42.097Z,9.909099999999981,
6,2024-05-13T13:34:43.097Z,9.90919999999998,
6,2024-05-13T13:34:44.097Z,9.90929999999998,
6,2024-05-13T13:34:45.097Z,9.90939999999998,
6,2024-05-13T13:34:46.097Z,9.908699999999982,
6,2024-05-13T13:34:47.097Z,9.939199999999978,
6,2024-05-13T13:34:48.097Z,9.939299999999978,
6,2024-05-13T13:34:49.097Z,9.939399999999978,
6,2024-05-13T13:34:50.097Z,9.939299999999978,
6,2024-05-13T13:34:51.097Z,9.939399999999978,
6,2024-05-13T13:34:52.097Z,9.933099999999978,
6,2024-05-13T13:34:53.097Z,6.668999999999979,
6,2024-05-13T13:34:54.097Z,4.224299999999978,
6,2024-05-13T13:34:55.097Z,4.217999999999979,
6,2024-05-13T13:34:56.097Z,4.229299999999977,
6,2024-05-13T13:34:57.097Z,4.229399999999977,
6,2024-05-13T13:34:58.097Z,4.229499999999977,
6,2024-05-13T13:34:59.097Z,4.2295999999999765,
6,2024-05-13T13:35:00.097Z,4.229699999999976,
6,2024-05-13T13:35:01.097Z,4.2295999999999765,
6,2024-05-13T13:35:02.097Z,4.229699999999976,
6,2024-05-13T13:35:03.097Z,4.229799999999976,
6,2024-05-13T13:35:04.097Z,4.229899999999976,
6,2024-05-13T13:35:05.097Z,4.229699999999976,
6,2024-05-13T13:35:06.097Z,4.247399999999978,
6,2024-05-13T13:35:07.097Z,4.247499999999977,
6,2024-05-13T13:35:08.097Z,4.247599999999977,
6,2024-05-13T13:35:09.097Z,4.247699999999977,
6,2024-05-13T13:35:10.097Z,4.247799999999977,
6,2024-05-13T13:35:11.097Z,4.2478999999999765,
6,2024-05-13T13:35:12.097Z,4.247999999999976,
6,2024-05-13T13:35:13.097Z,4.248099999999976,
6,2024-05-13T13:35:14.097Z,4.248199999999976,
6,2024-05-13T13:35:15.097Z,4.245099999999976,
6,2024-05-13T13:35:16.097Z,4.245199999999976,
6,2024-05-13T13:35:17.097Z,4.245299999999975,
6,2024-05-13T13:35:18.097Z,4.245399999999975,
6,2024-05-13T13:35:19.097Z,4.250299999999974,
6,2024-05-13T13:35:20.097Z,4.249999999999975,
6,2024-05-13T13:35:21.097Z,4.250099999999975,
6,2024-05-13T13:35:22.097Z,4.250199999999975,
6,2024-05-13T13:35:23.097Z,4.250299999999974,
6,2024-05-13T13:35:24.097Z,4.250399999999974,
6,2024-05-13T13:35:25.097Z,4.250499999999974,
6,2024-05-13T13:35:26.097Z,4.250599999999974,
6,2024-05-13T13:35:27.097Z,4.2506999999999735,
6,2024-05-13T13:35:28.097Z,4.250799999999973,
6,2024-05-13T13:35:29.097Z,4.250899999999973,
6,2024-05-13T13:35:30.097Z,4.250999999999973,
6,2024-05-13T13:35:31.097Z,4.251099999999973,
6,2024-05-13T13:35:32.097Z,4.251199999999972,
6,2024-05-13T13:35:33.097Z,4.251299999999972,
6,2024-05-13T13:35:34.097Z,4.251399999999972,
6,2024-05-13T13:35:35.097Z,4.251499999999972,
6,2024-05-13T13:35:36.097Z,4.251599999999971,
6,2024-05-13T13:35:37.097Z,4.251699999999971,
6,2024-05-13T13:35:38.097Z,4.251799999999971,
6,2024-05-13T13:35:39.097Z,4.251899999999971,
6,2024-05-13T13:35:40.097Z,4.2519999999999705,
6,2024-05-13T13:35:41.097Z,4.25209999999997,
6,2024-05-13T13:35:42.097Z,4.25219999999997,
6,2024-05-13T13:35:43.097Z,4.25229999999997,
6,2024-05-13T13:35:44.097Z,4.2523999999999695,
6,2024-05-13T13:35:45.097Z,4.252499999999969,
6,2024-05-13T13:35:46.097Z,4.252599999999969,
6,2024-05-13T13:35:47.097Z,4.252699999999969,
6,2024-05-13T13:35:48.097Z,4.252799999999969,
6,2024-05-13T13:35:49.097Z,4.252899999999968,
6,2024-05-13T13:35:50.097Z,4.252999999999968,
6,2024-05-13T13:35:51.097Z,4.253099999999968,
6,2024-05-13T13:35:52.097Z,4.253199999999968,
6,2024-05-13T13:35:53.097Z,4.253299999999967,
6,2024-05-13T13:35:54.097Z,4.253399999999967,
6,2024-05-13T13:35:55.097Z,4.253499999999967,
6,2024-05-13T13:35:56.097Z,4.253599999999967,
6,2024-05-13T13:35:57.097Z,4.2536999999999665,
6,2024-05-13T13:35:58.097Z,4.253799999999966,
6,2024-05-13T13:35:59.097Z,4.253899999999966,
6,2024-05-13T13:36:00.097Z,4.253999999999966,
6,2024-05-13T13:36:01.097Z,4.254099999999966,
6,2024-05-13T13:36:02.097Z,4.254199999999965,
6,2024-05-13T13:36:03.097Z,4.254299999999965,
6,2024-05-13T13:36:04.097Z,4.254399999999965,
6,2024-05-13T13:36:05.097Z,4.254499999999965,
6,2024-05-13T13:36:06.097Z,4.254599999999964,
6,2024-05-13T13:36:07.097Z,4.254699999999964,
6,2024-05-13T13:36:08.097Z,4.254499999999965,
6,2024-05-13T13:36:09.097Z,4.255899999999965,
6,2024-05-13T13:36:10.097Z,4.249599999999965,
6,2024-05-13T13:36:11.097Z,4.249699999999965,
6,2024-05-13T13:36:12.097Z,5.049399999999967,
6,2024-05-13T13:36:13.097Z,5.049499999999966,
6,2024-05-13T13:36:14.097Z,5.049599999999966,
6,2024-05-13T13:36:15.097Z,5.049699999999966,
6,2024-05-13T13:36:16.097Z,5.049799999999966,
6,2024-05-13T13:36:17.097Z,5.049899999999965,
6,2024-05-13T13:36:18.097Z,5.049999999999965,
6,2024-05-13T13:36:19.097Z,5.043699999999966,
6,2024-05-13T13:36:20.097Z,5.046199999999967,
6,2024-05-13T13:36:21.097Z,5.046299999999967,
6,2024-05-13T13:36:22.097Z,5.0463999999999665,
6,2024-05-13T13:36:23.097Z,5.046499999999966,
6,2024-05-13T13:36:24.097Z,5.046599999999966,
6,2024-05-13T13:36:25.097Z,5.046699999999966,
6,2024-05-13T13:36:26.097Z,5.045999999999967,
6,2024-05-13T13:36:27.097Z,5.026899999999966,
6,2024-05-13T13:36:28.097Z,5.0269999999999655,
6,2024-05-13T13:36:29.097Z,5.027099999999965,
6,2024-05-13T13:36:30.097Z,5.025399999999966,
6,2024-05-13T13:36:31.097Z,5.828699999999966,
6,2024-05-13T13:36:32.097Z,6.019199999999966,
6,2024-05-13T13:36:33.097Z,6.044599999999967,
6,2024-05-13T13:36:34.097Z,3.6190999999999676,
6,2024-05-13T13:36:35.097Z,3.6191999999999673,
6,2024-05-13T13:36:36.097Z,3.619299999999967,
6,2024-05-13T13:36:37.097Z,3.619399999999967,
6,2024-05-13T13:36:38.097Z,3.624299999999966,
6,2024-05-13T13:36:39.097Z,3.624399999999966,
6,2024-05-13T13:36:40.097Z,3.6244999999999656,
6,2024-05-13T13:36:41.097Z,3.6245999999999654,
6,2024-05-13T13:36:42.097Z,3.624699999999965,
6,2024-05-13T13:36:43.097Z,3.624699999999965,
6,2024-05-13T13:36:44.097Z,3.6248999999999647,
6,2024-05-13T13:36:45.097Z,3.6249999999999645,
6,2024-05-13T13:36:46.097Z,3.6250999999999642,
6,2024-05-13T13:36:47.097Z,3.625199999999964,
6,2024-05-13T13:36:48.097Z,3.6238999999999635,
6,2024-05-13T13:36:49.097Z,4.001299999999965,
6,2024-05-13T13:36:50.097Z,4.000999999999966,
6,2024-05-13T13:36:51.097Z,4.0010999999999655,
6,2024-05-13T13:36:52.097Z,4.002499999999966,
6,2024-05-13T13:36:53.097Z,4.0021999999999665,
6,2024-05-13T13:36:54.097Z,3.9990999999999666,
6,2024-05-13T13:36:55.097Z,3.979999999999965,
6,2024-05-13T13:36:56.097Z,3.9792999999999665,
6,2024-05-13T13:36:57.097Z,4.426599999999965,
6,2024-05-13T13:36:58.097Z,4.4450999999999645,
6,2024-05-13T13:36:59.097Z,4.440199999999965,
6,2024-05-13T13:37:00.097Z,2.981099999999966,
6,2024-05-13T13:37:01.097Z,3.0192999999999657,
6,2024-05-13T13:37:02.097Z,2.980999999999966,
6,2024-05-13T13:37:03.097Z,2.981099999999966,
6,2024-05-13T13:37:04.097Z,2.9807999999999666,
6,2024-05-13T13:37:05.097Z,2.9792999999999665,
6,2024-05-13T13:37:06.097Z,2.972999999999967,
6,2024-05-13T13:37:07.097Z,2.9914999999999665,
6,2024-05-13T13:37:08.097Z,2.991299999999967,
6,2024-05-13T13:37:09.097Z,2.9913999999999668,
6,2024-05-13T13:37:10.097Z,2.991699999999966,
6,2024-05-13T13:37:11.097Z,2.9915999999999663,
6,2024-05-13T13:37:12.097Z,3.0234999999999665,
6,2024-05-13T13:37:13.097Z,3.0235999999999663,
6,2024-05-13T13:37:14.097Z,3.023699999999966,
6,2024-05-13T13:37:15.097Z,3.023799999999966,
6,2024-05-13T13:37:16.097Z,3.0230999999999675,
6,2024-05-13T13:37:17.097Z,3.0231999999999672,
6,2024-05-13T13:37:18.097Z,3.023299999999967,
6,2024-05-13T13:37:19.097Z,3.023399999999967,
6,2024-05-13T13:37:20.097Z,3.0234999999999665,
6,2024-05-13T13:37:21.097Z,3.0235999999999663,
6,2024-05-13T13:37:22.097Z,3.023699999999966,
6,2024-05-13T13:37:23.097Z,3.023799999999966,
6,2024-05-13T13:37:24.097Z,3.0238999999999656,
6,2024-05-13T13:37:25.097Z,3.0239999999999654,
6,2024-05-13T13:37:26.097Z,3.024099999999965,
6,2024-05-13T13:37:27.097Z,3.0239999999999654,
6,2024-05-13T13:37:28.097Z,3.024099999999965,
6,2024-05-13T13:37:29.097Z,3.0273999999999646,
6,2024-05-13T13:37:30.097Z,3.0274999999999643,
6,2024-05-13T13:37:31.097Z,3.028099999999963,
6,2024-05-13T13:37:32.097Z,3.0231999999999637,
6,2024-05-13T13:37:33.097Z,3.022999999999964,
6,2024-05-13T13:37:34.097Z,3.0227999999999646,
6,2024-05-13T13:37:35.097Z,3.0228999999999644,
6,2024-05-13T13:37:36.097Z,3.022599999999965,
6,2024-05-13T13:37:37.097Z,3.0218999999999667,
6,2024-05-13T13:37:38.097Z,3.0219999999999665,
6,2024-05-13T13:37:39.097Z,3.0204999999999664,
6,2024-05-13T13:37:40.097Z,3.0189999999999664,
6,2024-05-13T13:37:41.097Z,3.0318999999999647,
6,2024-05-13T13:37:42.097Z,3.0380999999999645,
6,2024-05-13T13:37:43.097Z,3.031799999999965,
6,2024-05-13T13:37:44.097Z,3.8318999999999654,
6,2024-05-13T13:37:45.097Z,3.849599999999967,
6,2024-05-13T13:37:46.097Z,3.8496999999999666,
6,2024-05-13T13:37:47.097Z,3.851099999999967,
6,2024-05-13T13:37:48.097Z,3.8516999999999655,
6,2024-05-13T13:37:49.097Z,3.8517999999999653,
6,2024-05-13T13:37:50.097Z,3.8520999999999646,
6,2024-05-13T13:37:51.097Z,3.8521999999999643,
6,2024-05-13T13:37:52.097Z,3.851499999999966,
6,2024-05-13T13:37:53.097Z,3.8675999999999675,
6,2024-05-13T13:37:54.097Z,3.8676999999999673,
6,2024-05-13T13:37:55.097Z,3.866999999999969,
6,2024-05-13T13:37:56.097Z,3.8830999999999705,
6,2024-05-13T13:37:57.097Z,3.8831999999999702,
6,2024-05-13T13:37:58.097Z,3.88329999999997,
6,2024-05-13T13:37:59.097Z,3.8833999999999698,
6,2024-05-13T13:38:00.097Z,3.8826999999999714,
6,2024-05-13T13:38:01.097Z,3.898799999999973,
6,2024-05-13T13:38:02.097Z,3.8988999999999727,
6,2024-05-13T13:38:03.097Z,3.8989999999999725,
6,2024-05-13T13:38:04.097Z,3.8990999999999723,
6,2024-05-13T13:38:05.097Z,3.899199999999972,
6,2024-05-13T13:38:06.097Z,3.899299999999972,
6,2024-05-13T13:38:07.097Z,3.8993999999999716,
6,2024-05-13T13:38:08.097Z,3.8994999999999713,
6,2024-05-13T13:38:09.097Z,3.8997999999999706,
6,2024-05-13T13:38:10.097Z,3.8990999999999723,
6,2024-05-13T13:38:11.097Z,3.9167999999999736,
6,2024-05-13T13:38:12.097Z,3.916999999999973,
6,2024-05-13T13:38:13.097Z,3.923199999999973,
6,2024-05-13T13:38:14.097Z,3.9168999999999734,
6,2024-05-13T13:38:15.097Z,3.934599999999975,
6,2024-05-13T13:38:16.097Z,3.9342999999999755,
6,2024-05-13T13:38:17.097Z,3.947199999999974,
6,2024-05-13T13:38:18.097Z,3.9472999999999736,
6,2024-05-13T13:38:19.097Z,3.9473999999999734,
6,2024-05-13T13:38:20.097Z,3.947499999999973,
6,2024-05-13T13:38:21.097Z,3.9443999999999733,
6,2024-05-13T13:38:22.097Z,3.944499999999973,
6,2024-05-13T13:38:23.097Z,3.9451999999999714,
6,2024-05-13T13:38:24.097Z,3.945299999999971,
6,2024-05-13T13:38:25.097Z,3.944599999999973,
6,2024-05-13T13:38:26.097Z,3.941499999999973,
6,2024-05-13T13:38:27.097Z,3.943999999999974,
6,2024-05-13T13:38:28.097Z,3.9437999999999747,
6,2024-05-13T13:38:29.097Z,4.129499999999975,
6,2024-05-13T13:38:30.097Z,4.129599999999975,
6,2024-05-13T13:38:31.097Z,4.126499999999975,
6,2024-05-13T13:38:32.097Z,4.123099999999976,
6,2024-05-13T13:38:33.097Z,4.123199999999976,
6,2024-05-13T13:38:34.097Z,4.121699999999976,
6,2024-05-13T13:38:35.097Z,4.1217999999999755,
6,2024-05-13T13:38:36.097Z,4.121899999999975,
6,2024-05-13T13:38:37.097Z,4.121999999999975,
6,2024-05-13T13:38:38.097Z,4.122099999999975,
6,2024-05-13T13:38:39.097Z,4.115899999999975,
6,2024-05-13T13:38:40.097Z,4.134799999999974,
6,2024-05-13T13:38:41.097Z,4.134899999999973,
6,2024-05-13T13:38:42.097Z,4.134999999999973,
6,2024-05-13T13:38:43.097Z,4.129999999999974,
6,2024-05-13T13:38:44.097Z,6.554899999999975,
6,2024-05-13T13:38:45.097Z,6.554999999999975,
6,2024-05-13T13:38:46.097Z,6.555099999999975,
6,2024-05-13T13:38:47.097Z,6.555999999999976,
6,2024-05-13T13:38:48.097Z,6.556499999999975,
6,2024-05-13T13:38:49.097Z,6.562199999999976,
6,2024-05-13T13:38:50.097Z,6.5618999999999765,
6,2024-05-13T13:38:51.097Z,6.580899999999975,
6,2024-05-13T13:38:52.097Z,6.580999999999975,
6,2024-05-13T13:38:53.097Z,6.581099999999974,
6,2024-05-13T13:38:54.097Z,6.581199999999974,
6,2024-05-13T13:38:55.097Z,6.581299999999974,
6,2024-05-13T13:38:56.097Z,6.581399999999974,
6,2024-05-13T13:38:57.097Z,6.5814999999999735,
6,2024-05-13T13:38:58.097Z,6.581599999999973,
6,2024-05-13T13:38:59.097Z,6.581699999999973,
6,2024-05-13T13:39:00.097Z,6.581799999999973,
6,2024-05-13T13:39:01.097Z,6.5818999999999726,
6,2024-05-13T13:39:02.097Z,6.581599999999973,
6,2024-05-13T13:39:03.097Z,6.581699999999973,
6,2024-05-13T13:39:04.097Z,6.581799999999973,
6,2024-05-13T13:39:05.097Z,6.5818999999999726,
6,2024-05-13T13:39:06.097Z,6.581999999999972,
6,2024-05-13T13:39:07.097Z,6.582099999999972,
6,2024-05-13T13:39:08.097Z,6.588199999999972,
6,2024-05-13T13:39:09.097Z,6.587499999999974,
6,2024-05-13T13:39:10.097Z,6.605999999999973,
6,2024-05-13T13:39:11.097Z,4.336899999999975,
6,2024-05-13T13:39:12.097Z,4.336999999999975,
6,2024-05-13T13:39:13.097Z,4.337099999999975,
6,2024-05-13T13:39:14.097Z,4.336399999999976,
6,2024-05-13T13:39:15.097Z,4.349199999999975,
6,2024-05-13T13:39:16.097Z,4.349299999999975,
6,2024-05-13T13:39:17.097Z,4.349399999999974,
6,2024-05-13T13:39:18.097Z,4.349499999999974,
6,2024-05-13T13:39:19.097Z,4.349599999999974,
6,2024-05-13T13:39:20.097Z,4.349699999999974,
6,2024-05-13T13:39:21.097Z,4.3497999999999735,
6,2024-05-13T13:39:22.097Z,4.349899999999973,
6,2024-05-13T13:39:23.097Z,4.349999999999973,
6,2024-05-13T13:39:24.097Z,4.350099999999973,
6,2024-05-13T13:39:25.097Z,4.3501999999999725,
6,2024-05-13T13:39:26.097Z,4.350299999999972,
6,2024-05-13T13:39:27.097Z,4.350399999999972,
6,2024-05-13T13:39:28.097Z,4.350499999999972,
6,2024-05-13T13:39:29.097Z,4.350599999999972,
6,2024-05-13T13:39:30.097Z,4.350699999999971,
6,2024-05-13T13:39:31.097Z,4.350799999999971,
6,2024-05-13T13:39:32.097Z,4.350899999999971,
6,2024-05-13T13:39:33.097Z,4.350999999999971,
6,2024-05-13T13:39:34.097Z,4.35109999999997,
6,2024-05-13T13:39:35.097Z,4.35119999999997,
6,2024-05-13T13:39:36.097Z,4.35129999999997,
6,2024-05-13T13:39:37.097Z,4.35139999999997,
6,2024-05-13T13:39:38.097Z,4.3514999999999695,
6,2024-05-13T13:39:39.097Z,4.351599999999969,
6,2024-05-13T13:39:40.097Z,4.351699999999969,
6,2024-05-13T13:39:41.097Z,4.351799999999969,
6,2024-05-13T13:39:42.097Z,4.351899999999969,
6,2024-05-13T13:39:43.097Z,4.351999999999968,
6,2024-05-13T13:39:44.097Z,4.352099999999968,
6,2024-05-13T13:39:45.097Z,4.352199999999968,
6,2024-05-13T13:39:46.097Z,4.352299999999968,
6,2024-05-13T13:39:47.097Z,4.350799999999968,
6,2024-05-13T13:39:48.097Z,4.363699999999966,
6,2024-05-13T13:39:49.097Z,4.363799999999966,
6,2024-05-13T13:39:50.097Z,4.3638999999999655,
6,2024-05-13T13:39:51.097Z,4.360799999999966,
6,2024-05-13T13:39:52.097Z,4.361099999999965,
6,2024-05-13T13:39:53.097Z,4.3603999999999665,
6,2024-05-13T13:39:54.097Z,4.392499999999966,
6,2024-05-13T13:39:55.097Z,4.392599999999966,
6,2024-05-13T13:39:56.097Z,4.406799999999965,
6,2024-05-13T13:39:57.097Z,4.406899999999965,
6,2024-05-13T13:39:58.097Z,4.4069999999999645,
6,2024-05-13T13:39:59.097Z,4.407099999999964,
6,2024-05-13T13:40:00.097Z,4.407199999999964,
6,2024-05-13T13:40:01.097Z,4.407299999999964,
6,2024-05-13T13:40:02.097Z,4.407399999999964,
6,2024-05-13T13:40:03.097Z,4.407499999999963,
6,2024-05-13T13:40:04.097Z,4.407599999999963,
6,2024-05-13T13:40:05.097Z,4.407699999999963,
6,2024-05-13T13:40:06.097Z,4.407799999999963,
6,2024-05-13T13:40:07.097Z,4.407599999999963,
6,2024-05-13T13:40:08.097Z,4.407699999999963,
6,2024-05-13T13:40:09.097Z,4.407799999999963,
6,2024-05-13T13:40:10.097Z,4.407899999999962,
6,2024-05-13T13:40:11.097Z,4.407999999999962,
6,2024-05-13T13:40:12.097Z,4.408099999999962,
6,2024-05-13T13:40:13.097Z,4.408199999999962,
6,2024-05-13T13:40:14.097Z,4.4082999999999615,
6,2024-05-13T13:40:15.097Z,4.408399999999961,
6,2024-05-13T13:40:16.097Z,4.408499999999961,
6,2024-05-13T13:40:17.097Z,4.40299999999996,
6,2024-05-13T13:40:18.097Z,4.403099999999959,
6,2024-05-13T13:40:19.097Z,4.403199999999959,
6,2024-05-13T13:40:20.097Z,4.403299999999959,
6,2024-05-13T13:40:21.097Z,4.403399999999959,
6,2024-05-13T13:40:22.097Z,4.4034999999999584,
6,2024-05-13T13:40:23.097Z,4.403599999999958,
6,2024-05-13T13:40:24.097Z,4.403699999999958,
6,2024-05-13T13:40:25.097Z,4.403799999999958,
6,2024-05-13T13:40:26.097Z,4.4038999999999575,
6,2024-05-13T13:40:27.097Z,4.403999999999957,
6,2024-05-13T13:40:28.097Z,4.404099999999957,
6,2024-05-13T13:40:29.097Z,4.404199999999957,
6,2024-05-13T13:40:30.097Z,4.404299999999957,
6,2024-05-13T13:40:31.097Z,4.404399999999956,
6,2024-05-13T13:40:32.097Z,4.404499999999956,
6,2024-05-13T13:40:33.097Z,4.404299999999957,
6,2024-05-13T13:40:34.097Z,4.404399999999956,
6,2024-05-13T13:40:35.097Z,4.404499999999956,
6,2024-05-13T13:40:36.097Z,4.404599999999956,
6,2024-05-13T13:40:37.097Z,4.404699999999956,
6,2024-05-13T13:40:38.097Z,4.404799999999955,
6,2024-05-13T13:40:39.097Z,4.404899999999955,
6,2024-05-13T13:40:40.097Z,4.404999999999955,
6,2024-05-13T13:40:41.097Z,4.405099999999955,
6,2024-05-13T13:40:42.097Z,4.4051999999999545,
6,2024-05-13T13:40:43.097Z,4.405299999999954,
6,2024-05-13T13:40:44.097Z,4.405399999999954,
6,2024-05-13T13:40:45.097Z,4.405499999999954,
6,2024-05-13T13:40:46.097Z,4.4055999999999536,
6,2024-05-13T13:40:47.097Z,4.405699999999953,
6,2024-05-13T13:40:48.097Z,4.408699999999953,
6,2024-05-13T13:40:49.097Z,4.408799999999953,
6,2024-05-13T13:40:50.097Z,4.408899999999953,
6,2024-05-13T13:40:51.097Z,4.408999999999953,
6,2024-05-13T13:40:52.097Z,4.4090999999999525,
6,2024-05-13T13:40:53.097Z,4.409199999999952,
6,2024-05-13T13:40:54.097Z,4.402899999999953,
6,2024-05-13T13:40:55.097Z,4.425299999999954,
6,2024-05-13T13:40:56.097Z,4.425599999999953,
6,2024-05-13T13:40:57.097Z,4.425699999999953,
6,2024-05-13T13:40:58.097Z,4.425799999999953,
6,2024-05-13T13:40:59.097Z,4.425899999999952,
6,2024-05-13T13:41:00.097Z,4.425999999999952,
6,2024-05-13T13:41:01.097Z,4.426099999999952,
6,2024-05-13T13:41:02.097Z,4.426199999999952,
6,2024-05-13T13:41:03.097Z,4.4262999999999515,
6,2024-05-13T13:41:04.097Z,4.426399999999951,
6,2024-05-13T13:41:05.097Z,4.426499999999951,
6,2024-05-13T13:41:06.097Z,4.426599999999951,
6,2024-05-13T13:41:07.097Z,4.426699999999951,
7,2024-05-13T13:30:37.097Z,26.3,
7,2024-05-13T13:30:38.097Z,26.2809,
7,2024-05-13T13:30:39.097Z,26.2814,
7,2024-05-13T13:30:40.097Z,26.2815,
7,2024-05-13T13:30:41.097Z,26.2752,
7,2024-05-13T13:30:42.097Z,26.2911,
7,2024-05-13T13:30:43.097Z,26.2912,
7,2024-05-13T13:30:44.097Z,26.2913,
7,2024-05-13T13:30:45.097Z,26.2914,
7,2024-05-13T13:30:46.097Z,26.2915,
7,2024-05-13T13:30:47.097Z,26.2852,
7,2024-05-13T13:30:48.097Z,26.2845,
7,2024-05-13T13:30:49.097Z,24.729400000000002,
7,2024-05-13T13:30:50.097Z,24.7295,
7,2024-05-13T13:30:51.097Z,24.729200000000002,
7,2024-05-13T13:30:52.097Z,22.278100000000002,
7,2024-05-13T13:30:53.097Z,22.278200000000002,
7,2024-05-13T13:30:54.097Z,22.2783,
7,2024-05-13T13:30:55.097Z,22.2784,
7,2024-05-13T13:30:56.097Z,22.2785,
7,2024-05-13T13:30:57.097Z,22.2786,
7,2024-05-13T13:30:58.097Z,22.2785,
7,2024-05-13T13:30:59.097Z,22.297,
7,2024-05-13T13:31:00.097Z,22.2969,
7,2024-05-13T13:31:01.097Z,22.297,
7,2024-05-13T13:31:02.097Z,22.2971,
7,2024-05-13T13:31:03.097Z,22.2972,
7,2024-05-13T13:31:04.097Z,22.2973,
7,2024-05-13T13:31:05.097Z,22.2974,
7,2024-05-13T13:31:06.097Z,22.2975,
7,2024-05-13T13:31:07.097Z,22.2976,
7,2024-05-13T13:31:08.097Z,22.2977,
7,2024-05-13T13:31:09.097Z,22.2978,
7,2024-05-13T13:31:10.097Z,22.2979,
7,2024-05-13T13:31:11.097Z,22.298,
7,2024-05-13T13:31:12.097Z,22.298099999999998,
7,2024-05-13T13:31:13.097Z,22.298199999999998,
7,2024-05-13T13:31:14.097Z,22.298299999999998,
7,2024-05-13T13:31:15.097Z,22.298399999999997,
7,2024-05-13T13:31:16.097Z,22.298499999999997,
7,2024-05-13T13:31:17.097Z,22.298599999999997,
7,2024-05-13T13:31:18.097Z,22.298699999999997,
7,2024-05-13T13:31:19.097Z,22.298799999999996,
7,2024-05-13T13:31:20.097Z,22.298899999999996,
7,2024-05-13T13:31:21.097Z,22.298999999999996,
7,2024-05-13T13:31:22.097Z,22.299099999999996,
7,2024-05-13T13:31:23.097Z,22.299199999999995,
7,2024-05-13T13:31:24.097Z,22.299299999999995,
7,2024-05-13T13:31:25.097Z,22.299399999999995,
7,2024-05-13T13:31:26.097Z,22.299499999999995,
7,2024-05-13T13:31:27.097Z,22.299599999999995,
7,2024-05-13T13:31:28.097Z,22.299699999999994,
7,2024-05-13T13:31:29.097Z,22.299799999999994,
7,2024-05-13T13:31:30.097Z,22.299899999999994,
7,2024-05-13T13:31:31.097Z,22.299999999999994,
7,2024-05-13T13:31:32.097Z,22.298499999999994,
7,2024-05-13T13:31:33.097Z,21.901799999999994,
7,2024-05-13T13:31:34.097Z,21.901899999999994,
7,2024-05-13T13:31:35.097Z,21.907999999999994,
7,2024-05-13T13:31:36.097Z,21.903299999999994,
7,2024-05-13T13:31:37.097Z,22.299299999999995,
7,2024-05-13T13:31:38.097Z,22.30079999999999,
7,2024-05-13T13:31:39.097Z,22.30089999999999,
7,2024-05-13T13:31:40.097Z,22.30099999999999,
7,2024-05-13T13:31:41.097Z,22.30109999999999,
7,2024-05-13T13:31:42.097Z,22.30089999999999,
7,2024-05-13T13:31:43.097Z,22.318599999999993,
7,2024-05-13T13:31:44.097Z,22.407999999999994,
7,2024-05-13T13:31:45.097Z,17.506199999999993,
7,2024-05-13T13:31:46.097Z,17.522299999999994,
7,2024-05-13T13:31:47.097Z,17.520799999999994,
7,2024-05-13T13:31:48.097Z,17.52089999999999,
7,2024-05-13T13:31:49.097Z,17.520999999999994,
7,2024-05-13T13:31:50.097Z,17.52109999999999,
7,2024-05-13T13:31:51.097Z,17.521199999999993,
7,2024-05-13T13:31:52.097Z,17.519699999999993,
7,2024-05-13T13:31:53.097Z,17.53579999999999,
7,2024-05-13T13:31:54.097Z,17.53589999999999,
7,2024-05-13T13:31:55.097Z,17.53879999999999,
7,2024-05-13T13:31:56.097Z,17.53729999999999,
7,2024-05-13T13:31:57.097Z,17.55619999999999,
7,2024-05-13T13:31:58.097Z,17.556299999999993,
7,2024-05-13T13:31:59.097Z,17.557799999999993,
7,2024-05-13T13:32:00.097Z,17.55789999999999,
7,2024-05-13T13:32:01.097Z,17.557999999999993,
7,2024-05-13T13:32:02.097Z,17.55809999999999,
7,2024-05-13T13:32:03.097Z,17.558199999999992,
7,2024-05-13T13:32:04.097Z,17.55829999999999,
7,2024-05-13T13:32:05.097Z,17.557999999999993,
7,2024-05-13T13:32:06.097Z,15.490899999999991,
7,2024-05-13T13:32:07.097Z,15.484599999999991,
7,2024-05-13T13:32:08.097Z,15.46709999999999,
7,2024-05-13T13:32:09.097Z,15.46399999999999,
7,2024-05-13T13:32:10.097Z,15.65579999999999,
7,2024-05-13T13:32:11.097Z,15.67349999999999,
7,2024-05-13T13:32:12.097Z,15.67199999999999,
7,2024-05-13T13:32:13.097Z,15.64649999999999,
7,2024-05-13T13:32:14.097Z,15.67859999999999,
7,2024-05-13T13:32:15.097Z,15.67549999999999,
7,2024-05-13T13:32:16.097Z,15.675199999999991,
7,2024-05-13T13:32:17.097Z,15.675299999999991,
7,2024-05-13T13:32:18.097Z,15.675099999999992,
7,2024-05-13T13:32:19.097Z,15.693999999999992,
7,2024-05-13T13:32:20.097Z,15.697099999999992,
7,2024-05-13T13:32:21.097Z,15.695499999999992,
7,2024-05-13T13:32:22.097Z,15.714799999999991,
7,2024-05-13T13:32:23.097Z,15.733299999999991,
7,2024-05-13T13:32:24.097Z,15.73339999999999,
7,2024-05-13T13:32:25.097Z,15.73029999999999,
7,2024-05-13T13:32:26.097Z,14.10479999999999,
7,2024-05-13T13:32:27.097Z,14.08569999999999,
7,2024-05-13T13:32:28.097Z,14.08579999999999,
7,2024-05-13T13:32:29.097Z,14.08509999999999,
7,2024-05-13T13:32:30.097Z,14.89119999999999,
7,2024-05-13T13:32:31.097Z,14.915299999999991,
7,2024-05-13T13:32:32.097Z,14.915399999999991,
7,2024-05-13T13:32:33.097Z,14.91709999999999,
7,2024-05-13T13:32:34.097Z,14.91649999999999,
7,2024-05-13T13:32:35.097Z,15.30699999999999,
7,2024-05-13T13:32:36.097Z,15.34519999999999,
7,2024-05-13T13:32:37.097Z,15.74169999999999,
7,2024-05-13T13:32:38.097Z,13.376999999999988,
7,2024-05-13T13:32:39.097Z,13.376899999999988,
7,2024-05-13T13:32:40.097Z,13.376999999999988,
7,2024-05-13T13:32:41.097Z,13.377199999999988,
7,2024-05-13T13:32:42.097Z,12.570899999999988,
7,2024-05-13T13:32:43.097Z,12.759799999999988,
7,2024-05-13T13:32:44.097Z,12.772699999999988,
7,2024-05-13T13:32:45.097Z,12.772799999999988,
7,2024-05-13T13:32:46.097Z,12.772899999999987,
7,2024-05-13T13:32:47.097Z,12.773399999999988,
7,2024-05-13T13:32:48.097Z,12.773499999999988,
7,2024-05-13T13:32:49.097Z,12.774099999999988,
7,2024-05-13T13:32:50.097Z,12.771799999999988,
7,2024-05-13T13:32:51.097Z,12.789899999999989,
7,2024-05-13T13:32:52.097Z,12.78739999999999,
7,2024-05-13T13:32:53.097Z,12.78109999999999,
7,2024-05-13T13:32:54.097Z,12.77479999999999,
7,2024-05-13T13:32:55.097Z,12.77619999999999,
7,2024-05-13T13:32:56.097Z,12.77309999999999,
7,2024-05-13T13:32:57.097Z,13.57939999999999,
7,2024-05-13T13:32:58.097Z,14.385699999999991,
7,2024-05-13T13:32:59.097Z,14.38739999999999,
7,2024-05-13T13:33:00.097Z,14.38429999999999,
7,2024-05-13T13:33:01.097Z,14.384899999999991,
7,2024-05-13T13:33:02.097Z,14.381799999999991,
7,2024-05-13T13:33:03.097Z,14.425899999999992,
7,2024-05-13T13:33:04.097Z,14.425999999999991,
7,2024-05-13T13:33:05.097Z,14.426099999999991,
7,2024-05-13T13:33:06.097Z,14.425899999999992,
7,2024-05-13T13:33:07.097Z,14.435599999999992,
7,2024-05-13T13:33:08.097Z,11.992499999999993,
7,2024-05-13T13:33:09.097Z,11.992599999999992,
7,2024-05-13T13:33:10.097Z,11.992699999999992,
7,2024-05-13T13:33:11.097Z,11.992799999999992,
7,2024-05-13T13:33:12.097Z,11.992899999999992,
7,2024-05-13T13:33:13.097Z,12.624999999999991,
7,2024-05-13T13:33:14.097Z,12.643899999999991,
7,2024-05-13T13:33:15.097Z,12.643999999999991,
7,2024-05-13T13:33:16.097Z,12.644099999999991,
7,2024-05-13T13:33:17.097Z,12.64419999999999,
7,2024-05-13T13:33:18.097Z,12.64449999999999,
7,2024-05-13T13:33:19.097Z,12.64459999999999,
7,2024-05-13T13:33:20.097Z,12.64469999999999,
7,2024-05-13T13:33:21.097Z,12.64479999999999,
7,2024-05-13T13:33:22.097Z,12.64489999999999,
7,2024-05-13T13:33:23.097Z,12.644999999999989,
7,2024-05-13T13:33:24.097Z,12.645099999999989,
7,2024-05-13T13:33:25.097Z,12.645199999999988,
7,2024-05-13T13:33:26.097Z,12.645299999999988,
7,2024-05-13T13:33:27.097Z,12.663799999999988,
7,2024-05-13T13:33:28.097Z,12.663899999999988,
7,2024-05-13T13:33:29.097Z,12.663799999999988,
7,2024-05-13T13:33:30.097Z,12.663899999999988,
7,2024-05-13T13:33:31.097Z,12.663999999999987,
7,2024-05-13T13:33:32.097Z,12.664099999999987,
7,2024-05-13T13:33:33.097Z,12.682999999999987,
7,2024-05-13T13:33:34.097Z,12.683099999999987,
7,2024-05-13T13:33:35.097Z,12.689399999999987,
7,2024-05-13T13:33:36.097Z,12.689499999999986,
7,2024-05-13T13:33:37.097Z,12.689599999999986,
7,2024-05-13T13:33:38.097Z,12.689699999999986,
7,2024-05-13T13:33:39.097Z,12.689799999999986,
7,2024-05-13T13:33:40.097Z,12.689899999999986,
7,2024-05-13T13:33:41.097Z,12.689999999999985,
7,2024-05-13T13:33:42.097Z,12.690099999999985,
7,2024-05-13T13:33:43.097Z,12.683799999999986,
7,2024-05-13T13:33:44.097Z,12.701499999999985,
7,2024-05-13T13:33:45.097Z,12.701599999999985,
7,2024-05-13T13:33:46.097Z,12.720099999999984,
7,2024-05-13T13:33:47.097Z,12.720199999999984,
7,2024-05-13T13:33:48.097Z,12.720299999999984,
7,2024-05-13T13:33:49.097Z,12.720399999999984,
7,2024-05-13T13:33:50.097Z,12.720499999999983,
7,2024-05-13T13:33:51.097Z,12.720599999999983,
7,2024-05-13T13:33:52.097Z,12.719099999999983,
7,2024-05-13T13:33:53.097Z,12.719699999999987,
7,2024-05-13T13:33:54.097Z,12.719799999999987,
7,2024-05-13T13:33:55.097Z,12.719899999999987,
7,2024-05-13T13:33:56.097Z,12.719999999999986,
7,2024-05-13T13:33:57.097Z,12.720099999999986,
7,2024-05-13T13:33:58.097Z,12.720199999999986,
7,2024-05-13T13:33:59.097Z,12.719499999999986,
7,2024-05-13T13:34:00.097Z,12.719599999999986,
7,2024-05-13T13:34:01.097Z,12.719699999999985,
7,2024-05-13T13:34:02.097Z,12.719799999999985,
7,2024-05-13T13:34:03.097Z,12.719699999999985,
7,2024-05-13T13:34:04.097Z,13.063799999999985,
7,2024-05-13T13:34:05.097Z,13.146199999999984,
7,2024-05-13T13:34:06.097Z,13.147599999999985,
7,2024-05-13T13:34:07.097Z,9.893099999999986,
7,2024-05-13T13:34:08.097Z,9.886799999999987,
7,2024-05-13T13:34:09.097Z,9.905299999999986,
7,2024-05-13T13:34:10.097Z,9.905399999999986,
7,2024-05-13T13:34:11.097Z,9.905499999999986,
7,2024-05-13T13:34:12.097Z,9.905599999999986,
7,2024-05-13T13:34:13.097Z,9.905699999999985,
7,2024-05-13T13:34:14.097Z,9.905799999999985,
7,2024-05-13T13:34:15.097Z,9.905899999999985,
7,2024-05-13T13:34:16.097Z,9.905999999999985,
7,2024-05-13T13:34:17.097Z,9.906099999999984,
7,2024-05-13T13:34:18.097Z,9.912399999999984,
7,2024-05-13T13:34:19.097Z,9.912499999999984,
7,2024-05-13T13:34:20.097Z,9.912599999999983,
7,2024-05-13T13:34:21.097Z,9.912699999999983,
7,2024-05-13T13:34:22.097Z,9.915599999999984,
7,2024-05-13T13:34:23.097Z,9.912499999999984,
7,2024-05-13T13:34:24.097Z,9.893399999999982,
7,2024-05-13T13:34:25.097Z,9.890299999999982,
7,2024-05-13T13:34:26.097Z,9.907999999999983,
7,2024-05-13T13:34:27.097Z,9.906499999999983,
7,2024-05-13T13:34:28.097Z,9.906599999999983,
7,2024-05-13T13:34:29.097Z,9.906699999999983,
7,2024-05-13T13:34:30.097Z,9.906599999999983,
7,2024-05-13T13:34:31.097Z,9.887499999999982,
7,2024-05-13T13:34:32.097Z,9.89239999999998,
7,2024-05-13T13:34:33.097Z,9.89249999999998,
7,2024-05-13T13:34:34.097Z,9.892299999999981,
7,2024-05-13T13:34:35.097Z,9.908399999999983,
7,2024-05-13T13:34:36.097Z,9.908499999999982,
7,2024-05-13T13:34:37.097Z,9.908599999999982,
7,2024-05-13T13:34:38.097Z,9.908699999999982,
7,2024-05-13T13:34:39.097Z,9.908799999999982,
7,2024-05-13T13:34:40.097Z,9.908899999999981,
7,2024-05-13T13:34:41.097Z,9.908999999999981,
7,2024-05-13T13:34:42.097Z,9.909099999999981,
7,2024-05-13T13:34:43.097Z,9.90919999999998,
7,2024-05-13T13:34:44.097Z,9.90929999999998,
7,2024-05-13T13:34:45.097Z,9.90939999999998,
7,2024-05-13T13:34:46.097Z,9.908699999999982,
7,2024-05-13T13:34:47.097Z,9.939199999999978,
7,2024-05-13T13:34:48.097Z,9.939299999999978,
7,2024-05-13T13:34:49.097Z,9.939399999999978,
7,2024-05-13T13:34:50.097Z,9.939299999999978,
7,2024-05-13T13:34:51.097Z,9.939399999999978,
7,2024-05-13T13:34:52.097Z,9.933099999999978,
7,2024-05-13T13:34:53.097Z,6.668999999999979,
7,2024-05-13T13:34:54.097Z,4.224299999999978,
7,2024-05-13T13:34:55.097Z,4.217999999999979,
7,2024-05-13T13:34:56.097Z,4.229299999999977,
7,2024-05-13T13:34:57.097Z,4.229399999999977,
7,2024-05-13T13:34:58.097Z,4.229499999999977,
7,2024-05-13T13:34:59.097Z,4.2295999999999765,
7,2024-05-13T13:35:00.097Z,4.229699999999976,
7,2024-05-13T13:35:01.097Z,4.2295999999999765,
7,2024-05-13T13:35:02.097Z,4.229699999999976,
7,2024-05-13T13:35:03.097Z,4.229799999999976,
7,2024-05-13T13:35:04.097Z,4.229899999999976,
7,2024-05-13T13:35:05.097Z,4.229699999999976,
7,2024-05-13T13:35:06.097Z,4.247399999999978,
7,2024-05-13T13:35:07.097Z,4.247499999999977,
7,2024-05-13T13:35:08.097Z,4.247599999999977,
7,2024-05-13T13:35:09.097Z,4.247699999999977,
7,2024-05-13T13:35:10.097Z,4.247799999999977,
7,2024-05-13T13:35:11.097Z,4.2478999999999765,
7,2024-05-13T13:35:12.097Z,4.247999999999976,
7,2024-05-13T13:35:13.097Z,4.248099999999976,
7,2024-05-13T13:35:14.097Z,4.248199999999976,
7,2024-05-13T13:35:15.097Z,4.245099999999976,
7,2024-05-13T13:35:16.097Z,4.245199999999976,
7,2024-05-13T13:35:17.097Z,4.245299999999975,
7,2024-05-13T13:35:18.097Z,4.245399999999975,
7,2024-05-13T13:35:19.097Z,4.250299999999974,
7,2024-05-13T13:35:20.097Z,4.249999999999975,
7,2024-05-13T13:35:21.097Z,4.250099999999975,
7,2024-05-13T13:35:22.097Z,4.250199999999975,
7,2024-05-13T13:35:23.097Z,4.250299999999974,
7,2024-05-13T13:35:24.097Z,4.250399999999974,
7,2024-05-13T13:35:25.097Z,4.250499999999974,
7,2024-05-13T13:35:26.097Z,4.250599999999974,
7,2024-05-13T13:35:27.097Z,4.2506999999999735,
7,2024-05-13T13:35:28.097Z,4.250799999999973,
7,2024-05-13T13:35:29.097Z,4.250899999999973,
7,2024-05-13T13:35:30.097Z,4.250999999999973,
7,2024-05-13T13:35:31.097Z,4.251099999999973,
7,2024-05-13T13:35:32.097Z,4.251199999999972,
7,2024-05-13T13:35:33.097Z,4.251299999999972,
7,2024-05-13T13:35:34.097Z,4.251399999999972,
7,2024-05-13T13:35:35.097Z,4.251499999999972,
7,2024-05-13T13:35:36.097Z,4.251599999999971,
7,2024-05-13T13:35:37.097Z,4.251699999999971,
7,2024-05-13T13:35:38.097Z,4.251799999999971,
7,2024-05-13T13:35:39.097Z,4.251899999999971,
7,2024-05-13T13:35:40.097Z,4.2519999999999705,
7,2024-05-13T13:35:41.097Z,4.25209999999997,
7,2024-05-13T13:35:42.097Z,4.25219999999997,
7,2024-05-13T13:35:43.097Z,4.25229999999997,
7,2024-05-13T13:35:44.097Z,4.2523999999999695,
7,2024-05-13T13:35:45.097Z,4.252499999999969,
7,2024-05-13T13:35:46.097Z,4.252599999999969,
7,2024-05-13T13:35:47.097Z,4.252699999999969,
7,2024-05-13T13:35:48.097Z,4.252799999999969,
7,2024-05-13T13:35:49.097Z,4.252899999999968,
7,2024-05-13T13:35:50.097Z,4.252999999999968,
7,2024-05-13T13:35:51.097Z,4.253099999999968,
7,2024-05-13T13:35:52.097Z,4.253199999999968,
7,2024-05-13T13:35:53.097Z,4.253299999999967,
7,2024-05-13T13:35:54.097Z,4.253399999999967,
7,2024-05-13T13:35:55.097Z,4.253499999999967,
7,2024-05-13T13:35:56.097Z,4.253599999999967,
7,2024-05-13T13:35:57.097Z,4.2536999999999665,
7,2024-05-13T13:35:58.097Z,4.253799999999966,
7,2024-05-13T13:35:59.097Z,4.253899999999966,
7,2024-05-13T13:36:00.097Z,4.253999999999966,
7,2024-05-13T13:36:01.097Z,4.254099999999966,
7,2024-05-13T13:36:02.097Z,4.254199999999965,
7,2024-05-13T13:36:03.097Z,4.254299999999965,
7,2024-05-13T13:36:04.097Z,4.254399999999965,
7,2024-05-13T13:36:05.097Z,4.254499999999965,
7,2024-05-13T13:36:06.097Z,4.254599999999964,
7,2024-05-13T13:36:07.097Z,4.254699999999964,
7,2024-05-13T13:36:08.097Z,4.254499999999965,
7,2024-05-13T13:36:09.097Z,4.255899999999965,
7,2024-05-13T13:36:10.097Z,4.249599999999965,
7,2024-05-13T13:36:11.097Z,4.249699999999965,
7,2024-05-13T13:36:12.097Z,5.049399999999967,
7,2024-05-13T13:36:13.097Z,5.049499999999966,
7,2024-05-13T13:36:14.097Z,5.049599999999966,
7,2024-05-13T13:36:15.097Z,5.049699999999966,
7,2024-05-13T13:36:16.097Z,5.049799999999966,
7,2024-05-13T13:36:17.097Z,5.049899999999965,
7,2024-05-13T13:36:18.097Z,5.049999999999965,
7,2024-05-13T13:36:19.097Z,5.043699999999966,
7,2024-05-13T13:36:20.097Z,5.046199999999967,
7,2024-05-13T13:36:21.097Z,5.046299999999967,
7,2024-05-13T13:36:22.097Z,5.0463999999999665,
7,2024-05-13T13:36:23.097Z,5.046499999999966,
7,2024-05-13T13:36:24.097Z,5.046599999999966,
7,2024-05-13T13:36:25.097Z,5.046699999999966,
7,2024-05-13T13:36:26.097Z,5.045999999999967,
7,2024-05-13T13:36:27.097Z,5.026899999999966,
7,2024-05-13T13:36:28.097Z,5.0269999999999655,
7,2024-05-13T13:36:29.097Z,5.027099999999965,
7,2024-05-13T13:36:30.097Z,5.025399999999966,
7,2024-05-13T13:36:31.097Z,5.828699999999966,
7,2024-05-13T13:36:32.097Z,6.019199999999966,
7,2024-05-13T13:36:33.097Z,6.044599999999967,
7,2024-05-13T13:36:34.097Z,3.6190999999999676,
7,2024-05-13T13:36:35.097Z,3.6191999999999673,
7,2024-05-13T13:36:36.097Z,3.619299999999967,
7,2024-05-13T13:36:37.097Z,3.619399999999967,
7,2024-05-13T13:36:38.097Z,3.624299999999966,
7,2024-05-13T13:36:39.097Z,3.624399999999966,
7,2024-05-13T13:36:40.097Z,3.6244999999999656,
7,2024-05-13T13:36:41.097Z,3.6245999999999654,
7,2024-05-13T13:36:42.097Z,3.624699999999965,
7,2024-05-13T13:36:43.097Z,3.624699999999965,
7,2024-05-13T13:36:44.097Z,3.6248999999999647,
7,2024-05-13T13:36:45.097Z,3.6249999999999645,
7,2024-05-13T13:36:46.097Z,3.6250999999999642,
7,2024-05-13T13:36:47.097Z,3.625199999999964,
7,2024-05-13T13:36:48.097Z,3.6238999999999635,
7,2024-05-13T13:36:49.097Z,4.001299999999965,
7,2024-05-13T13:36:50.097Z,4.000999999999966,
7,2024-05-13T13:36:51.097Z,4.0010999999999655,
7,2024-05-13T13:36:52.097Z,4.002499999999966,
7,2024-05-13T13:36:53.097Z,4.0021999999999665,
7,2024-05-13T13:36:54.097Z,3.9990999999999666,
7,2024-05-13T13:36:55.097Z,3.979999999999965,
7,2024-05-13T13:36:56.097Z,3.9792999999999665,
7,2024-05-13T13:36:57.097Z,4.426599999999965,
7,2024-05-13T13:36:58.097Z,4.4450999999999645,
7,2024-05-13T13:36:59.097Z,4.440199999999965,
7,2024-05-13T13:37:00.097Z,2.981099999999966,
7,2024-05-13T13:37:01.097Z,3.0192999999999657,
7,2024-05-13T13:37:02.097Z,2.980999999999966,
7,2024-05-13T13:37:03.097Z,2.981099999999966,
7,2024-05-13T13:37:04.097Z,2.9807999999999666,
7,2024-05-13T13:37:05.097Z,2.9792999999999665,
7,2024-05-13T13:37:06.097Z,2.972999999999967,
7,2024-05-13T13:37:07.097Z,2.9914999999999665,
7,2024-05-13T13:37:08.097Z,2.991299999999967,
7,2024-05-13T13:37:09.097Z,2.9913999999999668,
7,2024-05-13T13:37:10.097Z,2.991699999999966,
7,2024-05-13T13:37:11.097Z,2.9915999999999663,
7,2024-05-13T13:37:12.097Z,3.0234999999999665,
7,2024-05-13T13:37:13.097Z,3.0235999999999663,
7,2024-05-13T13:37:14.097Z,3.023699999999966,
7,2024-05-13T13:37:15.097Z,3.023799999999966,
7,2024-05-13T13:37:16.097Z,3.0230999999999675,
7,2024-05-13T13:37:17.097Z,3.0231999999999672,
7,2024-05-13T13:37:18.097Z,3.023299999999967,
7,2024-05-13T13:37:19.097Z,3.023399999999967,
7,2024-05-13T13:37:20.097Z,3.0234999999999665,
7,2024-05-13T13:37:21.097Z,3.0235999999999663,
7,2024-05-13T13:37:22.097Z,3.023699999999966,
7,2024-05-13T13:37:23.097Z,3.023799999999966,
7,2024-05-13T13:37:24.097Z,3.0238999999999656,
7,2024-05-13T13:37:25.097Z,3.0239999999999654,
7,2024-05-13T13:37:26.097Z,3.024099999999965,
7,2024-05-13T13:37:27.097Z,3.0239999999999654,
7,2024-05-13T13:37:28.097Z,3.024099999999965,
7,2024-05-13T13:37:29.097Z,3.0273999999999646,
7,2024-05-13T13:37:30.097Z,3.0274999999999643,
7,2024-05-13T13:37:31.097Z,3.028099999999963,
7,2024-05-13T13:37:32.097Z,3.0231999999999637,
7,2024-05-13T13:37:33.097Z,3.022999999999964,
7,2024-05-13T13:37:34.097Z,3.0227999999999646,
7,2024-05-13T13:37:35.097Z,3.0228999999999644,
7,2024-05-13T13:37:36.097Z,3.022599999999965,
7,2024-05-13T13:37:37.097Z,3.0218999999999667,
7,2024-05-13T13:37:38.097Z,3.0219999999999665,
7,2024-05-13T13:37:39.097Z,3.0204999999999664,
7,2024-05-13T13:37:40.097Z,3.0189999999999664,
7,2024-05-13T13:37:41.097Z,3.0318999999999647,
7,2024-05-13T13:37:42.097Z,3.0380999999999645,
7,2024-05-13T13:37:43.097Z,3.031799999999965,
7,2024-05-13T13:37:44.097Z,3.8318999999999654,
7,2024-05-13T13:37:45.097Z,3.849599999999967,
7,2024-05-13T13:37:46.097Z,3.8496999999999666,
7,2024-05-13T13:37:47.097Z,3.851099999999967,
7,2024-05-13T13:37:48.097Z,3.8516999999999655,
7,2024-05-13T13:37:49.097Z,3.8517999999999653,
7,2024-05-13T13:37:50.097Z,3.8520999999999646,
7,2024-05-13T13:37:51.097Z,3.8521999999999643,
7,2024-05-13T13:37:52.097Z,3.851499999999966,
7,2024-05-13T13:37:53.097Z,3.8675999999999675,
7,2024-05-13T13:37:54.097Z,3.8676999999999673,
7,2024-05-13T13:37:55.097Z,3.866999999999969,
7,2024-05-13T13:37:56.097Z,3.8830999999999705,
7,2024-05-13T13:37:57.097Z,3.8831999999999702,
7,2024-05-13T13:37:58.097Z,3.88329999999997,
7,2024-05-13T13:37:59.097Z,3.8833999999999698,
7,2024-05-13T13:38:00.097Z,3.8826999999999714,
7,2024-05-13T13:38:01.097Z,3.898799999999973,
7,2024-05-13T13:38:02.097Z,3.8988999999999727,
7,2024-05-13T13:38:03.097Z,3.8989999999999725,
7,2024-05-13T13:38:04.097Z,3.8990999999999723,
7,2024-05-13T13:38:05.097Z,3.899199999999972,
7,2024-05-13T13:38:06.097Z,3.899299999999972,
7,2024-05-13T13:38:07.097Z,3.8993999999999716,
7,2024-05-13T13:38:08.097Z,3.8994999999999713,
7,2024-05-13T13:38:09.097Z,3.8997999999999706,
7,2024-05-13T13:38:10.097Z,3.8990999999999723,
7,2024-05-13T13:38:11.097Z,3.9167999999999736,
7,2024-05-13T13:38:12.097Z,3.916999999999973,
7,2024-05-13T13:38:13.097Z,3.923199999999973,
7,2024-05-13T13:38:14.097Z,3.9168999999999734,
7,2024-05-13T13:38:15.097Z,3.934599999999975,
7,2024-05-13T13:38:16.097Z,3.9342999999999755,
7,2024-05-13T13:38:17.097Z,3.947199999999974,
7,2024-05-13T13:38:18.097Z,3.9472999999999736,
7,2024-05-13T13:38:19.097Z,3.9473999999999734,
7,2024-05-13T13:38:20.097Z,3.947499999999973,
7,2024-05-13T13:38:21.097Z,3.9443999999999733,
7,2024-05-13T13:38:22.097Z,3.944499999999973,
7,2024-05-13T13:38:23.097Z,3.9451999999999714,
7,2024-05-13T13:38:24.097Z,3.945299999999971,
7,2024-05-13T13:38:25.097Z,3.944599999999973,
7,2024-05-13T13:38:26.097Z,3.941499999999973,
7,2024-05-13T13:38:27.097Z,3.943999999999974,
7,2024-05-13T13:38:28.097Z,3.9437999999999747,
7,2024-05-13T13:38:29.097Z,4.129499999999975,
7,2024-05-13T13:38:30.097Z,4.129599999999975,
7,2024-05-13T13:38:31.097Z,4.126499999999975,
7,2024-05-13T13:38:32.097Z,4.123099999999976,
7,2024-05-13T13:38:33.097Z,4.123199999999976,
7,2024-05-13T13:38:34.097Z,4.121699999999976,
7,2024-05-13T13:38:35.097Z,4.1217999999999755,
7,2024-05-13T13:38:36.097Z,4.121899999999975,
7,2024-05-13T13:38:37.097Z,4.121999999999975,
7,2024-05-13T13:38:38.097Z,4.122099999999975,
7,2024-05-13T13:38:39.097Z,4.115899999999975,
7,2024-05-13T13:38:40.097Z,4.134799999999974,
7,2024-05-13T13:38:41.097Z,4.134899999999973,
7,2024-05-13T13:38:42.097Z,4.134999999999973,
7,2024-05-13T13:38:43.097Z,4.129999999999974,
7,2024-05-13T13:38:44.097Z,6.554899999999975,
7,2024-05-13T13:38:45.097Z,6.554999999999975,
7,2024-05-13T13:38:46.097Z,6.555099999999975,
7,2024-05-13T13:38:47.097Z,6.555999999999976,
7,2024-05-13T13:38:48.097Z,6.556499999999975,
7,2024-05-13T13:38:49.097Z,6.562199999999976,
7,2024-05-13T13:38:50.097Z,6.5618999999999765,
7,2024-05-13T13:38:51.097Z,6.580899999999975,
7,2024-05-13T13:38:52.097Z,6.580999999999975,
7,2024-05-13T13:38:53.097Z,6.581099999999974,
7,2024-05-13T13:38:54.097Z,6.581199999999974,
7,2024-05-13T13:38:55.097Z,6.581299999999974,
7,2024-05-13T13:38:56.097Z,6.581399999999974,
7,2024-05-13T13:38:57.097Z,6.5814999999999735,
7,2024-05-13T13:38:58.097Z,6.581599999999973,
7,2024-05-13T13:38:59.097Z,6.581699999999973,
7,2024-05-13T13:39:00.097Z,6.581799999999973,
7,2024-05-13T13:39:01.097Z,6.5818999999999726,
7,2024-05-13T13:39:02.097Z,6.581599999999973,
7,2024-05-13T13:39:03.097Z,6.581699999999973,
7,2024-05-13T13:39:04.097Z,6.581799999999973,
7,2024-05-13T13:39:05.097Z,6.5818999999999726,
7,2024-05-13T13:39:06.097Z,6.581999999999972,
7,2024-05-13T13:39:07.097Z,6.582099999999972,
7,2024-05-13T13:39:08.097Z,6.588199999999972,
7,2024-05-13T13:39:09.097Z,6.587499999999974,
7,2024-05-13T13:39:10.097Z,6.605999999999973,
7,2024-05-13T13:39:11.097Z,4.336899999999975,
7,2024-05-13T13:39:12.097Z,4.336999999999975,
7,2024-05-13T13:39:13.097Z,4.337099999999975,
7,2024-05-13T13:39:14.097Z,4.336399999999976,
7,2024-05-13T13:39:15.097Z,4.349199999999975,
7,2024-05-13T13:39:16.097Z,4.349299999999975,
7,2024-05-13T13:39:17.097Z,4.349399999999974,
7,2024-05-13T13:39:18.097Z,4.349499999999974,
7,2024-05-13T13:39:19.097Z,4.349599999999974,
7,2024-05-13T13:39:20.097Z,4.349699999999974,
7,2024-05-13T13:39:21.097Z,4.3497999999999735,
7,2024-05-13T13:39:22.097Z,4.349899999999973,
7,2024-05-13T13:39:23.097Z,4.349999999999973,
7,2024-05-13T13:39:24.097Z,4.350099999999973,
7,2024-05-13T13:39:25.097Z,4.3501999999999725,
7,2024-05-13T13:39:26.097Z,4.350299999999972,
7,2024-05-13T13:39:27.097Z,4.350399999999972,
7,2024-05-13T13:39:28.097Z,4.350499999999972,
7,2024-05-13T13:39:29.097Z,4.350599999999972,
7,2024-05-13T13:39:30.097Z,4.350699999999971,
7,2024-05-13T13:39:31.097Z,4.350799999999971,
7,2024-05-13T13:39:32.097Z,4.350899999999971,
7,2024-05-13T13:39:33.097Z,4.350999999999971,
7,2024-05-13T13:39:34.097Z,4.35109999999997,
7,2024-05-13T13:39:35.097Z,4.35119999999997,
7,2024-05-13T13:39:36.097Z,4.35129999999997,
7,2024-05-13T13:39:37.097Z,4.35139999999997,
7,2024-05-13T13:39:38.097Z,4.3514999999999695,
7,2024-05-13T13:39:39.097Z,4.351599999999969,
7,2024-05-13T13:39:40.097Z,4.351699999999969,
7,2024-05-13T13:39:41.097Z,4.351799999999969,
7,2024-05-13T13:39:42.097Z,4.351899999999969,
7,2024-05-13T13:39:43.097Z,4.351999999999968,
7,2024-05-13T13:39:44.097Z,4.352099999999968,
7,2024-05-13T13:39:45.097Z,4.352199999999968,
7,2024-05-13T13:39:46.097Z,4.352299999999968,
7,2024-05-13T13:39:47.097Z,4.350799999999968,
7,2024-05-13T13:39:48.097Z,4.363699999999966,
7,2024-05-13T13:39:49.097Z,4.363799999999966,
7,2024-05-13T13:39:50.097Z,4.3638999999999655,
7,2024-05-13T13:39:51.097Z,4.360799999999966,
7,2024-05-13T13:39:52.097Z,4.361099999999965,
7,2024-05-13T13:39:53.097Z,4.3603999999999665,
7,2024-05-13T13:39:54.097Z,4.392499999999966,
7,2024-05-13T13:39:55.097Z,4.392599999999966,
7,2024-05-13T13:39:56.097Z,4.406799999999965,
7,2024-05-13T13:39:57.097Z,4.406899999999965,
7,2024-05-13T13:39:58.097Z,4.4069999999999645,
7,2024-05-13T13:39:59.097Z,4.407099999999964,
7,2024-05-13T13:40:00.097Z,4.407199999999964,
7,2024-05-13T13:40:01.097Z,4.407299999999964,
7,2024-05-13T13:40:02.097Z,4.407399999999964,
7,2024-05-13T13:40:03.097Z,4.407499999999963,
7,2024-05-13T13:40:04.097Z,4.407599999999963,
7,2024-05-13T13:40:05.097Z,4.407699999999963,
7,2024-05-13T13:40:06.097Z,4.407799999999963,
7,2024-05-13T13:40:07.097Z,4.407599999999963,
7,2024-05-13T13:40:08.097Z,4.407699999999963,
7,2024-05-13T13:40:09.097Z,4.407799999999963,
7,2024-05-13T13:40:10.097Z,4.407899999999962,
7,2024-05-13T13:40:11.097Z,4.407999999999962,
7,2024-05-13T13:40:12.097Z,4.408099999999962,
7,2024-05-13T13:40:13.097Z,4.408199999999962,
7,2024-05-13T13:40:14.097Z,4.4082999999999615,
7,2024-05-13T13:40:15.097Z,4.408399999999961,
7,2024-05-13T13:40:16.097Z,4.408499999999961,
7,2024-05-13T13:40:17.097Z,4.40299999999996,
7,2024-05-13T13:40:18.097Z,4.403099999999959,
7,2024-05-13T13:40:19.097Z,4.403199999999959,
7,2024-05-13T13:40:20.097Z,4.403299999999959,
7,2024-05-13T13:40:21.097Z,4.403399999999959,
7,2024-05-13T13:40:22.097Z,4.4034999999999584,
7,2024-05-13T13:40:23.097Z,4.403599999999958,
7,2024-05-13T13:40:24.097Z,4.403699999999958,
7,2024-05-13T13:40:25.097Z,4.403799999999958,
7,2024-05-13T13:40:26.097Z,4.4038999999999575,
7,2024-05-13T13:40:27.097Z,4.403999999999957,
7,2024-05-13T13:40:28.097Z,4.404099999999957,
7,2024-05-13T13:40:29.097Z,4.404199999999957,
7,2024-05-13T13:40:30.097Z,4.404299999999957,
7,2024-05-13T13:40:31.097Z,4.404399999999956,
7,2024-05-13T13:40:32.097Z,4.404499999999956,
7,2024-05-13T13:40:33.097Z,4.404299999999957,
7,2024-05-13T13:40:34.097Z,4.404399999999956,
7,2024-05-13T13:40:35.097Z,4.404499999999956,
7,2024-05-13T13:40:36.097Z,4.404599999999956,
7,2024-05-13T13:40:37.097Z,4.404699999999956,
7,2024-05-13T13:40:38.097Z,4.404799999999955,
7,2024-05-13T13:40:39.097Z,4.404899999999955,
7,2024-05-13T13:40:40.097Z,4.404999999999955,
7,2024-05-13T13:40:41.097Z,4.405099999999955,
7,2024-05-13T13:40:42.097Z,4.4051999999999545,
7,2024-05-13T13:40:43.097Z,4.405299999999954,
7,2024-05-13T13:40:44.097Z,4.405399999999954,
7,2024-05-13T13:40:45.097Z,4.405499999999954,
7,2024-05-13T13:40:46.097Z,4.4055999999999536,
7,2024-05-13T13:40:47.097Z,4.405699999999953,
7,2024-05-13T13:40:48.097Z,4.408699999999953,
7,2024-05-13T13:40:49.097Z,4.408799999999953,
7,2024-05-13T13:40:50.097Z,4.408899999999953,
7,2024-05-13T13:40:51.097Z,4.408999999999953,
7,2024-05-13T13:40:52.097Z,4.4090999999999525,
7,2024-05-13T13:40:53.097Z,4.409199999999952,
7,2024-05-13T13:40:54.097Z,4.402899999999953,
7,2024-05-13T13:40:55.097Z,4.425299999999954,
7,2024-05-13T13:40:56.097Z,4.425599999999953,
7,2024-05-13T13:40:57.097Z,4.425699999999953,
7,2024-05-13T13:40:58.097Z,4.425799999999953,
7,2024-05-13T13:40:59.097Z,4.425899999999952,
7,2024-05-13T13:41:00.097Z,4.425999999999952,
7,2024-05-13T13:41:01.097Z,4.426099999999952,
7,2024-05-13T13:41:02.097Z,4.426199999999952,
7,2024-05-13T13:41:03.097Z,4.4262999999999515,
7,2024-05-13T13:41:04.097Z,4.426399999999951,
7,2024-05-13T13:41:05.097Z,4.426499999999951,
7,2024-05-13T13:41:06.097Z,4.426599999999951,
7,2024-05-13T13:41:07.097Z,4.426699999999951,
8,2024-05-13T13:30:37.097Z,26.3,
8,2024-05-13T13:30:38.097Z,26.2809,
8,2024-05-13T13:30:39.097Z,26.2814,
8,2024-05-13T13:30:40.097Z,26.2815,
8,2024-05-13T13:30:41.097Z,26.2752,
8,2024-05-13T13:30:42.097Z,26.2911,
8,2024-05-13T13:30:43.097Z,26.2912,
8,2024-05-13T13:30:44.097Z,26.2913,
8,2024-05-13T13:30:45.097Z,26.2914,
8,2024-05-13T13:30:46.097Z,26.2915,
8,2024-05-13T13:30:47.097Z,26.2852,
8,2024-05-13T13:30:48.097Z,26.2845,
8,2024-05-13T13:30:49.097Z,24.729400000000002,
8,2024-05-13T13:30:50.097Z,24.7295,
8,2024-05-13T13:30:51.097Z,24.729200000000002,
8,2024-05-13T13:30:52.097Z,22.278100000000002,
8,2024-05-13T13:30:53.097Z,22.278200000000002,
8,2024-05-13T13:30:54.097Z,22.2783,
8,2024-05-13T13:30:55.097Z,22.2784,
8,2024-05-13T13:30:56.097Z,22.2785,
8,2024-05-13T13:30:57.097Z,22.2786,
8,2024-05-13T13:30:58.097Z,22.2785,
8,2024-05-13T13:30:59.097Z,22.297,
8,2024-05-13T13:31:00.097Z,22.2969,
8,2024-05-13T13:31:01.097Z,22.297,
8,2024-05-13T13:31:02.097Z,22.2971,
8,2024-05-13T13:31:03.097Z,22.2972,
8,2024-05-13T13:31:04.097Z,22.2973,
8,2024-05-13T13:31:05.097Z,22.2974,
8,2024-05-13T13:31:06.097Z,22.2975,
8,2024-05-13T13:31:07.097Z,22.2976,
8,2024-05-13T13:31:08.097Z,22.2977,
8,2024-05-13T13:31:09.097Z,22.2978,
8,2024-05-13T13:31:10.097Z,22.2979,
8,2024-05-13T13:31:11.097Z,22.298,
8,2024-05-13T13:31:12.097Z,22.298099999999998,
8,2024-05-13T13:31:13.097Z,22.298199999999998,
8,2024-05-13T13:31:14.097Z,22.298299999999998,
8,2024-05-13T13:31:15.097Z,22.298399999999997,
8,2024-05-13T13:31:16.097Z,22.298499999999997,
8,2024-05-13T13:31:17.097Z,22.298599999999997,
8,2024-05-13T13:31:18.097Z,22.298699999999997,
8,2024-05-13T13:31:19.097Z,22.298799999999996,
8,2024-05-13T13:31:20.097Z,22.298899999999996,
8,2024-05-13T13:31:21.097Z,22.298999999999996,
8,2024-05-13T13:31:22.097Z,22.299099999999996,
8,2024-05-13T13:31:23.097Z,22.299199999999995,
8,2024-05-13T13:31:24.097Z,22.299299999999995,
8,2024-05-13T13:31:25.097Z,22.299399999999995,
8,2024-05-13T13:31:26.097Z,22.299499999999995,
8,2024-05-13T13:31:27.097Z,22.299599999999995,
8,2024-05-13T13:31:28.097Z,22.299699999999994,
8,2024-05-13T13:31:29.097Z,22.299799999999994,
8,2024-05-13T13:31:30.097Z,22.299899999999994,
8,2024-05-13T13:31:31.097Z,22.299999999999994,
8,2024-05-13T13:31:32.097Z,22.298499999999994,
8,2024-05-13T13:31:33.097Z,21.901799999999994,
8,2024-05-13T13:31:34.097Z,21.901899999999994,
8,2024-05-13T13:31:35.097Z,21.907999999999994,
8,2024-05-13T13:31:36.097Z,21.903299999999994,
8,2024-05-13T13:31:37.097Z,22.299299999999995,
8,2024-05-13T13:31:38.097Z,22.30079999999999,
8,2024-05-13T13:31:39.097Z,22.30089999999999,
8,2024-05-13T13:31:40.097Z,22.30099999999999,
8,2024-05-13T13:31:41.097Z,22.30109999999999,
8,2024-05-13T13:31:42.097Z,22.30089999999999,
8,2024-05-13T13:31:43.097Z,22.318599999999993,
8,2024-05-13T13:31:44.097Z,22.407999999999994,
8,2024-05-13T13:31:45.097Z,17.506199999999993,
8,2024-05-13T13:31:46.097Z,17.522299999999994,
8,2024-05-13T13:31:47.097Z,17.520799999999994,
8,2024-05-13T13:31:48.097Z,17.52089999999999,
8,2024-05-13T13:31:49.097Z,17.520999999999994,
8,2024-05-13T13:31:50.097Z,17.52109999999999,
8,2024-05-13T13:31:51.097Z,17.521199999999993,
8,2024-05-13T13:31:52.097Z,17.519699999999993,
8,2024-05-13T13:31:53.097Z,17.53579999999999,
8,2024-05-13T13:31:54.097Z,17.53589999999999,
8,2024-05-13T13:31:55.097Z,17.53879999999999,
8,2024-05-13T13:31:56.097Z,17.53729999999999,
8,2024-05-13T13:31:57.097Z,17.55619999999999,
8,2024-05-13T13:31:58.097Z,17.556299999999993,
8,2024-05-13T13:31:59.097Z,17.557799999999993,
8,2024-05-13T13:32:00.097Z,17.55789999999999,
8,2024-05-13T13:32:01.097Z,17.557999999999993,
8,2024-05-13T13:32:02.097Z,17.55809999999999,
8,2024-05-13T13:32:03.097Z,17.558199999999992,
8,2024-05-13T13:32:04.097Z,17.55829999999999,
8,2024-05-13T13:32:05.097Z,17.557999999999993,
8,2024-05-13T13:32:06.097Z,15.490899999999991,
8,2024-05-13T13:32:07.097Z,15.484599999999991,
8,2024-05-13T13:32:08.097Z,15.46709999999999,
8,2024-05-13T13:32:09.097Z,15.46399999999999,
8,2024-05-13T13:32:10.097Z,15.65579999999999,
8,2024-05-13T13:32:11.097Z,15.67349999999999,
8,2024-05-13T13:32:12.097Z,15.67199999999999,
8,2024-05-13T13:32:13.097Z,15.64649999999999,
8,2024-05-13T13:32:14.097Z,15.67859999999999,
8,2024-05-13T13:32:15.097Z,15.67549999999999,
8,2024-05-13T13:32:16.097Z,15.675199999999991,
8,2024-05-13T13:32:17.097Z,15.675299999999991,
8,2024-05-13T13:32:18.097Z,15.675099999999992,
8,2024-05-13T13:32:19.097Z,15.693999999999992,
8,2024-05-13T13:32:20.097Z,15.697099999999992,
8,2024-05-13T13:32:21.097Z,15.695499999999992,
8,2024-05-13T13:32:22.097Z,15.714799999999991,
8,2024-05-13T13:32:23.097Z,15.733299999999991,
8,2024-05-13T13:32:24.097Z,15.73339999999999,
8,2024-05-13T13:32:25.097Z,15.73029999999999,
8,2024-05-13T13:32:26.097Z,14.10479999999999,
8,2024-05-13T13:32:27.097Z,14.08569999999999,
8,2024-05-13T13:32:28.097Z,14.08579999999999,
8,2024-05-13T13:32:29.097Z,14.08509999999999,
8,2024-05-13T13:32:30.097Z,14.89119999999999,
8,2024-05-13T13:32:31.097Z,14.915299999999991,
8,2024-05-13T13:32:32.097Z,14.915399999999991,
8,2024-05-13T13:32:33.097Z,14.91709999999999,
8,2024-05-13T13:32:34.097Z,14.91649999999999,
8,2024-05-13T13:32:35.097Z,15.30699999999999,
8,2024-05-13T13:32:36.097Z,15.34519999999999,
8,2024-05-13T13:32:37.097Z,15.74169999999999,
8,2024-05-13T13:32:38.097Z,13.376999999999988,
8,2024-05-13T13:32:39.097Z,13.376899999999988,
8,2024-05-13T13:32:40.097Z,13.376999999999988,
8,2024-05-13T13:32:41.097Z,13.377199999999988,
8,2024-05-13T13:32:42.097Z,12.570899999999988,
8,2024-05-13T13:32:43.097Z,12.759799999999988,
8,2024-05-13T13:32:44.097Z,12.772699999999988,
8,2024-05-13T13:32:45.097Z,12.772799999999988,
8,2024-05-13T13:32:46.097Z,12.772899999999987,
8,2024-05-13T13:32:47.097Z,12.773399999999988,
8,2024-05-13T13:32:48.097Z,12.773499999999988,
8,2024-05-13T13:32:49.097Z,12.774099999999988,
8,2024-05-13T13:32:50.097Z,12.771799999999988,
8,2024-05-13T13:32:51.097Z,12.789899999999989,
8,2024-05-13T13:32:52.097Z,12.78739999999999,
8,2024-05-13T13:32:53.097Z,12.78109999999999,
8,2024-05-13T13:32:54.097Z,12.77479999999999,
8,2024-05-13T13:32:55.097Z,12.77619999999999,
8,2024-05-13T13:32:56.097Z,12.77309999999999,
8,2024-05-13T13:32:57.097Z,13.57939999999999,
8,2024-05-13T13:32:58.097Z,14.385699999999991,
8,2024-05-13T13:32:59.097Z,14.38739999999999,
8,2024-05-13T13:33:00.097Z,14.38429999999999,
8,2024-05-13T13:33:01.097Z,14.384899999999991,
8,2024-05-13T13:33:02.097Z,14.381799999999991,
8,2024-05-13T13:33:03.097Z,14.425899999999992,
8,2024-05-13T13:33:04.097Z,14.425999999999991,
8,2024-05-13T13:33:05.097Z,14.426099999999991,
8,2024-05-13T13:33:06.097Z,14.425899999999992,
8,2024-05-13T13:33:07.097Z,14.435599999999992,
8,2024-05-13T13:33:08.097Z,11.992499999999993,
8,2024-05-13T13:33:09.097Z,11.992599999999992,
8,2024-05-13T13:33:10.097Z,11.992699999999992,
8,2024-05-13T13:33:11.097Z,11.992799999999992,
8,2024-05-13T13:33:12.097Z,11.992899999999992,
8,2024-05-13T13:33:13.097Z,12.624999999999991,
8,2024-05-13T13:33:14.097Z,12.643899999999991,
8,2024-05-13T13:33:15.097Z,12.643999999999991,
8,2024-05-13T13:33:16.097Z,12.644099999999991,
8,2024-05-13T13:33:17.097Z,12.64419999999999,
8,2024-05-13T13:33:18.097Z,12.64449999999999,
8,2024-05-13T13:33:19.097Z,12.64459999999999,
8,2024-05-13T13:33:20.097Z,12.64469999999999,
8,2024-05-13T13:33:21.097Z,12.64479999999999,
8,2024-05-13T13:33:22.097Z,12.64489999999999,
8,2024-05-13T13:33:23.097Z,12.644999999999989,
8,2024-05-13T13:33:24.097Z,12.645099999999989,
8,2024-05-13T13:33:25.097Z,12.645199999999988,
8,2024-05-13T13:33:26.097Z,12.645299999999988,
8,2024-05-13T13:33:27.097Z,12.663799999999988,
8,2024-05-13T13:33:28.097Z,12.663899999999988,
8,2024-05-13T13:33:29.097Z,12.663799999999988,
8,2024-05-13T13:33:30.097Z,12.663899999999988,
8,2024-05-13T13:33:31.097Z,12.663999999999987,
8,2024-05-13T13:33:32.097Z,12.664099999999987,
8,2024-05-13T13:33:33.097Z,12.682999999999987,
8,2024-05-13T13:33:34.097Z,12.683099999999987,
8,2024-05-13T13:33:35.097Z,12.689399999999987,
8,2024-05-13T13:33:36.097Z,12.689499999999986,
8,2024-05-13T13:33:37.097Z,12.689599999999986,
8,2024-05-13T13:33:38.097Z,12.689699999999986,
8,2024-05-13T13:33:39.097Z,12.689799999999986,
8,2024-05-13T13:33:40.097Z,12.689899999999986,
8,2024-05-13T13:33:41.097Z,12.689999999999985,
8,2024-05-13T13:33:42.097Z,12.690099999999985,
8,2024-05-13T13:33:43.097Z,12.683799999999986,
8,2024-05-13T13:33:44.097Z,12.701499999999985,
8,2024-05-13T13:33:45.097Z,12.701599999999985,
8,2024-05-13T13:33:46.097Z,12.720099999999984,
8,2024-05-13T13:33:47.097Z,12.720199999999984,
8,2024-05-13T13:33:48.097Z,12.720299999999984,
8,2024-05-13T13:33:49.097Z,12.720399999999984,
8,2024-05-13T13:33:50.097Z,12.720499999999983,
8,2024-05-13T13:33:51.097Z,12.720599999999983,
8,2024-05-13T13:33:52.097Z,12.719099999999983,
8,2024-05-13T13:33:53.097Z,12.719699999999987,
8,2024-05-13T13:33:54.097Z,12.719799999999987,
8,2024-05-13T13:33:55.097Z,12.719899999999987,
8,2024-05-13T13:33:56.097Z,12.719999999999986,
8,2024-05-13T13:33:57.097Z,12.720099999999986,
8,2024-05-13T13:33:58.097Z,12.720199999999986,
8,2024-05-13T13:33:59.097Z,12.719499999999986,
8,2024-05-13T13:34:00.097Z,12.719599999999986,
8,2024-05-13T13:34:01.097Z,12.719699999999985,
8,2024-05-13T13:34:02.097Z,12.719799999999985,
8,2024-05-13T13:34:03.097Z,12.719699999999985,
8,2024-05-13T13:34:04.097Z,13.063799999999985,
8,2024-05-13T13:34:05.097Z,13.146199999999984,
8,2024-05-13T13:34:06.097Z,13.147599999999985,
8,2024-05-13T13:34:07.097Z,9.893099999999986,
8,2024-05-13T13:34:08.097Z,9.886799999999987,
8,2024-05-13T13:34:09.097Z,9.905299999999986,
8,2024-05-13T13:34:10.097Z,9.905399999999986,
8,2024-05-13T13:34:11.097Z,9.905499999999986,
8,2024-05-13T13:34:12.097Z,9.905599999999986,
8,2024-05-13T13:34:13.097Z,9.905699999999985,
8,2024-05-13T13:34:14.097Z,9.905799999999985,
8,2024-05-13T13:34:15.097Z,9.905899999999985,
8,2024-05-13T13:34:16.097Z,9.905999999999985,
8,2024-05-13T13:34:17.097Z,9.906099999999984,
8,2024-05-13T13:34:18.097Z,9.912399999999984,
8,2024-05-13T13:34:19.097Z,9.912499999999984,
8,2024-05-13T13:34:20.097Z,9.912599999999983,
8,2024-05-13T13:34:21.097Z,9.912699999999983,
8,2024-05-13T13:34:22.097Z,9.915599999999984,
8,2024-05-13T13:34:23.097Z,9.912499999999984,
8,2024-05-13T13:34:24.097Z,9.893399999999982,
8,2024-05-13T13:34:25.097Z,9.890299999999982,
8,2024-05-13T13:34:26.097Z,9.907999999999983,
8,2024-05-13T13:34:27.097Z,9.906499999999983,
8,2024-05-13T13:34:28.097Z,9.906599999999983,
8,2024-05-13T13:34:29.097Z,9.906699999999983,
8,2024-05-13T13:34:30.097Z,9.906599999999983,
8,2024-05-13T13:34:31.097Z,9.887499999999982,
8,2024-05-13T13:34:32.097Z,9.89239999999998,
8,2024-05-13T13:34:33.097Z,9.89249999999998,
8,2024-05-13T13:34:34.097Z,9.892299999999981,
8,2024-05-13T13:34:35.097Z,9.908399999999983,
8,2024-05-13T13:34:36.097Z,9.908499999999982,
8,2024-05-13T13:34:37.097Z,9.908599999999982,
8,2024-05-13T13:34:38.097Z,9.908699999999982,
8,2024-05-13T13:34:39.097Z,9.908799999999982,
8,2024-05-13T13:34:40.097Z,9.908899999999981,
8,2024-05-13T13:34:41.097Z,9.908999999999981,
8,2024-05-13T13:34:42.097Z,9.909099999999981,
8,2024-05-13T13:34:43.097Z,9.90919999999998,
8,2024-05-13T13:34:44.097Z,9.90929999999998,
8,2024-05-13T13:34:45.097Z,9.90939999999998,
8,2024-05-13T13:34:46.097Z,9.908699999999982,
8,2024-05-13T13:34:47.097Z,9.939199999999978,
8,2024-05-13T13:34:48.097Z,9.939299999999978,
8,2024-05-13T13:34:49.097Z,9.939399999999978,
8,2024-05-13T13:34:50.097Z,9.939299999999978,
8,2024-05-13T13:34:51.097Z,9.939399999999978,
8,2024-05-13T13:34:52.097Z,9.933099999999978,
8,2024-05-13T13:34:53.097Z,6.668999999999979,
8,2024-05-13T13:34:54.097Z,4.224299999999978,
8,2024-05-13T13:34:55.097Z,4.217999999999979,
8,2024-05-13T13:34:56.097Z,4.229299999999977,
8,2024-05-13T13:34:57.097Z,4.229399999999977,
8,2024-05-13T13:34:58.097Z,4.229499999999977,
8,2024-05-13T13:34:59.097Z,4.2295999999999765,
8,2024-05-13T13:35:00.097Z,4.229699999999976,
8,2024-05-13T13:35:01.097Z,4.2295999999999765,
8,2024-05-13T13:35:02.097Z,4.229699999999976,
8,2024-05-13T13:35:03.097Z,4.229799999999976,
8,2024-05-13T13:35:04.097Z,4.229899999999976,
8,2024-05-13T13:35:05.097Z,4.229699999999976,
8,2024-05-13T13:35:06.097Z,4.247399999999978,
8,2024-05-13T13:35:07.097Z,4.247499999999977,
8,2024-05-13T13:35:08.097Z,4.247599999999977,
8,2024-05-13T13:35:09.097Z,4.247699999999977,
8,2024-05-13T13:35:10.097Z,4.247799999999977,
8,2024-05-13T13:35:11.097Z,4.2478999999999765,
8,2024-05-13T13:35:12.097Z,4.247999999999976,
8,2024-05-13T13:35:13.097Z,4.248099999999976,
8,2024-05-13T13:35:14.097Z,4.248199999999976,
8,2024-05-13T13:35:15.097Z,4.245099999999976,
8,2024-05-13T13:35:16.097Z,4.245199999999976,
8,2024-05-13T13:35:17.097Z,4.245299999999975,
8,2024-05-13T13:35:18.097Z,4.245399999999975,
8,2024-05-13T13:35:19.097Z,4.250299999999974,
8,2024-05-13T13:35:20.097Z,4.249999999999975,
8,2024-05-13T13:35:21.097Z,4.250099999999975,
8,2024-05-13T13:35:22.097Z,4.250199999999975,
8,2024-05-13T13:35:23.097Z,4.250299999999974,
8,2024-05-13T13:35:24.097Z,4.250399999999974,
8,2024-05-13T13:35:25.097Z,4.250499999999974,
8,2024-05-13T13:35:26.097Z,4.250599999999974,
8,2024-05-13T13:35:27.097Z,4.2506999999999735,
8,2024-05-13T13:35:28.097Z,4.250799999999973,
8,2024-05-13T13:35:29.097Z,4.250899999999973,
8,2024-05-13T13:35:30.097Z,4.250999999999973,
8,2024-05-13T13:35:31.097Z,4.251099999999973,
8,2024-05-13T13:35:32.097Z,4.251199999999972,
8,2024-05-13T13:35:33.097Z,4.251299999999972,
8,2024-05-13T13:35:34.097Z,4.251399999999972,
8,2024-05-13T13:35:35.097Z,4.251499999999972,
8,2024-05-13T13:35:36.097Z,4.251599999999971,
8,2024-05-13T13:35:37.097Z,4.251699999999971,
8,2024-05-13T13:35:38.097Z,4.251799999999971,
8,2024-05-13T13:35:39.097Z,4.251899999999971,
8,2024-05-13T13:35:40.097Z,4.2519999999999705,
8,2024-05-13T13:35:41.097Z,4.25209999999997,
8,2024-05-13T13:35:42.097Z,4.25219999999997,
8,2024-05-13T13:35:43.097Z,4.25229999999997,
8,2024-05-13T13:35:44.097Z,4.2523999999999695,
8,2024-05-13T13:35:45.097Z,4.252499999999969,
8,2024-05-13T13:35:46.097Z,4.252599999999969,
8,2024-05-13T13:35:47.097Z,4.252699999999969,
8,2024-05-13T13:35:48.097Z,4.252799999999969,
8,2024-05-13T13:35:49.097Z,4.252899999999968,
8,2024-05-13T13:35:50.097Z,4.252999999999968,
8,2024-05-13T13:35:51.097Z,4.253099999999968,
8,2024-05-13T13:35:52.097Z,4.253199999999968,
8,2024-05-13T13:35:53.097Z,4.253299999999967,
8,2024-05-13T13:35:54.097Z,4.253399999999967,
8,2024-05-13T13:35:55.097Z,4.253499999999967,
8,2024-05-13T13:35:56.097Z,4.253599999999967,
8,2024-05-13T13:35:57.097Z,4.2536999999999665,
8,2024-05-13T13:35:58.097Z,4.253799999999966,
8,2024-05-13T13:35:59.097Z,4.253899999999966,
8,2024-05-13T13:36:00.097Z,4.253999999999966,
8,2024-05-13T13:36:01.097Z,4.254099999999966,
8,2024-05-13T13:36:02.097Z,4.254199999999965,
8,2024-05-13T13:36:03.097Z,4.254299999999965,
8,2024-05-13T13:36:04.097Z,4.254399999999965,
8,2024-05-13T13:36:05.097Z,4.254499999999965,
8,2024-05-13T13:36:06.097Z,4.254599999999964,
8,2024-05-13T13:36:07.097Z,4.254699999999964,
8,2024-05-13T13:36:08.097Z,4.254499999999965,
8,2024-05-13T13:36:09.097Z,4.255899999999965,
8,2024-05-13T13:36:10.097Z,4.249599999999965,
8,2024-05-13T13:36:11.097Z,4.249699999999965,
8,2024-05-13T13:36:12.097Z,5.049399999999967,
8,2024-05-13T13:36:13.097Z,5.049499999999966,
8,2024-05-13T13:36:14.097Z,5.049599999999966,
8,2024-05-13T13:36:15.097Z,5.049699999999966,
8,2024-05-13T13:36:16.097Z,5.049799999999966,
8,2024-05-13T13:36:17.097Z,5.049899999999965,
8,2024-05-13T13:36:18.097Z,5.049999999999965,
8,2024-05-13T13:36:19.097Z,5.043699999999966,
8,2024-05-13T13:36:20.097Z,5.046199999999967,
8,2024-05-13T13:36:21.097Z,5.046299999999967,
8,2024-05-13T13:36:22.097Z,5.0463999999999665,
8,2024-05-13T13:36:23.097Z,5.046499999999966,
8,2024-05-13T13:36:24.097Z,5.046599999999966,
8,2024-05-13T13:36:25.097Z,5.046699999999966,
8,2024-05-13T13:36:26.097Z,5.045999999999967,
8,2024-05-13T13:36:27.097Z,5.026899999999966,
8,2024-05-13T13:36:28.097Z,5.0269999999999655,
8,2024-05-13T13:36:29.097Z,5.027099999999965,
8,2024-05-13T13:36:30.097Z,5.025399999999966,
8,2024-05-13T13:36:31.097Z,5.828699999999966,
8,2024-05-13T13:36:32.097Z,6.019199999999966,
8,2024-05-13T13:36:33.097Z,6.044599999999967,
8,2024-05-13T13:36:34.097Z,3.6190999999999676,
8,2024-05-13T13:36:35.097Z,3.6191999999999673,
8,2024-05-13T13:36:36.097Z,3.619299999999967,
8,2024-05-13T13:36:37.097Z,3.619399999999967,
8,2024-05-13T13:36:38.097Z,3.624299999999966,
8,2024-05-13T13:36:39.097Z,3.624399999999966,
8,2024-05-13T13:36:40.097Z,3.6244999999999656,
8,2024-05-13T13:36:41.097Z,3.6245999999999654,
8,2024-05-13T13:36:42.097Z,3.624699999999965,
8,2024-05-13T13:36:43.097Z,3.624699999999965,
8,2024-05-13T13:36:44.097Z,3.6248999999999647,
8,2024-05-13T13:36:45.097Z,3.6249999999999645,
8,2024-05-13T13:36:46.097Z,3.6250999999999642,
8,2024-05-13T13:36:47.097Z,3.625199999999964,
8,2024-05-13T13:36:48.097Z,3.6238999999999635,
8,2024-05-13T13:36:49.097Z,4.001299999999965,
8,2024-05-13T13:36:50.097Z,4.000999999999966,
8,2024-05-13T13:36:51.097Z,4.0010999999999655,
8,2024-05-13T13:36:52.097Z,4.002499999999966,
8,2024-05-13T13:36:53.097Z,4.0021999999999665,
8,2024-05-13T13:36:54.097Z,3.9990999999999666,
8,2024-05-13T13:36:55.097Z,3.979999999999965,
8,2024-05-13T13:36:56.097Z,3.9792999999999665,
8,2024-05-13T13:36:57.097Z,4.426599999999965,
8,2024-05-13T13:36:58.097Z,4.4450999999999645,
8,2024-05-13T13:36:59.097Z,4.440199999999965,
8,2024-05-13T13:37:00.097Z,2.981099999999966,
8,2024-05-13T13:37:01.097Z,3.0192999999999657,
8,2024-05-13T13:37:02.097Z,2.980999999999966,
8,2024-05-13T13:37:03.097Z,2.981099999999966,
8,2024-05-13T13:37:04.097Z,2.9807999999999666,
8,2024-05-13T13:37:05.097Z,2.9792999999999665,
8,2024-05-13T13:37:06.097Z,2.972999999999967,
8,2024-05-13T13:37:07.097Z,2.9914999999999665,
8,2024-05-13T13:37:08.097Z,2.991299999999967,
8,2024-05-13T13:37:09.097Z,2.9913999999999668,
8,2024-05-13T13:37:10.097Z,2.991699999999966,
8,2024-05-13T13:37:11.097Z,2.9915999999999663,
8,2024-05-13T13:37:12.097Z,3.0234999999999665,
8,2024-05-13T13:37:13.097Z,3.0235999999999663,
8,2024-05-13T13:37:14.097Z,3.023699999999966,
8,2024-05-13T13:37:15.097Z,3.023799999999966,
8,2024-05-13T13:37:16.097Z,3.0230999999999675,
8,2024-05-13T13:37:17.097Z,3.0231999999999672,
8,2024-05-13T13:37:18.097Z,3.023299999999967,
8,2024-05-13T13:37:19.097Z,3.023399999999967,
8,2024-05-13T13:37:20.097Z,3.0234999999999665,
8,2024-05-13T13:37:21.097Z,3.0235999999999663,
8,2024-05-13T13:37:22.097Z,3.023699999999966,
8,2024-05-13T13:37:23.097Z,3.023799999999966,
8,2024-05-13T13:37:24.097Z,3.0238999999999656,
8,2024-05-13T13:37:25.097Z,3.0239999999999654,
8,2024-05-13T13:37:26.097Z,3.024099999999965,
8,2024-05-13T13:37:27.097Z,3.0239999999999654,
8,2024-05-13T13:37:28.097Z,3.024099999999965,
8,2024-05-13T13:37:29.097Z,3.0273999999999646,
8,2024-05-13T13:37:30.097Z,3.0274999999999643,
8,2024-05-13T13:37:31.097Z,3.028099999999963,
8,2024-05-13T13:37:32.097Z,3.0231999999999637,
8,2024-05-13T13:37:33.097Z,3.022999999999964,
8,2024-05-13T13:37:34.097Z,3.0227999999999646,
8,2024-05-13T13:37:35.097Z,3.0228999999999644,
8,2024-05-13T13:37:36.097Z,3.022599999999965,
8,2024-05-13T13:37:37.097Z,3.0218999999999667,
8,2024-05-13T13:37:38.097Z,3.0219999999999665,
8,2024-05-13T13:37:39.097Z,3.0204999999999664,
8,2024-05-13T13:37:40.097Z,3.0189999999999664,
8,2024-05-13T13:37:41.097Z,3.0318999999999647,
8,2024-05-13T13:37:42.097Z,3.0380999999999645,
8,2024-05-13T13:37:43.097Z,3.031799999999965,
8,2024-05-13T13:37:44.097Z,3.8318999999999654,
8,2024-05-13T13:37:45.097Z,3.849599999999967,
8,2024-05-13T13:37:46.097Z,3.8496999999999666,
8,2024-05-13T13:37:47.097Z,3.851099999999967,
8,2024-05-13T13:37:48.097Z,3.8516999999999655,
8,2024-05-13T13:37:49.097Z,3.8517999999999653,
8,2024-05-13T13:37:50.097Z,3.8520999999999646,
8,2024-05-13T13:37:51.097Z,3.8521999999999643,
8,2024-05-13T13:37:52.097Z,3.851499999999966,
8,2024-05-13T13:37:53.097Z,3.8675999999999675,
8,2024-05-13T13:37:54.097Z,3.8676999999999673,
8,2024-05-13T13:37:55.097Z,3.866999999999969,
8,2024-05-13T13:37:56.097Z,3.8830999999999705,
8,2024-05-13T13:37:57.097Z,3.8831999999999702,
8,2024-05-13T13:37:58.097Z,3.88329999999997,
8,2024-05-13T13:37:59.097Z,3.8833999999999698,
8,2024-05-13T13:38:00.097Z,3.8826999999999714,
8,2024-05-13T13:38:01.097Z,3.898799999999973,
8,2024-05-13T13:38:02.097Z,3.8988999999999727,
8,2024-05-13T13:38:03.097Z,3.8989999999999725,
8,2024-05-13T13:38:04.097Z,3.8990999999999723,
8,2024-05-13T13:38:05.097Z,3.899199999999972,
8,2024-05-13T13:38:06.097Z,3.899299999999972,
8,2024-05-13T13:38:07.097Z,3.8993999999999716,
8,2024-05-13T13:38:08.097Z,3.8994999999999713,
8,2024-05-13T13:38:09.097Z,3.8997999999999706,
8,2024-05-13T13:38:10.097Z,3.8990999999999723,
8,2024-05-13T13:38:11.097Z,3.9167999999999736,
8,2024-05-13T13:38:12.097Z,3.916999999999973,
8,2024-05-13T13:38:13.097Z,3.923199999999973,
8,2024-05-13T13:38:14.097Z,3.9168999999999734,
8,2024-05-13T13:38:15.097Z,3.934599999999975,
8,2024-05-13T13:38:16.097Z,3.9342999999999755,
8,2024-05-13T13:38:17.097Z,3.947199999999974,
8,2024-05-13T13:38:18.097Z,3.9472999999999736,
8,2024-05-13T13:38:19.097Z,3.9473999999999734,
8,2024-05-13T13:38:20.097Z,3.947499999999973,
8,2024-05-13T13:38:21.097Z,3.9443999999999733,
8,2024-05-13T13:38:22.097Z,3.944499999999973,
8,2024-05-13T13:38:23.097Z,3.9451999999999714,
8,2024-05-13T13:38:24.097Z,3.945299999999971,
8,2024-05-13T13:38:25.097Z,3.944599999999973,
8,2024-05-13T13:38:26.097Z,3.941499999999973,
8,2024-05-13T13:38:27.097Z,3.943999999999974,
8,2024-05-13T13:38:28.097Z,3.9437999999999747,
8,2024-05-13T13:38:29.097Z,4.129499999999975,
8,2024-05-13T13:38:30.097Z,4.129599999999975,
8,2024-05-13T13:38:31.097Z,4.126499999999975,
8,2024-05-13T13:38:32.097Z,4.123099999999976,
8,2024-05-13T13:38:33.097Z,4.123199999999976,
8,2024-05-13T13:38:34.097Z,4.121699999999976,
8,2024-05-13T13:38:35.097Z,4.1217999999999755,
8,2024-05-13T13:38:36.097Z,4.121899999999975,
8,2024-05-13T13:38:37.097Z,4.121999999999975,
8,2024-05-13T13:38:38.097Z,4.122099999999975,
8,2024-05-13T13:38:39.097Z,4.115899999999975,
8,2024-05-13T13:38:40.097Z,4.134799999999974,
8,2024-05-13T13:38:41.097Z,4.134899999999973,
8,2024-05-13T13:38:42.097Z,4.134999999999973,
8,2024-05-13T13:38:43.097Z,4.129999999999974,
8,2024-05-13T13:38:44.097Z,6.554899999999975,
8,2024-05-13T13:38:45.097Z,6.554999999999975,
8,2024-05-13T13:38:46.097Z,6.555099999999975,
8,2024-05-13T13:38:47.097Z,6.555999999999976,
8,2024-05-13T13:38:48.097Z,6.556499999999975,
8,2024-05-13T13:38:49.097Z,6.562199999999976,
8,2024-05-13T13:38:50.097Z,6.5618999999999765,
8,2024-05-13T13:38:51.097Z,6.580899999999975,
8,2024-05-13T13:38:52.097Z,6.580999999999975,
8,2024-05-13T13:38:53.097Z,6.581099999999974,
8,2024-05-13T13:38:54.097Z,6.581199999999974,
8,2024-05-13T13:38:55.097Z,6.581299999999974,
8,2024-05-13T13:38:56.097Z,6.581399999999974,
8,2024-05-13T13:38:57.097Z,6.5814999999999735,
8,2024-05-13T13:38:58.097Z,6.581599999999973,
8,2024-05-13T13:38:59.097Z,6.581699999999973,
8,2024-05-13T13:39:00.097Z,6.581799999999973,
8,2024-05-13T13:39:01.097Z,6.5818999999999726,
8,2024-05-13T13:39:02.097Z,6.581599999999973,
8,2024-05-13T13:39:03.097Z,6.581699999999973,
8,2024-05-13T13:39:04.097Z,6.581799999999973,
8,2024-05-13T13:39:05.097Z,6.5818999999999726,
8,2024-05-13T13:39:06.097Z,6.581999999999972,
8,2024-05-13T13:39:07.097Z,6.582099999999972,
8,2024-05-13T13:39:08.097Z,6.588199999999972,
8,2024-05-13T13:39:09.097Z,6.587499999999974,
8,2024-05-13T13:39:10.097Z,6.605999999999973,
8,2024-05-13T13:39:11.097Z,4.336899999999975,
8,2024-05-13T13:39:12.097Z,4.336999999999975,
8,2024-05-13T13:39:13.097Z,4.337099999999975,
8,2024-05-13T13:39:14.097Z,4.336399999999976,
8,2024-05-13T13:39:15.097Z,4.349199999999975,
8,2024-05-13T13:39:16.097Z,4.349299999999975,
8,2024-05-13T13:39:17.097Z,4.349399999999974,
8,2024-05-13T13:39:18.097Z,4.349499999999974,
8,2024-05-13T13:39:19.097Z,4.349599999999974,
8,2024-05-13T13:39:20.097Z,4.349699999999974,
8,2024-05-13T13:39:21.097Z,4.3497999999999735,
8,2024-05-13T13:39:22.097Z,4.349899999999973,
8,2024-05-13T13:39:23.097Z,4.349999999999973,
8,2024-05-13T13:39:24.097Z,4.350099999999973,
8,2024-05-13T13:39:25.097Z,4.3501999999999725,
8,2024-05-13T13:39:26.097Z,4.350299999999972,
8,2024-05-13T13:39:27.097Z,4.350399999999972,
8,2024-05-13T13:39:28.097Z,4.350499999999972,
8,2024-05-13T13:39:29.097Z,4.350599999999972,
8,2024-05-13T13:39:30.097Z,4.350699999999971,
8,2024-05-13T13:39:31.097Z,4.350799999999971,
8,2024-05-13T13:39:32.097Z,4.350899999999971,
8,2024-05-13T13:39:33.097Z,4.350999999999971,
8,2024-05-13T13:39:34.097Z,4.35109999999997,
8,2024-05-13T13:39:35.097Z,4.35119999999997,
8,2024-05-13T13:39:36.097Z,4.35129999999997,
8,2024-05-13T13:39:37.097Z,4.35139999999997,
8,2024-05-13T13:39:38.097Z,4.3514999999999695,
8,2024-05-13T13:39:39.097Z,4.351599999999969,
8,2024-05-13T13:39:40.097Z,4.351699999999969,
8,2024-05-13T13:39:41.097Z,4.351799999999969,
8,2024-05-13T13:39:42.097Z,4.351899999999969,
8,2024-05-13T13:39:43.097Z,4.351999999999968,
8,2024-05-13T13:39:44.097Z,4.352099999999968,
8,2024-05-13T13:39:45.097Z,4.352199999999968,
8,2024-05-13T13:39:46.097Z,4.352299999999968,
8,2024-05-13T13:39:47.097Z,4.350799999999968,
8,2024-05-13T13:39:48.097Z,4.363699999999966,
8,2024-05-13T13:39:49.097Z,4.363799999999966,
8,2024-05-13T13:39:50.097Z,4.3638999999999655,
8,2024-05-13T13:39:51.097Z,4.360799999999966,
8,2024-05-13T13:39:52.097Z,4.361099999999965,
8,2024-05-13T13:39:53.097Z,4.3603999999999665,
8,2024-05-13T13:39:54.097Z,4.392499999999966,
8,2024-05-13T13:39:55.097Z,4.392599999999966,
8,2024-05-13T13:39:56.097Z,4.406799999999965,
8,2024-05-13T13:39:57.097Z,4.406899999999965,
8,2024-05-13T13:39:58.097Z,4.4069999999999645,
8,2024-05-13T13:39:59.097Z,4.407099999999964,
8,2024-05-13T13:40:00.097Z,4.407199999999964,
8,2024-05-13T13:40:01.097Z,4.407299999999964,
8,2024-05-13T13:40:02.097Z,4.407399999999964,
8,2024-05-13T13:40:03.097Z,4.407499999999963,
8,2024-05-13T13:40:04.097Z,4.407599999999963,
8,2024-05-13T13:40:05.097Z,4.407699999999963,
8,2024-05-13T13:40:06.097Z,4.407799999999963,
8,2024-05-13T13:40:07.097Z,4.407599999999963,
8,2024-05-13T13:40:08.097Z,4.407699999999963,
8,2024-05-13T13:40:09.097Z,4.407799999999963,
8,2024-05-13T13:40:10.097Z,4.407899999999962,
8,2024-05-13T13:40:11.097Z,4.407999999999962,
8,2024-05-13T13:40:12.097Z,4.408099999999962,
8,2024-05-13T13:40:13.097Z,4.408199999999962,
8,2024-05-13T13:40:14.097Z,4.4082999999999615,
8,2024-05-13T13:40:15.097Z,4.408399999999961,
8,2024-05-13T13:40:16.097Z,4.408499999999961,
8,2024-05-13T13:40:17.097Z,4.40299999999996,
8,2024-05-13T13:40:18.097Z,4.403099999999959,
8,2024-05-13T13:40:19.097Z,4.403199999999959,
8,2024-05-13T13:40:20.097Z,4.403299999999959,
8,2024-05-13T13:40:21.097Z,4.403399999999959,
8,2024-05-13T13:40:22.097Z,4.4034999999999584,
8,2024-05-13T13:40:23.097Z,4.403599999999958,
8,2024-05-13T13:40:24.097Z,4.403699999999958,
8,2024-05-13T13:40:25.097Z,4.403799999999958,
8,2024-05-13T13:40:26.097Z,4.4038999999999575,
8,2024-05-13T13:40:27.097Z,4.403999999999957,
8,2024-05-13T13:40:28.097Z,4.404099999999957,
8,2024-05-13T13:40:29.097Z,4.404199999999957,
8,2024-05-13T13:40:30.097Z,4.404299999999957,
8,2024-05-13T13:40:31.097Z,4.404399999999956,
8,2024-05-13T13:40:32.097Z,4.404499999999956,
8,2024-05-13T13:40:33.097Z,4.404299999999957,
8,2024-05-13T13:40:34.097Z,4.404399999999956,
8,2024-05-13T13:40:35.097Z,4.404499999999956,
8,2024-05-13T13:40:36.097Z,4.404599999999956,
8,2024-05-13T13:40:37.097Z,4.404699999999956,
8,2024-05-13T13:40:38.097Z,4.404799999999955,
8,2024-05-13T13:40:39.097Z,4.404899999999955,
8,2024-05-13T13:40:40.097Z,4.404999999999955,
8,2024-05-13T13:40:41.097Z,4.405099999999955,
8,2024-05-13T13:40:42.097Z,4.4051999999999545,
8,2024-05-13T13:40:43.097Z,4.405299999999954,
8,2024-05-13T13:40:44.097Z,4.405399999999954,
8,2024-05-13T13:40:45.097Z,4.405499999999954,
8,2024-05-13T13:40:46.097Z,4.4055999999999536,
8,2024-05-13T13:40:47.097Z,4.405699999999953,
8,2024-05-13T13:40:48.097Z,4.408699999999953,
8,2024-05-13T13:40:49.097Z,4.408799999999953,
8,2024-05-13T13:40:50.097Z,4.408899999999953,
8,2024-05-13T13:40:51.097Z,4.408999999999953,
8,2024-05-13T13:40:52.097Z,4.4090999999999525,
8,2024-05-13T13:40:53.097Z,4.409199999999952,
8,2024-05-13T13:40:54.097Z,4.402899999999953,
8,2024-05-13T13:40:55.097Z,4.425299999999954,
8,2024-05-13T13:40:56.097Z,4.425599999999953,
8,2024-05-13T13:40:57.097Z,4.425699999999953,
8,2024-05-13T13:40:58.097Z,4.425799999999953,
8,2024-05-13T13:40:59.097Z,4.425899999999952,
8,2024-05-13T13:41:00.097Z,4.425999999999952,
8,2024-05-13T13:41:01.097Z,4.426099999999952,
8,2024-05-13T13:41:02.097Z,4.426199999999952,
8,2024-05-13T13:41:03.097Z,4.4262999999999515,
8,2024-05-13T13:41:04.097Z,4.426399999999951,
8,2024-05-13T13:41:05.097Z,4.426499999999951,
8,2024-05-13T13:41:06.097Z,4.426599999999951,
8,2024-05-13T13:41:07.097Z,4.426699999999951,
9,2024-05-13T13:30:37.097Z,26.3,
9,2024-05-13T13:30:38.097Z,26.2809,
9,2024-05-13T13:30:39.097Z,26.2814,
9,2024-05-13T13:30:40.097Z,26.2815,
9,2024-05-13T13:30:41.097Z,26.2752,
9,2024-05-13T13:30:42.097Z,26.2911,
9,2024-05-13T13:30:43.097Z,26.2912,
9,2024-05-13T13:30:44.097Z,26.2913,
9,2024-05-13T13:30:45.097Z,26.2914,
9,2024-05-13T13:30:46.097Z,26.2915,
9,2024-05-13T13:30:47.097Z,26.2852,
9,2024-05-13T13:30:48.097Z,26.2845,
9,2024-05-13T13:30:49.097Z,24.729400000000002,
9,2024-05-13T13:30:50.097Z,24.7295,
9,2024-05-13T13:30:51.097Z,24.729200000000002,
9,2024-05-13T13:30:52.097Z,22.278100000000002,
9,2024-05-13T13:30:53.097Z,22.278200000000002,
9,2024-05-13T13:30:54.097Z,22.2783,
9,2024-05-13T13:30:55.097Z,22.2784,
9,2024-05-13T13:30:56.097Z,22.2785,
9,2024-05-13T13:30:57.097Z,22.2786,
9,2024-05-13T13:30:58.097Z,22.2785,
9,2024-05-13T13:30:59.097Z,22.297,
9,2024-05-13T13:31:00.097Z,22.2969,
9,2024-05-13T13:31:01.097Z,22.297,
9,2024-05-13T13:31:02.097Z,22.2971,
9,2024-05-13T13:31:03.097Z,22.2972,
9,2024-05-13T13:31:04.097Z,22.2973,
9,2024-05-13T13:31:05.097Z,22.2974,
9,2024-05-13T13:31:06.097Z,22.2975,
9,2024-05-13T13:31:07.097Z,22.2976,
9,2024-05-13T13:31:08.097Z,22.2977,
9,2024-05-13T13:31:09.097Z,22.2978,
9,2024-05-13T13:31:10.097Z,22.2979,
9,2024-05-13T13:31:11.097Z,22.298,
9,2024-05-13T13:31:12.097Z,22.298099999999998,
9,2024-05-13T13:31:13.097Z,22.298199999999998,
9,2024-05-13T13:31:14.097Z,22.298299999999998,
9,2024-05-13T13:31:15.097Z,22.298399999999997,
9,2024-05-13T13:31:16.097Z,22.298499999999997,
9,2024-05-13T13:31:17.097Z,22.298599999999997,
9,2024-05-13T13:31:18.097Z,22.298699999999997,
9,2024-05-13T13:31:19.097Z,22.298799999999996,
9,2024-05-13T13:31:20.097Z,22.298899999999996,
9,2024-05-13T13:31:21.097Z,22.298999999999996,
9,2024-05-13T13:31:22.097Z,22.299099999999996,
9,2024-05-13T13:31:23.097Z,22.299199999999995,
9,2024-05-13T13:31:24.097Z,22.299299999999995,
9,2024-05-13T13:31:25.097Z,22.299399999999995,
9,2024-05-13T13:31:26.097Z,22.299499999999995,
9,2024-05-13T13:31:27.097Z,22.299599999999995,
9,2024-05-13T13:31:28.097Z,22.299699999999994,
9,2024-05-13T13:31:29.097Z,22.299799999999994,
9,2024-05-13T13:31:30.097Z,22.299899999999994,
9,2024-05-13T13:31:31.097Z,22.299999999999994,
9,2024-05-13T13:31:32.097Z,22.298499999999994,
9,2024-05-13T13:31:33.097Z,21.901799999999994,
9,2024-05-13T13:31:34.097Z,21.901899999999994,
9,2024-05-13T13:31:35.097Z,21.907999999999994,
9,2024-05-13T13:31:36.097Z,21.903299999999994,
9,2024-05-13T13:31:37.097Z,22.299299999999995,
9,2024-05-13T13:31:38.097Z,22.30079999999999,
9,2024-05-13T13:31:39.097Z,22.30089999999999,
9,2024-05-13T13:31:40.097Z,22.30099999999999,
9,2024-05-13T13:31:41.097Z,22.30109999999999,
9,2024-05-13T13:31:42.097Z,22.30089999999999,
9,2024-05-13T13:31:43.097Z,22.318599999999993,
9,2024-05-13T13:31:44.097Z,22.407999999999994,
9,2024-05-13T13:31:45.097Z,17.506199999999993,
9,2024-05-13T13:31:46.097Z,17.522299999999994,
9,2024-05-13T13:31:47.097Z,17.520799999999994,
9,2024-05-13T13:31:48.097Z,17.52089999999999,
9,2024-05-13T13:31:49.097Z,17.520999999999994,
9,2024-05-13T13:31:50.097Z,17.52109999999999,
9,2024-05-13T13:31:51.097Z,17.521199999999993,
9,2024-05-13T13:31:52.097Z,17.519699999999993,
9,2024-05-13T13:31:53.097Z,17.53579999999999,
9,2024-05-13T13:31:54.097Z,17.53589999999999,
9,2024-05-13T13:31:55.097Z,17.53879999999999,
9,2024-05-13T13:31:56.097Z,17.53729999999999,
9,2024-05-13T13:31:57.097Z,17.55619999999999,
9,2024-05-13T13:31:58.097Z,17.556299999999993,
9,2024-05-13T13:31:59.097Z,17.557799999999993,
9,2024-05-13T13:32:00.097Z,17.55789999999999,
9,2024-05-13T13:32:01.097Z,17.557999999999993,
9,2024-05-13T13:32:02.097Z,17.55809999999999,
9,2024-05-13T13:32:03.097Z,17.558199999999992,
9,2024-05-13T13:32:04.097Z,17.55829999999999,
9,2024-05-13T13:32:05.097Z,17.557999999999993,
9,2024-05-13T13:32:06.097Z,15.490899999999991,
9,2024-05-13T13:32:07.097Z,15.484599999999991,
9,2024-05-13T13:32:08.097Z,15.46709999999999,
9,2024-05-13T13:32:09.097Z,15.46399999999999,
9,2024-05-13T13:32:10.097Z,15.65579999999999,
9,2024-05-13T13:32:11.097Z,15.67349999999999,
9,2024-05-13T13:32:12.097Z,15.67199999999999,
9,2024-05-13T13:32:13.097Z,15.64649999999999,
9,2024-05-13T13:32:14.097Z,15.67859999999999,
9,2024-05-13T13:32:15.097Z,15.67549999999999,
9,2024-05-13T13:32:16.097Z,15.675199999999991,
9,2024-05-13T13:32:17.097Z,15.675299999999991,
9,2024-05-13T13:32:18.097Z,15.675099999999992,
9,2024-05-13T13:32:19.097Z,15.693999999999992,
9,2024-05-13T13:32:20.097Z,15.697099999999992,
9,2024-05-13T13:32:21.097Z,15.695499999999992,
9,2024-05-13T13:32:22.097Z,15.714799999999991,
9,2024-05-13T13:32:23.097Z,15.733299999999991,
9,2024-05-13T13:32:24.097Z,15.73339999999999,
9,2024-05-13T13:32:25.097Z,15.73029999999999,
9,2024-05-13T13:32:26.097Z,14.10479999999999,
9,2024-05-13T13:32:27.097Z,14.08569999999999,
9,2024-05-13T13:32:28.097Z,14.08579999999999,
9,2024-05-13T13:32:29.097Z,14.08509999999999,
9,2024-05-13T13:32:30.097Z,14.89119999999999,
9,2024-05-13T13:32:31.097Z,14.915299999999991,
9,2024-05-13T13:32:32.097Z,14.915399999999991,
9,2024-05-13T13:32:33.097Z,14.91709999999999,
9,2024-05-13T13:32:34.097Z,14.91649999999999,
9,2024-05-13T13:32:35.097Z,15.30699999999999,
9,2024-05-13T13:32:36.097Z,15.34519999999999,
9,2024-05-13T13:32:37.097Z,15.74169999999999,
9,2024-05-13T13:32:38.097Z,13.376999999999988,
9,2024-05-13T13:32:39.097Z,13.376899999999988,
9,2024-05-13T13:32:40.097Z,13.376999999999988,
9,2024-05-13T13:32:41.097Z,13.377199999999988,
9,2024-05-13T13:32:42.097Z,12.570899999999988,
9,2024-05-13T13:32:43.097Z,12.759799999999988,
9,2024-05-13T13:32:44.097Z,12.772699999999988,
9,2024-05-13T13:32:45.097Z,12.772799999999988,
9,2024-05-13T13:32:46.097Z,12.772899999999987,
9,2024-05-13T13:32:47.097Z,12.773399999999988,
9,2024-05-13T13:32:48.097Z,12.773499999999988,
9,2024-05-13T13:32:49.097Z,12.774099999999988,
9,2024-05-13T13:32:50.097Z,12.771799999999988,
9,2024-05-13T13:32:51.097Z,12.789899999999989,
9,2024-05-13T13:32:52.097Z,12.78739999999999,
9,2024-05-13T13:32:53.097Z,12.78109999999999,
9,2024-05-13T13:32:54.097Z,12.77479999999999,
9,2024-05-13T13:32:55.097Z,12.77619999999999,
9,2024-05-13T13:32:56.097Z,12.77309999999999,
9,2024-05-13T13:32:57.097Z,13.57939999999999,
9,2024-05-13T13:32:58.097Z,14.385699999999991,
9,2024-05-13T13:32:59.097Z,14.38739999999999,
9,2024-05-13T13:33:00.097Z,14.38429999999999,
9,2024-05-13T13:33:01.097Z,14.384899999999991,
9,2024-05-13T13:33:02.097Z,14.381799999999991,
9,2024-05-13T13:33:03.097Z,14.425899999999992,
9,2024-05-13T13:33:04.097Z,14.425999999999991,
9,2024-05-13T13:33:05.097Z,14.426099999999991,
9,2024-05-13T13:33:06.097Z,14.425899999999992,
9,2024-05-13T13:33:07.097Z,14.435599999999992,
9,2024-05-13T13:33:08.097Z,11.992499999999993,
9,2024-05-13T13:33:09.097Z,11.992599999999992,
9,2024-05-13T13:33:10.097Z,11.992699999999992,
9,2024-05-13T13:33:11.097Z,11.992799999999992,
9,2024-05-13T13:33:12.097Z,11.992899999999992,
9,2024-05-13T13:33:13.097Z,12.624999999999991,
9,2024-05-13T13:33:14.097Z,12.643899999999991,
9,2024-05-13T13:33:15.097Z,12.643999999999991,
9,2024-05-13T13:33:16.097Z,12.644099999999991,
9,2024-05-13T13:33:17.097Z,12.64419999999999,
9,2024-05-13T13:33:18.097Z,12.64449999999999,
9,2024-05-13T13:33:19.097Z,12.64459999999999,
9,2024-05-13T13:33:20.097Z,12.64469999999999,
9,2024-05-13T13:33:21.097Z,12.64479999999999,
9,2024-05-13T13:33:22.097Z,12.64489999999999,
9,2024-05-13T13:33:23.097Z,12.644999999999989,
9,2024-05-13T13:33:24.097Z,12.645099999999989,
9,2024-05-13T13:33:25.097Z,12.645199999999988,
9,2024-05-13T13:33:26.097Z,12.645299999999988,
9,2024-05-13T13:33:27.097Z,12.663799999999988,
9,2024-05-13T13:33:28.097Z,12.663899999999988,
9,2024-05-13T13:33:29.097Z,12.663799999999988,
9,2024-05-13T13:33:30.097Z,12.663899999999988,
9,2024-05-13T13:33:31.097Z,12.663999999999987,
9,2024-05-13T13:33:32.097Z,12.664099999999987,
9,2024-05-13T13:33:33.097Z,12.682999999999987,
9,2024-05-13T13:33:34.097Z,12.683099999999987,
9,2024-05-13T13:33:35.097Z,12.689399999999987,
9,2024-05-13T13:33:36.097Z,12.689499999999986,
9,2024-05-13T13:33:37.097Z,12.689599999999986,
9,2024-05-13T13:33:38.097Z,12.689699999999986,
9,2024-05-13T13:33:39.097Z,12.689799999999986,
9,2024-05-13T13:33:40.097Z,12.689899999999986,
9,2024-05-13T13:33:41.097Z,12.689999999999985,
9,2024-05-13T13:33:42.097Z,12.690099999999985,
9,2024-05-13T13:33:43.097Z,12.683799999999986,
9,2024-05-13T13:33:44.097Z,12.701499999999985,
9,2024-05-13T13:33:45.097Z,12.701599999999985,
9,2024-05-13T13:33:46.097Z,12.720099999999984,
9,2024-05-13T13:33:47.097Z,12.720199999999984,
9,2024-05-13T13:33:48.097Z,12.720299999999984,
9,2024-05-13T13:33:49.097Z,12.720399999999984,
9,2024-05-13T13:33:50.097Z,12.720499999999983,
9,2024-05-13T13:33:51.097Z,12.720599999999983,
9,2024-05-13T13:33:52.097Z,12.719099999999983,
9,2024-05-13T13:33:53.097Z,12.719699999999987,
9,2024-05-13T13:33:54.097Z,12.719799999999987,
9,2024-05-13T13:33:55.097Z,12.719899999999987,
9,2024-05-13T13:33:56.097Z,12.719999999999986,
9,2024-05-13T13:33:57.097Z,12.720099999999986,
9,2024-05-13T13:33:58.097Z,12.720199999999986,
9,2024-05-13T13:33:59.097Z,12.719499999999986,
9,2024-05-13T13:34:00.097Z,12.719599999999986,
9,2024-05-13T13:34:01.097Z,12.719699999999985,
9,2024-05-13T13:34:02.097Z,12.719799999999985,
9,2024-05-13T13:34:03.097Z,12.719699999999985,
9,2024-05-13T13:34:04.097Z,13.063799999999985,
9,2024-05-13T13:34:05.097Z,13.146199999999984,
9,2024-05-13T13:34:06.097Z,13.147599999999985,
9,2024-05-13T13:34:07.097Z,9.893099999999986,
9,2024-05-13T13:34:08.097Z,9.886799999999987,
9,2024-05-13T13:34:09.097Z,9.905299999999986,
9,2024-05-13T13:34:10.097Z,9.905399999999986,
9,2024-05-13T13:34:11.097Z,9.905499999999986,
9,2024-05-13T13:34:12.097Z,9.905599999999986,
9,2024-05-13T13:34:13.097Z,9.905699999999985,
9,2024-05-13T13:34:14.097Z,9.905799999999985,
9,2024-05-13T13:34:15.097Z,9.905899999999985,
9,2024-05-13T13:34:16.097Z,9.905999999999985,
9,2024-05-13T13:34:17.097Z,9.906099999999984,
9,2024-05-13T13:34:18.097Z,9.912399999999984,
9,2024-05-13T13:34:19.097Z,9.912499999999984,
9,2024-05-13T13:34:20.097Z,9.912599999999983,
9,2024-05-13T13:34:21.097Z,9.912699999999983,
9,2024-05-13T13:34:22.097Z,9.915599999999984,
9,2024-05-13T13:34:23.097Z,9.912499999999984,
9,2024-05-13T13:34:24.097Z,9.893399999999982,
9,2024-05-13T13:34:25.097Z,9.890299999999982,
9,2024-05-13T13:34:26.097Z,9.907999999999983,
9,2024-05-13T13:34:27.097Z,9.906499999999983,
9,2024-05-13T13:34:28.097Z,9.906599999999983,
9,2024-05-13T13:34:29.097Z,9.906699999999983,
9,2024-05-13T13:34:30.097Z,9.906599999999983,
9,2024-05-13T13:34:31.097Z,9.887499999999982,
9,2024-05-13T13:34:32.097Z,9.89239999999998,
9,2024-05-13T13:34:33.097Z,9.89249999999998,
9,2024-05-13T13:34:34.097Z,9.892299999999981,
9,2024-05-13T13:34:35.097Z,9.908399999999983,
9,2024-05-13T13:34:36.097Z,9.908499999999982,
9,2024-05-13T13:34:37.097Z,9.908599999999982,
9,2024-05-13T13:34:38.097Z,9.908699999999982,
9,2024-05-13T13:34:39.097Z,9.908799999999982,
9,2024-05-13T13:34:40.097Z,9.908899999999981,
9,2024-05-13T13:34:41.097Z,9.908999999999981,
9,2024-05-13T13:34:42.097Z,9.909099999999981,
9,2024-05-13T13:34:43.097Z,9.90919999999998,
9,2024-05-13T13:34:44.097Z,9.90929999999998,
9,2024-05-13T13:34:45.097Z,9.90939999999998,
9,2024-05-13T13:34:46.097Z,9.908699999999982,
9,2024-05-13T13:34:47.097Z,9.939199999999978,
9,2024-05-13T13:34:48.097Z,9.939299999999978,
9,2024-05-13T13:34:49.097Z,9.939399999999978,
9,2024-05-13T13:34:50.097Z,9.939299999999978,
9,2024-05-13T13:34:51.097Z,9.939399999999978,
9,2024-05-13T13:34:52.097Z,9.933099999999978,
9,2024-05-13T13:34:53.097Z,6.668999999999979,
9,2024-05-13T13:34:54.097Z,4.224299999999978,
9,2024-05-13T13:34:55.097Z,4.217999999999979,
9,2024-05-13T13:34:56.097Z,4.229299999999977,
9,2024-05-13T13:34:57.097Z,4.229399999999977,
9,2024-05-13T13:34:58.097Z,4.229499999999977,
9,2024-05-13T13:34:59.097Z,4.2295999999999765,
9,2024-05-13T13:35:00.097Z,4.229699999999976,
9,2024-05-13T13:35:01.097Z,4.2295999999999765,
9,2024-05-13T13:35:02.097Z,4.229699999999976,
9,2024-05-13T13:35:03.097Z,4.229799999999976,
9,2024-05-13T13:35:04.097Z,4.229899999999976,
9,2024-05-13T13:35:05.097Z,4.229699999999976,
9,2024-05-13T13:35:06.097Z,4.247399999999978,
9,2024-05-13T13:35:07.097Z,4.247499999999977,
9,2024-05-13T13:35:08.097Z,4.247599999999977,
9,2024-05-13T13:35:09.097Z,4.247699999999977,
9,2024-05-13T13:35:10.097Z,4.247799999999977,
9,2024-05-13T13:35:11.097Z,4.2478999999999765,
9,2024-05-13T13:35:12.097Z,4.247999999999976,
9,2024-05-13T13:35:13.097Z,4.248099999999976,
9,2024-05-13T13:35:14.097Z,4.248199999999976,
9,2024-05-13T13:35:15.097Z,4.245099999999976,
9,2024-05-13T13:35:16.097Z,4.245199999999976,
9,2024-05-13T13:35:17.097Z,4.245299999999975,
9,2024-05-13T13:35:18.097Z,4.245399999999975,
9,2024-05-13T13:35:19.097Z,4.250299999999974,
9,2024-05-13T13:35:20.097Z,4.249999999999975,
9,2024-05-13T13:35:21.097Z,4.250099999999975,
9,2024-05-13T13:35:22.097Z,4.250199999999975,
9,2024-05-13T13:35:23.097Z,4.250299999999974,
9,2024-05-13T13:35:24.097Z,4.250399999999974,
9,2024-05-13T13:35:25.097Z,4.250499999999974,
9,2024-05-13T13:35:26.097Z,4.250599999999974,
9,2024-05-13T13:35:27.097Z,4.2506999999999735,
9,2024-05-13T13:35:28.097Z,4.250799999999973,
9,2024-05-13T13:35:29.097Z,4.250899999999973,
9,2024-05-13T13:35:30.097Z,4.250999999999973,
9,2024-05-13T13:35:31.097Z,4.251099999999973,
9,2024-05-13T13:35:32.097Z,4.251199999999972,
9,2024-05-13T13:35:33.097Z,4.251299999999972,
9,2024-05-13T13:35:34.097Z,4.251399999999972,
9,2024-05-13T13:35:35.097Z,4.251499999999972,
9,2024-05-13T13:35:36.097Z,4.251599999999971,
9,2024-05-13T13:35:37.097Z,4.251699999999971,
9,2024-05-13T13:35:38.097Z,4.251799999999971,
9,2024-05-13T13:35:39.097Z,4.251899999999971,
9,2024-05-13T13:35:40.097Z,4.2519999999999705,
9,2024-05-13T13:35:41.097Z,4.25209999999997,
9,2024-05-13T13:35:42.097Z,4.25219999999997,
9,2024-05-13T13:35:43.097Z,4.25229999999997,
9,2024-05-13T13:35:44.097Z,4.2523999999999695,
9,2024-05-13T13:35:45.097Z,4.252499999999969,
9,2024-05-13T13:35:46.097Z,4.252599999999969,
9,2024-05-13T13:35:47.097Z,4.252699999999969,
9,2024-05-13T13:35:48.097Z,4.252799999999969,
9,2024-05-13T13:35:49.097Z,4.252899999999968,
9,2024-05-13T13:35:50.097Z,4.252999999999968,
9,2024-05-13T13:35:51.097Z,4.253099999999968,
9,2024-05-13T13:35:52.097Z,4.253199999999968,
9,2024-05-13T13:35:53.097Z,4.253299999999967,
9,2024-05-13T13:35:54.097Z,4.253399999999967,
9,2024-05-13T13:35:55.097Z,4.253499999999967,
9,2024-05-13T13:35:56.097Z,4.253599999999967,
9,2024-05-13T13:35:57.097Z,4.2536999999999665,
9,2024-05-13T13:35:58.097Z,4.253799999999966,
9,2024-05-13T13:35:59.097Z,4.253899999999966,
9,2024-05-13T13:36:00.097Z,4.253999999999966,
9,2024-05-13T13:36:01.097Z,4.254099999999966,
9,2024-05-13T13:36:02.097Z,4.254199999999965,
9,2024-05-13T13:36:03.097Z,4.254299999999965,
9,2024-05-13T13:36:04.097Z,4.254399999999965,
9,2024-05-13T13:36:05.097Z,4.254499999999965,
9,2024-05-13T13:36:06.097Z,4.254599999999964,
9,2024-05-13T13:36:07.097Z,4.254699999999964,
9,2024-05-13T13:36:08.097Z,4.254499999999965,
9,2024-05-13T13:36:09.097Z,4.255899999999965,
9,2024-05-13T13:36:10.097Z,4.249599999999965,
9,2024-05-13T13:36:11.097Z,4.249699999999965,
9,2024-05-13T13:36:12.097Z,5.049399999999967,
9,2024-05-13T13:36:13.097Z,5.049499999999966,
9,2024-05-13T13:36:14.097Z,5.049599999999966,
9,2024-05-13T13:36:15.097Z,5.049699999999966,
9,2024-05-13T13:36:16.097Z,5.049799999999966,
9,2024-05-13T13:36:17.097Z,5.049899999999965,
9,2024-05-13T13:36:18.097Z,5.049999999999965,
9,2024-05-13T13:36:19.097Z,5.043699999999966,
9,2024-05-13T13:36:20.097Z,5.046199999999967,
9,2024-05-13T13:36:21.097Z,5.046299999999967,
9,2024-05-13T13:36:22.097Z,5.0463999999999665,
9,2024-05-13T13:36:23.097Z,5.046499999999966,
9,2024-05-13T13:36:24.097Z,5.046599999999966,
9,2024-05-13T13:36:25.097Z,5.046699999999966,
9,2024-05-13T13:36:26.097Z,5.045999999999967,
9,2024-05-13T13:36:27.097Z,5.026899999999966,
9,2024-05-13T13:36:28.097Z,5.0269999999999655,
9,2024-05-13T13:36:29.097Z,5.027099999999965,
9,2024-05-13T13:36:30.097Z,5.025399999999966,
9,2024-05-13T13:36:31.097Z,5.828699999999966,
9,2024-05-13T13:36:32.097Z,6.019199999999966,
9,2024-05-13T13:36:33.097Z,6.044599999999967,
9,2024-05-13T13:36:34.097Z,3.6190999999999676,
9,2024-05-13T13:36:35.097Z,3.6191999999999673,
9,2024-05-13T13:36:36.097Z,3.619299999999967,
9,2024-05-13T13:36:37.097Z,3.619399999999967,
9,2024-05-13T13:36:38.097Z,3.624299999999966,
9,2024-05-13T13:36:39.097Z,3.624399999999966,
9,2024-05-13T13:36:40.097Z,3.6244999999999656,
9,2024-05-13T13:36:41.097Z,3.6245999999999654,
9,2024-05-13T13:36:42.097Z,3.624699999999965,
9,2024-05-13T13:36:43.097Z,3.624699999999965,
9,2024-05-13T13:36:44.097Z,3.6248999999999647,
9,2024-05-13T13:36:45.097Z,3.6249999999999645,
9,2024-05-13T13:36:46.097Z,3.6250999999999642,
9,2024-05-13T13:36:47.097Z,3.625199999999964,
9,2024-05-13T13:36:48.097Z,3.6238999999999635,
9,2024-05-13T13:36:49.097Z,4.001299999999965,
9,2024-05-13T13:36:50.097Z,4.000999999999966,
9,2024-05-13T13:36:51.097Z,4.0010999999999655,
9,2024-05-13T13:36:52.097Z,4.002499999999966,
9,2024-05-13T13:36:53.097Z,4.0021999999999665,
9,2024-05-13T13:36:54.097Z,3.9990999999999666,
9,2024-05-13T13:36:55.097Z,3.979999999999965,
9,2024-05-13T13:36:56.097Z,3.9792999999999665,
9,2024-05-13T13:36:57.097Z,4.426599999999965,
9,2024-05-13T13:36:58.097Z,4.4450999999999645,
9,2024-05-13T13:36:59.097Z,4.440199999999965,
9,2024-05-13T13:37:00.097Z,2.981099999999966,
9,2024-05-13T13:37:01.097Z,3.0192999999999657,
9,2024-05-13T13:37:02.097Z,2.980999999999966,
9,2024-05-13T13:37:03.097Z,2.981099999999966,
9,2024-05-13T13:37:04.097Z,2.9807999999999666,
9,2024-05-13T13:37:05.097Z,2.9792999999999665,
9,2024-05-13T13:37:06.097Z,2.972999999999967,
9,2024-05-13T13:37:07.097Z,2.9914999999999665,
9,2024-05-13T13:37:08.097Z,2.991299999999967,
9,2024-05-13T13:37:09.097Z,2.9913999999999668,
9,2024-05-13T13:37:10.097Z,2.991699999999966,
9,2024-05-13T13:37:11.097Z,2.9915999999999663,
9,2024-05-13T13:37:12.097Z,3.0234999999999665,
9,2024-05-13T13:37:13.097Z,3.0235999999999663,
9,2024-05-13T13:37:14.097Z,3.023699999999966,
9,2024-05-13T13:37:15.097Z,3.023799999999966,
9,2024-05-13T13:37:16.097Z,3.0230999999999675,
9,2024-05-13T13:37:17.097Z,3.0231999999999672,
9,2024-05-13T13:37:18.097Z,3.023299999999967,
9,2024-05-13T13:37:19.097Z,3.023399999999967,
9,2024-05-13T13:37:20.097Z,3.0234999999999665,
9,2024-05-13T13:37:21.097Z,3.0235999999999663,
9,2024-05-13T13:37:22.097Z,3.023699999999966,
9,2024-05-13T13:37:23.097Z,3.023799999999966,
9,2024-05-13T13:37:24.097Z,3.0238999999999656,
9,2024-05-13T13:37:25.097Z,3.0239999999999654,
9,2024-05-13T13:37:26.097Z,3.024099999999965,
9,2024-05-13T13:37:27.097Z,3.0239999999999654,
9,2024-05-13T13:37:28.097Z,3.024099999999965,
9,2024-05-13T13:37:29.097Z,3.0273999999999646,
9,2024-05-13T13:37:30.097Z,3.0274999999999643,
9,2024-05-13T13:37:31.097Z,3.028099999999963,
9,2024-05-13T13:37:32.097Z,3.0231999999999637,
9,2024-05-13T13:37:33.097Z,3.022999999999964,
9,2024-05-13T13:37:34.097Z,3.0227999999999646,
9,2024-05-13T13:37:35.097Z,3.0228999999999644,
9,2024-05-13T13:37:36.097Z,3.022599999999965,
9,2024-05-13T13:37:37.097Z,3.0218999999999667,
9,2024-05-13T13:37:38.097Z,3.0219999999999665,
9,2024-05-13T13:37:39.097Z,3.0204999999999664,
9,2024-05-13T13:37:40.097Z,3.0189999999999664,
9,2024-05-13T13:37:41.097Z,3.0318999999999647,
9,2024-05-13T13:37:42.097Z,3.0380999999999645,
9,2024-05-13T13:37:43.097Z,3.031799999999965,
9,2024-05-13T13:37:44.097Z,3.8318999999999654,
9,2024-05-13T13:37:45.097Z,3.849599999999967,
9,2024-05-13T13:37:46.097Z,3.8496999999999666,
9,2024-05-13T13:37:47.097Z,3.851099999999967,
9,2024-05-13T13:37:48.097Z,3.8516999999999655,
9,2024-05-13T13:37:49.097Z,3.8517999999999653,
9,2024-05-13T13:37:50.097Z,3.8520999999999646,
9,2024-05-13T13:37:51.097Z,3.8521999999999643,
9,2024-05-13T13:37:52.097Z,3.851499999999966,
9,2024-05-13T13:37:53.097Z,3.8675999999999675,
9,2024-05-13T13:37:54.097Z,3.8676999999999673,
9,2024-05-13T13:37:55.097Z,3.866999999999969,
9,2024-05-13T13:37:56.097Z,3.8830999999999705,
9,2024-05-13T13:37:57.097Z,3.8831999999999702,
9,2024-05-13T13:37:58.097Z,3.88329999999997,
9,2024-05-13T13:37:59.097Z,3.8833999999999698,
9,2024-05-13T13:38:00.097Z,3.8826999999999714,
9,2024-05-13T13:38:01.097Z,3.898799999999973,
9,2024-05-13T13:38:02.097Z,3.8988999999999727,
9,2024-05-13T13:38:03.097Z,3.8989999999999725,
9,2024-05-13T13:38:04.097Z,3.8990999999999723,
9,2024-05-13T13:38:05.097Z,3.899199999999972,
9,2024-05-13T13:38:06.097Z,3.899299999999972,
9,2024-05-13T13:38:07.097Z,3.8993999999999716,
9,2024-05-13T13:38:08.097Z,3.8994999999999713,
9,2024-05-13T13:38:09.097Z,3.8997999999999706,
9,2024-05-13T13:38:10.097Z,3.8990999999999723,
9,2024-05-13T13:38:11.097Z,3.9167999999999736,
9,2024-05-13T13:38:12.097Z,3.916999999999973,
9,2024-05-13T13:38:13.097Z,3.923199999999973,
9,2024-05-13T13:38:14.097Z,3.9168999999999734,
9,2024-05-13T13:38:15.097Z,3.934599999999975,
9,2024-05-13T13:38:16.097Z,3.9342999999999755,
9,2024-05-13T13:38:17.097Z,3.947199999999974,
9,2024-05-13T13:38:18.097Z,3.9472999999999736,
9,2024-05-13T13:38:19.097Z,3.9473999999999734,
9,2024-05-13T13:38:20.097Z,3.947499999999973,
9,2024-05-13T13:38:21.097Z,3.9443999999999733,
9,2024-05-13T13:38:22.097Z,3.944499999999973,
9,2024-05-13T13:38:23.097Z,3.9451999999999714,
9,2024-05-13T13:38:24.097Z,3.945299999999971,
9,2024-05-13T13:38:25.097Z,3.944599999999973,
9,2024-05-13T13:38:26.097Z,3.941499999999973,
9,2024-05-13T13:38:27.097Z,3.943999999999974,
9,2024-05-13T13:38:28.097Z,3.9437999999999747,
9,2024-05-13T13:38:29.097Z,4.129499999999975,
9,2024-05-13T13:38:30.097Z,4.129599999999975,
9,2024-05-13T13:38:31.097Z,4.126499999999975,
9,2024-05-13T13:38:32.097Z,4.123099999999976,
9,2024-05-13T13:38:33.097Z,4.123199999999976,
9,2024-05-13T13:38:34.097Z,4.121699999999976,
9,2024-05-13T13:38:35.097Z,4.1217999999999755,
9,2024-05-13T13:38:36.097Z,4.121899999999975,
9,2024-05-13T13:38:37.097Z,4.121999999999975,
9,2024-05-13T13:38:38.097Z,4.122099999999975,
9,2024-05-13T13:38:39.097Z,4.115899999999975,
9,2024-05-13T13:38:40.097Z,4.134799999999974,
9,2024-05-13T13:38:41.097Z,4.134899999999973,
9,2024-05-13T13:38:42.097Z,4.134999999999973,
9,2024-05-13T13:38:43.097Z,4.129999999999974,
9,2024-05-13T13:38:44.097Z,6.554899999999975,
9,2024-05-13T13:38:45.097Z,6.554999999999975,
9,2024-05-13T13:38:46.097Z,6.555099999999975,
9,2024-05-13T13:38:47.097Z,6.555999999999976,
9,2024-05-13T13:38:48.097Z,6.556499999999975,
9,2024-05-13T13:38:49.097Z,6.562199999999976,
9,2024-05-13T13:38:50.097Z,6.5618999999999765,
9,2024-05-13T13:38:51.097Z,6.580899999999975,
9,2024-05-13T13:38:52.097Z,6.580999999999975,
9,2024-05-13T13:38:53.097Z,6.581099999999974,
9,2024-05-13T13:38:54.097Z,6.581199999999974,
9,2024-05-13T13:38:55.097Z,6.581299999999974,
9,2024-05-13T13:38:56.097Z,6.581399999999974,
9,2024-05-13T13:38:57.097Z,6.5814999999999735,
9,2024-05-13T13:38:58.097Z,6.581599999999973,
9,2024-05-13T13:38:59.097Z,6.581699999999973,
9,2024-05-13T13:39:00.097Z,6.581799999999973,
9,2024-05-13T13:39:01.097Z,6.5818999999999726,
9,2024-05-13T13:39:02.097Z,6.581599999999973,
9,2024-05-13T13:39:03.097Z,6.581699999999973,
9,2024-05-13T13:39:04.097Z,6.581799999999973,
9,2024-05-13T13:39:05.097Z,6.5818999999999726,
9,2024-05-13T13:39:06.097Z,6.581999999999972,
9,2024-05-13T13:39:07.097Z,6.582099999999972,
9,2024-05-13T13:39:08.097Z,6.588199999999972,
9,2024-05-13T13:39:09.097Z,6.587499999999974,
9,2024-05-13T13:39:10.097Z,6.605999999999973,
9,2024-05-13T13:39:11.097Z,4.336899999999975,
9,2024-05-13T13:39:12.097Z,4.336999999999975,
9,2024-05-13T13:39:13.097Z,4.337099999999975,
9,2024-05-13T13:39:14.097Z,4.336399999999976,
9,2024-05-13T13:39:15.097Z,4.349199999999975,
9,2024-05-13T13:39:16.097Z,4.349299999999975,
9,2024-05-13T13:39:17.097Z,4.349399999999974,
9,2024-05-13T13:39:18.097Z,4.349499999999974,
9,2024-05-13T13:39:19.097Z,4.349599999999974,
9,2024-05-13T13:39:20.097Z,4.349699999999974,
9,2024-05-13T13:39:21.097Z,4.3497999999999735,
9,2024-05-13T13:39:22.097Z,4.349899999999973,
9,2024-05-13T13:39:23.097Z,4.349999999999973,
9,2024-05-13T13:39:24.097Z,4.350099999999973,
9,2024-05-13T13:39:25.097Z,4.3501999999999725,
9,2024-05-13T13:39:26.097Z,4.350299999999972,
9,2024-05-13T13:39:27.097Z,4.350399999999972,
9,2024-05-13T13:39:28.097Z,4.350499999999972,
9,2024-05-13T13:39:29.097Z,4.350599999999972,
9,2024-05-13T13:39:30.097Z,4.350699999999971,
9,2024-05-13T13:39:31.097Z,4.350799999999971,
9,2024-05-13T13:39:32.097Z,4.350899999999971,
9,2024-05-13T13:39:33.097Z,4.350999999999971,
9,2024-05-13T13:39:34.097Z,4.35109999999997,
9,2024-05-13T13:39:35.097Z,4.35119999999997,
9,2024-05-13T13:39:36.097Z,4.35129999999997,
9,2024-05-13T13:39:37.097Z,4.35139999999997,
9,2024-05-13T13:39:38.097Z,4.3514999999999695,
9,2024-05-13T13:39:39.097Z,4.351599999999969,
9,2024-05-13T13:39:40.097Z,4.351699999999969,
9,2024-05-13T13:39:41.097Z,4.351799999999969,
9,2024-05-13T13:39:42.097Z,4.351899999999969,
9,2024-05-13T13:39:43.097Z,4.351999999999968,
9,2024-05-13T13:39:44.097Z,4.352099999999968,
9,2024-05-13T13:39:45.097Z,4.352199999999968,
9,2024-05-13T13:39:46.097Z,4.352299999999968,
9,2024-05-13T13:39:47.097Z,4.350799999999968,
9,2024-05-13T13:39:48.097Z,4.363699999999966,
9,2024-05-13T13:39:49.097Z,4.363799999999966,
9,2024-05-13T13:39:50.097Z,4.3638999999999655,
9,2024-05-13T13:39:51.097Z,4.360799999999966,
9,2024-05-13T13:39:52.097Z,4.361099999999965,
9,2024-05-13T13:39:53.097Z,4.3603999999999665,
9,2024-05-13T13:39:54.097Z,4.392499999999966,
9,2024-05-13T13:39:55.097Z,4.392599999999966,
9,2024-05-13T13:39:56.097Z,4.406799999999965,
9,2024-05-13T13:39:57.097Z,4.406899999999965,
9,2024-05-13T13:39:58.097Z,4.4069999999999645,
9,2024-05-13T13:39:59.097Z,4.407099999999964,
9,2024-05-13T13:40:00.097Z,4.407199999999964,
9,2024-05-13T13:40:01.097Z,4.407299999999964,
9,2024-05-13T13:40:02.097Z,4.407399999999964,
9,2024-05-13T13:40:03.097Z,4.407499999999963,
9,2024-05-13T13:40:04.097Z,4.407599999999963,
9,2024-05-13T13:40:05.097Z,4.407699999999963,
9,2024-05-13T13:40:06.097Z,4.407799999999963,
9,2024-05-13T13:40:07.097Z,4.407599999999963,
9,2024-05-13T13:40:08.097Z,4.407699999999963,
9,2024-05-13T13:40:09.097Z,4.407799999999963,
9,2024-05-13T13:40:10.097Z,4.407899999999962,
9,2024-05-13T13:40:11.097Z,4.407999999999962,
9,2024-05-13T13:40:12.097Z,4.408099999999962,
9,2024-05-13T13:40:13.097Z,4.408199999999962,
9,2024-05-13T13:40:14.097Z,4.4082999999999615,
9,2024-05-13T13:40:15.097Z,4.408399999999961,
9,2024-05-13T13:40:16.097Z,4.408499999999961,
9,2024-05-13T13:40:17.097Z,4.40299999999996,
9,2024-05-13T13:40:18.097Z,4.403099999999959,
9,2024-05-13T13:40:19.097Z,4.403199999999959,
9,2024-05-13T13:40:20.097Z,4.403299999999959,
9,2024-05-13T13:40:21.097Z,4.403399999999959,
9,2024-05-13T13:40:22.097Z,4.4034999999999584,
9,2024-05-13T13:40:23.097Z,4.403599999999958,
9,2024-05-13T13:40:24.097Z,4.403699999999958,
9,2024-05-13T13:40:25.097Z,4.403799999999958,
9,2024-05-13T13:40:26.097Z,4.4038999999999575,
9,2024-05-13T13:40:27.097Z,4.403999999999957,
9,2024-05-13T13:40:28.097Z,4.404099999999957,
9,2024-05-13T13:40:29.097Z,4.404199999999957,
9,2024-05-13T13:40:30.097Z,4.404299999999957,
9,2024-05-13T13:40:31.097Z,4.404399999999956,
9,2024-05-13T13:40:32.097Z,4.404499999999956,
9,2024-05-13T13:40:33.097Z,4.404299999999957,
9,2024-05-13T13:40:34.097Z,4.404399999999956,
9,2024-05-13T13:40:35.097Z,4.404499999999956,
9,2024-05-13T13:40:36.097Z,4.404599999999956,
9,2024-05-13T13:40:37.097Z,4.404699999999956,
9,2024-05-13T13:40:38.097Z,4.404799999999955,
9,2024-05-13T13:40:39.097Z,4.404899999999955,
9,2024-05-13T13:40:40.097Z,4.404999999999955,
9,2024-05-13T13:40:41.097Z,4.405099999999955,
9,2024-05-13T13:40:42.097Z,4.4051999999999545,
9,2024-05-13T13:40:43.097Z,4.405299999999954,
9,2024-05-13T13:40:44.097Z,4.405399999999954,
9,2024-05-13T13:40:45.097Z,4.405499999999954,
9,2024-05-13T13:40:46.097Z,4.4055999999999536,
9,2024-05-13T13:40:47.097Z,4.405699999999953,
9,2024-05-13T13:40:48.097Z,4.408699999999953,
9,2024-05-13T13:40:49.097Z,4.408799999999953,
9,2024-05-13T13:40:50.097Z,4.408899999999953,
9,2024-05-13T13:40:51.097Z,4.408999999999953,
9,2024-05-13T13:40:52.097Z,4.4090999999999525,
9,2024-05-13T13:40:53.097Z,4.409199999999952,
9,2024-05-13T13:40:54.097Z,4.402899999999953,
9,2024-05-13T13:40:55.097Z,4.425299999999954,
9,2024-05-13T13:40:56.097Z,4.425599999999953,
9,2024-05-13T13:40:57.097Z,4.425699999999953,
9,2024-05-13T13:40:58.097Z,4.425799999999953,
9,2024-05-13T13:40:59.097Z,4.425899999999952,
9,2024-05-13T13:41:00.097Z,4.425999999999952,
9,2024-05-13T13:41:01.097Z,4.426099999999952,
9,2024-05-13T13:41:02.097Z,4.426199999999952,
9,2024-05-13T13:41:03.097Z,4.4262999999999515,
9,2024-05-13T13:41:04.097Z,4.426399999999951,
9,2024-05-13T13:41:05.097Z,4.426499999999951,
9,2024-05-13T13:41:06.097Z,4.426599999999951,
9,2024-05-13T13:41:07.097Z,4.426699999999951,
10,2024-05-13T13:30:37.097Z,26.3,
10,2024-05-13T13:30:38.097Z,26.2809,
10,2024-05-13T13:30:39.097Z,26.2814,
10,2024-05-13T13:30:40.097Z,26.2815,
10,2024-05-13T13:30:41.097Z,26.2752,
10,2024-05-13T13:30:42.097Z,26.2911,
10,2024-05-13T13:30:43.097Z,26.2912,
10,2024-05-13T13:30:44.097Z,26.2913,
10,2024-05-13T13:30:45.097Z,26.2914,
10,2024-05-13T13:30:46.097Z,26.2915,
10,2024-05-13T13:30:47.097Z,26.2852,
10,2024-05-13T13:30:48.097Z,26.2845,
10,2024-05-13T13:30:49.097Z,24.729400000000002,
10,2024-05-13T13:30:50.097Z,24.7295,
10,2024-05-13T13:30:51.097Z,24.729200000000002,
10,2024-05-13T13:30:52.097Z,22.278100000000002,
10,2024-05-13T13:30:53.097Z,22.278200000000002,
10,2024-05-13T13:30:54.097Z,22.2783,
10,2024-05-13T13:30:55.097Z,22.2784,
10,2024-05-13T13:30:56.097Z,22.2785,
10,2024-05-13T13:30:57.097Z,22.2786,
10,2024-05-13T13:30:58.097Z,22.2785,
10,2024-05-13T13:30:59.097Z,22.297,
10,2024-05-13T13:31:00.097Z,22.2969,
10,2024-05-13T13:31:01.097Z,22.297,
10,2024-05-13T13:31:02.097Z,22.2971,
10,2024-05-13T13:31:03.097Z,22.2972,
10,2024-05-13T13:31:04.097Z,22.2973,
10,2024-05-13T13:31:05.097Z,22.2974,
10,2024-05-13T13:31:06.097Z,22.2975,
10,2024-05-13T13:31:07.097Z,22.2976,
10,2024-05-13T13:31:08.097Z,22.2977,
10,2024-05-13T13:31:09.097Z,22.2978,
10,2024-05-13T13:31:10.097Z,22.2979,
10,2024-05-13T13:31:11.097Z,22.298,
10,2024-05-13T13:31:12.097Z,22.298099999999998,
10,2024-05-13T13:31:13.097Z,22.298199999999998,
10,2024-05-13T13:31:14.097Z,22.298299999999998,
10,2024-05-13T13:31:15.097Z,22.298399999999997,
10,2024-05-13T13:31:16.097Z,22.298499999999997,
10,2024-05-13T13:31:17.097Z,22.298599999999997,
10,2024-05-13T13:31:18.097Z,22.298699999999997,
10,2024-05-13T13:31:19.097Z,22.298799999999996,
10,2024-05-13T13:31:20.097Z,22.298899999999996,
10,2024-05-13T13:31:21.097Z,22.298999999999996,
10,2024-05-13T13:31:22.097Z,22.299099999999996,
10,2024-05-13T13:31:23.097Z,22.299199999999995,
10,2024-05-13T13:31:24.097Z,22.299299999999995,
10,2024-05-13T13:31:25.097Z,22.299399999999995,
10,2024-05-13T13:31:26.097Z,22.299499999999995,
10,2024-05-13T13:31:27.097Z,22.299599999999995,
10,2024-05-13T13:31:28.097Z,22.299699999999994,
10,2024-05-13T13:31:29.097Z,22.299799999999994,
10,2024-05-13T13:31:30.097Z,22.299899999999994,
10,2024-05-13T13:31:31.097Z,22.299999999999994,
10,2024-05-13T13:31:32.097Z,22.298499999999994,
10,2024-05-13T13:31:33.097Z,21.901799999999994,
10,2024-05-13T13:31:34.097Z,21.901899999999994,
10,2024-05-13T13:31:35.097Z,21.907999999999994,
10,2024-05-13T13:31:36.097Z,21.903299999999994,
10,2024-05-13T13:31:37.097Z,22.299299999999995,
10,2024-05-13T13:31:38.097Z,22.30079999999999,
10,2024-05-13T13:31:39.097Z,22.30089999999999,
10,2024-05-13T13:31:40.097Z,22.30099999999999,
10,2024-05-13T13:31:41.097Z,22.30109999999999,
10,2024-05-13T13:31:42.097Z,22.30089999999999,
10,2024-05-13T13:31:43.097Z,22.318599999999993,
10,2024-05-13T13:31:44.097Z,22.407999999999994,
10,2024-05-13T13:31:45.097Z,17.506199999999993,
10,2024-05-13T13:31:46.097Z,17.522299999999994,
10,2024-05-13T13:31:47.097Z,17.520799999999994,
10,2024-05-13T13:31:48.097Z,17.52089999999999,
10,2024-05-13T13:31:49.097Z,17.520999999999994,
10,2024-05-13T13:31:50.097Z,17.52109999999999,
10,2024-05-13T13:31:51.097Z,17.521199999999993,
10,2024-05-13T13:31:52.097Z,17.519699999999993,
10,2024-05-13T13:31:53.097Z,17.53579999999999,
10,2024-05-13T13:31:54.097Z,17.53589999999999,
10,2024-05-13T13:31:55.097Z,17.53879999999999,
10,2024-05-13T13:31:56.097Z,17.53729999999999,
10,2024-05-13T13:31:57.097Z,17.55619999999999,
10,2024-05-13T13:31:58.097Z,17.556299999999993,
10,2024-05-13T13:31:59.097Z,17.557799999999993,
10,2024-05-13T13:32:00.097Z,17.55789999999999,
10,2024-05-13T13:32:01.097Z,17.557999999999993,
10,2024-05-13T13:32:02.097Z,17.55809999999999,
10,2024-05-13T13:32:03.097Z,17.558199999999992,
10,2024-05-13T13:32:04.097Z,17.55829999999999,
10,2024-05-13T13:32:05.097Z,17.557999999999993,
10,2024-05-13T13:32:06.097Z,15.490899999999991,
10,2024-05-13T13:32:07.097Z,15.484599999999991,
10,2024-05-13T13:32:08.097Z,15.46709999999999,
10,2024-05-13T13:32:09.097Z,15.46399999999999,
10,2024-05-13T13:32:10.097Z,15.65579999999999,
10,2024-05-13T13:32:11.097Z,15.67349999999999,
10,2024-05-13T13:32:12.097Z,15.67199999999999,
10,2024-05-13T13:32:13.097Z,15.64649999999999,
10,2024-05-13T13:32:14.097Z,15.67859999999999,
10,2024-05-13T13:32:15.097Z,15.67549999999999,
10,2024-05-13T13:32:16.097Z,15.675199999999991,
10,2024-05-13T13:32:17.097Z,15.675299999999991,
10,2024-05-13T13:32:18.097Z,15.675099999999992,
10,2024-05-13T13:32:19.097Z,15.693999999999992,
10,2024-05-13T13:32:20.097Z,15.697099999999992,
10,2024-05-13T13:32:21.097Z,15.695499999999992,
10,2024-05-13T13:32:22.097Z,15.714799999999991,
10,2024-05-13T13:32:23.097Z,15.733299999999991,
10,2024-05-13T13:32:24.097Z,15.73339999999999,
10,2024-05-13T13:32:25.097Z,15.73029999999999,
10,2024-05-13T13:32:26.097Z,14.10479999999999,
10,2024-05-13T13:32:27.097Z,14.08569999999999,
10,2024-05-13T13:32:28.097Z,14.08579999999999,
10,2024-05-13T13:32:29.097Z,14.08509999999999,
10,2024-05-13T13:32:30.097Z,14.89119999999999,
10,2024-05-13T13:32:31.097Z,14.915299999999991,
10,2024-05-13T13:32:32.097Z,14.915399999999991,
10,2024-05-13T13:32:33.097Z,14.91709999999999,
10,2024-05-13T13:32:34.097Z,14.91649999999999,
10,2024-05-13T13:32:35.097Z,15.30699999999999,
10,2024-05-13T13:32:36.097Z,15.34519999999999,
10,2024-05-13T13:32:37.097Z,15.74169999999999,
10,2024-05-13T13:32:38.097Z,13.376999999999988,
10,2024-05-13T13:32:39.097Z,13.376899999999988,
10,2024-05-13T13:32:40.097Z,13.376999999999988,
10,2024-05-13T13:32:41.097Z,13.377199999999988,
10,2024-05-13T13:32:42.097Z,12.570899999999988,
10,2024-05-13T13:32:43.097Z,12.759799999999988,
10,2024-05-13T13:32:44.097Z,12.772699999999988,
10,2024-05-13T13:32:45.097Z,12.772799999999988,
10,2024-05-13T13:32:46.097Z,12.772899999999987,
10,2024-05-13T13:32:47.097Z,12.773399999999988,
10,2024-05-13T13:32:48.097Z,12.773499999999988,
10,2024-05-13T13:32:49.097Z,12.774099999999988,
10,2024-05-13T13:32:50.097Z,12.771799999999988,
10,2024-05-13T13:32:51.097Z,12.789899999999989,
10,2024-05-13T13:32:52.097Z,12.78739999999999,
10,2024-05-13T13:32:53.097Z,12.78109999999999,
10,2024-05-13T13:32:54.097Z,12.77479999999999,
10,2024-05-13T13:32:55.097Z,12.77619999999999,
10,2024-05-13T13:32:56.097Z,12.77309999999999,
10,2024-05-13T13:32:57.097Z,13.57939999999999,
10,2024-05-13T13:32:58.097Z,14.385699999999991,
10,2024-05-13T13:32:59.097Z,14.38739999999999,
10,2024-05-13T13:33:00.097Z,14.38429999999999,
10,2024-05-13T13:33:01.097Z,14.384899999999991,
10,2024-05-13T13:33:02.097Z,14.381799999999991,
10,2024-05-13T13:33:03.097Z,14.425899999999992,
10,2024-05-13T13:33:04.097Z,14.425999999999991,
10,2024-05-13T13:33:05.097Z,14.426099999999991,
10,2024-05-13T13:33:06.097Z,14.425899999999992,
10,2024-05-13T13:33:07.097Z,14.435599999999992,
10,2024-05-13T13:33:08.097Z,11.992499999999993,
10,2024-05-13T13:33:09.097Z,11.992599999999992,
10,2024-05-13T13:33:10.097Z,11.992699999999992,
10,2024-05-13T13:33:11.097Z,11.992799999999992,
10,2024-05-13T13:33:12.097Z,11.992899999999992,
10,2024-05-13T13:33:13.097Z,12.624999999999991,
10,2024-05-13T13:33:14.097Z,12.643899999999991,
10,2024-05-13T13:33:15.097Z,12.643999999999991,
10,2024-05-13T13:33:16.097Z,12.644099999999991,
10,2024-05-13T13:33:17.097Z,12.64419999999999,
10,2024-05-13T13:33:18.097Z,12.64449999999999,
10,2024-05-13T13:33:19.097Z,12.64459999999999,
10,2024-05-13T13:33:20.097Z,12.64469999999999,
10,2024-05-13T13:33:21.097Z,12.64479999999999,
10,2024-05-13T13:33:22.097Z,12.64489999999999,
10,2024-05-13T13:33:23.097Z,12.644999999999989,
10,2024-05-13T13:33:24.097Z,12.645099999999989,
10,2024-05-13T13:33:25.097Z,12.645199999999988,
10,2024-05-13T13:33:26.097Z,12.645299999999988,
10,2024-05-13T13:33:27.097Z,12.663799999999988,
10,2024-05-13T13:33:28.097Z,12.663899999999988,
10,2024-05-13T13:33:29.097Z,12.663799999999988,
10,2024-05-13T13:33:30.097Z,12.663899999999988,
10,2024-05-13T13:33:31.097Z,12.663999999999987,
10,2024-05-13T13:33:32.097Z,12.664099999999987,
10,2024-05-13T13:33:33.097Z,12.682999999999987,
10,2024-05-13T13:33:34.097Z,12.683099999999987,
10,2024-05-13T13:33:35.097Z,12.689399999999987,
10,2024-05-13T13:33:36.097Z,12.689499999999986,
10,2024-05-13T13:33:37.097Z,12.689599999999986,
10,2024-05-13T13:33:38.097Z,12.689699999999986,
10,2024-05-13T13:33:39.097Z,12.689799999999986,
10,2024-05-13T13:33:40.097Z,12.689899999999986,
10,2024-05-13T13:33:41.097Z,12.689999999999985,
10,2024-05-13T13:33:42.097Z,12.690099999999985,
10,2024-05-13T13:33:43.097Z,12.683799999999986,
10,2024-05-13T13:33:44.097Z,12.701499999999985,
10,2024-05-13T13:33:45.097Z,12.701599999999985,
10,2024-05-13T13:33:46.097Z,12.720099999999984,
10,2024-05-13T13:33:47.097Z,12.720199999999984,
10,2024-05-13T13:33:48.097Z,12.720299999999984,
10,2024-05-13T13:33:49.097Z,12.720399999999984,
10,2024-05-13T13:33:50.097Z,12.720499999999983,
10,2024-05-13T13:33:51.097Z,12.720599999999983,
10,2024-05-13T13:33:52.097Z,12.719099999999983,
10,2024-05-13T13:33:53.097Z,12.719699999999987,
10,2024-05-13T13:33:54.097Z,12.719799999999987,
10,2024-05-13T13:33:55.097Z,12.719899999999987,
10,2024-05-13T13:33:56.097Z,12.719999999999986,
10,2024-05-13T13:33:57.097Z,12.720099999999986,
10,2024-05-13T13:33:58.097Z,12.720199999999986,
10,2024-05-13T13:33:59.097Z,12.719499999999986,
10,2024-05-13T13:34:00.097Z,12.719599999999986,
10,2024-05-13T13:34:01.097Z,12.719699999999985,
10,2024-05-13T13:34:02.097Z,12.719799999999985,
10,2024-05-13T13:34:03.097Z,12.719699999999985,
10,2024-05-13T13:34:04.097Z,13.063799999999985,
10,2024-05-13T13:34:05.097Z,13.146199999999984,
10,2024-05-13T13:34:06.097Z,13.147599999999985,
10,2024-05-13T13:34:07.097Z,9.893099999999986,
10,2024-05-13T13:34:08.097Z,9.886799999999987,
10,2024-05-13T13:34:09.097Z,9.905299999999986,
10,2024-05-13T13:34:10.097Z,9.905399999999986,
10,2024-05-13T13:34:11.097Z,9.905499999999986,
10,2024-05-13T13:34:12.097Z,9.905599999999986,
10,2024-05-13T13:34:13.097Z,9.905699999999985,
10,2024-05-13T13:34:14.097Z,9.905799999999985,
10,2024-05-13T13:34:15.097Z,9.905899999999985,
10,2024-05-13T13:34:16.097Z,9.905999999999985,
10,2024-05-13T13:34:17.097Z,9.906099999999984,
10,2024-05-13T13:34:18.097Z,9.912399999999984,
10,2024-05-13T13:34:19.097Z,9.912499999999984,
10,2024-05-13T13:34:20.097Z,9.912599999999983,
10,2024-05-13T13:34:21.097Z,9.912699999999983,
10,2024-05-13T13:34:22.097Z,9.915599999999984,
10,2024-05-13T13:34:23.097Z,9.912499999999984,
10,2024-05-13T13:34:24.097Z,9.893399999999982,
10,2024-05-13T13:34:25.097Z,9.890299999999982,
10,2024-05-13T13:34:26.097Z,9.907999999999983,
10,2024-05-13T13:34:27.097Z,9.906499999999983,
10,2024-05-13T13:34:28.097Z,9.906599999999983,
10,2024-05-13T13:34:29.097Z,9.906699999999983,
10,2024-05-13T13:34:30.097Z,9.906599999999983,
10,2024-05-13T13:34:31.097Z,9.887499999999982,
10,2024-05-13T13:34:32.097Z,9.89239999999998,
10,2024-05-13T13:34:33.097Z,9.89249999999998,
10,2024-05-13T13:34:34.097Z,9.892299999999981,
10,2024-05-13T13:34:35.097Z,9.908399999999983,
10,2024-05-13T13:34:36.097Z,9.908499999999982,
10,2024-05-13T13:34:37.097Z,9.908599999999982,
10,2024-05-13T13:34:38.097Z,9.908699999999982,
10,2024-05-13T13:34:39.097Z,9.908799999999982,
10,2024-05-13T13:34:40.097Z,9.908899999999981,
10,2024-05-13T13:34:41.097Z,9.908999999999981,
10,2024-05-13T13:34:42.097Z,9.909099999999981,
10,2024-05-13T13:34:43.097Z,9.90919999999998,
10,2024-05-13T13:34:44.097Z,9.90929999999998,
10,2024-05-13T13:34:45.097Z,9.90939999999998,
10,2024-05-13T13:34:46.097Z,9.908699999999982,
10,2024-05-13T13:34:47.097Z,9.939199999999978,
10,2024-05-13T13:34:48.097Z,9.939299999999978,
10,2024-05-13T13:34:49.097Z,9.939399999999978,
10,2024-05-13T13:34:50.097Z,9.939299999999978,
10,2024-05-13T13:34:51.097Z,9.939399999999978,
10,2024-05-13T13:34:52.097Z,9.933099999999978,
10,2024-05-13T13:34:53.097Z,6.668999999999979,
10,2024-05-13T13:34:54.097Z,4.224299999999978,
10,2024-05-13T13:34:55.097Z,4.217999999999979,
10,2024-05-13T13:34:56.097Z,4.229299999999977,
10,2024-05-13T13:34:57.097Z,4.229399999999977,
10,2024-05-13T13:34:58.097Z,4.229499999999977,
10,2024-05-13T13:34:59.097Z,4.2295999999999765,
10,2024-05-13T13:35:00.097Z,4.229699999999976,
10,2024-05-13T13:35:01.097Z,4.2295999999999765,
10,2024-05-13T13:35:02.097Z,4.229699999999976,
10,2024-05-13T13:35:03.097Z,4.229799999999976,
10,2024-05-13T13:35:04.097Z,4.229899999999976,
10,2024-05-13T13:35:05.097Z,4.229699999999976,
10,2024-05-13T13:35:06.097Z,4.247399999999978,
10,2024-05-13T13:35:07.097Z,4.247499999999977,
10,2024-05-13T13:35:08.097Z,4.247599999999977,
10,2024-05-13T13:35:09.097Z,4.247699999999977,
10,2024-05-13T13:35:10.097Z,4.247799999999977,
10,2024-05-13T13:35:11.097Z,4.2478999999999765,
10,2024-05-13T13:35:12.097Z,4.247999999999976,
10,2024-05-13T13:35:13.097Z,4.248099999999976,
10,2024-05-13T13:35:14.097Z,4.248199999999976,
10,2024-05-13T13:35:15.097Z,4.245099999999976,
10,2024-05-13T13:35:16.097Z,4.245199999999976,
10,2024-05-13T13:35:17.097Z,4.245299999999975,
10,2024-05-13T13:35:18.097Z,4.245399999999975,
10,2024-05-13T13:35:19.097Z,4.250299999999974,
10,2024-05-13T13:35:20.097Z,4.249999999999975,
10,2024-05-13T13:35:21.097Z,4.250099999999975,
10,2024-05-13T13:35:22.097Z,4.250199999999975,
10,2024-05-13T13:35:23.097Z,4.250299999999974,
10,2024-05-13T13:35:24.097Z,4.250399999999974,
10,2024-05-13T13:35:25.097Z,4.250499999999974,
10,2024-05-13T13:35:26.097Z,4.250599999999974,
10,2024-05-13T13:35:27.097Z,4.2506999999999735,
10,2024-05-13T13:35:28.097Z,4.250799999999973,
10,2024-05-13T13:35:29.097Z,4.250899999999973,
10,2024-05-13T13:35:30.097Z,4.250999999999973,
10,2024-05-13T13:35:31.097Z,4.251099999999973,
10,2024-05-13T13:35:32.097Z,4.251199999999972,
10,2024-05-13T13:35:33.097Z,4.251299999999972,
10,2024-05-13T13:35:34.097Z,4.251399999999972,
10,2024-05-13T13:35:35.097Z,4.251499999999972,
10,2024-05-13T13:35:36.097Z,4.251599999999971,
10,2024-05-13T13:35:37.097Z,4.251699999999971,
10,2024-05-13T13:35:38.097Z,4.251799999999971,
10,2024-05-13T13:35:39.097Z,4.251899999999971,
10,2024-05-13T13:35:40.097Z,4.2519999999999705,
10,2024-05-13T13:35:41.097Z,4.25209999999997,
10,2024-05-13T13:35:42.097Z,4.25219999999997,
10,2024-05-13T13:35:43.097Z,4.25229999999997,
10,2024-05-13T13:35:44.097Z,4.2523999999999695,
10,2024-05-13T13:35:45.097Z,4.252499999999969,
10,2024-05-13T13:35:46.097Z,4.252599999999969,
10,2024-05-13T13:35:47.097Z,4.252699999999969,
10,2024-05-13T13:35:48.097Z,4.252799999999969,
10,2024-05-13T13:35:49.097Z,4.252899999999968,
10,2024-05-13T13:35:50.097Z,4.252999999999968,
10,2024-05-13T13:35:51.097Z,4.253099999999968,
10,2024-05-13T13:35:52.097Z,4.253199999999968,
10,2024-05-13T13:35:53.097Z,4.253299999999967,
10,2024-05-13T13:35:54.097Z,4.253399999999967,
10,2024-05-13T13:35:55.097Z,4.253499999999967,
10,2024-05-13T13:35:56.097Z,4.253599999999967,
10,2024-05-13T13:35:57.097Z,4.2536999999999665,
10,2024-05-13T13:35:58.097Z,4.253799999999966,
10,2024-05-13T13:35:59.097Z,4.253899999999966,
10,2024-05-13T13:36:00.097Z,4.253999999999966,
10,2024-05-13T13:36:01.097Z,4.254099999999966,
10,2024-05-13T13:36:02.097Z,4.254199999999965,
10,2024-05-13T13:36:03.097Z,4.254299999999965,
10,2024-05-13T13:36:04.097Z,4.254399999999965,
10,2024-05-13T13:36:05.097Z,4.254499999999965,
10,2024-05-13T13:36:06.097Z,4.254599999999964,
10,2024-05-13T13:36:07.097Z,4.254699999999964,
10,2024-05-13T13:36:08.097Z,4.254499999999965,
10,2024-05-13T13:36:09.097Z,4.255899999999965,
10,2024-05-13T13:36:10.097Z,4.249599999999965,
10,2024-05-13T13:36:11.097Z,4.249699999999965,
10,2024-05-13T13:36:12.097Z,5.049399999999967,
10,2024-05-13T13:36:13.097Z,5.049499999999966,
10,2024-05-13T13:36:14.097Z,5.049599999999966,
10,2024-05-13T13:36:15.097Z,5.049699999999966,
10,2024-05-13T13:36:16.097Z,5.049799999999966,
10,2024-05-13T13:36:17.097Z,5.049899999999965,
10,2024-05-13T13:36:18.097Z,5.049999999999965,
10,2024-05-13T13:36:19.097Z,5.043699999999966,
10,2024-05-13T13:36:20.097Z,5.046199999999967,
10,2024-05-13T13:36:21.097Z,5.046299999999967,
10,2024-05-13T13:36:22.097Z,5.0463999999999665,
10,2024-05-13T13:36:23.097Z,5.046499999999966,
10,2024-05-13T13:36:24.097Z,5.046599999999966,
10,2024-05-13T13:36:25.097Z,5.046699999999966,
10,2024-05-13T13:36:26.097Z,5.045999999999967,
10,2024-05-13T13:36:27.097Z,5.026899999999966,
10,2024-05-13T13:36:28.097Z,5.0269999999999655,
10,2024-05-13T13:36:29.097Z,5.027099999999965,
10,2024-05-13T13:36:30.097Z,5.025399999999966,
10,2024-05-13T13:36:31.097Z,5.828699999999966,
10,2024-05-13T13:36:32.097Z,6.019199999999966,
10,2024-05-13T13:36:33.097Z,6.044599999999967,
10,2024-05-13T13:36:34.097Z,3.6190999999999676,
10,2024-05-13T13:36:35.097Z,3.6191999999999673,
10,2024-05-13T13:36:36.097Z,3.619299999999967,
10,2024-05-13T13:36:37.097Z,3.619399999999967,
10,2024-05-13T13:36:38.097Z,3.624299999999966,
10,2024-05-13T13:36:39.097Z,3.624399999999966,
10,2024-05-13T13:36:40.097Z,3.6244999999999656,
10,2024-05-13T13:36:41.097Z,3.6245999999999654,
10,2024-05-13T13:36:42.097Z,3.624699999999965,
10,2024-05-13T13:36:43.097Z,3.624699999999965,
10,2024-05-13T13:36:44.097Z,3.6248999999999647,
10,2024-05-13T13:36:45.097Z,3.6249999999999645,
10,2024-05-13T13:36:46.097Z,3.6250999999999642,
10,2024-05-13T13:36:47.097Z,3.625199999999964,
10,2024-05-13T13:36:48.097Z,3.6238999999999635,
10,2024-05-13T13:36:49.097Z,4.001299999999965,
10,2024-05-13T13:36:50.097Z,4.000999999999966,
10,2024-05-13T13:36:51.097Z,4.0010999999999655,
10,2024-05-13T13:36:52.097Z,4.002499999999966,
10,2024-05-13T13:36:53.097Z,4.0021999999999665,
10,2024-05-13T13:36:54.097Z,3.9990999999999666,
10,2024-05-13T13:36:55.097Z,3.979999999999965,
10,2024-05-13T13:36:56.097Z,3.9792999999999665,
10,2024-05-13T13:36:57.097Z,4.426599999999965,
10,2024-05-13T13:36:58.097Z,4.4450999999999645,
10,2024-05-13T13:36:59.097Z,4.440199999999965,
10,2024-05-13T13:37:00.097Z,2.981099999999966,
10,2024-05-13T13:37:01.097Z,3.0192999999999657,
10,2024-05-13T13:37:02.097Z,2.980999999999966,
10,2024-05-13T13:37:03.097Z,2.981099999999966,
10,2024-05-13T13:37:04.097Z,2.9807999999999666,
10,2024-05-13T13:37:05.097Z,2.9792999999999665,
10,2024-05-13T13:37:06.097Z,2.972999999999967,
10,2024-05-13T13:37:07.097Z,2.9914999999999665,
10,2024-05-13T13:37:08.097Z,2.991299999999967,
10,2024-05-13T13:37:09.097Z,2.9913999999999668,
10,2024-05-13T13:37:10.097Z,2.991699999999966,
10,2024-05-13T13:37:11.097Z,2.9915999999999663,
10,2024-05-13T13:37:12.097Z,3.0234999999999665,
10,2024-05-13T13:37:13.097Z,3.0235999999999663,
10,2024-05-13T13:37:14.097Z,3.023699999999966,
10,2024-05-13T13:37:15.097Z,3.023799999999966,
10,2024-05-13T13:37:16.097Z,3.0230999999999675,
10,2024-05-13T13:37:17.097Z,3.0231999999999672,
10,2024-05-13T13:37:18.097Z,3.023299999999967,
10,2024-05-13T13:37:19.097Z,3.023399999999967,
10,2024-05-13T13:37:20.097Z,3.0234999999999665,
10,2024-05-13T13:37:21.097Z,3.0235999999999663,
10,2024-05-13T13:37:22.097Z,3.023699999999966,
10,2024-05-13T13:37:23.097Z,3.023799999999966,
10,2024-05-13T13:37:24.097Z,3.0238999999999656,
10,2024-05-13T13:37:25.097Z,3.0239999999999654,
10,2024-05-13T13:37:26.097Z,3.024099999999965,
10,2024-05-13T13:37:27.097Z,3.0239999999999654,
10,2024-05-13T13:37:28.097Z,3.024099999999965,
10,2024-05-13T13:37:29.097Z,3.0273999999999646,
10,2024-05-13T13:37:30.097Z,3.0274999999999643,
10,2024-05-13T13:37:31.097Z,3.028099999999963,
10,2024-05-13T13:37:32.097Z,3.0231999999999637,
10,2024-05-13T13:37:33.097Z,3.022999999999964,
10,2024-05-13T13:37:34.097Z,3.0227999999999646,
10,2024-05-13T13:37:35.097Z,3.0228999999999644,
10,2024-05-13T13:37:36.097Z,3.022599999999965,
10,2024-05-13T13:37:37.097Z,3.0218999999999667,
10,2024-05-13T13:37:38.097Z,3.0219999999999665,
10,2024-05-13T13:37:39.097Z,3.0204999999999664,
10,2024-05-13T13:37:40.097Z,3.0189999999999664,
10,2024-05-13T13:37:41.097Z,3.0318999999999647,
10,2024-05-13T13:37:42.097Z,3.0380999999999645,
10,2024-05-13T13:37:43.097Z,3.031799999999965,
10,2024-05-13T13:37:44.097Z,3.8318999999999654,
10,2024-05-13T13:37:45.097Z,3.849599999999967,
10,2024-05-13T13:37:46.097Z,3.8496999999999666,
10,2024-05-13T13:37:47.097Z,3.851099999999967,
10,2024-05-13T13:37:48.097Z,3.8516999999999655,
10,2024-05-13T13:37:49.097Z,3.8517999999999653,
10,2024-05-13T13:37:50.097Z,3.8520999999999646,
10,2024-05-13T13:37:51.097Z,3.8521999999999643,
10,2024-05-13T13:37:52.097Z,3.851499999999966,
10,2024-05-13T13:37:53.097Z,3.8675999999999675,
10,2024-05-13T13:37:54.097Z,3.8676999999999673,
10,2024-05-13T13:37:55.097Z,3.866999999999969,
10,2024-05-13T13:37:56.097Z,3.8830999999999705,
10,2024-05-13T13:37:57.097Z,3.8831999999999702,
10,2024-05-13T13:37:58.097Z,3.88329999999997,
10,2024-05-13T13:37:59.097Z,3.8833999999999698,
10,2024-05-13T13:38:00.097Z,3.8826999999999714,
10,2024-05-13T13:38:01.097Z,3.898799999999973,
10,2024-05-13T13:38:02.097Z,3.8988999999999727,
10,2024-05-13T13:38:03.097Z,3.8989999999999725,
10,2024-05-13T13:38:04.097Z,3.8990999999999723,
10,2024-05-13T13:38:05.097Z,3.899199999999972,
10,2024-05-13T13:38:06.097Z,3.899299999999972,
10,2024-05-13T13:38:07.097Z,3.8993999999999716,
10,2024-05-13T13:38:08.097Z,3.8994999999999713,
10,2024-05-13T13:38:09.097Z,3.8997999999999706,
10,2024-05-13T13:38:10.097Z,3.8990999999999723,
10,2024-05-13T13:38:11.097Z,3.9167999999999736,
10,2024-05-13T13:38:12.097Z,3.916999999999973,
10,2024-05-13T13:38:13.097Z,3.923199999999973,
10,2024-05-13T13:38:14.097Z,3.9168999999999734,
10,2024-05-13T13:38:15.097Z,3.934599999999975,
10,2024-05-13T13:38:16.097Z,3.9342999999999755,
10,2024-05-13T13:38:17.097Z,3.947199999999974,
10,2024-05-13T13:38:18.097Z,3.9472999999999736,
10,2024-05-13T13:38:19.097Z,3.9473999999999734,
10,2024-05-13T13:38:20.097Z,3.947499999999973,
10,2024-05-13T13:38:21.097Z,3.9443999999999733,
10,2024-05-13T13:38:22.097Z,3.944499999999973,
10,2024-05-13T13:38:23.097Z,3.9451999999999714,
10,2024-05-13T13:38:24.097Z,3.945299999999971,
10,2024-05-13T13:38:25.097Z,3.944599999999973,
10,2024-05-13T13:38:26.097Z,3.941499999999973,
10,2024-05-13T13:38:27.097Z,3.943999999999974,
10,2024-05-13T13:38:28.097Z,3.9437999999999747,
10,2024-05-13T13:38:29.097Z,4.129499999999975,
10,2024-05-13T13:38:30.097Z,4.129599999999975,
10,2024-05-13T13:38:31.097Z,4.126499999999975,
10,2024-05-13T13:38:32.097Z,4.123099999999976,
10,2024-05-13T13:38:33.097Z,4.123199999999976,
10,2024-05-13T13:38:34.097Z,4.121699999999976,
10,2024-05-13T13:38:35.097Z,4.1217999999999755,
10,2024-05-13T13:38:36.097Z,4.121899999999975,
10,2024-05-13T13:38:37.097Z,4.121999999999975,
10,2024-05-13T13:38:38.097Z,4.122099999999975,
10,2024-05-13T13:38:39.097Z,4.115899999999975,
10,2024-05-13T13:38:40.097Z,4.134799999999974,
10,2024-05-13T13:38:41.097Z,4.134899999999973,
10,2024-05-13T13:38:42.097Z,4.134999999999973,
10,2024-05-13T13:38:43.097Z,4.129999999999974,
10,2024-05-13T13:38:44.097Z,6.554899999999975,
10,2024-05-13T13:38:45.097Z,6.554999999999975,
10,2024-05-13T13:38:46.097Z,6.555099999999975,
10,2024-05-13T13:38:47.097Z,6.555999999999976,
10,2024-05-13T13:38:48.097Z,6.556499999999975,
10,2024-05-13T13:38:49.097Z,6.562199999999976,
10,2024-05-13T13:38:50.097Z,6.5618999999999765,
10,2024-05-13T13:38:51.097Z,6.580899999999975,
10,2024-05-13T13:38:52.097Z,6.580999999999975,
10,2024-05-13T13:38:53.097Z,6.581099999999974,
10,2024-05-13T13:38:54.097Z,6.581199999999974,
10,2024-05-13T13:38:55.097Z,6.581299999999974,
10,2024-05-13T13:38:56.097Z,6.581399999999974,
10,2024-05-13T13:38:57.097Z,6.5814999999999735,
10,2024-05-13T13:38:58.097Z,6.581599999999973,
10,2024-05-13T13:38:59.097Z,6.581699999999973,
10,2024-05-13T13:39:00.097Z,6.581799999999973,
10,2024-05-13T13:39:01.097Z,6.5818999999999726,
10,2024-05-13T13:39:02.097Z,6.581599999999973,
10,2024-05-13T13:39:03.097Z,6.581699999999973,
10,2024-05-13T13:39:04.097Z,6.581799999999973,
10,2024-05-13T13:39:05.097Z,6.5818999999999726,
10,2024-05-13T13:39:06.097Z,6.581999999999972,
10,2024-05-13T13:39:07.097Z,6.582099999999972,
10,2024-05-13T13:39:08.097Z,6.588199999999972,
10,2024-05-13T13:39:09.097Z,6.587499999999974,
10,2024-05-13T13:39:10.097Z,6.605999999999973,
10,2024-05-13T13:39:11.097Z,4.336899999999975,
10,2024-05-13T13:39:12.097Z,4.336999999999975,
10,2024-05-13T13:39:13.097Z,4.337099999999975,
10,2024-05-13T13:39:14.097Z,4.336399999999976,
10,2024-05-13T13:39:15.097Z,4.349199999999975,
10,2024-05-13T13:39:16.097Z,4.349299999999975,
10,2024-05-13T13:39:17.097Z,4.349399999999974,
10,2024-05-13T13:39:18.097Z,4.349499999999974,
10,2024-05-13T13:39:19.097Z,4.349599999999974,
10,2024-05-13T13:39:20.097Z,4.349699999999974,
10,2024-05-13T13:39:21.097Z,4.3497999999999735,
10,2024-05-13T13:39:22.097Z,4.349899999999973,
10,2024-05-13T13:39:23.097Z,4.349999999999973,
10,2024-05-13T13:39:24.097Z,4.350099999999973,
10,2024-05-13T13:39:25.097Z,4.3501999999999725,
10,2024-05-13T13:39:26.097Z,4.350299999999972,
10,2024-05-13T13:39:27.097Z,4.350399999999972,
10,2024-05-13T13:39:28.097Z,4.350499999999972,
10,2024-05-13T13:39:29.097Z,4.350599999999972,
10,2024-05-13T13:39:30.097Z,4.350699999999971,
10,2024-05-13T13:39:31.097Z,4.350799999999971,
10,2024-05-13T13:39:32.097Z,4.350899999999971,
10,2024-05-13T13:39:33.097Z,4.350999999999971,
10,2024-05-13T13:39:34.097Z,4.35109999999997,
10,2024-05-13T13:39:35.097Z,4.35119999999997,
10,2024-05-13T13:39:36.097Z,4.35129999999997,
10,2024-05-13T13:39:37.097Z,4.35139999999997,
10,2024-05-13T13:39:38.097Z,4.3514999999999695,
10,2024-05-13T13:39:39.097Z,4.351599999999969,
10,2024-05-13T13:39:40.097Z,4.351699999999969,
10,2024-05-13T13:39:41.097Z,4.351799999999969,
10,2024-05-13T13:39:42.097Z,4.351899999999969,
10,2024-05-13T13:39:43.097Z,4.351999999999968,
10,2024-05-13T13:39:44.097Z,4.352099999999968,
10,2024-05-13T13:39:45.097Z,4.352199999999968,
10,2024-05-13T13:39:46.097Z,4.352299999999968,
10,2024-05-13T13:39:47.097Z,4.350799999999968,
10,2024-05-13T13:39:48.097Z,4.363699999999966,
10,2024-05-13T13:39:49.097Z,4.363799999999966,
10,2024-05-13T13:39:50.097Z,4.3638999999999655,
10,2024-05-13T13:39:51.097Z,4.360799999999966,
10,2024-05-13T13:39:52.097Z,4.361099999999965,
10,2024-05-13T13:39:53.097Z,4.3603999999999665,
10,2024-05-13T13:39:54.097Z,4.392499999999966,
10,2024-05-13T13:39:55.097Z,4.392599999999966,
10,2024-05-13T13:39:56.097Z,4.406799999999965,
10,2024-05-13T13:39:57.097Z,4.406899999999965,
10,2024-05-13T13:39:58.097Z,4.4069999999999645,
10,2024-05-13T13:39:59.097Z,4.407099999999964,
10,2024-05-13T13:40:00.097Z,4.407199999999964,
10,2024-05-13T13:40:01.097Z,4.407299999999964,
10,2024-05-13T13:40:02.097Z,4.407399999999964,
10,2024-05-13T13:40:03.097Z,4.407499999999963,
10,2024-05-13T13:40:04.097Z,4.407599999999963,
10,2024-05-13T13:40:05.097Z,4.407699999999963,
10,2024-05-13T13:40:06.097Z,4.407799999999963,
10,2024-05-13T13:40:07.097Z,4.407599999999963,
10,2024-05-13T13:40:08.097Z,4.407699999999963,
10,2024-05-13T13:40:09.097Z,4.407799999999963,
10,2024-05-13T13:40:10.097Z,4.407899999999962,
10,2024-05-13T13:40:11.097Z,4.407999999999962,
10,2024-05-13T13:40:12.097Z,4.408099999999962,
10,2024-05-13T13:40:13.097Z,4.408199999999962,
10,2024-05-13T13:40:14.097Z,4.4082999999999615,
10,2024-05-13T13:40:15.097Z,4.408399999999961,
10,2024-05-13T13:40:16.097Z,4.408499999999961,
10,2024-05-13T13:40:17.097Z,4.40299999999996,
10,2024-05-13T13:40:18.097Z,4.403099999999959,
10,2024-05-13T13:40:19.097Z,4.403199999999959,
10,2024-05-13T13:40:20.097Z,4.403299999999959,
10,2024-05-13T13:40:21.097Z,4.403399999999959,
10,2024-05-13T13:40:22.097Z,4.4034999999999584,
10,2024-05-13T13:40:23.097Z,4.403599999999958,
10,2024-05-13T13:40:24.097Z,4.403699999999958,
10,2024-05-13T13:40:25.097Z,4.403799999999958,
10,2024-05-13T13:40:26.097Z,4.4038999999999575,
10,2024-05-13T13:40:27.097Z,4.403999999999957,
10,2024-05-13T13:40:28.097Z,4.404099999999957,
10,2024-05-13T13:40:29.097Z,4.404199999999957,
10,2024-05-13T13:40:30.097Z,4.404299999999957,
10,2024-05-13T13:40:31.097Z,4.404399999999956,
10,2024-05-13T13:40:32.097Z,4.404499999999956,
10,2024-05-13T13:40:33.097Z,4.404299999999957,
10,2024-05-13T13:40:34.097Z,4.404399999999956,
10,2024-05-13T13:40:35.097Z,4.404499999999956,
10,2024-05-13T13:40:36.097Z,4.404599999999956,
10,2024-05-13T13:40:37.097Z,4.404699999999956,
10,2024-05-13T13:40:38.097Z,4.404799999999955,
10,2024-05-13T13:40:39.097Z,4.404899999999955,
10,2024-05-13T13:40:40.097Z,4.404999999999955,
10,2024-05-13T13:40:41.097Z,4.405099999999955,
10,2024-05-13T13:40:42.097Z,4.4051999999999545,
10,2024-05-13T13:40:43.097Z,4.405299999999954,
10,2024-05-13T13:40:44.097Z,4.405399999999954,
10,2024-05-13T13:40:45.097Z,4.405499999999954,
10,2024-05-13T13:40:46.097Z,4.4055999999999536,
10,2024-05-13T13:40:47.097Z,4.405699999999953,
10,2024-05-13T13:40:48.097Z,4.408699999999953,
10,2024-05-13T13:40:49.097Z,4.408799999999953,
10,2024-05-13T13:40:50.097Z,4.408899999999953,
10,2024-05-13T13:40:51.097Z,4.408999999999953,
10,2024-05-13T13:40:52.097Z,4.4090999999999525,
10,2024-05-13T13:40:53.097Z,4.409199999999952,
10,2024-05-13T13:40:54.097Z,4.402899999999953,
10,2024-05-13T13:40:55.097Z,4.425299999999954,
10,2024-05-13T13:40:56.097Z,4.425599999999953,
10,2024-05-13T13:40:57.097Z,4.425699999999953,
10,2024-05-13T13:40:58.097Z,4.425799999999953,
10,2024-05-13T13:40:59.097Z,4.425899999999952,
10,2024-05-13T13:41:00.097Z,4.425999999999952,
10,2024-05-13T13:41:01.097Z,4.426099999999952,
10,2024-05-13T13:41:02.097Z,4.426199999999952,
10,2024-05-13T13:41:03.097Z,4.4262999999999515,
10,2024-05-13T13:41:04.097Z,4.426399999999951,
10,2024-05-13T13:41:05.097Z,4.426499999999951,
10,2024-05-13T13:41:06.097Z,4.426599999999951,
10,2024-05-13T13:41:07.097Z,4.426699999999951,
11,2024-05-13T13:30:37.097Z,26.3,
11,2024-05-13T13:30:38.097Z,26.2809,
11,2024-05-13T13:30:39.097Z,26.2814,
11,2024-05-13T13:30:40.097Z,26.2815,
11,2024-05-13T13:30:41.097Z,26.2752,
11,2024-05-13T13:30:42.097Z,26.2911,
11,2024-05-13T13:30:43.097Z,26.2912,
11,2024-05-13T13:30:44.097Z,26.2913,
11,2024-05-13T13:30:45.097Z,26.2914,
11,2024-05-13T13:30:46.097Z,26.2915,
11,2024-05-13T13:30:47.097Z,26.2852,
11,2024-05-13T13:30:48.097Z,26.2845,
11,2024-05-13T13:30:49.097Z,24.729400000000002,
11,2024-05-13T13:30:50.097Z,24.7295,
11,2024-05-13T13:30:51.097Z,24.729200000000002,
11,2024-05-13T13:30:52.097Z,22.278100000000002,
11,2024-05-13T13:30:53.097Z,22.278200000000002,
11,2024-05-13T13:30:54.097Z,22.2783,
11,2024-05-13T13:30:55.097Z,22.2784,
11,2024-05-13T13:30:56.097Z,22.2785,
11,2024-05-13T13:30:57.097Z,22.2786,
11,2024-05-13T13:30:58.097Z,22.2785,
11,2024-05-13T13:30:59.097Z,22.297,
11,2024-05-13T13:31:00.097Z,22.2969,
11,2024-05-13T13:31:01.097Z,22.297,
11,2024-05-13T13:31:02.097Z,22.2971,
11,2024-05-13T13:31:03.097Z,22.2972,
11,2024-05-13T13:31:04.097Z,22.2973,
11,2024-05-13T13:31:05.097Z,22.2974,
11,2024-05-13T13:31:06.097Z,22.2975,
11,2024-05-13T13:31:07.097Z,22.2976,
11,2024-05-13T13:31:08.097Z,22.2977,
11,2024-05-13T13:31:09.097Z,22.2978,
11,2024-05-13T13:31:10.097Z,22.2979,
11,2024-05-13T13:31:11.097Z,22.298,
11,2024-05-13T13:31:12.097Z,22.298099999999998,
11,2024-05-13T13:31:13.097Z,22.298199999999998,
11,2024-05-13T13:31:14.097Z,22.298299999999998,
11,2024-05-13T13:31:15.097Z,22.298399999999997,
11,2024-05-13T13:31:16.097Z,22.298499999999997,
11,2024-05-13T13:31:17.097Z,22.298599999999997,
11,2024-05-13T13:31:18.097Z,22.298699999999997,
11,2024-05-13T13:31:19.097Z,22.298799999999996,
11,2024-05-13T13:31:20.097Z,22.298899999999996,
11,2024-05-13T13:31:21.097Z,22.298999999999996,
11,2024-05-13T13:31:22.097Z,22.299099999999996,
11,2024-05-13T13:31:23.097Z,22.299199999999995,
11,2024-05-13T13:31:24.097Z,22.299299999999995,
11,2024-05-13T13:31:25.097Z,22.299399999999995,
11,2024-05-13T13:31:26.097Z,22.299499999999995,
11,2024-05-13T13:31:27.097Z,22.299599999999995,
11,2024-05-13T13:31:28.097Z,22.299699999999994,
11,2024-05-13T13:31:29.097Z,22.299799999999994,
11,2024-05-13T13:31:30.097Z,22.299899999999994,
11,2024-05-13T13:31:31.097Z,22.299999999999994,
11,2024-05-13T13:31:32.097Z,22.298499999999994,
11,2024-05-13T13:31:33.097Z,21.901799999999994,
11,2024-05-13T13:31:34.097Z,21.901899999999994,
11,2024-05-13T13:31:35.097Z,21.907999999999994,
11,2024-05-13T13:31:36.097Z,21.903299999999994,
11,2024-05-13T13:31:37.097Z,22.299299999999995,
11,2024-05-13T13:31:38.097Z,22.30079999999999,
11,2024-05-13T13:31:39.097Z,22.30089999999999,
11,2024-05-13T13:31:40.097Z,22.30099999999999,
11,2024-05-13T13:31:41.097Z,22.30109999999999,
11,2024-05-13T13:31:42.097Z,22.30089999999999,
11,2024-05-13T13:31:43.097Z,22.318599999999993,
11,2024-05-13T13:31:44.097Z,22.407999999999994,
11,2024-05-13T13:31:45.097Z,17.506199999999993,
11,2024-05-13T13:31:46.097Z,17.522299999999994,
11,2024-05-13T13:31:47.097Z,17.520799999999994,
11,2024-05-13T13:31:48.097Z,17.52089999999999,
11,2024-05-13T13:31:49.097Z,17.520999999999994,
11,2024-05-13T13:31:50.097Z,17.52109999999999,
11,2024-05-13T13:31:51.097Z,17.521199999999993,
11,2024-05-13T13:31:52.097Z,17.519699999999993,
11,2024-05-13T13:31:53.097Z,17.53579999999999,
11,2024-05-13T13:31:54.097Z,17.53589999999999,
11,2024-05-13T13:31:55.097Z,17.53879999999999,
11,2024-05-13T13:31:56.097Z,17.53729999999999,
11,2024-05-13T13:31:57.097Z,17.55619999999999,
11,2024-05-13T13:31:58.097Z,17.556299999999993,
11,2024-05-13T13:31:59.097Z,17.557799999999993,
11,2024-05-13T13:32:00.097Z,17.55789999999999,
11,2024-05-13T13:32:01.097Z,17.557999999999993,
11,2024-05-13T13:32:02.097Z,17.55809999999999,
11,2024-05-13T13:32:03.097Z,17.558199999999992,
11,2024-05-13T13:32:04.097Z,17.55829999999999,
11,2024-05-13T13:32:05.097Z,17.557999999999993,
11,2024-05-13T13:32:06.097Z,15.490899999999991,
11,2024-05-13T13:32:07.097Z,15.484599999999991,
11,2024-05-13T13:32:08.097Z,15.46709999999999,
11,2024-05-13T13:32:09.097Z,15.46399999999999,
11,2024-05-13T13:32:10.097Z,15.65579999999999,
11,2024-05-13T13:32:11.097Z,15.67349999999999,
11,2024-05-13T13:32:12.097Z,15.67199999999999,
11,2024-05-13T13:32:13.097Z,15.64649999999999,
11,2024-05-13T13:32:14.097Z,15.67859999999999,
11,2024-05-13T13:32:15.097Z,15.67549999999999,
11,2024-05-13T13:32:16.097Z,15.675199999999991,
11,2024-05-13T13:32:17.097Z,15.675299999999991,
11,2024-05-13T13:32:18.097Z,15.675099999999992,
11,2024-05-13T13:32:19.097Z,15.693999999999992,
11,2024-05-13T13:32:20.097Z,15.697099999999992,
11,2024-05-13T13:32:21.097Z,15.695499999999992,
11,2024-05-13T13:32:22.097Z,15.714799999999991,
11,2024-05-13T13:32:23.097Z,15.733299999999991,
11,2024-05-13T13:32:24.097Z,15.73339999999999,
11,2024-05-13T13:32:25.097Z,15.73029999999999,
11,2024-05-13T13:32:26.097Z,14.10479999999999,
11,2024-05-13T13:32:27.097Z,14.08569999999999,
11,2024-05-13T13:32:28.097Z,14.08579999999999,
11,2024-05-13T13:32:29.097Z,14.08509999999999,
11,2024-05-13T13:32:30.097Z,14.89119999999999,
11,2024-05-13T13:32:31.097Z,14.915299999999991,
11,2024-05-13T13:32:32.097Z,14.915399999999991,
11,2024-05-13T13:32:33.097Z,14.91709999999999,
11,2024-05-13T13:32:34.097Z,14.91649999999999,
11,2024-05-13T13:32:35.097Z,15.30699999999999,
11,2024-05-13T13:32:36.097Z,15.34519999999999,
11,2024-05-13T13:32:37.097Z,15.74169999999999,
11,2024-05-13T13:32:38.097Z,13.376999999999988,
11,2024-05-13T13:32:39.097Z,13.376899999999988,
11,2024-05-13T13:32:40.097Z,13.376999999999988,
11,2024-05-13T13:32:41.097Z,13.377199999999988,
11,2024-05-13T13:32:42.097Z,12.570899999999988,
11,2024-05-13T13:32:43.097Z,12.759799999999988,
11,2024-05-13T13:32:44.097Z,12.772699999999988,
11,2024-05-13T13:32:45.097Z,12.772799999999988,
11,2024-05-13T13:32:46.097Z,12.772899999999987,
11,2024-05-13T13:32:47.097Z,12.773399999999988,
11,2024-05-13T13:32:48.097Z,12.773499999999988,
11,2024-05-13T13:32:49.097Z,12.774099999999988,
11,2024-05-13T13:32:50.097Z,12.771799999999988,
11,2024-05-13T13:32:51.097Z,12.789899999999989,
11,2024-05-13T13:32:52.097Z,12.78739999999999,
11,2024-05-13T13:32:53.097Z,12.78109999999999,
11,2024-05-13T13:32:54.097Z,12.77479999999999,
11,2024-05-13T13:32:55.097Z,12.77619999999999,
11,2024-05-13T13:32:56.097Z,12.77309999999999,
11,2024-05-13T13:32:57.097Z,13.57939999999999,
11,2024-05-13T13:32:58.097Z,14.385699999999991,
11,2024-05-13T13:32:59.097Z,14.38739999999999,
11,2024-05-13T13:33:00.097Z,14.38429999999999,
11,2024-05-13T13:33:01.097Z,14.384899999999991,
11,2024-05-13T13:33:02.097Z,14.381799999999991,
11,2024-05-13T13:33:03.097Z,14.425899999999992,
11,2024-05-13T13:33:04.097Z,14.425999999999991,
11,2024-05-13T13:33:05.097Z,14.426099999999991,
11,2024-05-13T13:33:06.097Z,14.425899999999992,
11,2024-05-13T13:33:07.097Z,14.435599999999992,
11,2024-05-13T13:33:08.097Z,11.992499999999993,
11,2024-05-13T13:33:09.097Z,11.992599999999992,
11,2024-05-13T13:33:10.097Z,11.992699999999992,
11,2024-05-13T13:33:11.097Z,11.992799999999992,
11,2024-05-13T13:33:12.097Z,11.992899999999992,
11,2024-05-13T13:33:13.097Z,12.624999999999991,
11,2024-05-13T13:33:14.097Z,12.643899999999991,
11,2024-05-13T13:33:15.097Z,12.643999999999991,
11,2024-05-13T13:33:16.097Z,12.644099999999991,
11,2024-05-13T13:33:17.097Z,12.64419999999999,
11,2024-05-13T13:33:18.097Z,12.64449999999999,
11,2024-05-13T13:33:19.097Z,12.64459999999999,
11,2024-05-13T13:33:20.097Z,12.64469999999999,
11,2024-05-13T13:33:21.097Z,12.64479999999999,
11,2024-05-13T13:33:22.097Z,12.64489999999999,
11,2024-05-13T13:33:23.097Z,12.644999999999989,
11,2024-05-13T13:33:24.097Z,12.645099999999989,
11,2024-05-13T13:33:25.097Z,12.645199999999988,
11,2024-05-13T13:33:26.097Z,12.645299999999988,
11,2024-05-13T13:33:27.097Z,12.663799999999988,
11,2024-05-13T13:33:28.097Z,12.663899999999988,
11,2024-05-13T13:33:29.097Z,12.663799999999988,
11,2024-05-13T13:33:30.097Z,12.663899999999988,
11,2024-05-13T13:33:31.097Z,12.663999999999987,
11,2024-05-13T13:33:32.097Z,12.664099999999987,
11,2024-05-13T13:33:33.097Z,12.682999999999987,
11,2024-05-13T13:33:34.097Z,12.683099999999987,
11,2024-05-13T13:33:35.097Z,12.689399999999987,
11,2024-05-13T13:33:36.097Z,12.689499999999986,
11,2024-05-13T13:33:37.097Z,12.689599999999986,
11,2024-05-13T13:33:38.097Z,12.689699999999986,
11,2024-05-13T13:33:39.097Z,12.689799999999986,
11,2024-05-13T13:33:40.097Z,12.689899999999986,
11,2024-05-13T13:33:41.097Z,12.689999999999985,
11,2024-05-13T13:33:42.097Z,12.690099999999985,
11,2024-05-13T13:33:43.097Z,12.683799999999986,
11,2024-05-13T13:33:44.097Z,12.701499999999985,
11,2024-05-13T13:33:45.097Z,12.701599999999985,
11,2024-05-13T13:33:46.097Z,12.720099999999984,
11,2024-05-13T13:33:47.097Z,12.720199999999984,
11,2024-05-13T13:33:48.097Z,12.720299999999984,
11,2024-05-13T13:33:49.097Z,12.720399999999984,
11,2024-05-13T13:33:50.097Z,12.720499999999983,
11,2024-05-13T13:33:51.097Z,12.720599999999983,
11,2024-05-13T13:33:52.097Z,12.719099999999983,
11,2024-05-13T13:33:53.097Z,12.719699999999987,
11,2024-05-13T13:33:54.097Z,12.719799999999987,
11,2024-05-13T13:33:55.097Z,12.719899999999987,
11,2024-05-13T13:33:56.097Z,12.719999999999986,
11,2024-05-13T13:33:57.097Z,12.720099999999986,
11,2024-05-13T13:33:58.097Z,12.720199999999986,
11,2024-05-13T13:33:59.097Z,12.719499999999986,
11,2024-05-13T13:34:00.097Z,12.719599999999986,
11,2024-05-13T13:34:01.097Z,12.719699999999985,
11,2024-05-13T13:34:02.097Z,12.719799999999985,
11,2024-05-13T13:34:03.097Z,12.719699999999985,
11,2024-05-13T13:34:04.097Z,13.063799999999985,
11,2024-05-13T13:34:05.097Z,13.146199999999984,
11,2024-05-13T13:34:06.097Z,13.147599999999985,
11,2024-05-13T13:34:07.097Z,9.893099999999986,
11,2024-05-13T13:34:08.097Z,9.886799999999987,
11,2024-05-13T13:34:09.097Z,9.905299999999986,
11,2024-05-13T13:34:10.097Z,9.905399999999986,
11,2024-05-13T13:34:11.097Z,9.905499999999986,
11,2024-05-13T13:34:12.097Z,9.905599999999986,
11,2024-05-13T13:34:13.097Z,9.905699999999985,
11,2024-05-13T13:34:14.097Z,9.905799999999985,
11,2024-05-13T13:34:15.097Z,9.905899999999985,
11,2024-05-13T13:34:16.097Z,9.905999999999985,
11,2024-05-13T13:34:17.097Z,9.906099999999984,
11,2024-05-13T13:34:18.097Z,9.912399999999984,
11,2024-05-13T13:34:19.097Z,9.912499999999984,
11,2024-05-13T13:34:20.097Z,9.912599999999983,
11,2024-05-13T13:34:21.097Z,9.912699999999983,
11,2024-05-13T13:34:22.097Z,9.915599999999984,
11,2024-05-13T13:34:23.097Z,9.912499999999984,
11,2024-05-13T13:34:24.097Z,9.893399999999982,
11,2024-05-13T13:34:25.097Z,9.890299999999982,
11,2024-05-13T13:34:26.097Z,9.907999999999983,
11,2024-05-13T13:34:27.097Z,9.906499999999983,
11,2024-05-13T13:34:28.097Z,9.906599999999983,
11,2024-05-13T13:34:29.097Z,9.906699999999983,
11,2024-05-13T13:34:30.097Z,9.906599999999983,
11,2024-05-13T13:34:31.097Z,9.887499999999982,
11,2024-05-13T13:34:32.097Z,9.89239999999998,
11,2024-05-13T13:34:33.097Z,9.89249999999998,
11,2024-05-13T13:34:34.097Z,9.892299999999981,
11,2024-05-13T13:34:35.097Z,9.908399999999983,
11,2024-05-13T13:34:36.097Z,9.908499999999982,
11,2024-05-13T13:34:37.097Z,9.908599999999982,
11,2024-05-13T13:34:38.097Z,9.908699999999982,
11,2024-05-13T13:34:39.097Z,9.908799999999982,
11,2024-05-13T13:34:40.097Z,9.908899999999981,
11,2024-05-13T13:34:41.097Z,9.908999999999981,
11,2024-05-13T13:34:42.097Z,9.909099999999981,
11,2024-05-13T13:34:43.097Z,9.90919999999998,
11,2024-05-13T13:34:44.097Z,9.90929999999998,
11,2024-05-13T13:34:45.097Z,9.90939999999998,
11,2024-05-13T13:34:46.097Z,9.908699999999982,
11,2024-05-13T13:34:47.097Z,9.939199999999978,
11,2024-05-13T13:34:48.097Z,9.939299999999978,
11,2024-05-13T13:34:49.097Z,9.939399999999978,
11,2024-05-13T13:34:50.097Z,9.939299999999978,
11,2024-05-13T13:34:51.097Z,9.939399999999978,
11,2024-05-13T13:34:52.097Z,9.933099999999978,
11,2024-05-13T13:34:53.097Z,6.668999999999979,
11,2024-05-13T13:34:54.097Z,4.224299999999978,
11,2024-05-13T13:34:55.097Z,4.217999999999979,
11,2024-05-13T13:34:56.097Z,4.229299999999977,
11,2024-05-13T13:34:57.097Z,4.229399999999977,
11,2024-05-13T13:34:58.097Z,4.229499999999977,
11,2024-05-13T13:34:59.097Z,4.2295999999999765,
11,2024-05-13T13:35:00.097Z,4.229699999999976,
11,2024-05-13T13:35:01.097Z,4.2295999999999765,
11,2024-05-13T13:35:02.097Z,4.229699999999976,
11,2024-05-13T13:35:03.097Z,4.229799999999976,
11,2024-05-13T13:35:04.097Z,4.229899999999976,
11,2024-05-13T13:35:05.097Z,4.229699999999976,
11,2024-05-13T13:35:06.097Z,4.247399999999978,
11,2024-05-13T13:35:07.097Z,4.247499999999977,
11,2024-05-13T13:35:08.097Z,4.247599999999977,
11,2024-05-13T13:35:09.097Z,4.247699999999977,
11,2024-05-13T13:35:10.097Z,4.247799999999977,
11,2024-05-13T13:35:11.097Z,4.2478999999999765,
11,2024-05-13T13:35:12.097Z,4.247999999999976,
11,2024-05-13T13:35:13.097Z,4.248099999999976,
11,2024-05-13T13:35:14.097Z,4.248199999999976,
11,2024-05-13T13:35:15.097Z,4.245099999999976,
11,2024-05-13T13:35:16.097Z,4.245199999999976,
11,2024-05-13T13:35:17.097Z,4.245299999999975,
11,2024-05-13T13:35:18.097Z,4.245399999999975,
11,2024-05-13T13:35:19.097Z,4.250299999999974,
11,2024-05-13T13:35:20.097Z,4.249999999999975,
11,2024-05-13T13:35:21.097Z,4.250099999999975,
11,2024-05-13T13:35:22.097Z,4.250199999999975,
11,2024-05-13T13:35:23.097Z,4.250299999999974,
11,2024-05-13T13:35:24.097Z,4.250399999999974,
11,2024-05-13T13:35:25.097Z,4.250499999999974,
11,2024-05-13T13:35:26.097Z,4.250599999999974,
11,2024-05-13T13:35:27.097Z,4.2506999999999735,
11,2024-05-13T13:35:28.097Z,4.250799999999973,
11,2024-05-13T13:35:29.097Z,4.250899999999973,
11,2024-05-13T13:35:30.097Z,4.250999999999973,
11,2024-05-13T13:35:31.097Z,4.251099999999973,
11,2024-05-13T13:35:32.097Z,4.251199999999972,
11,2024-05-13T13:35:33.097Z,4.251299999999972,
11,2024-05-13T13:35:34.097Z,4.251399999999972,
11,2024-05-13T13:35:35.097Z,4.251499999999972,
11,2024-05-13T13:35:36.097Z,4.251599999999971,
11,2024-05-13T13:35:37.097Z,4.251699999999971,
11,2024-05-13T13:35:38.097Z,4.251799999999971,
11,2024-05-13T13:35:39.097Z,4.251899999999971,
11,2024-05-13T13:35:40.097Z,4.2519999999999705,
11,2024-05-13T13:35:41.097Z,4.25209999999997,
11,2024-05-13T13:35:42.097Z,4.25219999999997,
11,2024-05-13T13:35:43.097Z,4.25229999999997,
11,2024-05-13T13:35:44.097Z,4.2523999999999695,
11,2024-05-13T13:35:45.097Z,4.252499999999969,
11,2024-05-13T13:35:46.097Z,4.252599999999969,
11,2024-05-13T13:35:47.097Z,4.252699999999969,
11,2024-05-13T13:35:48.097Z,4.252799999999969,
11,2024-05-13T13:35:49.097Z,4.252899999999968,
11,2024-05-13T13:35:50.097Z,4.252999999999968,
11,2024-05-13T13:35:51.097Z,4.253099999999968,
11,2024-05-13T13:35:52.097Z,4.253199999999968,
11,2024-05-13T13:35:53.097Z,4.253299999999967,
11,2024-05-13T13:35:54.097Z,4.253399999999967,
11,2024-05-13T13:35:55.097Z,4.253499999999967,
11,2024-05-13T13:35:56.097Z,4.253599999999967,
11,2024-05-13T13:35:57.097Z,4.2536999999999665,
11,2024-05-13T13:35:58.097Z,4.253799999999966,
11,2024-05-13T13:35:59.097Z,4.253899999999966,
11,2024-05-13T13:36:00.097Z,4.253999999999966,
11,2024-05-13T13:36:01.097Z,4.254099999999966,
11,2024-05-13T13:36:02.097Z,4.254199999999965,
11,2024-05-13T13:36:03.097Z,4.254299999999965,
11,2024-05-13T13:36:04.097Z,4.254399999999965,
11,2024-05-13T13:36:05.097Z,4.254499999999965,
11,2024-05-13T13:36:06.097Z,4.254599999999964,
11,2024-05-13T13:36:07.097Z,4.254699999999964,
11,2024-05-13T13:36:08.097Z,4.254499999999965,
11,2024-05-13T13:36:09.097Z,4.255899999999965,
11,2024-05-13T13:36:10.097Z,4.249599999999965,
11,2024-05-13T13:36:11.097Z,4.249699999999965,
11,2024-05-13T13:36:12.097Z,5.049399999999967,
11,2024-05-13T13:36:13.097Z,5.049499999999966,
11,2024-05-13T13:36:14.097Z,5.049599999999966,
11,2024-05-13T13:36:15.097Z,5.049699999999966,
11,2024-05-13T13:36:16.097Z,5.049799999999966,
11,2024-05-13T13:36:17.097Z,5.049899999999965,
11,2024-05-13T13:36:18.097Z,5.049999999999965,
11,2024-05-13T13:36:19.097Z,5.043699999999966,
11,2024-05-13T13:36:20.097Z,5.046199999999967,
11,2024-05-13T13:36:21.097Z,5.046299999999967,
11,2024-05-13T13:36:22.097Z,5.0463999999999665,
11,2024-05-13T13:36:23.097Z,5.046499999999966,
11,2024-05-13T13:36:24.097Z,5.046599999999966,
11,2024-05-13T13:36:25.097Z,5.046699999999966,
11,2024-05-13T13:36:26.097Z,5.045999999999967,
11,2024-05-13T13:36:27.097Z,5.026899999999966,
11,2024-05-13T13:36:28.097Z,5.0269999999999655,
11,2024-05-13T13:36:29.097Z,5.027099999999965,
11,2024-05-13T13:36:30.097Z,5.025399999999966,
11,2024-05-13T13:36:31.097Z,5.828699999999966,
11,2024-05-13T13:36:32.097Z,6.019199999999966,
11,2024-05-13T13:36:33.097Z,6.044599999999967,
11,2024-05-13T13:36:34.097Z,3.6190999999999676,
11,2024-05-13T13:36:35.097Z,3.6191999999999673,
11,2024-05-13T13:36:36.097Z,3.619299999999967,
11,2024-05-13T13:36:37.097Z,3.619399999999967,
11,2024-05-13T13:36:38.097Z,3.624299999999966,
11,2024-05-13T13:36:39.097Z,3.624399999999966,
11,2024-05-13T13:36:40.097Z,3.6244999999999656,
11,2024-05-13T13:36:41.097Z,3.6245999999999654,
11,2024-05-13T13:36:42.097Z,3.624699999999965,
11,2024-05-13T13:36:43.097Z,3.624699999999965,
11,2024-05-13T13:36:44.097Z,3.6248999999999647,
11,2024-05-13T13:36:45.097Z,3.6249999999999645,
11,2024-05-13T13:36:46.097Z,3.6250999999999642,
11,2024-05-13T13:36:47.097Z,3.625199999999964,
11,2024-05-13T13:36:48.097Z,3.6238999999999635,
11,2024-05-13T13:36:49.097Z,4.001299999999965,
11,2024-05-13T13:36:50.097Z,4.000999999999966,
11,2024-05-13T13:36:51.097Z,4.0010999999999655,
11,2024-05-13T13:36:52.097Z,4.002499999999966,
11,2024-05-13T13:36:53.097Z,4.0021999999999665,
11,2024-05-13T13:36:54.097Z,3.9990999999999666,
11,2024-05-13T13:36:55.097Z,3.979999999999965,
11,2024-05-13T13:36:56.097Z,3.9792999999999665,
11,2024-05-13T13:36:57.097Z,4.426599999999965,
11,2024-05-13T13:36:58.097Z,4.4450999999999645,
11,2024-05-13T13:36:59.097Z,4.440199999999965,
11,2024-05-13T13:37:00.097Z,2.981099999999966,
11,2024-05-13T13:37:01.097Z,3.0192999999999657,
11,2024-05-13T13:37:02.097Z,2.980999999999966,
11,2024-05-13T13:37:03.097Z,2.981099999999966,
11,2024-05-13T13:37:04.097Z,2.9807999999999666,
11,2024-05-13T13:37:05.097Z,2.9792999999999665,
11,2024-05-13T13:37:06.097Z,2.972999999999967,
11,2024-05-13T13:37:07.097Z,2.9914999999999665,
11,2024-05-13T13:37:08.097Z,2.991299999999967,
11,2024-05-13T13:37:09.097Z,2.9913999999999668,
11,2024-05-13T13:37:10.097Z,2.991699999999966,
11,2024-05-13T13:37:11.097Z,2.9915999999999663,
11,2024-05-13T13:37:12.097Z,3.0234999999999665,
11,2024-05-13T13:37:13.097Z,3.0235999999999663,
11,2024-05-13T13:37:14.097Z,3.023699999999966,
11,2024-05-13T13:37:15.097Z,3.023799999999966,
11,2024-05-13T13:37:16.097Z,3.0230999999999675,
11,2024-05-13T13:37:17.097Z,3.0231999999999672,
11,2024-05-13T13:37:18.097Z,3.023299999999967,
11,2024-05-13T13:37:19.097Z,3.023399999999967,
11,2024-05-13T13:37:20.097Z,3.0234999999999665,
11,2024-05-13T13:37:21.097Z,3.0235999999999663,
11,2024-05-13T13:37:22.097Z,3.023699999999966,
11,2024-05-13T13:37:23.097Z,3.023799999999966,
11,2024-05-13T13:37:24.097Z,3.0238999999999656,
11,2024-05-13T13:37:25.097Z,3.0239999999999654,
11,2024-05-13T13:37:26.097Z,3.024099999999965,
11,2024-05-13T13:37:27.097Z,3.0239999999999654,
11,2024-05-13T13:37:28.097Z,3.024099999999965,
11,2024-05-13T13:37:29.097Z,3.0273999999999646,
11,2024-05-13T13:37:30.097Z,3.0274999999999643,
11,2024-05-13T13:37:31.097Z,3.028099999999963,
11,2024-05-13T13:37:32.097Z,3.0231999999999637,
11,2024-05-13T13:37:33.097Z,3.022999999999964,
11,2024-05-13T13:37:34.097Z,3.0227999999999646,
11,2024-05-13T13:37:35.097Z,3.0228999999999644,
11,2024-05-13T13:37:36.097Z,3.022599999999965,
11,2024-05-13T13:37:37.097Z,3.0218999999999667,
11,2024-05-13T13:37:38.097Z,3.0219999999999665,
11,2024-05-13T13:37:39.097Z,3.0204999999999664,
11,2024-05-13T13:37:40.097Z,3.0189999999999664,
11,2024-05-13T13:37:41.097Z,3.0318999999999647,
11,2024-05-13T13:37:42.097Z,3.0380999999999645,
11,2024-05-13T13:37:43.097Z,3.031799999999965,
11,2024-05-13T13:37:44.097Z,3.8318999999999654,
11,2024-05-13T13:37:45.097Z,3.849599999999967,
11,2024-05-13T13:37:46.097Z,3.8496999999999666,
11,2024-05-13T13:37:47.097Z,3.851099999999967,
11,2024-05-13T13:37:48.097Z,3.8516999999999655,
11,2024-05-13T13:37:49.097Z,3.8517999999999653,
11,2024-05-13T13:37:50.097Z,3.8520999999999646,
11,2024-05-13T13:37:51.097Z,3.8521999999999643,
11,2024-05-13T13:37:52.097Z,3.851499999999966,
11,2024-05-13T13:37:53.097Z,3.8675999999999675,
11,2024-05-13T13:37:54.097Z,3.8676999999999673,
11,2024-05-13T13:37:55.097Z,3.866999999999969,
11,2024-05-13T13:37:56.097Z,3.8830999999999705,
11,2024-05-13T13:37:57.097Z,3.8831999999999702,
11,2024-05-13T13:37:58.097Z,3.88329999999997,
11,2024-05-13T13:37:59.097Z,3.8833999999999698,
11,2024-05-13T13:38:00.097Z,3.8826999999999714,
11,2024-05-13T13:38:01.097Z,3.898799999999973,
11,2024-05-13T13:38:02.097Z,3.8988999999999727,
11,2024-05-13T13:38:03.097Z,3.8989999999999725,
11,2024-05-13T13:38:04.097Z,3.8990999999999723,
11,2024-05-13T13:38:05.097Z,3.899199999999972,
11,2024-05-13T13:38:06.097Z,3.899299999999972,
11,2024-05-13T13:38:07.097Z,3.8993999999999716,
11,2024-05-13T13:38:08.097Z,3.8994999999999713,
11,2024-05-13T13:38:09.097Z,3.8997999999999706,
11,2024-05-13T13:38:10.097Z,3.8990999999999723,
11,2024-05-13T13:38:11.097Z,3.9167999999999736,
11,2024-05-13T13:38:12.097Z,3.916999999999973,
11,2024-05-13T13:38:13.097Z,3.923199999999973,
11,2024-05-13T13:38:14.097Z,3.9168999999999734,
11,2024-05-13T13:38:15.097Z,3.934599999999975,
11,2024-05-13T13:38:16.097Z,3.9342999999999755,
11,2024-05-13T13:38:17.097Z,3.947199999999974,
11,2024-05-13T13:38:18.097Z,3.9472999999999736,
11,2024-05-13T13:38:19.097Z,3.9473999999999734,
11,2024-05-13T13:38:20.097Z,3.947499999999973,
11,2024-05-13T13:38:21.097Z,3.9443999999999733,
11,2024-05-13T13:38:22.097Z,3.944499999999973,
11,2024-05-13T13:38:23.097Z,3.9451999999999714,
11,2024-05-13T13:38:24.097Z,3.945299999999971,
11,2024-05-13T13:38:25.097Z,3.944599999999973,
11,2024-05-13T13:38:26.097Z,3.941499999999973,
11,2024-05-13T13:38:27.097Z,3.943999999999974,
11,2024-05-13T13:38:28.097Z,3.9437999999999747,
11,2024-05-13T13:38:29.097Z,4.129499999999975,
11,2024-05-13T13:38:30.097Z,4.129599999999975,
11,2024-05-13T13:38:31.097Z,4.126499999999975,
11,2024-05-13T13:38:32.097Z,4.123099999999976,
11,2024-05-13T13:38:33.097Z,4.123199999999976,
11,2024-05-13T13:38:34.097Z,4.121699999999976,
11,2024-05-13T13:38:35.097Z,4.1217999999999755,
11,2024-05-13T13:38:36.097Z,4.121899999999975,
11,2024-05-13T13:38:37.097Z,4.121999999999975,
11,2024-05-13T13:38:38.097Z,4.122099999999975,
11,2024-05-13T13:38:39.097Z,4.115899999999975,
11,2024-05-13T13:38:40.097Z,4.134799999999974,
11,2024-05-13T13:38:41.097Z,4.134899999999973,
11,2024-05-13T13:38:42.097Z,4.134999999999973,
11,2024-05-13T13:38:43.097Z,4.129999999999974,
11,2024-05-13T13:38:44.097Z,6.554899999999975,
11,2024-05-13T13:38:45.097Z,6.554999999999975,
11,2024-05-13T13:38:46.097Z,6.555099999999975,
11,2024-05-13T13:38:47.097Z,6.555999999999976,
11,2024-05-13T13:38:48.097Z,6.556499999999975,
11,2024-05-13T13:38:49.097Z,6.562199999999976,
11,2024-05-13T13:38:50.097Z,6.5618999999999765,
11,2024-05-13T13:38:51.097Z,6.580899999999975,
11,2024-05-13T13:38:52.097Z,6.580999999999975,
11,2024-05-13T13:38:53.097Z,6.581099999999974,
11,2024-05-13T13:38:54.097Z,6.581199999999974,
11,2024-05-13T13:38:55.097Z,6.581299999999974,
11,2024-05-13T13:38:56.097Z,6.581399999999974,
11,2024-05-13T13:38:57.097Z,6.5814999999999735,
11,2024-05-13T13:38:58.097Z,6.581599999999973,
11,2024-05-13T13:38:59.097Z,6.581699999999973,
11,2024-05-13T13:39:00.097Z,6.581799999999973,
11,2024-05-13T13:39:01.097Z,6.5818999999999726,
11,2024-05-13T13:39:02.097Z,6.581599999999973,
11,2024-05-13T13:39:03.097Z,6.581699999999973,
11,2024-05-13T13:39:04.097Z,6.581799999999973,
11,2024-05-13T13:39:05.097Z,6.5818999999999726,
11,2024-05-13T13:39:06.097Z,6.581999999999972,
11,2024-05-13T13:39:07.097Z,6.582099999999972,
11,2024-05-13T13:39:08.097Z,6.588199999999972,
11,2024-05-13T13:39:09.097Z,6.587499999999974,
11,2024-05-13T13:39:10.097Z,6.605999999999973,
11,2024-05-13T13:39:11.097Z,4.336899999999975,
11,2024-05-13T13:39:12.097Z,4.336999999999975,
11,2024-05-13T13:39:13.097Z,4.337099999999975,
11,2024-05-13T13:39:14.097Z,4.336399999999976,
11,2024-05-13T13:39:15.097Z,4.349199999999975,
11,2024-05-13T13:39:16.097Z,4.349299999999975,
11,2024-05-13T13:39:17.097Z,4.349399999999974,
11,2024-05-13T13:39:18.097Z,4.349499999999974,
11,2024-05-13T13:39:19.097Z,4.349599999999974,
11,2024-05-13T13:39:20.097Z,4.349699999999974,
11,2024-05-13T13:39:21.097Z,4.3497999999999735,
11,2024-05-13T13:39:22.097Z,4.349899999999973,
11,2024-05-13T13:39:23.097Z,4.349999999999973,
11,2024-05-13T13:39:24.097Z,4.350099999999973,
11,2024-05-13T13:39:25.097Z,4.3501999999999725,
11,2024-05-13T13:39:26.097Z,4.350299999999972,
11,2024-05-13T13:39:27.097Z,4.350399999999972,
11,2024-05-13T13:39:28.097Z,4.350499999999972,
11,2024-05-13T13:39:29.097Z,4.350599999999972,
11,2024-05-13T13:39:30.097Z,4.350699999999971,
11,2024-05-13T13:39:31.097Z,4.350799999999971,
11,2024-05-13T13:39:32.097Z,4.350899999999971,
11,2024-05-13T13:39:33.097Z,4.350999999999971,
11,2024-05-13T13:39:34.097Z,4.35109999999997,
11,2024-05-13T13:39:35.097Z,4.35119999999997,
11,2024-05-13T13:39:36.097Z,4.35129999999997,
11,2024-05-13T13:39:37.097Z,4.35139999999997,
11,2024-05-13T13:39:38.097Z,4.3514999999999695,
11,2024-05-13T13:39:39.097Z,4.351599999999969,
11,2024-05-13T13:39:40.097Z,4.351699999999969,
11,2024-05-13T13:39:41.097Z,4.351799999999969,
11,2024-05-13T13:39:42.097Z,4.351899999999969,
11,2024-05-13T13:39:43.097Z,4.351999999999968,
11,2024-05-13T13:39:44.097Z,4.352099999999968,
11,2024-05-13T13:39:45.097Z,4.352199999999968,
11,2024-05-13T13:39:46.097Z,4.352299999999968,
11,2024-05-13T13:39:47.097Z,4.350799999999968,
11,2024-05-13T13:39:48.097Z,4.363699999999966,
11,2024-05-13T13:39:49.097Z,4.363799999999966,
11,2024-05-13T13:39:50.097Z,4.3638999999999655,
11,2024-05-13T13:39:51.097Z,4.360799999999966,
11,2024-05-13T13:39:52.097Z,4.361099999999965,
11,2024-05-13T13:39:53.097Z,4.3603999999999665,
11,2024-05-13T13:39:54.097Z,4.392499999999966,
11,2024-05-13T13:39:55.097Z,4.392599999999966,
11,2024-05-13T13:39:56.097Z,4.406799999999965,
11,2024-05-13T13:39:57.097Z,4.406899999999965,
11,2024-05-13T13:39:58.097Z,4.4069999999999645,
11,2024-05-13T13:39:59.097Z,4.407099999999964,
11,2024-05-13T13:40:00.097Z,4.407199999999964,
11,2024-05-13T13:40:01.097Z,4.407299999999964,
11,2024-05-13T13:40:02.097Z,4.407399999999964,
11,2024-05-13T13:40:03.097Z,4.407499999999963,
11,2024-05-13T13:40:04.097Z,4.407599999999963,
11,2024-05-13T13:40:05.097Z,4.407699999999963,
11,2024-05-13T13:40:06.097Z,4.407799999999963,
11,2024-05-13T13:40:07.097Z,4.407599999999963,
11,2024-05-13T13:40:08.097Z,4.407699999999963,
11,2024-05-13T13:40:09.097Z,4.407799999999963,
11,2024-05-13T13:40:10.097Z,4.407899999999962,
11,2024-05-13T13:40:11.097Z,4.407999999999962,
11,2024-05-13T13:40:12.097Z,4.408099999999962,
11,2024-05-13T13:40:13.097Z,4.408199999999962,
11,2024-05-13T13:40:14.097Z,4.4082999999999615,
11,2024-05-13T13:40:15.097Z,4.408399999999961,
11,2024-05-13T13:40:16.097Z,4.408499999999961,
11,2024-05-13T13:40:17.097Z,4.40299999999996,
11,2024-05-13T13:40:18.097Z,4.403099999999959,
11,2024-05-13T13:40:19.097Z,4.403199999999959,
11,2024-05-13T13:40:20.097Z,4.403299999999959,
11,2024-05-13T13:40:21.097Z,4.403399999999959,
11,2024-05-13T13:40:22.097Z,4.4034999999999584,
11,2024-05-13T13:40:23.097Z,4.403599999999958,
11,2024-05-13T13:40:24.097Z,4.403699999999958,
11,2024-05-13T13:40:25.097Z,4.403799999999958,
11,2024-05-13T13:40:26.097Z,4.4038999999999575,
11,2024-05-13T13:40:27.097Z,4.403999999999957,
11,2024-05-13T13:40:28.097Z,4.404099999999957,
11,2024-05-13T13:40:29.097Z,4.404199999999957,
11,2024-05-13T13:40:30.097Z,4.404299999999957,
11,2024-05-13T13:40:31.097Z,4.404399999999956,
11,2024-05-13T13:40:32.097Z,4.404499999999956,
11,2024-05-13T13:40:33.097Z,4.404299999999957,
11,2024-05-13T13:40:34.097Z,4.404399999999956,
11,2024-05-13T13:40:35.097Z,4.404499999999956,
11,2024-05-13T13:40:36.097Z,4.404599999999956,
11,2024-05-13T13:40:37.097Z,4.404699999999956,
11,2024-05-13T13:40:38.097Z,4.404799999999955,
11,2024-05-13T13:40:39.097Z,4.404899999999955,
11,2024-05-13T13:40:40.097Z,4.404999999999955,
11,2024-05-13T13:40:41.097Z,4.405099999999955,
11,2024-05-13T13:40:42.097Z,4.4051999999999545,
11,2024-05-13T13:40:43.097Z,4.405299999999954,
11,2024-05-13T13:40:44.097Z,4.405399999999954,
11,2024-05-13T13:40:45.097Z,4.405499999999954,
11,2024-05-13T13:40:46.097Z,4.4055999999999536,
11,2024-05-13T13:40:47.097Z,4.405699999999953,
11,2024-05-13T13:40:48.097Z,4.408699999999953,
11,2024-05-13T13:40:49.097Z,4.408799999999953,
11,2024-05-13T13:40:50.097Z,4.408899999999953,
11,2024-05-13T13:40:51.097Z,4.408999999999953,
11,2024-05-13T13:40:52.097Z,4.4090999999999525,
11,2024-05-13T13:40:53.097Z,4.409199999999952,
11,2024-05-13T13:40:54.097Z,4.402899999999953,
11,2024-05-13T13:40:55.097Z,4.425299999999954,
11,2024-05-13T13:40:56.097Z,4.425599999999953,
11,2024-05-13T13:40:57.097Z,4.425699999999953,
11,2024-05-13T13:40:58.097Z,4.425799999999953,
11,2024-05-13T13:40:59.097Z,4.425899999999952,
11,2024-05-13T13:41:00.097Z,4.425999999999952,
11,2024-05-13T13:41:01.097Z,4.426099999999952,
11,2024-05-13T13:41:02.097Z,4.426199999999952,
11,2024-05-13T13:41:03.097Z,4.4262999999999515,
11,2024-05-13T13:41:04.097Z,4.426399999999951,
11,2024-05-13T13:41:05.097Z,4.426499999999951,
11,2024-05-13T13:41:06.097Z,4.426599999999951,
11,2024-05-13T13:41:07.097Z,4.426699999999951,
12,2024-05-13T13:30:37.097Z,26.3,
12,2024-05-13T13:30:38.097Z,26.2809,
12,2024-05-13T13:30:39.097Z,26.2814,
12,2024-05-13T13:30:40.097Z,26.2815,
12,2024-05-13T13:30:41.097Z,26.2752,
12,2024-05-13T13:30:42.097Z,26.2911,
12,2024-05-13T13:30:43.097Z,26.2912,
12,2024-05-13T13:30:44.097Z,26.2913,
12,2024-05-13T13:30:45.097Z,26.2914,
12,2024-05-13T13:30:46.097Z,26.2915,
12,2024-05-13T13:30:47.097Z,26.2852,
12,2024-05-13T13:30:48.097Z,26.2845,
12,2024-05-13T13:30:49.097Z,24.729400000000002,
12,2024-05-13T13:30:50.097Z,24.7295,
12,2024-05-13T13:30:51.097Z,24.729200000000002,
12,2024-05-13T13:30:52.097Z,22.278100000000002,
12,2024-05-13T13:30:53.097Z,22.278200000000002,
12,2024-05-13T13:30:54.097Z,22.2783,
12,2024-05-13T13:30:55.097Z,22.2784,
12,2024-05-13T13:30:56.097Z,22.2785,
12,2024-05-13T13:30:57.097Z,22.2786,
12,2024-05-13T13:30:58.097Z,22.2785,
12,2024-05-13T13:30:59.097Z,22.297,
12,2024-05-13T13:31:00.097Z,22.2969,
12,2024-05-13T13:31:01.097Z,22.297,
12,2024-05-13T13:31:02.097Z,22.2971,
12,2024-05-13T13:31:03.097Z,22.2972,
12,2024-05-13T13:31:04.097Z,22.2973,
12,2024-05-13T13:31:05.097Z,22.2974,
12,2024-05-13T13:31:06.097Z,22.2975,
12,2024-05-13T13:31:07.097Z,22.2976,
12,2024-05-13T13:31:08.097Z,22.2977,
12,2024-05-13T13:31:09.097Z,22.2978,
12,2024-05-13T13:31:10.097Z,22.2979,
12,2024-05-13T13:31:11.097Z,22.298,
12,2024-05-13T13:31:12.097Z,22.298099999999998,
12,2024-05-13T13:31:13.097Z,22.298199999999998,
12,2024-05-13T13:31:14.097Z,22.298299999999998,
12,2024-05-13T13:31:15.097Z,22.298399999999997,
12,2024-05-13T13:31:16.097Z,22.298499999999997,
12,2024-05-13T13:31:17.097Z,22.298599999999997,
12,2024-05-13T13:31:18.097Z,22.298699999999997,
12,2024-05-13T13:31:19.097Z,22.298799999999996,
12,2024-05-13T13:31:20.097Z,22.298899999999996,
12,2024-05-13T13:31:21.097Z,22.298999999999996,
12,2024-05-13T13:31:22.097Z,22.299099999999996,
12,2024-05-13T13:31:23.097Z,22.299199999999995,
12,2024-05-13T13:31:24.097Z,22.299299999999995,
12,2024-05-13T13:31:25.097Z,22.299399999999995,
12,2024-05-13T13:31:26.097Z,22.299499999999995,
12,2024-05-13T13:31:27.097Z,22.299599999999995,
12,2024-05-13T13:31:28.097Z,22.299699999999994,
12,2024-05-13T13:31:29.097Z,22.299799999999994,
12,2024-05-13T13:31:30.097Z,22.299899999999994,
12,2024-05-13T13:31:31.097Z,22.299999999999994,
12,2024-05-13T13:31:32.097Z,22.298499999999994,
12,2024-05-13T13:31:33.097Z,21.901799999999994,
12,2024-05-13T13:31:34.097Z,21.901899999999994,
12,2024-05-13T13:31:35.097Z,21.907999999999994,
12,2024-05-13T13:31:36.097Z,21.903299999999994,
12,2024-05-13T13:31:37.097Z,22.299299999999995,
12,2024-05-13T13:31:38.097Z,22.30079999999999,
12,2024-05-13T13:31:39.097Z,22.30089999999999,
12,2024-05-13T13:31:40.097Z,22.30099999999999,
12,2024-05-13T13:31:41.097Z,22.30109999999999,
12,2024-05-13T13:31:42.097Z,22.30089999999999,
12,2024-05-13T13:31:43.097Z,22.318599999999993,
12,2024-05-13T13:31:44.097Z,22.407999999999994,
12,2024-05-13T13:31:45.097Z,17.506199999999993,
12,2024-05-13T13:31:46.097Z,17.522299999999994,
12,2024-05-13T13:31:47.097Z,17.520799999999994,
12,2024-05-13T13:31:48.097Z,17.52089999999999,
12,2024-05-13T13:31:49.097Z,17.520999999999994,
12,2024-05-13T13:31:50.097Z,17.52109999999999,
12,2024-05-13T13:31:51.097Z,17.521199999999993,
12,2024-05-13T13:31:52.097Z,17.519699999999993,
12,2024-05-13T13:31:53.097Z,17.53579999999999,
12,2024-05-13T13:31:54.097Z,17.53589999999999,
12,2024-05-13T13:31:55.097Z,17.53879999999999,
12,2024-05-13T13:31:56.097Z,17.53729999999999,
12,2024-05-13T13:31:57.097Z,17.55619999999999,
12,2024-05-13T13:31:58.097Z,17.556299999999993,
12,2024-05-13T13:31:59.097Z,17.557799999999993,
12,2024-05-13T13:32:00.097Z,17.55789999999999,
12,2024-05-13T13:32:01.097Z,17.557999999999993,
12,2024-05-13T13:32:02.097Z,17.55809999999999,
12,2024-05-13T13:32:03.097Z,17.558199999999992,
12,2024-05-13T13:32:04.097Z,17.55829999999999,
12,2024-05-13T13:32:05.097Z,17.557999999999993,
12,2024-05-13T13:32:06.097Z,15.490899999999991,
12,2024-05-13T13:32:07.097Z,15.484599999999991,
12,2024-05-13T13:32:08.097Z,15.46709999999999,
12,2024-05-13T13:32:09.097Z,15.46399999999999,
12,2024-05-13T13:32:10.097Z,15.65579999999999,
12,2024-05-13T13:32:11.097Z,15.67349999999999,
12,2024-05-13T13:32:12.097Z,15.67199999999999,
12,2024-05-13T13:32:13.097Z,15.64649999999999,
12,2024-05-13T13:32:14.097Z,15.67859999999999,
12,2024-05-13T13:32:15.097Z,15.67549999999999,
12,2024-05-13T13:32:16.097Z,15.675199999999991,
12,2024-05-13T13:32:17.097Z,15.675299999999991,
12,2024-05-13T13:32:18.097Z,15.675099999999992,
12,2024-05-13T13:32:19.097Z,15.693999999999992,
12,2024-05-13T13:32:20.097Z,15.697099999999992,
12,2024-05-13T13:32:21.097Z,15.695499999999992,
12,2024-05-13T13:32:22.097Z,15.714799999999991,
12,2024-05-13T13:32:23.097Z,15.733299999999991,
12,2024-05-13T13:32:24.097Z,15.73339999999999,
12,2024-05-13T13:32:25.097Z,15.73029999999999,
12,2024-05-13T13:32:26.097Z,14.10479999999999,
12,2024-05-13T13:32:27.097Z,14.08569999999999,
12,2024-05-13T13:32:28.097Z,14.08579999999999,
12,2024-05-13T13:32:29.097Z,14.08509999999999,
12,2024-05-13T13:32:30.097Z,14.89119999999999,
12,2024-05-13T13:32:31.097Z,14.915299999999991,
12,2024-05-13T13:32:32.097Z,14.915399999999991,
12,2024-05-13T13:32:33.097Z,14.91709999999999,
12,2024-05-13T13:32:34.097Z,14.91649999999999,
12,2024-05-13T13:32:35.097Z,15.30699999999999,
12,2024-05-13T13:32:36.097Z,15.34519999999999,
12,2024-05-13T13:32:37.097Z,15.74169999999999,
12,2024-05-13T13:32:38.097Z,13.376999999999988,
12,2024-05-13T13:32:39.097Z,13.376899999999988,
12,2024-05-13T13:32:40.097Z,13.376999999999988,
12,2024-05-13T13:32:41.097Z,13.377199999999988,
12,2024-05-13T13:32:42.097Z,12.570899999999988,
12,2024-05-13T13:32:43.097Z,12.759799999999988,
12,2024-05-13T13:32:44.097Z,12.772699999999988,
12,2024-05-13T13:32:45.097Z,12.772799999999988,
12,2024-05-13T13:32:46.097Z,12.772899999999987,
12,2024-05-13T13:32:47.097Z,12.773399999999988,
12,2024-05-13T13:32:48.097Z,12.773499999999988,
12,2024-05-13T13:32:49.097Z,12.774099999999988,
12,2024-05-13T13:32:50.097Z,12.771799999999988,
12,2024-05-13T13:32:51.097Z,12.789899999999989,
12,2024-05-13T13:32:52.097Z,12.78739999999999,
12,2024-05-13T13:32:53.097Z,12.78109999999999,
12,2024-05-13T13:32:54.097Z,12.77479999999999,
12,2024-05-13T13:32:55.097Z,12.77619999999999,
12,2024-05-13T13:32:56.097Z,12.77309999999999,
12,2024-05-13T13:32:57.097Z,13.57939999999999,
12,2024-05-13T13:32:58.097Z,14.385699999999991,
12,2024-05-13T13:32:59.097Z,14.38739999999999,
12,2024-05-13T13:33:00.097Z,14.38429999999999,
12,2024-05-13T13:33:01.097Z,14.384899999999991,
12,2024-05-13T13:33:02.097Z,14.381799999999991,
12,2024-05-13T13:33:03.097Z,14.425899999999992,
12,2024-05-13T13:33:04.097Z,14.425999999999991,
12,2024-05-13T13:33:05.097Z,14.426099999999991,
12,2024-05-13T13:33:06.097Z,14.425899999999992,
12,2024-05-13T13:33:07.097Z,14.435599999999992,
12,2024-05-13T13:33:08.097Z,11.992499999999993,
12,2024-05-13T13:33:09.097Z,11.992599999999992,
12,2024-05-13T13:33:10.097Z,11.992699999999992,
12,2024-05-13T13:33:11.097Z,11.992799999999992,
12,2024-05-13T13:33:12.097Z,11.992899999999992,
12,2024-05-13T13:33:13.097Z,12.624999999999991,
12,2024-05-13T13:33:14.097Z,12.643899999999991,
12,2024-05-13T13:33:15.097Z,12.643999999999991,
12,2024-05-13T13:33:16.097Z,12.644099999999991,
12,2024-05-13T13:33:17.097Z,12.64419999999999,
12,2024-05-13T13:33:18.097Z,12.64449999999999,
12,2024-05-13T13:33:19.097Z,12.64459999999999,
12,2024-05-13T13:33:20.097Z,12.64469999999999,
12,2024-05-13T13:33:21.097Z,12.64479999999999,
12,2024-05-13T13:33:22.097Z,12.64489999999999,
12,2024-05-13T13:33:23.097Z,12.644999999999989,
12,2024-05-13T13:33:24.097Z,12.645099999999989,
12,2024-05-13T13:33:25.097Z,12.645199999999988,
12,2024-05-13T13:33:26.097Z,12.645299999999988,
12,2024-05-13T13:33:27.097Z,12.663799999999988,
12,2024-05-13T13:33:28.097Z,12.663899999999988,
12,2024-05-13T13:33:29.097Z,12.663799999999988,
12,2024-05-13T13:33:30.097Z,12.663899999999988,
12,2024-05-13T13:33:31.097Z,12.663999999999987,
12,2024-05-13T13:33:32.097Z,12.664099999999987,
12,2024-05-13T13:33:33.097Z,12.682999999999987,
12,2024-05-13T13:33:34.097Z,12.683099999999987,
12,2024-05-13T13:33:35.097Z,12.689399999999987,
12,2024-05-13T13:33:36.097Z,12.689499999999986,
12,2024-05-13T13:33:37.097Z,12.689599999999986,
12,2024-05-13T13:33:38.097Z,12.689699999999986,
12,2024-05-13T13:33:39.097Z,12.689799999999986,
12,2024-05-13T13:33:40.097Z,12.689899999999986,
12,2024-05-13T13:33:41.097Z,12.689999999999985,
12,2024-05-13T13:33:42.097Z,12.690099999999985,
12,2024-05-13T13:33:43.097Z,12.683799999999986,
12,2024-05-13T13:33:44.097Z,12.701499999999985,
12,2024-05-13T13:33:45.097Z,12.701599999999985,
12,2024-05-13T13:33:46.097Z,12.720099999999984,
12,2024-05-13T13:33:47.097Z,12.720199999999984,
12,2024-05-13T13:33:48.097Z,12.720299999999984,
12,2024-05-13T13:33:49.097Z,12.720399999999984,
12,2024-05-13T13:33:50.097Z,12.720499999999983,
12,2024-05-13T13:33:51.097Z,12.720599999999983,
12,2024-05-13T13:33:52.097Z,12.719099999999983,
12,2024-05-13T13:33:53.097Z,12.719699999999987,
12,2024-05-13T13:33:54.097Z,12.719799999999987,
12,2024-05-13T13:33:55.097Z,12.719899999999987,
12,2024-05-13T13:33:56.097Z,12.719999999999986,
12,2024-05-13T13:33:57.097Z,12.720099999999986,
12,2024-05-13T13:33:58.097Z,12.720199999999986,
12,2024-05-13T13:33:59.097Z,12.719499999999986,
12,2024-05-13T13:34:00.097Z,12.719599999999986,
12,2024-05-13T13:34:01.097Z,12.719699999999985,
12,2024-05-13T13:34:02.097Z,12.719799999999985,
12,2024-05-13T13:34:03.097Z,12.719699999999985,
12,2024-05-13T13:34:04.097Z,13.063799999999985,
12,2024-05-13T13:34:05.097Z,13.146199999999984,
12,2024-05-13T13:34:06.097Z,13.147599999999985,
12,2024-05-13T13:34:07.097Z,9.893099999999986,
12,2024-05-13T13:34:08.097Z,9.886799999999987,
12,2024-05-13T13:34:09.097Z,9.905299999999986,
12,2024-05-13T13:34:10.097Z,9.905399999999986,
12,2024-05-13T13:34:11.097Z,9.905499999999986,
12,2024-05-13T13:34:12.097Z,9.905599999999986,
12,2024-05-13T13:34:13.097Z,9.905699999999985,
12,2024-05-13T13:34:14.097Z,9.905799999999985,
12,2024-05-13T13:34:15.097Z,9.905899999999985,
12,2024-05-13T13:34:16.097Z,9.905999999999985,
12,2024-05-13T13:34:17.097Z,9.906099999999984,
12,2024-05-13T13:34:18.097Z,9.912399999999984,
12,2024-05-13T13:34:19.097Z,9.912499999999984,
12,2024-05-13T13:34:20.097Z,9.912599999999983,
12,2024-05-13T13:34:21.097Z,9.912699999999983,
12,2024-05-13T13:34:22.097Z,9.915599999999984,
12,2024-05-13T13:34:23.097Z,9.912499999999984,
12,2024-05-13T13:34:24.097Z,9.893399999999982,
12,2024-05-13T13:34:25.097Z,9.890299999999982,
12,2024-05-13T13:34:26.097Z,9.907999999999983,
12,2024-05-13T13:34:27.097Z,9.906499999999983,
12,2024-05-13T13:34:28.097Z,9.906599999999983,
12,2024-05-13T13:34:29.097Z,9.906699999999983,
12,2024-05-13T13:34:30.097Z,9.906599999999983,
12,2024-05-13T13:34:31.097Z,9.887499999999982,
12,2024-05-13T13:34:32.097Z,9.89239999999998,
12,2024-05-13T13:34:33.097Z,9.89249999999998,
12,2024-05-13T13:34:34.097Z,9.892299999999981,
12,2024-05-13T13:34:35.097Z,9.908399999999983,
12,2024-05-13T13:34:36.097Z,9.908499999999982,
12,2024-05-13T13:34:37.097Z,9.908599999999982,
12,2024-05-13T13:34:38.097Z,9.908699999999982,
12,2024-05-13T13:34:39.097Z,9.908799999999982,
12,2024-05-13T13:34:40.097Z,9.908899999999981,
12,2024-05-13T13:34:41.097Z,9.908999999999981,
12,2024-05-13T13:34:42.097Z,9.909099999999981,
12,2024-05-13T13:34:43.097Z,9.90919999999998,
12,2024-05-13T13:34:44.097Z,9.90929999999998,
12,2024-05-13T13:34:45.097Z,9.90939999999998,
12,2024-05-13T13:34:46.097Z,9.908699999999982,
12,2024-05-13T13:34:47.097Z,9.939199999999978,
12,2024-05-13T13:34:48.097Z,9.939299999999978,
12,2024-05-13T13:34:49.097Z,9.939399999999978,
12,2024-05-13T13:34:50.097Z,9.939299999999978,
12,2024-05-13T13:34:51.097Z,9.939399999999978,
12,2024-05-13T13:34:52.097Z,9.933099999999978,
12,2024-05-13T13:34:53.097Z,6.668999999999979,
12,2024-05-13T13:34:54.097Z,4.224299999999978,
12,2024-05-13T13:34:55.097Z,4.217999999999979,
12,2024-05-13T13:34:56.097Z,4.229299999999977,
12,2024-05-13T13:34:57.097Z,4.229399999999977,
12,2024-05-13T13:34:58.097Z,4.229499999999977,
12,2024-05-13T13:34:59.097Z,4.2295999999999765,
12,2024-05-13T13:35:00.097Z,4.229699999999976,
12,2024-05-13T13:35:01.097Z,4.2295999999999765,
12,2024-05-13T13:35:02.097Z,4.229699999999976,
12,2024-05-13T13:35:03.097Z,4.229799999999976,
12,2024-05-13T13:35:04.097Z,4.229899999999976,
12,2024-05-13T13:35:05.097Z,4.229699999999976,
12,2024-05-13T13:35:06.097Z,4.247399999999978,
12,2024-05-13T13:35:07.097Z,4.247499999999977,
12,2024-05-13T13:35:08.097Z,4.247599999999977,
12,2024-05-13T13:35:09.097Z,4.247699999999977,
12,2024-05-13T13:35:10.097Z,4.247799999999977,
12,2024-05-13T13:35:11.097Z,4.2478999999999765,
12,2024-05-13T13:35:12.097Z,4.247999999999976,
12,2024-05-13T13:35:13.097Z,4.248099999999976,
12,2024-05-13T13:35:14.097Z,4.248199999999976,
12,2024-05-13T13:35:15.097Z,4.245099999999976,
12,2024-05-13T13:35:16.097Z,4.245199999999976,
12,2024-05-13T13:35:17.097Z,4.245299999999975,
12,2024-05-13T13:35:18.097Z,4.245399999999975,
12,2024-05-13T13:35:19.097Z,4.250299999999974,
12,2024-05-13T13:35:20.097Z,4.249999999999975,
12,2024-05-13T13:35:21.097Z,4.250099999999975,
12,2024-05-13T13:35:22.097Z,4.250199999999975,
12,2024-05-13T13:35:23.097Z,4.250299999999974,
12,2024-05-13T13:35:24.097Z,4.250399999999974,
12,2024-05-13T13:35:25.097Z,4.250499999999974,
12,2024-05-13T13:35:26.097Z,4.250599999999974,
12,2024-05-13T13:35:27.097Z,4.2506999999999735,
12,2024-05-13T13:35:28.097Z,4.250799999999973,
12,2024-05-13T13:35:29.097Z,4.250899999999973,
12,2024-05-13T13:35:30.097Z,4.250999999999973,
12,2024-05-13T13:35:31.097Z,4.251099999999973,
12,2024-05-13T13:35:32.097Z,4.251199999999972,
12,2024-05-13T13:35:33.097Z,4.251299999999972,
12,2024-05-13T13:35:34.097Z,4.251399999999972,
12,2024-05-13T13:35:35.097Z,4.251499999999972,
12,2024-05-13T13:35:36.097Z,4.251599999999971,
12,2024-05-13T13:35:37.097Z,4.251699999999971,
12,2024-05-13T13:35:38.097Z,4.251799999999971,
12,2024-05-13T13:35:39.097Z,4.251899999999971,
12,2024-05-13T13:35:40.097Z,4.2519999999999705,
12,2024-05-13T13:35:41.097Z,4.25209999999997,
12,2024-05-13T13:35:42.097Z,4.25219999999997,
12,2024-05-13T13:35:43.097Z,4.25229999999997,
12,2024-05-13T13:35:44.097Z,4.2523999999999695,
12,2024-05-13T13:35:45.097Z,4.252499999999969,
12,2024-05-13T13:35:46.097Z,4.252599999999969,
12,2024-05-13T13:35:47.097Z,4.252699999999969,
12,2024-05-13T13:35:48.097Z,4.252799999999969,
12,2024-05-13T13:35:49.097Z,4.252899999999968,
12,2024-05-13T13:35:50.097Z,4.252999999999968,
12,2024-05-13T13:35:51.097Z,4.253099999999968,
12,2024-05-13T13:35:52.097Z,4.253199999999968,
12,2024-05-13T13:35:53.097Z,4.253299999999967,
12,2024-05-13T13:35:54.097Z,4.253399999999967,
12,2024-05-13T13:35:55.097Z,4.253499999999967,
12,2024-05-13T13:35:56.097Z,4.253599999999967,
12,2024-05-13T13:35:57.097Z,4.2536999999999665,
12,2024-05-13T13:35:58.097Z,4.253799999999966,
12,2024-05-13T13:35:59.097Z,4.253899999999966,
12,2024-05-13T13:36:00.097Z,4.253999999999966,
12,2024-05-13T13:36:01.097Z,4.254099999999966,
12,2024-05-13T13:36:02.097Z,4.254199999999965,
12,2024-05-13T13:36:03.097Z,4.254299999999965,
12,2024-05-13T13:36:04.097Z,4.254399999999965,
12,2024-05-13T13:36:05.097Z,4.254499999999965,
12,2024-05-13T13:36:06.097Z,4.254599999999964,
12,2024-05-13T13:36:07.097Z,4.254699999999964,
12,2024-05-13T13:36:08.097Z,4.254499999999965,
12,2024-05-13T13:36:09.097Z,4.255899999999965,
12,2024-05-13T13:36:10.097Z,4.249599999999965,
12,2024-05-13T13:36:11.097Z,4.249699999999965,
12,2024-05-13T13:36:12.097Z,5.049399999999967,
12,2024-05-13T13:36:13.097Z,5.049499999999966,
12,2024-05-13T13:36:14.097Z,5.049599999999966,
12,2024-05-13T13:36:15.097Z,5.049699999999966,
12,2024-05-13T13:36:16.097Z,5.049799999999966,
12,2024-05-13T13:36:17.097Z,5.049899999999965,
12,2024-05-13T13:36:18.097Z,5.049999999999965,
12,2024-05-13T13:36:19.097Z,5.043699999999966,
12,2024-05-13T13:36:20.097Z,5.046199999999967,
12,2024-05-13T13:36:21.097Z,5.046299999999967,
12,2024-05-13T13:36:22.097Z,5.0463999999999665,
12,2024-05-13T13:36:23.097Z,5.046499999999966,
12,2024-05-13T13:36:24.097Z,5.046599999999966,
12,2024-05-13T13:36:25.097Z,5.046699999999966,
12,2024-05-13T13:36:26.097Z,5.045999999999967,
12,2024-05-13T13:36:27.097Z,5.026899999999966,
12,2024-05-13T13:36:28.097Z,5.0269999999999655,
12,2024-05-13T13:36:29.097Z,5.027099999999965,
12,2024-05-13T13:36:30.097Z,5.025399999999966,
12,2024-05-13T13:36:31.097Z,5.828699999999966,
12,2024-05-13T13:36:32.097Z,6.019199999999966,
12,2024-05-13T13:36:33.097Z,6.044599999999967,
12,2024-05-13T13:36:34.097Z,3.6190999999999676,
12,2024-05-13T13:36:35.097Z,3.6191999999999673,
12,2024-05-13T13:36:36.097Z,3.619299999999967,
12,2024-05-13T13:36:37.097Z,3.619399999999967,
12,2024-05-13T13:36:38.097Z,3.624299999999966,
12,2024-05-13T13:36:39.097Z,3.624399999999966,
12,2024-05-13T13:36:40.097Z,3.6244999999999656,
12,2024-05-13T13:36:41.097Z,3.6245999999999654,
12,2024-05-13T13:36:42.097Z,3.624699999999965,
12,2024-05-13T13:36:43.097Z,3.624699999999965,
12,2024-05-13T13:36:44.097Z,3.6248999999999647,
12,2024-05-13T13:36:45.097Z,3.6249999999999645,
12,2024-05-13T13:36:46.097Z,3.6250999999999642,
12,2024-05-13T13:36:47.097Z,3.625199999999964,
12,2024-05-13T13:36:48.097Z,3.6238999999999635,
12,2024-05-13T13:36:49.097Z,4.001299999999965,
12,2024-05-13T13:36:50.097Z,4.000999999999966,
12,2024-05-13T13:36:51.097Z,4.0010999999999655,
12,2024-05-13T13:36:52.097Z,4.002499999999966,
12,2024-05-13T13:36:53.097Z,4.0021999999999665,
12,2024-05-13T13:36:54.097Z,3.9990999999999666,
12,2024-05-13T13:36:55.097Z,3.979999999999965,
12,2024-05-13T13:36:56.097Z,3.9792999999999665,
12,2024-05-13T13:36:57.097Z,4.426599999999965,
12,2024-05-13T13:36:58.097Z,4.4450999999999645,
12,2024-05-13T13:36:59.097Z,4.440199999999965,
12,2024-05-13T13:37:00.097Z,2.981099999999966,
12,2024-05-13T13:37:01.097Z,3.0192999999999657,
12,2024-05-13T13:37:02.097Z,2.980999999999966,
12,2024-05-13T13:37:03.097Z,2.981099999999966,
12,2024-05-13T13:37:04.097Z,2.9807999999999666,
12,2024-05-13T13:37:05.097Z,2.9792999999999665,
12,2024-05-13T13:37:06.097Z,2.972999999999967,
12,2024-05-13T13:37:07.097Z,2.9914999999999665,
12,2024-05-13T13:37:08.097Z,2.991299999999967,
12,2024-05-13T13:37:09.097Z,2.9913999999999668,
12,2024-05-13T13:37:10.097Z,2.991699999999966,
12,2024-05-13T13:37:11.097Z,2.9915999999999663,
12,2024-05-13T13:37:12.097Z,3.0234999999999665,
12,2024-05-13T13:37:13.097Z,3.0235999999999663,
12,2024-05-13T13:37:14.097Z,3.023699999999966,
12,2024-05-13T13:37:15.097Z,3.023799999999966,
12,2024-05-13T13:37:16.097Z,3.0230999999999675,
12,2024-05-13T13:37:17.097Z,3.0231999999999672,
12,2024-05-13T13:37:18.097Z,3.023299999999967,
12,2024-05-13T13:37:19.097Z,3.023399999999967,
12,2024-05-13T13:37:20.097Z,3.0234999999999665,
12,2024-05-13T13:37:21.097Z,3.0235999999999663,
12,2024-05-13T13:37:22.097Z,3.023699999999966,
12,2024-05-13T13:37:23.097Z,3.023799999999966,
12,2024-05-13T13:37:24.097Z,3.0238999999999656,
12,2024-05-13T13:37:25.097Z,3.0239999999999654,
12,2024-05-13T13:37:26.097Z,3.024099999999965,
12,2024-05-13T13:37:27.097Z,3.0239999999999654,
12,2024-05-13T13:37:28.097Z,3.024099999999965,
12,2024-05-13T13:37:29.097Z,3.0273999999999646,
12,2024-05-13T13:37:30.097Z,3.0274999999999643,
12,2024-05-13T13:37:31.097Z,3.028099999999963,
12,2024-05-13T13:37:32.097Z,3.0231999999999637,
12,2024-05-13T13:37:33.097Z,3.022999999999964,
12,2024-05-13T13:37:34.097Z,3.0227999999999646,
12,2024-05-13T13:37:35.097Z,3.0228999999999644,
12,2024-05-13T13:37:36.097Z,3.022599999999965,
12,2024-05-13T13:37:37.097Z,3.0218999999999667,
12,2024-05-13T13:37:38.097Z,3.0219999999999665,
12,2024-05-13T13:37:39.097Z,3.0204999999999664,
12,2024-05-13T13:37:40.097Z,3.0189999999999664,
12,2024-05-13T13:37:41.097Z,3.0318999999999647,
12,2024-05-13T13:37:42.097Z,3.0380999999999645,
12,2024-05-13T13:37:43.097Z,3.031799999999965,
12,2024-05-13T13:37:44.097Z,3.8318999999999654,
12,2024-05-13T13:37:45.097Z,3.849599999999967,
12,2024-05-13T13:37:46.097Z,3.8496999999999666,
12,2024-05-13T13:37:47.097Z,3.851099999999967,
12,2024-05-13T13:37:48.097Z,3.8516999999999655,
12,2024-05-13T13:37:49.097Z,3.8517999999999653,
12,2024-05-13T13:37:50.097Z,3.8520999999999646,
12,2024-05-13T13:37:51.097Z,3.8521999999999643,
12,2024-05-13T13:37:52.097Z,3.851499999999966,
12,2024-05-13T13:37:53.097Z,3.8675999999999675,
12,2024-05-13T13:37:54.097Z,3.8676999999999673,
12,2024-05-13T13:37:55.097Z,3.866999999999969,
12,2024-05-13T13:37:56.097Z,3.8830999999999705,
12,2024-05-13T13:37:57.097Z,3.8831999999999702,
12,2024-05-13T13:37:58.097Z,3.88329999999997,
12,2024-05-13T13:37:59.097Z,3.8833999999999698,
12,2024-05-13T13:38:00.097Z,3.8826999999999714,
12,2024-05-13T13:38:01.097Z,3.898799999999973,
12,2024-05-13T13:38:02.097Z,3.8988999999999727,
12,2024-05-13T13:38:03.097Z,3.8989999999999725,
12,2024-05-13T13:38:04.097Z,3.8990999999999723,
12,2024-05-13T13:38:05.097Z,3.899199999999972,
12,2024-05-13T13:38:06.097Z,3.899299999999972,
12,2024-05-13T13:38:07.097Z,3.8993999999999716,
12,2024-05-13T13:38:08.097Z,3.8994999999999713,
12,2024-05-13T13:38:09.097Z,3.8997999999999706,
12,2024-05-13T13:38:10.097Z,3.8990999999999723,
12,2024-05-13T13:38:11.097Z,3.9167999999999736,
12,2024-05-13T13:38:12.097Z,3.916999999999973,
12,2024-05-13T13:38:13.097Z,3.923199999999973,
12,2024-05-13T13:38:14.097Z,3.9168999999999734,
12,2024-05-13T13:38:15.097Z,3.934599999999975,
12,2024-05-13T13:38:16.097Z,3.9342999999999755,
12,2024-05-13T13:38:17.097Z,3.947199999999974,
12,2024-05-13T13:38:18.097Z,3.9472999999999736,
12,2024-05-13T13:38:19.097Z,3.9473999999999734,
12,2024-05-13T13:38:20.097Z,3.947499999999973,
12,2024-05-13T13:38:21.097Z,3.9443999999999733,
12,2024-05-13T13:38:22.097Z,3.944499999999973,
12,2024-05-13T13:38:23.097Z,3.9451999999999714,
12,2024-05-13T13:38:24.097Z,3.945299999999971,
12,2024-05-13T13:38:25.097Z,3.944599999999973,
12,2024-05-13T13:38:26.097Z,3.941499999999973,
12,2024-05-13T13:38:27.097Z,3.943999999999974,
12,2024-05-13T13:38:28.097Z,3.9437999999999747,
12,2024-05-13T13:38:29.097Z,4.129499999999975,
12,2024-05-13T13:38:30.097Z,4.129599999999975,
12,2024-05-13T13:38:31.097Z,4.126499999999975,
12,2024-05-13T13:38:32.097Z,4.123099999999976,
12,2024-05-13T13:38:33.097Z,4.123199999999976,
12,2024-05-13T13:38:34.097Z,4.121699999999976,
12,2024-05-13T13:38:35.097Z,4.1217999999999755,
12,2024-05-13T13:38:36.097Z,4.121899999999975,
12,2024-05-13T13:38:37.097Z,4.121999999999975,
12,2024-05-13T13:38:38.097Z,4.122099999999975,
12,2024-05-13T13:38:39.097Z,4.115899999999975,
12,2024-05-13T13:38:40.097Z,4.134799999999974,
12,2024-05-13T13:38:41.097Z,4.134899999999973,
12,2024-05-13T13:38:42.097Z,4.134999999999973,
12,2024-05-13T13:38:43.097Z,4.129999999999974,
12,2024-05-13T13:38:44.097Z,6.554899999999975,
12,2024-05-13T13:38:45.097Z,6.554999999999975,
12,2024-05-13T13:38:46.097Z,6.555099999999975,
12,2024-05-13T13:38:47.097Z,6.555999999999976,
12,2024-05-13T13:38:48.097Z,6.556499999999975,
12,2024-05-13T13:38:49.097Z,6.562199999999976,
12,2024-05-13T13:38:50.097Z,6.5618999999999765,
12,2024-05-13T13:38:51.097Z,6.580899999999975,
12,2024-05-13T13:38:52.097Z,6.580999999999975,
12,2024-05-13T13:38:53.097Z,6.581099999999974,
12,2024-05-13T13:38:54.097Z,6.581199999999974,
12,2024-05-13T13:38:55.097Z,6.581299999999974,
12,2024-05-13T13:38:56.097Z,6.581399999999974,
12,2024-05-13T13:38:57.097Z,6.5814999999999735,
12,2024-05-13T13:38:58.097Z,6.581599999999973,
12,2024-05-13T13:38:59.097Z,6.581699999999973,
12,2024-05-13T13:39:00.097Z,6.581799999999973,
12,2024-05-13T13:39:01.097Z,6.5818999999999726,
12,2024-05-13T13:39:02.097Z,6.581599999999973,
12,2024-05-13T13:39:03.097Z,6.581699999999973,
12,2024-05-13T13:39:04.097Z,6.581799999999973,
12,2024-05-13T13:39:05.097Z,6.5818999999999726,
12,2024-05-13T13:39:06.097Z,6.581999999999972,
12,2024-05-13T13:39:07.097Z,6.582099999999972,
12,2024-05-13T13:39:08.097Z,6.588199999999972,
12,2024-05-13T13:39:09.097Z,6.587499999999974,
12,2024-05-13T13:39:10.097Z,6.605999999999973,
12,2024-05-13T13:39:11.097Z,4.336899999999975,
12,2024-05-13T13:39:12.097Z,4.336999999999975,
12,2024-05-13T13:39:13.097Z,4.337099999999975,
12,2024-05-13T13:39:14.097Z,4.336399999999976,
12,2024-05-13T13:39:15.097Z,4.349199999999975,
12,2024-05-13T13:39:16.097Z,4.349299999999975,
12,2024-05-13T13:39:17.097Z,4.349399999999974,
12,2024-05-13T13:39:18.097Z,4.349499999999974,
12,2024-05-13T13:39:19.097Z,4.349599999999974,
12,2024-05-13T13:39:20.097Z,4.349699999999974,
12,2024-05-13T13:39:21.097Z,4.3497999999999735,
12,2024-05-13T13:39:22.097Z,4.349899999999973,
12,2024-05-13T13:39:23.097Z,4.349999999999973,
12,2024-05-13T13:39:24.097Z,4.350099999999973,
12,2024-05-13T13:39:25.097Z,4.3501999999999725,
12,2024-05-13T13:39:26.097Z,4.350299999999972,
12,2024-05-13T13:39:27.097Z,4.350399999999972,
12,2024-05-13T13:39:28.097Z,4.350499999999972,
12,2024-05-13T13:39:29.097Z,4.350599999999972,
12,2024-05-13T13:39:30.097Z,4.350699999999971,
12,2024-05-13T13:39:31.097Z,4.350799999999971,
12,2024-05-13T13:39:32.097Z,4.350899999999971,
12,2024-05-13T13:39:33.097Z,4.350999999999971,
12,2024-05-13T13:39:34.097Z,4.35109999999997,
12,2024-05-13T13:39:35.097Z,4.35119999999997,
12,2024-05-13T13:39:36.097Z,4.35129999999997,
12,2024-05-13T13:39:37.097Z,4.35139999999997,
12,2024-05-13T13:39:38.097Z,4.3514999999999695,
12,2024-05-13T13:39:39.097Z,4.351599999999969,
12,2024-05-13T13:39:40.097Z,4.351699999999969,
12,2024-05-13T13:39:41.097Z,4.351799999999969,
12,2024-05-13T13:39:42.097Z,4.351899999999969,
12,2024-05-13T13:39:43.097Z,4.351999999999968,
12,2024-05-13T13:39:44.097Z,4.352099999999968,
12,2024-05-13T13:39:45.097Z,4.352199999999968,
12,2024-05-13T13:39:46.097Z,4.352299999999968,
12,2024-05-13T13:39:47.097Z,4.350799999999968,
12,2024-05-13T13:39:48.097Z,4.363699999999966,
12,2024-05-13T13:39:49.097Z,4.363799999999966,
12,2024-05-13T13:39:50.097Z,4.3638999999999655,
12,2024-05-13T13:39:51.097Z,4.360799999999966,
12,2024-05-13T13:39:52.097Z,4.361099999999965,
12,2024-05-13T13:39:53.097Z,4.3603999999999665,
12,2024-05-13T13:39:54.097Z,4.392499999999966,
12,2024-05-13T13:39:55.097Z,4.392599999999966,
12,2024-05-13T13:39:56.097Z,4.406799999999965,
12,2024-05-13T13:39:57.097Z,4.406899999999965,
12,2024-05-13T13:39:58.097Z,4.4069999999999645,
12,2024-05-13T13:39:59.097Z,4.407099999999964,
12,2024-05-13T13:40:00.097Z,4.407199999999964,
12,2024-05-13T13:40:01.097Z,4.407299999999964,
12,2024-05-13T13:40:02.097Z,4.407399999999964,
12,2024-05-13T13:40:03.097Z,4.407499999999963,
12,2024-05-13T13:40:04.097Z,4.407599999999963,
12,2024-05-13T13:40:05.097Z,4.407699999999963,
12,2024-05-13T13:40:06.097Z,4.407799999999963,
12,2024-05-13T13:40:07.097Z,4.407599999999963,
12,2024-05-13T13:40:08.097Z,4.407699999999963,
12,2024-05-13T13:40:09.097Z,4.407799999999963,
12,2024-05-13T13:40:10.097Z,4.407899999999962,
12,2024-05-13T13:40:11.097Z,4.407999999999962,
12,2024-05-13T13:40:12.097Z,4.408099999999962,
12,2024-05-13T13:40:13.097Z,4.408199999999962,
12,2024-05-13T13:40:14.097Z,4.4082999999999615,
12,2024-05-13T13:40:15.097Z,4.408399999999961,
12,2024-05-13T13:40:16.097Z,4.408499999999961,
12,2024-05-13T13:40:17.097Z,4.40299999999996,
12,2024-05-13T13:40:18.097Z,4.403099999999959,
12,2024-05-13T13:40:19.097Z,4.403199999999959,
12,2024-05-13T13:40:20.097Z,4.403299999999959,
12,2024-05-13T13:40:21.097Z,4.403399999999959,
12,2024-05-13T13:40:22.097Z,4.4034999999999584,
12,2024-05-13T13:40:23.097Z,4.403599999999958,
12,2024-05-13T13:40:24.097Z,4.403699999999958,
12,2024-05-13T13:40:25.097Z,4.403799999999958,
12,2024-05-13T13:40:26.097Z,4.4038999999999575,
12,2024-05-13T13:40:27.097Z,4.403999999999957,
12,2024-05-13T13:40:28.097Z,4.404099999999957,
12,2024-05-13T13:40:29.097Z,4.404199999999957,
12,2024-05-13T13:40:30.097Z,4.404299999999957,
12,2024-05-13T13:40:31.097Z,4.404399999999956,
12,2024-05-13T13:40:32.097Z,4.404499999999956,
12,2024-05-13T13:40:33.097Z,4.404299999999957,
12,2024-05-13T13:40:34.097Z,4.404399999999956,
12,2024-05-13T13:40:35.097Z,4.404499999999956,
12,2024-05-13T13:40:36.097Z,4.404599999999956,
12,2024-05-13T13:40:37.097Z,4.404699999999956,
12,2024-05-13T13:40:38.097Z,4.404799999999955,
12,2024-05-13T13:40:39.097Z,4.404899999999955,
12,2024-05-13T13:40:40.097Z,4.404999999999955,
12,2024-05-13T13:40:41.097Z,4.405099999999955,
12,2024-05-13T13:40:42.097Z,4.4051999999999545,
12,2024-05-13T13:40:43.097Z,4.405299999999954,
12,2024-05-13T13:40:44.097Z,4.405399999999954,
12,2024-05-13T13:40:45.097Z,4.405499999999954,
12,2024-05-13T13:40:46.097Z,4.4055999999999536,
12,2024-05-13T13:40:47.097Z,4.405699999999953,
12,2024-05-13T13:40:48.097Z,4.408699999999953,
12,2024-05-13T13:40:49.097Z,4.408799999999953,
12,2024-05-13T13:40:50.097Z,4.408899999999953,
12,2024-05-13T13:40:51.097Z,4.408999999999953,
12,2024-05-13T13:40:52.097Z,4.4090999999999525,
12,2024-05-13T13:40:53.097Z,4.409199999999952,
12,2024-05-13T13:40:54.097Z,4.402899999999953,
12,2024-05-13T13:40:55.097Z,4.425299999999954,
12,2024-05-13T13:40:56.097Z,4.425599999999953,
12,2024-05-13T13:40:57.097Z,4.425699999999953,
12,2024-05-13T13:40:58.097Z,4.425799999999953,
12,2024-05-13T13:40:59.097Z,4.425899999999952,
12,2024-05-13T13:41:00.097Z,4.425999999999952,
12,2024-05-13T13:41:01.097Z,4.426099999999952,
12,2024-05-13T13:41:02.097Z,4.426199999999952,
12,2024-05-13T13:41:03.097Z,4.4262999999999515,
12,2024-05-13T13:41:04.097Z,4.426399999999951,
12,2024-05-13T13:41:05.097Z,4.426499999999951,
12,2024-05-13T13:41:06.097Z,4.426599999999951,
12,2024-05-13T13:41:07.097Z,4.426699999999951,
13,2024-05-13T13:30:37.097Z,26.3,
13,2024-05-13T13:30:38.097Z,26.2809,
13,2024-05-13T13:30:39.097Z,26.2814,
13,2024-05-13T13:30:40.097Z,26.2815,
13,2024-05-13T13:30:41.097Z,26.2752,
13,2024-05-13T13:30:42.097Z,26.2911,
13,2024-05-13T13:30:43.097Z,26.2912,
13,2024-05-13T13:30:44.097Z,26.2913,
13,2024-05-13T13:30:45.097Z,26.2914,
13,2024-05-13T13:30:46.097Z,26.2915,
13,2024-05-13T13:30:47.097Z,26.2852,
13,2024-05-13T13:30:48.097Z,26.2845,
13,2024-05-13T13:30:49.097Z,24.729400000000002,
13,2024-05-13T13:30:50.097Z,24.7295,
13,2024-05-13T13:30:51.097Z,24.729200000000002,
13,2024-05-13T13:30:52.097Z,22.278100000000002,
13,2024-05-13T13:30:53.097Z,22.278200000000002,
13,2024-05-13T13:30:54.097Z,22.2783,
13,2024-05-13T13:30:55.097Z,22.2784,
13,2024-05-13T13:30:56.097Z,22.2785,
13,2024-05-13T13:30:57.097Z,22.2786,
13,2024-05-13T13:30:58.097Z,22.2785,
13,2024-05-13T13:30:59.097Z,22.297,
13,2024-05-13T13:31:00.097Z,22.2969,
13,2024-05-13T13:31:01.097Z,22.297,
13,2024-05-13T13:31:02.097Z,22.2971,
13,2024-05-13T13:31:03.097Z,22.2972,
13,2024-05-13T13:31:04.097Z,22.2973,
13,2024-05-13T13:31:05.097Z,22.2974,
13,2024-05-13T13:31:06.097Z,22.2975,
13,2024-05-13T13:31:07.097Z,22.2976,
13,2024-05-13T13:31:08.097Z,22.2977,
13,2024-05-13T13:31:09.097Z,22.2978,
13,2024-05-13T13:31:10.097Z,22.2979,
13,2024-05-13T13:31:11.097Z,22.298,
13,2024-05-13T13:31:12.097Z,22.298099999999998,
13,2024-05-13T13:31:13.097Z,22.298199999999998,
13,2024-05-13T13:31:14.097Z,22.298299999999998,
13,2024-05-13T13:31:15.097Z,22.298399999999997,
13,2024-05-13T13:31:16.097Z,22.298499999999997,
13,2024-05-13T13:31:17.097Z,22.298599999999997,
13,2024-05-13T13:31:18.097Z,22.298699999999997,
13,2024-05-13T13:31:19.097Z,22.298799999999996,
13,2024-05-13T13:31:20.097Z,22.298899999999996,
13,2024-05-13T13:31:21.097Z,22.298999999999996,
13,2024-05-13T13:31:22.097Z,22.299099999999996,
13,2024-05-13T13:31:23.097Z,22.299199999999995,
13,2024-05-13T13:31:24.097Z,22.299299999999995,
13,2024-05-13T13:31:25.097Z,22.299399999999995,
13,2024-05-13T13:31:26.097Z,22.299499999999995,
13,2024-05-13T13:31:27.097Z,22.299599999999995,
13,2024-05-13T13:31:28.097Z,22.299699999999994,
13,2024-05-13T13:31:29.097Z,22.299799999999994,
13,2024-05-13T13:31:30.097Z,22.299899999999994,
13,2024-05-13T13:31:31.097Z,22.299999999999994,
13,2024-05-13T13:31:32.097Z,22.298499999999994,
13,2024-05-13T13:31:33.097Z,21.901799999999994,
13,2024-05-13T13:31:34.097Z,21.901899999999994,
13,2024-05-13T13:31:35.097Z,21.907999999999994,
13,2024-05-13T13:31:36.097Z,21.903299999999994,
13,2024-05-13T13:31:37.097Z,22.299299999999995,
13,2024-05-13T13:31:38.097Z,22.30079999999999,
13,2024-05-13T13:31:39.097Z,22.30089999999999,
13,2024-05-13T13:31:40.097Z,22.30099999999999,
13,2024-05-13T13:31:41.097Z,22.30109999999999,
13,2024-05-13T13:31:42.097Z,22.30089999999999,
13,2024-05-13T13:31:43.097Z,22.318599999999993,
13,2024-05-13T13:31:44.097Z,22.407999999999994,
13,2024-05-13T13:31:45.097Z,17.506199999999993,
13,2024-05-13T13:31:46.097Z,17.522299999999994,
13,2024-05-13T13:31:47.097Z,17.520799999999994,
13,2024-05-13T13:31:48.097Z,17.52089999999999,
13,2024-05-13T13:31:49.097Z,17.520999999999994,
13,2024-05-13T13:31:50.097Z,17.52109999999999,
13,2024-05-13T13:31:51.097Z,17.521199999999993,
13,2024-05-13T13:31:52.097Z,17.519699999999993,
13,2024-05-13T13:31:53.097Z,17.53579999999999,
13,2024-05-13T13:31:54.097Z,17.53589999999999,
13,2024-05-13T13:31:55.097Z,17.53879999999999,
13,2024-05-13T13:31:56.097Z,17.53729999999999,
13,2024-05-13T13:31:57.097Z,17.55619999999999,
13,2024-05-13T13:31:58.097Z,17.556299999999993,
13,2024-05-13T13:31:59.097Z,17.557799999999993,
13,2024-05-13T13:32:00.097Z,17.55789999999999,
13,2024-05-13T13:32:01.097Z,17.557999999999993,
13,2024-05-13T13:32:02.097Z,17.55809999999999,
13,2024-05-13T13:32:03.097Z,17.558199999999992,
13,2024-05-13T13:32:04.097Z,17.55829999999999,
13,2024-05-13T13:32:05.097Z,17.557999999999993,
13,2024-05-13T13:32:06.097Z,15.490899999999991,
13,2024-05-13T13:32:07.097Z,15.484599999999991,
13,2024-05-13T13:32:08.097Z,15.46709999999999,
13,2024-05-13T13:32:09.097Z,15.46399999999999,
13,2024-05-13T13:32:10.097Z,15.65579999999999,
13,2024-05-13T13:32:11.097Z,15.67349999999999,
13,2024-05-13T13:32:12.097Z,15.67199999999999,
13,2024-05-13T13:32:13.097Z,15.64649999999999,
13,2024-05-13T13:32:14.097Z,15.67859999999999,
13,2024-05-13T13:32:15.097Z,15.67549999999999,
13,2024-05-13T13:32:16.097Z,15.675199999999991,
13,2024-05-13T13:32:17.097Z,15.675299999999991,
13,2024-05-13T13:32:18.097Z,15.675099999999992,
13,2024-05-13T13:32:19.097Z,15.693999999999992,
13,2024-05-13T13:32:20.097Z,15.697099999999992,
13,2024-05-13T13:32:21.097Z,15.695499999999992,
13,2024-05-13T13:32:22.097Z,15.714799999999991,
13,2024-05-13T13:32:23.097Z,15.733299999999991,
13,2024-05-13T13:32:24.097Z,15.73339999999999,
13,2024-05-13T13:32:25.097Z,15.73029999999999,
13,2024-05-13T13:32:26.097Z,14.10479999999999,
13,2024-05-13T13:32:27.097Z,14.08569999999999,
13,2024-05-13T13:32:28.097Z,14.08579999999999,
13,2024-05-13T13:32:29.097Z,14.08509999999999,
13,2024-05-13T13:32:30.097Z,14.89119999999999,
13,2024-05-13T13:32:31.097Z,14.915299999999991,
13,2024-05-13T13:32:32.097Z,14.915399999999991,
13,2024-05-13T13:32:33.097Z,14.91709999999999,
13,2024-05-13T13:32:34.097Z,14.91649999999999,
13,2024-05-13T13:32:35.097Z,15.30699999999999,
13,2024-05-13T13:32:36.097Z,15.34519999999999,
13,2024-05-13T13:32:37.097Z,15.74169999999999,
13,2024-05-13T13:32:38.097Z,13.376999999999988,
13,2024-05-13T13:32:39.097Z,13.376899999999988,
13,2024-05-13T13:32:40.097Z,13.376999999999988,
13,2024-05-13T13:32:41.097Z,13.377199999999988,
13,2024-05-13T13:32:42.097Z,12.570899999999988,
13,2024-05-13T13:32:43.097Z,12.759799999999988,
13,2024-05-13T13:32:44.097Z,12.772699999999988,
13,2024-05-13T13:32:45.097Z,12.772799999999988,
13,2024-05-13T13:32:46.097Z,12.772899999999987,
13,2024-05-13T13:32:47.097Z,12.773399999999988,
13,2024-05-13T13:32:48.097Z,12.773499999999988,
13,2024-05-13T13:32:49.097Z,12.774099999999988,
13,2024-05-13T13:32:50.097Z,12.771799999999988,
13,2024-05-13T13:32:51.097Z,12.789899999999989,
13,2024-05-13T13:32:52.097Z,12.78739999999999,
13,2024-05-13T13:32:53.097Z,12.78109999999999,
13,2024-05-13T13:32:54.097Z,12.77479999999999,
13,2024-05-13T13:32:55.097Z,12.77619999999999,
13,2024-05-13T13:32:56.097Z,12.77309999999999,
13,2024-05-13T13:32:57.097Z,13.57939999999999,
13,2024-05-13T13:32:58.097Z,14.385699999999991,
13,2024-05-13T13:32:59.097Z,14.38739999999999,
13,2024-05-13T13:33:00.097Z,14.38429999999999,
13,2024-05-13T13:33:01.097Z,14.384899999999991,
13,2024-05-13T13:33:02.097Z,14.381799999999991,
13,2024-05-13T13:33:03.097Z,14.425899999999992,
13,2024-05-13T13:33:04.097Z,14.425999999999991,
13,2024-05-13T13:33:05.097Z,14.426099999999991,
13,2024-05-13T13:33:06.097Z,14.425899999999992,
13,2024-05-13T13:33:07.097Z,14.435599999999992,
13,2024-05-13T13:33:08.097Z,11.992499999999993,
13,2024-05-13T13:33:09.097Z,11.992599999999992,
13,2024-05-13T13:33:10.097Z,11.992699999999992,
13,2024-05-13T13:33:11.097Z,11.992799999999992,
13,2024-05-13T13:33:12.097Z,11.992899999999992,
13,2024-05-13T13:33:13.097Z,12.624999999999991,
13,2024-05-13T13:33:14.097Z,12.643899999999991,
13,2024-05-13T13:33:15.097Z,12.643999999999991,
13,2024-05-13T13:33:16.097Z,12.644099999999991,
13,2024-05-13T13:33:17.097Z,12.64419999999999,
13,2024-05-13T13:33:18.097Z,12.64449999999999,
13,2024-05-13T13:33:19.097Z,12.64459999999999,
13,2024-05-13T13:33:20.097Z,12.64469999999999,
13,2024-05-13T13:33:21.097Z,12.64479999999999,
13,2024-05-13T13:33:22.097Z,12.64489999999999,
13,2024-05-13T13:33:23.097Z,12.644999999999989,
13,2024-05-13T13:33:24.097Z,12.645099999999989,
13,2024-05-13T13:33:25.097Z,12.645199999999988,
13,2024-05-13T13:33:26.097Z,12.645299999999988,
13,2024-05-13T13:33:27.097Z,12.663799999999988,
13,2024-05-13T13:33:28.097Z,12.663899999999988,
13,2024-05-13T13:33:29.097Z,12.663799999999988,
13,2024-05-13T13:33:30.097Z,12.663899999999988,
13,2024-05-13T13:33:31.097Z,12.663999999999987,
13,2024-05-13T13:33:32.097Z,12.664099999999987,
13,2024-05-13T13:33:33.097Z,12.682999999999987,
13,2024-05-13T13:33:34.097Z,12.683099999999987,
13,2024-05-13T13:33:35.097Z,12.689399999999987,
13,2024-05-13T13:33:36.097Z,12.689499999999986,
13,2024-05-13T13:33:37.097Z,12.689599999999986,
13,2024-05-13T13:33:38.097Z,12.689699999999986,
13,2024-05-13T13:33:39.097Z,12.689799999999986,
13,2024-05-13T13:33:40.097Z,12.689899999999986,
13,2024-05-13T13:33:41.097Z,12.689999999999985,
13,2024-05-13T13:33:42.097Z,12.690099999999985,
13,2024-05-13T13:33:43.097Z,12.683799999999986,
13,2024-05-13T13:33:44.097Z,12.701499999999985,
13,2024-05-13T13:33:45.097Z,12.701599999999985,
13,2024-05-13T13:33:46.097Z,12.720099999999984,
13,2024-05-13T13:33:47.097Z,12.720199999999984,
13,2024-05-13T13:33:48.097Z,12.720299999999984,
13,2024-05-13T13:33:49.097Z,12.720399999999984,
13,2024-05-13T13:33:50.097Z,12.720499999999983,
13,2024-05-13T13:33:51.097Z,12.720599999999983,
13,2024-05-13T13:33:52.097Z,12.719099999999983,
13,2024-05-13T13:33:53.097Z,12.719699999999987,
13,2024-05-13T13:33:54.097Z,12.719799999999987,
13,2024-05-13T13:33:55.097Z,12.719899999999987,
13,2024-05-13T13:33:56.097Z,12.719999999999986,
13,2024-05-13T13:33:57.097Z,12.720099999999986,
13,2024-05-13T13:33:58.097Z,12.720199999999986,
13,2024-05-13T13:33:59.097Z,12.719499999999986,
13,2024-05-13T13:34:00.097Z,12.719599999999986,
13,2024-05-13T13:34:01.097Z,12.719699999999985,
13,2024-05-13T13:34:02.097Z,12.719799999999985,
13,2024-05-13T13:34:03.097Z,12.719699999999985,
13,2024-05-13T13:34:04.097Z,13.063799999999985,
13,2024-05-13T13:34:05.097Z,13.146199999999984,
13,2024-05-13T13:34:06.097Z,13.147599999999985,
13,2024-05-13T13:34:07.097Z,9.893099999999986,
13,2024-05-13T13:34:08.097Z,9.886799999999987,
13,2024-05-13T13:34:09.097Z,9.905299999999986,
13,2024-05-13T13:34:10.097Z,9.905399999999986,
13,2024-05-13T13:34:11.097Z,9.905499999999986,
13,2024-05-13T13:34:12.097Z,9.905599999999986,
13,2024-05-13T13:34:13.097Z,9.905699999999985,
13,2024-05-13T13:34:14.097Z,9.905799999999985,
13,2024-05-13T13:34:15.097Z,9.905899999999985,
13,2024-05-13T13:34:16.097Z,9.905999999999985,
13,2024-05-13T13:34:17.097Z,9.906099999999984,
13,2024-05-13T13:34:18.097Z,9.912399999999984,
13,2024-05-13T13:34:19.097Z,9.912499999999984,
13,2024-05-13T13:34:20.097Z,9.912599999999983,
13,2024-05-13T13:34:21.097Z,9.912699999999983,
13,2024-05-13T13:34:22.097Z,9.915599999999984,
13,2024-05-13T13:34:23.097Z,9.912499999999984,
13,2024-05-13T13:34:24.097Z,9.893399999999982,
13,2024-05-13T13:34:25.097Z,9.890299999999982,
13,2024-05-13T13:34:26.097Z,9.907999999999983,
13,2024-05-13T13:34:27.097Z,9.906499999999983,
13,2024-05-13T13:34:28.097Z,9.906599999999983,
13,2024-05-13T13:34:29.097Z,9.906699999999983,
13,2024-05-13T13:34:30.097Z,9.906599999999983,
13,2024-05-13T13:34:31.097Z,9.887499999999982,
13,2024-05-13T13:34:32.097Z,9.89239999999998,
13,2024-05-13T13:34:33.097Z,9.89249999999998,
13,2024-05-13T13:34:34.097Z,9.892299999999981,
13,2024-05-13T13:34:35.097Z,9.908399999999983,
13,2024-05-13T13:34:36.097Z,9.908499999999982,
13,2024-05-13T13:34:37.097Z,9.908599999999982,
13,2024-05-13T13:34:38.097Z,9.908699999999982,
13,2024-05-13T13:34:39.097Z,9.908799999999982,
13,2024-05-13T13:34:40.097Z,9.908899999999981,
13,2024-05-13T13:34:41.097Z,9.908999999999981,
13,2024-05-13T13:34:42.097Z,9.909099999999981,
13,2024-05-13T13:34:43.097Z,9.90919999999998,
13,2024-05-13T13:34:44.097Z,9.90929999999998,
13,2024-05-13T13:34:45.097Z,9.90939999999998,
13,2024-05-13T13:34:46.097Z,9.908699999999982,
13,2024-05-13T13:34:47.097Z,9.939199999999978,
13,2024-05-13T13:34:48.097Z,9.939299999999978,
13,2024-05-13T13:34:49.097Z,9.939399999999978,
13,2024-05-13T13:34:50.097Z,9.939299999999978,
13,2024-05-13T13:34:51.097Z,9.939399999999978,
13,2024-05-13T13:34:52.097Z,9.933099999999978,
13,2024-05-13T13:34:53.097Z,6.668999999999979,
13,2024-05-13T13:34:54.097Z,4.224299999999978,
13,2024-05-13T13:34:55.097Z,4.217999999999979,
13,2024-05-13T13:34:56.097Z,4.229299999999977,
13,2024-05-13T13:34:57.097Z,4.229399999999977,
13,2024-05-13T13:34:58.097Z,4.229499999999977,
13,2024-05-13T13:34:59.097Z,4.2295999999999765,
13,2024-05-13T13:35:00.097Z,4.229699999999976,
13,2024-05-13T13:35:01.097Z,4.2295999999999765,
13,2024-05-13T13:35:02.097Z,4.229699999999976,
13,2024-05-13T13:35:03.097Z,4.229799999999976,
13,2024-05-13T13:35:04.097Z,4.229899999999976,
13,2024-05-13T13:35:05.097Z,4.229699999999976,
13,2024-05-13T13:35:06.097Z,4.247399999999978,
13,2024-05-13T13:35:07.097Z,4.247499999999977,
13,2024-05-13T13:35:08.097Z,4.247599999999977,
13,2024-05-13T13:35:09.097Z,4.247699999999977,
13,2024-05-13T13:35:10.097Z,4.247799999999977,
13,2024-05-13T13:35:11.097Z,4.2478999999999765,
13,2024-05-13T13:35:12.097Z,4.247999999999976,
13,2024-05-13T13:35:13.097Z,4.248099999999976,
13,2024-05-13T13:35:14.097Z,4.248199999999976,
13,2024-05-13T13:35:15.097Z,4.245099999999976,
13,2024-05-13T13:35:16.097Z,4.245199999999976,
13,2024-05-13T13:35:17.097Z,4.245299999999975,
13,2024-05-13T13:35:18.097Z,4.245399999999975,
13,2024-05-13T13:35:19.097Z,4.250299999999974,
13,2024-05-13T13:35:20.097Z,4.249999999999975,
13,2024-05-13T13:35:21.097Z,4.250099999999975,
13,2024-05-13T13:35:22.097Z,4.250199999999975,
13,2024-05-13T13:35:23.097Z,4.250299999999974,
13,2024-05-13T13:35:24.097Z,4.250399999999974,
13,2024-05-13T13:35:25.097Z,4.250499999999974,
13,2024-05-13T13:35:26.097Z,4.250599999999974,
13,2024-05-13T13:35:27.097Z,4.2506999999999735,
13,2024-05-13T13:35:28.097Z,4.250799999999973,
13,2024-05-13T13:35:29.097Z,4.250899999999973,
13,2024-05-13T13:35:30.097Z,4.250999999999973,
13,2024-05-13T13:35:31.097Z,4.251099999999973,
13,2024-05-13T13:35:32.097Z,4.251199999999972,
13,2024-05-13T13:35:33.097Z,4.251299999999972,
13,2024-05-13T13:35:34.097Z,4.251399999999972,
13,2024-05-13T13:35:35.097Z,4.251499999999972,
13,2024-05-13T13:35:36.097Z,4.251599999999971,
13,2024-05-13T13:35:37.097Z,4.251699999999971,
13,2024-05-13T13:35:38.097Z,4.251799999999971,
13,2024-05-13T13:35:39.097Z,4.251899999999971,
13,2024-05-13T13:35:40.097Z,4.2519999999999705,
13,2024-05-13T13:35:41.097Z,4.25209999999997,
13,2024-05-13T13:35:42.097Z,4.25219999999997,
13,2024-05-13T13:35:43.097Z,4.25229999999997,
13,2024-05-13T13:35:44.097Z,4.2523999999999695,
13,2024-05-13T13:35:45.097Z,4.252499999999969,
13,2024-05-13T13:35:46.097Z,4.252599999999969,
13,2024-05-13T13:35:47.097Z,4.252699999999969,
13,2024-05-13T13:35:48.097Z,4.252799999999969,
13,2024-05-13T13:35:49.097Z,4.252899999999968,
13,2024-05-13T13:35:50.097Z,4.252999999999968,
13,2024-05-13T13:35:51.097Z,4.253099999999968,
13,2024-05-13T13:35:52.097Z,4.253199999999968,
13,2024-05-13T13:35:53.097Z,4.253299999999967,
13,2024-05-13T13:35:54.097Z,4.253399999999967,
13,2024-05-13T13:35:55.097Z,4.253499999999967,
13,2024-05-13T13:35:56.097Z,4.253599999999967,
13,2024-05-13T13:35:57.097Z,4.2536999999999665,
13,2024-05-13T13:35:58.097Z,4.253799999999966,
13,2024-05-13T13:35:59.097Z,4.253899999999966,
13,2024-05-13T13:36:00.097Z,4.253999999999966,
13,2024-05-13T13:36:01.097Z,4.254099999999966,
13,2024-05-13T13:36:02.097Z,4.254199999999965,
13,2024-05-13T13:36:03.097Z,4.254299999999965,
13,2024-05-13T13:36:04.097Z,4.254399999999965,
13,2024-05-13T13:36:05.097Z,4.254499999999965,
13,2024-05-13T13:36:06.097Z,4.254599999999964,
13,2024-05-13T13:36:07.097Z,4.254699999999964,
13,2024-05-13T13:36:08.097Z,4.254499999999965,
13,2024-05-13T13:36:09.097Z,4.255899999999965,
13,2024-05-13T13:36:10.097Z,4.249599999999965,
13,2024-05-13T13:36:11.097Z,4.249699999999965,
13,2024-05-13T13:36:12.097Z,5.049399999999967,
13,2024-05-13T13:36:13.097Z,5.049499999999966,
13,2024-05-13T13:36:14.097Z,5.049599999999966,
13,2024-05-13T13:36:15.097Z,5.049699999999966,
13,2024-05-13T13:36:16.097Z,5.049799999999966,
13,2024-05-13T13:36:17.097Z,5.049899999999965,
13,2024-05-13T13:36:18.097Z,5.049999999999965,
13,2024-05-13T13:36:19.097Z,5.043699999999966,
13,2024-05-13T13:36:20.097Z,5.046199999999967,
13,2024-05-13T13:36:21.097Z,5.046299999999967,
13,2024-05-13T13:36:22.097Z,5.0463999999999665,
13,2024-05-13T13:36:23.097Z,5.046499999999966,
13,2024-05-13T13:36:24.097Z,5.046599999999966,
13,2024-05-13T13:36:25.097Z,5.046699999999966,
13,2024-05-13T13:36:26.097Z,5.045999999999967,
13,2024-05-13T13:36:27.097Z,5.026899999999966,
13,2024-05-13T13:36:28.097Z,5.0269999999999655,
13,2024-05-13T13:36:29.097Z,5.027099999999965,
13,2024-05-13T13:36:30.097Z,5.025399999999966,
13,2024-05-13T13:36:31.097Z,5.828699999999966,
13,2024-05-13T13:36:32.097Z,6.019199999999966,
13,2024-05-13T13:36:33.097Z,6.044599999999967,
13,2024-05-13T13:36:34.097Z,3.6190999999999676,
13,2024-05-13T13:36:35.097Z,3.6191999999999673,
13,2024-05-13T13:36:36.097Z,3.619299999999967,
13,2024-05-13T13:36:37.097Z,3.619399999999967,
13,2024-05-13T13:36:38.097Z,3.624299999999966,
13,2024-05-13T13:36:39.097Z,3.624399999999966,
13,2024-05-13T13:36:40.097Z,3.6244999999999656,
13,2024-05-13T13:36:41.097Z,3.6245999999999654,
13,2024-05-13T13:36:42.097Z,3.624699999999965,
13,2024-05-13T13:36:43.097Z,3.624699999999965,
13,2024-05-13T13:36:44.097Z,3.6248999999999647,
13,2024-05-13T13:36:45.097Z,3.6249999999999645,
13,2024-05-13T13:36:46.097Z,3.6250999999999642,
13,2024-05-13T13:36:47.097Z,3.625199999999964,
13,2024-05-13T13:36:48.097Z,3.6238999999999635,
13,2024-05-13T13:36:49.097Z,4.001299999999965,
13,2024-05-13T13:36:50.097Z,4.000999999999966,
13,2024-05-13T13:36:51.097Z,4.0010999999999655,
13,2024-05-13T13:36:52.097Z,4.002499999999966,
13,2024-05-13T13:36:53.097Z,4.0021999999999665,
13,2024-05-13T13:36:54.097Z,3.9990999999999666,
13,2024-05-13T13:36:55.097Z,3.979999999999965,
13,2024-05-13T13:36:56.097Z,3.9792999999999665,
13,2024-05-13T13:36:57.097Z,4.426599999999965,
13,2024-05-13T13:36:58.097Z,4.4450999999999645,
13,2024-05-13T13:36:59.097Z,4.440199999999965,
13,2024-05-13T13:37:00.097Z,2.981099999999966,
13,2024-05-13T13:37:01.097Z,3.0192999999999657,
13,2024-05-13T13:37:02.097Z,2.980999999999966,
13,2024-05-13T13:37:03.097Z,2.981099999999966,
13,2024-05-13T13:37:04.097Z,2.9807999999999666,
13,2024-05-13T13:37:05.097Z,2.9792999999999665,
13,2024-05-13T13:37:06.097Z,2.972999999999967,
13,2024-05-13T13:37:07.097Z,2.9914999999999665,
13,2024-05-13T13:37:08.097Z,2.991299999999967,
13,2024-05-13T13:37:09.097Z,2.9913999999999668,
13,2024-05-13T13:37:10.097Z,2.991699999999966,
13,2024-05-13T13:37:11.097Z,2.9915999999999663,
13,2024-05-13T13:37:12.097Z,3.0234999999999665,
13,2024-05-13T13:37:13.097Z,3.0235999999999663,
13,2024-05-13T13:37:14.097Z,3.023699999999966,
13,2024-05-13T13:37:15.097Z,3.023799999999966,
13,2024-05-13T13:37:16.097Z,3.0230999999999675,
13,2024-05-13T13:37:17.097Z,3.0231999999999672,
13,2024-05-13T13:37:18.097Z,3.023299999999967,
13,2024-05-13T13:37:19.097Z,3.023399999999967,
13,2024-05-13T13:37:20.097Z,3.0234999999999665,
13,2024-05-13T13:37:21.097Z,3.0235999999999663,
13,2024-05-13T13:37:22.097Z,3.023699999999966,
13,2024-05-13T13:37:23.097Z,3.023799999999966,
13,2024-05-13T13:37:24.097Z,3.0238999999999656,
13,2024-05-13T13:37:25.097Z,3.0239999999999654,
13,2024-05-13T13:37:26.097Z,3.024099999999965,
13,2024-05-13T13:37:27.097Z,3.0239999999999654,
13,2024-05-13T13:37:28.097Z,3.024099999999965,
13,2024-05-13T13:37:29.097Z,3.0273999999999646,
13,2024-05-13T13:37:30.097Z,3.0274999999999643,
13,2024-05-13T13:37:31.097Z,3.028099999999963,
13,2024-05-13T13:37:32.097Z,3.0231999999999637,
13,2024-05-13T13:37:33.097Z,3.022999999999964,
13,2024-05-13T13:37:34.097Z,3.0227999999999646,
13,2024-05-13T13:37:35.097Z,3.0228999999999644,
13,2024-05-13T13:37:36.097Z,3.022599999999965,
13,2024-05-13T13:37:37.097Z,3.0218999999999667,
13,2024-05-13T13:37:38.097Z,3.0219999999999665,
13,2024-05-13T13:37:39.097Z,3.0204999999999664,
13,2024-05-13T13:37:40.097Z,3.0189999999999664,
13,2024-05-13T13:37:41.097Z,3.0318999999999647,
13,2024-05-13T13:37:42.097Z,3.0380999999999645,
13,2024-05-13T13:37:43.097Z,3.031799999999965,
13,2024-05-13T13:37:44.097Z,3.8318999999999654,
13,2024-05-13T13:37:45.097Z,3.849599999999967,
13,2024-05-13T13:37:46.097Z,3.8496999999999666,
13,2024-05-13T13:37:47.097Z,3.851099999999967,
13,2024-05-13T13:37:48.097Z,3.8516999999999655,
13,2024-05-13T13:37:49.097Z,3.8517999999999653,
13,2024-05-13T13:37:50.097Z,3.8520999999999646,
13,2024-05-13T13:37:51.097Z,3.8521999999999643,
13,2024-05-13T13:37:52.097Z,3.851499999999966,
13,2024-05-13T13:37:53.097Z,3.8675999999999675,
13,2024-05-13T13:37:54.097Z,3.8676999999999673,
13,2024-05-13T13:37:55.097Z,3.866999999999969,
13,2024-05-13T13:37:56.097Z,3.8830999999999705,
13,2024-05-13T13:37:57.097Z,3.8831999999999702,
13,2024-05-13T13:37:58.097Z,3.88329999999997,
13,2024-05-13T13:37:59.097Z,3.8833999999999698,
13,2024-05-13T13:38:00.097Z,3.8826999999999714,
13,2024-05-13T13:38:01.097Z,3.898799999999973,
13,2024-05-13T13:38:02.097Z,3.8988999999999727,
13,2024-05-13T13:38:03.097Z,3.8989999999999725,
13,2024-05-13T13:38:04.097Z,3.8990999999999723,
13,2024-05-13T13:38:05.097Z,3.899199999999972,
13,2024-05-13T13:38:06.097Z,3.899299999999972,
13,2024-05-13T13:38:07.097Z,3.8993999999999716,
13,2024-05-13T13:38:08.097Z,3.8994999999999713,
13,2024-05-13T13:38:09.097Z,3.8997999999999706,
13,2024-05-13T13:38:10.097Z,3.8990999999999723,
13,2024-05-13T13:38:11.097Z,3.9167999999999736,
13,2024-05-13T13:38:12.097Z,3.916999999999973,
13,2024-05-13T13:38:13.097Z,3.923199999999973,
13,2024-05-13T13:38:14.097Z,3.9168999999999734,
13,2024-05-13T13:38:15.097Z,3.934599999999975,
13,2024-05-13T13:38:16.097Z,3.9342999999999755,
13,2024-05-13T13:38:17.097Z,3.947199999999974,
13,2024-05-13T13:38:18.097Z,3.9472999999999736,
13,2024-05-13T13:38:19.097Z,3.9473999999999734,
13,2024-05-13T13:38:20.097Z,3.947499999999973,
13,2024-05-13T13:38:21.097Z,3.9443999999999733,
13,2024-05-13T13:38:22.097Z,3.944499999999973,
13,2024-05-13T13:38:23.097Z,3.9451999999999714,
13,2024-05-13T13:38:24.097Z,3.945299999999971,
13,2024-05-13T13:38:25.097Z,3.944599999999973,
13,2024-05-13T13:38:26.097Z,3.941499999999973,
13,2024-05-13T13:38:27.097Z,3.943999999999974,
13,2024-05-13T13:38:28.097Z,3.9437999999999747,
13,2024-05-13T13:38:29.097Z,4.129499999999975,
13,2024-05-13T13:38:30.097Z,4.129599999999975,
13,2024-05-13T13:38:31.097Z,4.126499999999975,
13,2024-05-13T13:38:32.097Z,4.123099999999976,
13,2024-05-13T13:38:33.097Z,4.123199999999976,
13,2024-05-13T13:38:34.097Z,4.121699999999976,
13,2024-05-13T13:38:35.097Z,4.1217999999999755,
13,2024-05-13T13:38:36.097Z,4.121899999999975,
13,2024-05-13T13:38:37.097Z,4.121999999999975,
13,2024-05-13T13:38:38.097Z,4.122099999999975,
13,2024-05-13T13:38:39.097Z,4.115899999999975,
13,2024-05-13T13:38:40.097Z,4.134799999999974,
13,2024-05-13T13:38:41.097Z,4.134899999999973,
13,2024-05-13T13:38:42.097Z,4.134999999999973,
13,2024-05-13T13:38:43.097Z,4.129999999999974,
13,2024-05-13T13:38:44.097Z,6.554899999999975,
13,2024-05-13T13:38:45.097Z,6.554999999999975,
13,2024-05-13T13:38:46.097Z,6.555099999999975,
13,2024-05-13T13:38:47.097Z,6.555999999999976,
13,2024-05-13T13:38:48.097Z,6.556499999999975,
13,2024-05-13T13:38:49.097Z,6.562199999999976,
13,2024-05-13T13:38:50.097Z,6.5618999999999765,
13,2024-05-13T13:38:51.097Z,6.580899999999975,
13,2024-05-13T13:38:52.097Z,6.580999999999975,
13,2024-05-13T13:38:53.097Z,6.581099999999974,
13,2024-05-13T13:38:54.097Z,6.581199999999974,
13,2024-05-13T13:38:55.097Z,6.581299999999974,
13,2024-05-13T13:38:56.097Z,6.581399999999974,
13,2024-05-13T13:38:57.097Z,6.5814999999999735,
13,2024-05-13T13:38:58.097Z,6.581599999999973,
13,2024-05-13T13:38:59.097Z,6.581699999999973,
13,2024-05-13T13:39:00.097Z,6.581799999999973,
13,2024-05-13T13:39:01.097Z,6.5818999999999726,
13,2024-05-13T13:39:02.097Z,6.581599999999973,
13,2024-05-13T13:39:03.097Z,6.581699999999973,
13,2024-05-13T13:39:04.097Z,6.581799999999973,
13,2024-05-13T13:39:05.097Z,6.5818999999999726,
13,2024-05-13T13:39:06.097Z,6.581999999999972,
13,2024-05-13T13:39:07.097Z,6.582099999999972,
13,2024-05-13T13:39:08.097Z,6.588199999999972,
13,2024-05-13T13:39:09.097Z,6.587499999999974,
13,2024-05-13T13:39:10.097Z,6.605999999999973,
13,2024-05-13T13:39:11.097Z,4.336899999999975,
13,2024-05-13T13:39:12.097Z,4.336999999999975,
13,2024-05-13T13:39:13.097Z,4.337099999999975,
13,2024-05-13T13:39:14.097Z,4.336399999999976,
13,2024-05-13T13:39:15.097Z,4.349199999999975,
13,2024-05-13T13:39:16.097Z,4.349299999999975,
13,2024-05-13T13:39:17.097Z,4.349399999999974,
13,2024-05-13T13:39:18.097Z,4.349499999999974,
13,2024-05-13T13:39:19.097Z,4.349599999999974,
13,2024-05-13T13:39:20.097Z,4.349699999999974,
13,2024-05-13T13:39:21.097Z,4.3497999999999735,
13,2024-05-13T13:39:22.097Z,4.349899999999973,
13,2024-05-13T13:39:23.097Z,4.349999999999973,
13,2024-05-13T13:39:24.097Z,4.350099999999973,
13,2024-05-13T13:39:25.097Z,4.3501999999999725,
13,2024-05-13T13:39:26.097Z,4.350299999999972,
13,2024-05-13T13:39:27.097Z,4.350399999999972,
13,2024-05-13T13:39:28.097Z,4.350499999999972,
13,2024-05-13T13:39:29.097Z,4.350599999999972,
13,2024-05-13T13:39:30.097Z,4.350699999999971,
13,2024-05-13T13:39:31.097Z,4.350799999999971,
13,2024-05-13T13:39:32.097Z,4.350899999999971,
13,2024-05-13T13:39:33.097Z,4.350999999999971,
13,2024-05-13T13:39:34.097Z,4.35109999999997,
13,2024-05-13T13:39:35.097Z,4.35119999999997,
13,2024-05-13T13:39:36.097Z,4.35129999999997,
13,2024-05-13T13:39:37.097Z,4.35139999999997,
13,2024-05-13T13:39:38.097Z,4.3514999999999695,
13,2024-05-13T13:39:39.097Z,4.351599999999969,
13,2024-05-13T13:39:40.097Z,4.351699999999969,
13,2024-05-13T13:39:41.097Z,4.351799999999969,
13,2024-05-13T13:39:42.097Z,4.351899999999969,
13,2024-05-13T13:39:43.097Z,4.351999999999968,
13,2024-05-13T13:39:44.097Z,4.352099999999968,
13,2024-05-13T13:39:45.097Z,4.352199999999968,
13,2024-05-13T13:39:46.097Z,4.352299999999968,
13,2024-05-13T13:39:47.097Z,4.350799999999968,
13,2024-05-13T13:39:48.097Z,4.363699999999966,
13,2024-05-13T13:39:49.097Z,4.363799999999966,
13,2024-05-13T13:39:50.097Z,4.3638999999999655,
13,2024-05-13T13:39:51.097Z,4.360799999999966,
13,2024-05-13T13:39:52.097Z,4.361099999999965,
13,2024-05-13T13:39:53.097Z,4.3603999999999665,
13,2024-05-13T13:39:54.097Z,4.392499999999966,
13,2024-05-13T13:39:55.097Z,4.392599999999966,
13,2024-05-13T13:39:56.097Z,4.406799999999965,
13,2024-05-13T13:39:57.097Z,4.406899999999965,
13,2024-05-13T13:39:58.097Z,4.4069999999999645,
13,2024-05-13T13:39:59.097Z,4.407099999999964,
13,2024-05-13T13:40:00.097Z,4.407199999999964,
13,2024-05-13T13:40:01.097Z,4.407299999999964,
13,2024-05-13T13:40:02.097Z,4.407399999999964,
13,2024-05-13T13:40:03.097Z,4.407499999999963,
13,2024-05-13T13:40:04.097Z,4.407599999999963,
13,2024-05-13T13:40:05.097Z,4.407699999999963,
13,2024-05-13T13:40:06.097Z,4.407799999999963,
13,2024-05-13T13:40:07.097Z,4.407599999999963,
13,2024-05-13T13:40:08.097Z,4.407699999999963,
13,2024-05-13T13:40:09.097Z,4.407799999999963,
13,2024-05-13T13:40:10.097Z,4.407899999999962,
13,2024-05-13T13:40:11.097Z,4.407999999999962,
13,2024-05-13T13:40:12.097Z,4.408099999999962,
13,2024-05-13T13:40:13.097Z,4.408199999999962,
13,2024-05-13T13:40:14.097Z,4.4082999999999615,
13,2024-05-13T13:40:15.097Z,4.408399999999961,
13,2024-05-13T13:40:16.097Z,4.408499999999961,
13,2024-05-13T13:40:17.097Z,4.40299999999996,
13,2024-05-13T13:40:18.097Z,4.403099999999959,
13,2024-05-13T13:40:19.097Z,4.403199999999959,
13,2024-05-13T13:40:20.097Z,4.403299999999959,
13,2024-05-13T13:40:21.097Z,4.403399999999959,
13,2024-05-13T13:40:22.097Z,4.4034999999999584,
13,2024-05-13T13:40:23.097Z,4.403599999999958,
13,2024-05-13T13:40:24.097Z,4.403699999999958,
13,2024-05-13T13:40:25.097Z,4.403799999999958,
13,2024-05-13T13:40:26.097Z,4.4038999999999575,
13,2024-05-13T13:40:27.097Z,4.403999999999957,
13,2024-05-13T13:40:28.097Z,4.404099999999957,
13,2024-05-13T13:40:29.097Z,4.404199999999957,
13,2024-05-13T13:40:30.097Z,4.404299999999957,
13,2024-05-13T13:40:31.097Z,4.404399999999956,
13,2024-05-13T13:40:32.097Z,4.404499999999956,
13,2024-05-13T13:40:33.097Z,4.404299999999957,
13,2024-05-13T13:40:34.097Z,4.404399999999956,
13,2024-05-13T13:40:35.097Z,4.404499999999956,
13,2024-05-13T13:40:36.097Z,4.404599999999956,
13,2024-05-13T13:40:37.097Z,4.404699999999956,
13,2024-05-13T13:40:38.097Z,4.404799999999955,
13,2024-05-13T13:40:39.097Z,4.404899999999955,
13,2024-05-13T13:40:40.097Z,4.404999999999955,
13,2024-05-13T13:40:41.097Z,4.405099999999955,
13,2024-05-13T13:40:42.097Z,4.4051999999999545,
13,2024-05-13T13:40:43.097Z,4.405299999999954,
13,2024-05-13T13:40:44.097Z,4.405399999999954,
13,2024-05-13T13:40:45.097Z,4.405499999999954,
13,2024-05-13T13:40:46.097Z,4.4055999999999536,
13,2024-05-13T13:40:47.097Z,4.405699999999953,
13,2024-05-13T13:40:48.097Z,4.408699999999953,
13,2024-05-13T13:40:49.097Z,4.408799999999953,
13,2024-05-13T13:40:50.097Z,4.408899999999953,
13,2024-05-13T13:40:51.097Z,4.408999999999953,
13,2024-05-13T13:40:52.097Z,4.4090999999999525,
13,2024-05-13T13:40:53.097Z,4.409199999999952,
13,2024-05-13T13:40:54.097Z,4.402899999999953,
13,2024-05-13T13:40:55.097Z,4.425299999999954,
13,2024-05-13T13:40:56.097Z,4.425599999999953,
13,2024-05-13T13:40:57.097Z,4.425699999999953,
13,2024-05-13T13:40:58.097Z,4.425799999999953,
13,2024-05-13T13:40:59.097Z,4.425899999999952,
13,2024-05-13T13:41:00.097Z,4.425999999999952,
13,2024-05-13T13:41:01.097Z,4.426099999999952,
13,2024-05-13T13:41:02.097Z,4.426199999999952,
13,2024-05-13T13:41:03.097Z,4.4262999999999515,
13,2024-05-13T13:41:04.097Z,4.426399999999951,
13,2024-05-13T13:41:05.097Z,4.426499999999951,
13,2024-05-13T13:41:06.097Z,4.426599999999951,
13,2024-05-13T13:41:07.097Z,4.426699999999951,
14,2024-05-13T13:30:37.097Z,26.3,
14,2024-05-13T13:30:38.097Z,26.2809,
14,2024-05-13T13:30:39.097Z,26.2814,
14,2024-05-13T13:30:40.097Z,26.2815,
14,2024-05-13T13:30:41.097Z,26.2752,
14,2024-05-13T13:30:42.097Z,26.2911,
14,2024-05-13T13:30:43.097Z,26.2912,
14,2024-05-13T13:30:44.097Z,26.2913,
14,2024-05-13T13:30:45.097Z,26.2914,
14,2024-05-13T13:30:46.097Z,26.2915,
14,2024-05-13T13:30:47.097Z,26.2852,
14,2024-05-13T13:30:48.097Z,26.2845,
14,2024-05-13T13:30:49.097Z,24.729400000000002,
14,2024-05-13T13:30:50.097Z,24.7295,
14,2024-05-13T13:30:51.097Z,24.729200000000002,
14,2024-05-13T13:30:52.097Z,22.278100000000002,
14,2024-05-13T13:30:53.097Z,22.278200000000002,
14,2024-05-13T13:30:54.097Z,22.2783,
14,2024-05-13T13:30:55.097Z,22.2784,
14,2024-05-13T13:30:56.097Z,22.2785,
14,2024-05-13T13:30:57.097Z,22.2786,
14,2024-05-13T13:30:58.097Z,22.2785,
14,2024-05-13T13:30:59.097Z,22.297,
14,2024-05-13T13:31:00.097Z,22.2969,
14,2024-05-13T13:31:01.097Z,22.297,
14,2024-05-13T13:31:02.097Z,22.2971,
14,2024-05-13T13:31:03.097Z,22.2972,
14,2024-05-13T13:31:04.097Z,22.2973,
14,2024-05-13T13:31:05.097Z,22.2974,
14,2024-05-13T13:31:06.097Z,22.2975,
14,2024-05-13T13:31:07.097Z,22.2976,
14,2024-05-13T13:31:08.097Z,22.2977,
14,2024-05-13T13:31:09.097Z,22.2978,
14,2024-05-13T13:31:10.097Z,22.2979,
14,2024-05-13T13:31:11.097Z,22.298,
14,2024-05-13T13:31:12.097Z,22.298099999999998,
14,2024-05-13T13:31:13.097Z,22.298199999999998,
14,2024-05-13T13:31:14.097Z,22.298299999999998,
14,2024-05-13T13:31:15.097Z,22.298399999999997,
14,2024-05-13T13:31:16.097Z,22.298499999999997,
14,2024-05-13T13:31:17.097Z,22.298599999999997,
14,2024-05-13T13:31:18.097Z,22.298699999999997,
14,2024-05-13T13:31:19.097Z,22.298799999999996,
14,2024-05-13T13:31:20.097Z,22.298899999999996,
14,2024-05-13T13:31:21.097Z,22.298999999999996,
14,2024-05-13T13:31:22.097Z,22.299099999999996,
14,2024-05-13T13:31:23.097Z,22.299199999999995,
14,2024-05-13T13:31:24.097Z,22.299299999999995,
14,2024-05-13T13:31:25.097Z,22.299399999999995,
14,2024-05-13T13:31:26.097Z,22.299499999999995,
14,2024-05-13T13:31:27.097Z,22.299599999999995,
14,2024-05-13T13:31:28.097Z,22.299699999999994,
14,2024-05-13T13:31:29.097Z,22.299799999999994,
14,2024-05-13T13:31:30.097Z,22.299899999999994,
14,2024-05-13T13:31:31.097Z,22.299999999999994,
14,2024-05-13T13:31:32.097Z,22.298499999999994,
14,2024-05-13T13:31:33.097Z,21.901799999999994,
14,2024-05-13T13:31:34.097Z,21.901899999999994,
14,2024-05-13T13:31:35.097Z,21.907999999999994,
14,2024-05-13T13:31:36.097Z,21.903299999999994,
14,2024-05-13T13:31:37.097Z,22.299299999999995,
14,2024-05-13T13:31:38.097Z,22.30079999999999,
14,2024-05-13T13:31:39.097Z,22.30089999999999,
14,2024-05-13T13:31:40.097Z,22.30099999999999,
14,2024-05-13T13:31:41.097Z,22.30109999999999,
14,2024-05-13T13:31:42.097Z,22.30089999999999,
14,2024-05-13T13:31:43.097Z,22.318599999999993,
14,2024-05-13T13:31:44.097Z,22.407999999999994,
14,2024-05-13T13:31:45.097Z,17.506199999999993,
14,2024-05-13T13:31:46.097Z,17.522299999999994,
14,2024-05-13T13:31:47.097Z,17.520799999999994,
14,2024-05-13T13:31:48.097Z,17.52089999999999,
14,2024-05-13T13:31:49.097Z,17.520999999999994,
14,2024-05-13T13:31:50.097Z,17.52109999999999,
14,2024-05-13T13:31:51.097Z,17.521199999999993,
14,2024-05-13T13:31:52.097Z,17.519699999999993,
14,2024-05-13T13:31:53.097Z,17.53579999999999,
14,2024-05-13T13:31:54.097Z,17.53589999999999,
14,2024-05-13T13:31:55.097Z,17.53879999999999,
14,2024-05-13T13:31:56.097Z,17.53729999999999,
14,2024-05-13T13:31:57.097Z,17.55619999999999,
14,2024-05-13T13:31:58.097Z,17.556299999999993,
14,2024-05-13T13:31:59.097Z,17.557799999999993,
14,2024-05-13T13:32:00.097Z,17.55789999999999,
14,2024-05-13T13:32:01.097Z,17.557999999999993,
14,2024-05-13T13:32:02.097Z,17.55809999999999,
14,2024-05-13T13:32:03.097Z,17.558199999999992,
14,2024-05-13T13:32:04.097Z,17.55829999999999,
14,2024-05-13T13:32:05.097Z,17.557999999999993,
14,2024-05-13T13:32:06.097Z,15.490899999999991,
14,2024-05-13T13:32:07.097Z,15.484599999999991,
14,2024-05-13T13:32:08.097Z,15.46709999999999,
14,2024-05-13T13:32:09.097Z,15.46399999999999,
14,2024-05-13T13:32:10.097Z,15.65579999999999,
14,2024-05-13T13:32:11.097Z,15.67349999999999,
14,2024-05-13T13:32:12.097Z,15.67199999999999,
14,2024-05-13T13:32:13.097Z,15.64649999999999,
14,2024-05-13T13:32:14.097Z,15.67859999999999,
14,2024-05-13T13:32:15.097Z,15.67549999999999,
14,2024-05-13T13:32:16.097Z,15.675199999999991,
14,2024-05-13T13:32:17.097Z,15.675299999999991,
14,2024-05-13T13:32:18.097Z,15.675099999999992,
14,2024-05-13T13:32:19.097Z,15.693999999999992,
14,2024-05-13T13:32:20.097Z,15.697099999999992,
14,2024-05-13T13:32:21.097Z,15.695499999999992,
14,2024-05-13T13:32:22.097Z,15.714799999999991,
14,2024-05-13T13:32:23.097Z,15.733299999999991,
14,2024-05-13T13:32:24.097Z,15.73339999999999,
14,2024-05-13T13:32:25.097Z,15.73029999999999,
14,2024-05-13T13:32:26.097Z,14.10479999999999,
14,2024-05-13T13:32:27.097Z,14.08569999999999,
14,2024-05-13T13:32:28.097Z,14.08579999999999,
14,2024-05-13T13:32:29.097Z,14.08509999999999,
14,2024-05-13T13:32:30.097Z,14.89119999999999,
14,2024-05-13T13:32:31.097Z,14.915299999999991,
14,2024-05-13T13:32:32.097Z,14.915399999999991,
14,2024-05-13T13:32:33.097Z,14.91709999999999,
14,2024-05-13T13:32:34.097Z,14.91649999999999,
14,2024-05-13T13:32:35.097Z,15.30699999999999,
14,2024-05-13T13:32:36.097Z,15.34519999999999,
14,2024-05-13T13:32:37.097Z,15.74169999999999,
14,2024-05-13T13:32:38.097Z,13.376999999999988,
14,2024-05-13T13:32:39.097Z,13.376899999999988,
14,2024-05-13T13:32:40.097Z,13.376999999999988,
14,2024-05-13T13:32:41.097Z,13.377199999999988,
14,2024-05-13T13:32:42.097Z,12.570899999999988,
14,2024-05-13T13:32:43.097Z,12.759799999999988,
14,2024-05-13T13:32:44.097Z,12.772699999999988,
14,2024-05-13T13:32:45.097Z,12.772799999999988,
14,2024-05-13T13:32:46.097Z,12.772899999999987,
14,2024-05-13T13:32:47.097Z,12.773399999999988,
14,2024-05-13T13:32:48.097Z,12.773499999999988,
14,2024-05-13T13:32:49.097Z,12.774099999999988,
14,2024-05-13T13:32:50.097Z,12.771799999999988,
14,2024-05-13T13:32:51.097Z,12.789899999999989,
14,2024-05-13T13:32:52.097Z,12.78739999999999,
14,2024-05-13T13:32:53.097Z,12.78109999999999,
14,2024-05-13T13:32:54.097Z,12.77479999999999,
14,2024-05-13T13:32:55.097Z,12.77619999999999,
14,2024-05-13T13:32:56.097Z,12.77309999999999,
14,2024-05-13T13:32:57.097Z,13.57939999999999,
14,2024-05-13T13:32:58.097Z,14.385699999999991,
14,2024-05-13T13:32:59.097Z,14.38739999999999,
14,2024-05-13T13:33:00.097Z,14.38429999999999,
14,2024-05-13T13:33:01.097Z,14.384899999999991,
14,2024-05-13T13:33:02.097Z,14.381799999999991,
14,2024-05-13T13:33:03.097Z,14.425899999999992,
14,2024-05-13T13:33:04.097Z,14.425999999999991,
14,2024-05-13T13:33:05.097Z,14.426099999999991,
14,2024-05-13T13:33:06.097Z,14.425899999999992,
14,2024-05-13T13:33:07.097Z,14.435599999999992,
14,2024-05-13T13:33:08.097Z,11.992499999999993,
14,2024-05-13T13:33:09.097Z,11.992599999999992,
14,2024-05-13T13:33:10.097Z,11.992699999999992,
14,2024-05-13T13:33:11.097Z,11.992799999999992,
14,2024-05-13T13:33:12.097Z,11.992899999999992,
14,2024-05-13T13:33:13.097Z,12.624999999999991,
14,2024-05-13T13:33:14.097Z,12.643899999999991,
14,2024-05-13T13:33:15.097Z,12.643999999999991,
14,2024-05-13T13:33:16.097Z,12.644099999999991,
14,2024-05-13T13:33:17.097Z,12.64419999999999,
14,2024-05-13T13:33:18.097Z,12.64449999999999,
14,2024-05-13T13:33:19.097Z,12.64459999999999,
14,2024-05-13T13:33:20.097Z,12.64469999999999,
14,2024-05-13T13:33:21.097Z,12.64479999999999,
14,2024-05-13T13:33:22.097Z,12.64489999999999,
14,2024-05-13T13:33:23.097Z,12.644999999999989,
14,2024-05-13T13:33:24.097Z,12.645099999999989,
14,2024-05-13T13:33:25.097Z,12.645199999999988,
14,2024-05-13T13:33:26.097Z,12.645299999999988,
14,2024-05-13T13:33:27.097Z,12.663799999999988,
14,2024-05-13T13:33:28.097Z,12.663899999999988,
14,2024-05-13T13:33:29.097Z,12.663799999999988,
14,2024-05-13T13:33:30.097Z,12.663899999999988,
14,2024-05-13T13:33:31.097Z,12.663999999999987,
14,2024-05-13T13:33:32.097Z,12.664099999999987,
14,2024-05-13T13:33:33.097Z,12.682999999999987,
14,2024-05-13T13:33:34.097Z,12.683099999999987,
14,2024-05-13T13:33:35.097Z,12.689399999999987,
14,2024-05-13T13:33:36.097Z,12.689499999999986,
14,2024-05-13T13:33:37.097Z,12.689599999999986,
14,2024-05-13T13:33:38.097Z,12.689699999999986,
14,2024-05-13T13:33:39.097Z,12.689799999999986,
14,2024-05-13T13:33:40.097Z,12.689899999999986,
14,2024-05-13T13:33:41.097Z,12.689999999999985,
14,2024-05-13T13:33:42.097Z,12.690099999999985,
14,2024-05-13T13:33:43.097Z,12.683799999999986,
14,2024-05-13T13:33:44.097Z,12.701499999999985,
14,2024-05-13T13:33:45.097Z,12.701599999999985,
14,2024-05-13T13:33:46.097Z,12.720099999999984,
14,2024-05-13T13:33:47.097Z,12.720199999999984,
14,2024-05-13T13:33:48.097Z,12.720299999999984,
14,2024-05-13T13:33:49.097Z,12.720399999999984,
14,2024-05-13T13:33:50.097Z,12.720499999999983,
14,2024-05-13T13:33:51.097Z,12.720599999999983,
14,2024-05-13T13:33:52.097Z,12.719099999999983,
14,2024-05-13T13:33:53.097Z,12.719699999999987,
14,2024-05-13T13:33:54.097Z,12.719799999999987,
14,2024-05-13T13:33:55.097Z,12.719899999999987,
14,2024-05-13T13:33:56.097Z,12.719999999999986,
14,2024-05-13T13:33:57.097Z,12.720099999999986,
14,2024-05-13T13:33:58.097Z,12.720199999999986,
14,2024-05-13T13:33:59.097Z,12.719499999999986,
14,2024-05-13T13:34:00.097Z,12.719599999999986,
14,2024-05-13T13:34:01.097Z,12.719699999999985,
14,2024-05-13T13:34:02.097Z,12.719799999999985,
14,2024-05-13T13:34:03.097Z,12.719699999999985,
14,2024-05-13T13:34:04.097Z,13.063799999999985,
14,2024-05-13T13:34:05.097Z,13.146199999999984,
14,2024-05-13T13:34:06.097Z,13.147599999999985,
14,2024-05-13T13:34:07.097Z,9.893099999999986,
14,2024-05-13T13:34:08.097Z,9.886799999999987,
14,2024-05-13T13:34:09.097Z,9.905299999999986,
14,2024-05-13T13:34:10.097Z,9.905399999999986,
14,2024-05-13T13:34:11.097Z,9.905499999999986,
14,2024-05-13T13:34:12.097Z,9.905599999999986,
14,2024-05-13T13:34:13.097Z,9.905699999999985,
14,2024-05-13T13:34:14.097Z,9.905799999999985,
14,2024-05-13T13:34:15.097Z,9.905899999999985,
14,2024-05-13T13:34:16.097Z,9.905999999999985,
14,2024-05-13T13:34:17.097Z,9.906099999999984,
14,2024-05-13T13:34:18.097Z,9.912399999999984,
14,2024-05-13T13:34:19.097Z,9.912499999999984,
14,2024-05-13T13:34:20.097Z,9.912599999999983,
14,2024-05-13T13:34:21.097Z,9.912699999999983,
14,2024-05-13T13:34:22.097Z,9.915599999999984,
14,2024-05-13T13:34:23.097Z,9.912499999999984,
14,2024-05-13T13:34:24.097Z,9.893399999999982,
14,2024-05-13T13:34:25.097Z,9.890299999999982,
14,2024-05-13T13:34:26.097Z,9.907999999999983,
14,2024-05-13T13:34:27.097Z,9.906499999999983,
14,2024-05-13T13:34:28.097Z,9.906599999999983,
14,2024-05-13T13:34:29.097Z,9.906699999999983,
14,2024-05-13T13:34:30.097Z,9.906599999999983,
14,2024-05-13T13:34:31.097Z,9.887499999999982,
14,2024-05-13T13:34:32.097Z,9.89239999999998,
14,2024-05-13T13:34:33.097Z,9.89249999999998,
14,2024-05-13T13:34:34.097Z,9.892299999999981,
14,2024-05-13T13:34:35.097Z,9.908399999999983,
14,2024-05-13T13:34:36.097Z,9.908499999999982,
14,2024-05-13T13:34:37.097Z,9.908599999999982,
14,2024-05-13T13:34:38.097Z,9.908699999999982,
14,2024-05-13T13:34:39.097Z,9.908799999999982,
14,2024-05-13T13:34:40.097Z,9.908899999999981,
14,2024-05-13T13:34:41.097Z,9.908999999999981,
14,2024-05-13T13:34:42.097Z,9.909099999999981,
14,2024-05-13T13:34:43.097Z,9.90919999999998,
14,2024-05-13T13:34:44.097Z,9.90929999999998,
14,2024-05-13T13:34:45.097Z,9.90939999999998,
14,2024-05-13T13:34:46.097Z,9.908699999999982,
14,2024-05-13T13:34:47.097Z,9.939199999999978,
14,2024-05-13T13:34:48.097Z,9.939299999999978,
14,2024-05-13T13:34:49.097Z,9.939399999999978,
14,2024-05-13T13:34:50.097Z,9.939299999999978,
14,2024-05-13T13:34:51.097Z,9.939399999999978,
14,2024-05-13T13:34:52.097Z,9.933099999999978,
14,2024-05-13T13:34:53.097Z,6.668999999999979,
14,2024-05-13T13:34:54.097Z,4.224299999999978,
14,2024-05-13T13:34:55.097Z,4.217999999999979,
14,2024-05-13T13:34:56.097Z,4.229299999999977,
14,2024-05-13T13:34:57.097Z,4.229399999999977,
14,2024-05-13T13:34:58.097Z,4.229499999999977,
14,2024-05-13T13:34:59.097Z,4.2295999999999765,
14,2024-05-13T13:35:00.097Z,4.229699999999976,
14,2024-05-13T13:35:01.097Z,4.2295999999999765,
14,2024-05-13T13:35:02.097Z,4.229699999999976,
14,2024-05-13T13:35:03.097Z,4.229799999999976,
14,2024-05-13T13:35:04.097Z,4.229899999999976,
14,2024-05-13T13:35:05.097Z,4.229699999999976,
14,2024-05-13T13:35:06.097Z,4.247399999999978,
14,2024-05-13T13:35:07.097Z,4.247499999999977,
14,2024-05-13T13:35:08.097Z,4.247599999999977,
14,2024-05-13T13:35:09.097Z,4.247699999999977,
14,2024-05-13T13:35:10.097Z,4.247799999999977,
14,2024-05-13T13:35:11.097Z,4.2478999999999765,
14,2024-05-13T13:35:12.097Z,4.247999999999976,
14,2024-05-13T13:35:13.097Z,4.248099999999976,
14,2024-05-13T13:35:14.097Z,4.248199999999976,
14,2024-05-13T13:35:15.097Z,4.245099999999976,
14,2024-05-13T13:35:16.097Z,4.245199999999976,
14,2024-05-13T13:35:17.097Z,4.245299999999975,
14,2024-05-13T13:35:18.097Z,4.245399999999975,
14,2024-05-13T13:35:19.097Z,4.250299999999974,
14,2024-05-13T13:35:20.097Z,4.249999999999975,
14,2024-05-13T13:35:21.097Z,4.250099999999975,
14,2024-05-13T13:35:22.097Z,4.250199999999975,
14,2024-05-13T13:35:23.097Z,4.250299999999974,
14,2024-05-13T13:35:24.097Z,4.250399999999974,
14,2024-05-13T13:35:25.097Z,4.250499999999974,
14,2024-05-13T13:35:26.097Z,4.250599999999974,
14,2024-05-13T13:35:27.097Z,4.2506999999999735,
14,2024-05-13T13:35:28.097Z,4.250799999999973,
14,2024-05-13T13:35:29.097Z,4.250899999999973,
14,2024-05-13T13:35:30.097Z,4.250999999999973,
14,2024-05-13T13:35:31.097Z,4.251099999999973,
14,2024-05-13T13:35:32.097Z,4.251199999999972,
14,2024-05-13T13:35:33.097Z,4.251299999999972,
14,2024-05-13T13:35:34.097Z,4.251399999999972,
14,2024-05-13T13:35:35.097Z,4.251499999999972,
14,2024-05-13T13:35:36.097Z,4.251599999999971,
14,2024-05-13T13:35:37.097Z,4.251699999999971,
14,2024-05-13T13:35:38.097Z,4.251799999999971,
14,2024-05-13T13:35:39.097Z,4.251899999999971,
14,2024-05-13T13:35:40.097Z,4.2519999999999705,
14,2024-05-13T13:35:41.097Z,4.25209999999997,
14,2024-05-13T13:35:42.097Z,4.25219999999997,
14,2024-05-13T13:35:43.097Z,4.25229999999997,
14,2024-05-13T13:35:44.097Z,4.2523999999999695,
14,2024-05-13T13:35:45.097Z,4.252499999999969,
14,2024-05-13T13:35:46.097Z,4.252599999999969,
14,2024-05-13T13:35:47.097Z,4.252699999999969,
14,2024-05-13T13:35:48.097Z,4.252799999999969,
14,2024-05-13T13:35:49.097Z,4.252899999999968,
14,2024-05-13T13:35:50.097Z,4.252999999999968,
14,2024-05-13T13:35:51.097Z,4.253099999999968,
14,2024-05-13T13:35:52.097Z,4.253199999999968,
14,2024-05-13T13:35:53.097Z,4.253299999999967,
14,2024-05-13T13:35:54.097Z,4.253399999999967,
14,2024-05-13T13:35:55.097Z,4.253499999999967,
14,2024-05-13T13:35:56.097Z,4.253599999999967,
14,2024-05-13T13:35:57.097Z,4.2536999999999665,
14,2024-05-13T13:35:58.097Z,4.253799999999966,
14,2024-05-13T13:35:59.097Z,4.253899999999966,
14,2024-05-13T13:36:00.097Z,4.253999999999966,
14,2024-05-13T13:36:01.097Z,4.254099999999966,
14,2024-05-13T13:36:02.097Z,4.254199999999965,
14,2024-05-13T13:36:03.097Z,4.254299999999965,
14,2024-05-13T13:36:04.097Z,4.254399999999965,
14,2024-05-13T13:36:05.097Z,4.254499999999965,
14,2024-05-13T13:36:06.097Z,4.254599999999964,
14,2024-05-13T13:36:07.097Z,4.254699999999964,
14,2024-05-13T13:36:08.097Z,4.254499999999965,
14,2024-05-13T13:36:09.097Z,4.255899999999965,
14,2024-05-13T13:36:10.097Z,4.249599999999965,
14,2024-05-13T13:36:11.097Z,4.249699999999965,
14,2024-05-13T13:36:12.097Z,5.049399999999967,
14,2024-05-13T13:36:13.097Z,5.049499999999966,
14,2024-05-13T13:36:14.097Z,5.049599999999966,
14,2024-05-13T13:36:15.097Z,5.049699999999966,
14,2024-05-13T13:36:16.097Z,5.049799999999966,
14,2024-05-13T13:36:17.097Z,5.049899999999965,
14,2024-05-13T13:36:18.097Z,5.049999999999965,
14,2024-05-13T13:36:19.097Z,5.043699999999966,
14,2024-05-13T13:36:20.097Z,5.046199999999967,
14,2024-05-13T13:36:21.097Z,5.046299999999967,
14,2024-05-13T13:36:22.097Z,5.0463999999999665,
14,2024-05-13T13:36:23.097Z,5.046499999999966,
14,2024-05-13T13:36:24.097Z,5.046599999999966,
14,2024-05-13T13:36:25.097Z,5.046699999999966,
14,2024-05-13T13:36:26.097Z,5.045999999999967,
14,2024-05-13T13:36:27.097Z,5.026899999999966,
14,2024-05-13T13:36:28.097Z,5.0269999999999655,
14,2024-05-13T13:36:29.097Z,5.027099999999965,
14,2024-05-13T13:36:30.097Z,5.025399999999966,
14,2024-05-13T13:36:31.097Z,5.828699999999966,
14,2024-05-13T13:36:32.097Z,6.019199999999966,
14,2024-05-13T13:36:33.097Z,6.044599999999967,
14,2024-05-13T13:36:34.097Z,3.6190999999999676,
14,2024-05-13T13:36:35.097Z,3.6191999999999673,
14,2024-05-13T13:36:36.097Z,3.619299999999967,
14,2024-05-13T13:36:37.097Z,3.619399999999967,
14,2024-05-13T13:36:38.097Z,3.624299999999966,
14,2024-05-13T13:36:39.097Z,3.624399999999966,
14,2024-05-13T13:36:40.097Z,3.6244999999999656,
14,2024-05-13T13:36:41.097Z,3.6245999999999654,
14,2024-05-13T13:36:42.097Z,3.624699999999965,
14,2024-05-13T13:36:43.097Z,3.624699999999965,
14,2024-05-13T13:36:44.097Z,3.6248999999999647,
14,2024-05-13T13:36:45.097Z,3.6249999999999645,
14,2024-05-13T13:36:46.097Z,3.6250999999999642,
14,2024-05-13T13:36:47.097Z,3.625199999999964,
14,2024-05-13T13:36:48.097Z,3.6238999999999635,
14,2024-05-13T13:36:49.097Z,4.001299999999965,
14,2024-05-13T13:36:50.097Z,4.000999999999966,
14,2024-05-13T13:36:51.097Z,4.0010999999999655,
14,2024-05-13T13:36:52.097Z,4.002499999999966,
14,2024-05-13T13:36:53.097Z,4.0021999999999665,
14,2024-05-13T13:36:54.097Z,3.9990999999999666,
14,2024-05-13T13:36:55.097Z,3.979999999999965,
14,2024-05-13T13:36:56.097Z,3.9792999999999665,
14,2024-05-13T13:36:57.097Z,4.426599999999965,
14,2024-05-13T13:36:58.097Z,4.4450999999999645,
14,2024-05-13T13:36:59.097Z,4.440199999999965,
14,2024-05-13T13:37:00.097Z,2.981099999999966,
14,2024-05-13T13:37:01.097Z,3.0192999999999657,
14,2024-05-13T13:37:02.097Z,2.980999999999966,
14,2024-05-13T13:37:03.097Z,2.981099999999966,
14,2024-05-13T13:37:04.097Z,2.9807999999999666,
14,2024-05-13T13:37:05.097Z,2.9792999999999665,
14,2024-05-13T13:37:06.097Z,2.972999999999967,
14,2024-05-13T13:37:07.097Z,2.9914999999999665,
14,2024-05-13T13:37:08.097Z,2.991299999999967,
14,2024-05-13T13:37:09.097Z,2.9913999999999668,
14,2024-05-13T13:37:10.097Z,2.991699999999966,
14,2024-05-13T13:37:11.097Z,2.9915999999999663,
14,2024-05-13T13:37:12.097Z,3.0234999999999665,
14,2024-05-13T13:37:13.097Z,3.0235999999999663,
14,2024-05-13T13:37:14.097Z,3.023699999999966,
14,2024-05-13T13:37:15.097Z,3.023799999999966,
14,2024-05-13T13:37:16.097Z,3.0230999999999675,
14,2024-05-13T13:37:17.097Z,3.0231999999999672,
14,2024-05-13T13:37:18.097Z,3.023299999999967,
14,2024-05-13T13:37:19.097Z,3.023399999999967,
14,2024-05-13T13:37:20.097Z,3.0234999999999665,
14,2024-05-13T13:37:21.097Z,3.0235999999999663,
14,2024-05-13T13:37:22.097Z,3.023699999999966,
14,2024-05-13T13:37:23.097Z,3.023799999999966,
14,2024-05-13T13:37:24.097Z,3.0238999999999656,
14,2024-05-13T13:37:25.097Z,3.0239999999999654,
14,2024-05-13T13:37:26.097Z,3.024099999999965,
14,2024-05-13T13:37:27.097Z,3.0239999999999654,
14,2024-05-13T13:37:28.097Z,3.024099999999965,
14,2024-05-13T13:37:29.097Z,3.0273999999999646,
14,2024-05-13T13:37:30.097Z,3.0274999999999643,
14,2024-05-13T13:37:31.097Z,3.028099999999963,
14,2024-05-13T13:37:32.097Z,3.0231999999999637,
14,2024-05-13T13:37:33.097Z,3.022999999999964,
14,2024-05-13T13:37:34.097Z,3.0227999999999646,
14,2024-05-13T13:37:35.097Z,3.0228999999999644,
14,2024-05-13T13:37:36.097Z,3.022599999999965,
14,2024-05-13T13:37:37.097Z,3.0218999999999667,
14,2024-05-13T13:37:38.097Z,3.0219999999999665,
14,2024-05-13T13:37:39.097Z,3.0204999999999664,
14,2024-05-13T13:37:40.097Z,3.0189999999999664,
14,2024-05-13T13:37:41.097Z,3.0318999999999647,
14,2024-05-13T13:37:42.097Z,3.0380999999999645,
14,2024-05-13T13:37:43.097Z,3.031799999999965,
14,2024-05-13T13:37:44.097Z,3.8318999999999654,
14,2024-05-13T13:37:45.097Z,3.849599999999967,
14,2024-05-13T13:37:46.097Z,3.8496999999999666,
14,2024-05-13T13:37:47.097Z,3.851099999999967,
14,2024-05-13T13:37:48.097Z,3.8516999999999655,
14,2024-05-13T13:37:49.097Z,3.8517999999999653,
14,2024-05-13T13:37:50.097Z,3.8520999999999646,
14,2024-05-13T13:37:51.097Z,3.8521999999999643,
14,2024-05-13T13:37:52.097Z,3.851499999999966,
14,2024-05-13T13:37:53.097Z,3.8675999999999675,
14,2024-05-13T13:37:54.097Z,3.8676999999999673,
14,2024-05-13T13:37:55.097Z,3.866999999999969,
14,2024-05-13T13:37:56.097Z,3.8830999999999705,
14,2024-05-13T13:37:57.097Z,3.8831999999999702,
14,2024-05-13T13:37:58.097Z,3.88329999999997,
14,2024-05-13T13:37:59.097Z,3.8833999999999698,
14,2024-05-13T13:38:00.097Z,3.8826999999999714,
14,2024-05-13T13:38:01.097Z,3.898799999999973,
14,2024-05-13T13:38:02.097Z,3.8988999999999727,
14,2024-05-13T13:38:03.097Z,3.8989999999999725,
14,2024-05-13T13:38:04.097Z,3.8990999999999723,
14,2024-05-13T13:38:05.097Z,3.899199999999972,
14,2024-05-13T13:38:06.097Z,3.899299999999972,
14,2024-05-13T13:38:07.097Z,3.8993999999999716,
14,2024-05-13T13:38:08.097Z,3.8994999999999713,
14,2024-05-13T13:38:09.097Z,3.8997999999999706,
14,2024-05-13T13:38:10.097Z,3.8990999999999723,
14,2024-05-13T13:38:11.097Z,3.9167999999999736,
14,2024-05-13T13:38:12.097Z,3.916999999999973,
14,2024-05-13T13:38:13.097Z,3.923199999999973,
14,2024-05-13T13:38:14.097Z,3.9168999999999734,
14,2024-05-13T13:38:15.097Z,3.934599999999975,
14,2024-05-13T13:38:16.097Z,3.9342999999999755,
14,2024-05-13T13:38:17.097Z,3.947199999999974,
14,2024-05-13T13:38:18.097Z,3.9472999999999736,
14,2024-05-13T13:38:19.097Z,3.9473999999999734,
14,2024-05-13T13:38:20.097Z,3.947499999999973,
14,2024-05-13T13:38:21.097Z,3.9443999999999733,
14,2024-05-13T13:38:22.097Z,3.944499999999973,
14,2024-05-13T13:38:23.097Z,3.9451999999999714,
14,2024-05-13T13:38:24.097Z,3.945299999999971,
14,2024-05-13T13:38:25.097Z,3.944599999999973,
14,2024-05-13T13:38:26.097Z,3.941499999999973,
14,2024-05-13T13:38:27.097Z,3.943999999999974,
14,2024-05-13T13:38:28.097Z,3.9437999999999747,
14,2024-05-13T13:38:29.097Z,4.129499999999975,
14,2024-05-13T13:38:30.097Z,4.129599999999975,
14,2024-05-13T13:38:31.097Z,4.126499999999975,
14,2024-05-13T13:38:32.097Z,4.123099999999976,
14,2024-05-13T13:38:33.097Z,4.123199999999976,
14,2024-05-13T13:38:34.097Z,4.121699999999976,
14,2024-05-13T13:38:35.097Z,4.1217999999999755,
14,2024-05-13T13:38:36.097Z,4.121899999999975,
14,2024-05-13T13:38:37.097Z,4.121999999999975,
14,2024-05-13T13:38:38.097Z,4.122099999999975,
14,2024-05-13T13:38:39.097Z,4.115899999999975,
14,2024-05-13T13:38:40.097Z,4.134799999999974,
14,2024-05-13T13:38:41.097Z,4.134899999999973,
14,2024-05-13T13:38:42.097Z,4.134999999999973,
14,2024-05-13T13:38:43.097Z,4.129999999999974,
14,2024-05-13T13:38:44.097Z,6.554899999999975,
14,2024-05-13T13:38:45.097Z,6.554999999999975,
14,2024-05-13T13:38:46.097Z,6.555099999999975,
14,2024-05-13T13:38:47.097Z,6.555999999999976,
14,2024-05-13T13:38:48.097Z,6.556499999999975,
14,2024-05-13T13:38:49.097Z,6.562199999999976,
14,2024-05-13T13:38:50.097Z,6.5618999999999765,
14,2024-05-13T13:38:51.097Z,6.580899999999975,
14,2024-05-13T13:38:52.097Z,6.580999999999975,
14,2024-05-13T13:38:53.097Z,6.581099999999974,
14,2024-05-13T13:38:54.097Z,6.581199999999974,
14,2024-05-13T13:38:55.097Z,6.581299999999974,
14,2024-05-13T13:38:56.097Z,6.581399999999974,
14,2024-05-13T13:38:57.097Z,6.5814999999999735,
14,2024-05-13T13:38:58.097Z,6.581599999999973,
14,2024-05-13T13:38:59.097Z,6.581699999999973,
14,2024-05-13T13:39:00.097Z,6.581799999999973,
14,2024-05-13T13:39:01.097Z,6.5818999999999726,
14,2024-05-13T13:39:02.097Z,6.581599999999973,
14,2024-05-13T13:39:03.097Z,6.581699999999973,
14,2024-05-13T13:39:04.097Z,6.581799999999973,
14,2024-05-13T13:39:05.097Z,6.5818999999999726,
14,2024-05-13T13:39:06.097Z,6.581999999999972,
14,2024-05-13T13:39:07.097Z,6.582099999999972,
14,2024-05-13T13:39:08.097Z,6.588199999999972,
14,2024-05-13T13:39:09.097Z,6.587499999999974,
14,2024-05-13T13:39:10.097Z,6.605999999999973,
14,2024-05-13T13:39:11.097Z,4.336899999999975,
14,2024-05-13T13:39:12.097Z,4.336999999999975,
14,2024-05-13T13:39:13.097Z,4.337099999999975,
14,2024-05-13T13:39:14.097Z,4.336399999999976,
14,2024-05-13T13:39:15.097Z,4.349199999999975,
14,2024-05-13T13:39:16.097Z,4.349299999999975,
14,2024-05-13T13:39:17.097Z,4.349399999999974,
14,2024-05-13T13:39:18.097Z,4.349499999999974,
14,2024-05-13T13:39:19.097Z,4.349599999999974,
14,2024-05-13T13:39:20.097Z,4.349699999999974,
14,2024-05-13T13:39:21.097Z,4.3497999999999735,
14,2024-05-13T13:39:22.097Z,4.349899999999973,
14,2024-05-13T13:39:23.097Z,4.349999999999973,
14,2024-05-13T13:39:24.097Z,4.350099999999973,
14,2024-05-13T13:39:25.097Z,4.3501999999999725,
14,2024-05-13T13:39:26.097Z,4.350299999999972,
14,2024-05-13T13:39:27.097Z,4.350399999999972,
14,2024-05-13T13:39:28.097Z,4.350499999999972,
14,2024-05-13T13:39:29.097Z,4.350599999999972,
14,2024-05-13T13:39:30.097Z,4.350699999999971,
14,2024-05-13T13:39:31.097Z,4.350799999999971,
14,2024-05-13T13:39:32.097Z,4.350899999999971,
14,2024-05-13T13:39:33.097Z,4.350999999999971,
14,2024-05-13T13:39:34.097Z,4.35109999999997,
14,2024-05-13T13:39:35.097Z,4.35119999999997,
14,2024-05-13T13:39:36.097Z,4.35129999999997,
14,2024-05-13T13:39:37.097Z,4.35139999999997,
14,2024-05-13T13:39:38.097Z,4.3514999999999695,
14,2024-05-13T13:39:39.097Z,4.351599999999969,
14,2024-05-13T13:39:40.097Z,4.351699999999969,
14,2024-05-13T13:39:41.097Z,4.351799999999969,
14,2024-05-13T13:39:42.097Z,4.351899999999969,
14,2024-05-13T13:39:43.097Z,4.351999999999968,
14,2024-05-13T13:39:44.097Z,4.352099999999968,
14,2024-05-13T13:39:45.097Z,4.352199999999968,
14,2024-05-13T13:39:46.097Z,4.352299999999968,
14,2024-05-13T13:39:47.097Z,4.350799999999968,
14,2024-05-13T13:39:48.097Z,4.363699999999966,
14,2024-05-13T13:39:49.097Z,4.363799999999966,
14,2024-05-13T13:39:50.097Z,4.3638999999999655,
14,2024-05-13T13:39:51.097Z,4.360799999999966,
14,2024-05-13T13:39:52.097Z,4.361099999999965,
14,2024-05-13T13:39:53.097Z,4.3603999999999665,
14,2024-05-13T13:39:54.097Z,4.392499999999966,
14,2024-05-13T13:39:55.097Z,4.392599999999966,
14,2024-05-13T13:39:56.097Z,4.406799999999965,
14,2024-05-13T13:39:57.097Z,4.406899999999965,
14,2024-05-13T13:39:58.097Z,4.4069999999999645,
14,2024-05-13T13:39:59.097Z,4.407099999999964,
14,2024-05-13T13:40:00.097Z,4.407199999999964,
14,2024-05-13T13:40:01.097Z,4.407299999999964,
14,2024-05-13T13:40:02.097Z,4.407399999999964,
14,2024-05-13T13:40:03.097Z,4.407499999999963,
14,2024-05-13T13:40:04.097Z,4.407599999999963,
14,2024-05-13T13:40:05.097Z,4.407699999999963,
14,2024-05-13T13:40:06.097Z,4.407799999999963,
14,2024-05-13T13:40:07.097Z,4.407599999999963,
14,2024-05-13T13:40:08.097Z,4.407699999999963,
14,2024-05-13T13:40:09.097Z,4.407799999999963,
14,2024-05-13T13:40:10.097Z,4.407899999999962,
14,2024-05-13T13:40:11.097Z,4.407999999999962,
14,2024-05-13T13:40:12.097Z,4.408099999999962,
14,2024-05-13T13:40:13.097Z,4.408199999999962,
14,2024-05-13T13:40:14.097Z,4.4082999999999615,
14,2024-05-13T13:40:15.097Z,4.408399999999961,
14,2024-05-13T13:40:16.097Z,4.408499999999961,
14,2024-05-13T13:40:17.097Z,4.40299999999996,
14,2024-05-13T13:40:18.097Z,4.403099999999959,
14,2024-05-13T13:40:19.097Z,4.403199999999959,
14,2024-05-13T13:40:20.097Z,4.403299999999959,
14,2024-05-13T13:40:21.097Z,4.403399999999959,
14,2024-05-13T13:40:22.097Z,4.4034999999999584,
14,2024-05-13T13:40:23.097Z,4.403599999999958,
14,2024-05-13T13:40:24.097Z,4.403699999999958,
14,2024-05-13T13:40:25.097Z,4.403799999999958,
14,2024-05-13T13:40:26.097Z,4.4038999999999575,
14,2024-05-13T13:40:27.097Z,4.403999999999957,
14,2024-05-13T13:40:28.097Z,4.404099999999957,
14,2024-05-13T13:40:29.097Z,4.404199999999957,
14,2024-05-13T13:40:30.097Z,4.404299999999957,
14,2024-05-13T13:40:31.097Z,4.404399999999956,
14,2024-05-13T13:40:32.097Z,4.404499999999956,
14,2024-05-13T13:40:33.097Z,4.404299999999957,
14,2024-05-13T13:40:34.097Z,4.404399999999956,
14,2024-05-13T13:40:35.097Z,4.404499999999956,
14,2024-05-13T13:40:36.097Z,4.404599999999956,
14,2024-05-13T13:40:37.097Z,4.404699999999956,
14,2024-05-13T13:40:38.097Z,4.404799999999955,
14,2024-05-13T13:40:39.097Z,4.404899999999955,
14,2024-05-13T13:40:40.097Z,4.404999999999955,
14,2024-05-13T13:40:41.097Z,4.405099999999955,
14,2024-05-13T13:40:42.097Z,4.4051999999999545,
14,2024-05-13T13:40:43.097Z,4.405299999999954,
14,2024-05-13T13:40:44.097Z,4.405399999999954,
14,2024-05-13T13:40:45.097Z,4.405499999999954,
14,2024-05-13T13:40:46.097Z,4.4055999999999536,
14,2024-05-13T13:40:47.097Z,4.405699999999953,
14,2024-05-13T13:40:48.097Z,4.408699999999953,
14,2024-05-13T13:40:49.097Z,4.408799999999953,
14,2024-05-13T13:40:50.097Z,4.408899999999953,
14,2024-05-13T13:40:51.097Z,4.408999999999953,
14,2024-05-13T13:40:52.097Z,4.4090999999999525,
14,2024-05-13T13:40:53.097Z,4.409199999999952,
14,2024-05-13T13:40:54.097Z,4.402899999999953,
14,2024-05-13T13:40:55.097Z,4.425299999999954,
14,2024-05-13T13:40:56.097Z,4.425599999999953,
14,2024-05-13T13:40:57.097Z,4.425699999999953,
14,2024-05-13T13:40:58.097Z,4.425799999999953,
14,2024-05-13T13:40:59.097Z,4.425899999999952,
14,2024-05-13T13:41:00.097Z,4.425999999999952,
14,2024-05-13T13:41:01.097Z,4.426099999999952,
14,2024-05-13T13:41:02.097Z,4.426199999999952,
14,2024-05-13T13:41:03.097Z,4.4262999999999515,
14,2024-05-13T13:41:04.097Z,4.426399999999951,
14,2024-05-13T13:41:05.097Z,4.426499999999951,
14,2024-05-13T13:41:06.097Z,4.426599999999951,
14,2024-05-13T13:41:07.097Z,4.426699999999951,
15,2024-05-13T13:30:37.097Z,26.3,
15,2024-05-13T13:30:38.097Z,26.2809,
15,2024-05-13T13:30:39.097Z,26.2814,
15,2024-05-13T13:30:40.097Z,26.2815,
15,2024-05-13T13:30:41.097Z,26.2752,
15,2024-05-13T13:30:42.097Z,26.2911,
15,2024-05-13T13:30:43.097Z,26.2912,
15,2024-05-13T13:30:44.097Z,26.2913,
15,2024-05-13T13:30:45.097Z,26.2914,
15,2024-05-13T13:30:46.097Z,26.2915,
15,2024-05-13T13:30:47.097Z,26.2852,
15,2024-05-13T13:30:48.097Z,26.2845,
15,2024-05-13T13:30:49.097Z,24.729400000000002,
15,2024-05-13T13:30:50.097Z,24.7295,
15,2024-05-13T13:30:51.097Z,24.729200000000002,
15,2024-05-13T13:30:52.097Z,22.278100000000002,
15,2024-05-13T13:30:53.097Z,22.278200000000002,
15,2024-05-13T13:30:54.097Z,22.2783,
15,2024-05-13T13:30:55.097Z,22.2784,
15,2024-05-13T13:30:56.097Z,22.2785,
15,2024-05-13T13:30:57.097Z,22.2786,
15,2024-05-13T13:30:58.097Z,22.2785,
15,2024-05-13T13:30:59.097Z,22.297,
15,2024-05-13T13:31:00.097Z,22.2969,
15,2024-05-13T13:31:01.097Z,22.297,
15,2024-05-13T13:31:02.097Z,22.2971,
15,2024-05-13T13:31:03.097Z,22.2972,
15,2024-05-13T13:31:04.097Z,22.2973,
15,2024-05-13T13:31:05.097Z,22.2974,
15,2024-05-13T13:31:06.097Z,22.2975,
15,2024-05-13T13:31:07.097Z,22.2976,
15,2024-05-13T13:31:08.097Z,22.2977,
15,2024-05-13T13:31:09.097Z,22.2978,
15,2024-05-13T13:31:10.097Z,22.2979,
15,2024-05-13T13:31:11.097Z,22.298,
15,2024-05-13T13:31:12.097Z,22.298099999999998,
15,2024-05-13T13:31:13.097Z,22.298199999999998,
15,2024-05-13T13:31:14.097Z,22.298299999999998,
15,2024-05-13T13:31:15.097Z,22.298399999999997,
15,2024-05-13T13:31:16.097Z,22.298499999999997,
15,2024-05-13T13:31:17.097Z,22.298599999999997,
15,2024-05-13T13:31:18.097Z,22.298699999999997,
15,2024-05-13T13:31:19.097Z,22.298799999999996,
15,2024-05-13T13:31:20.097Z,22.298899999999996,
15,2024-05-13T13:31:21.097Z,22.298999999999996,
15,2024-05-13T13:31:22.097Z,22.299099999999996,
15,2024-05-13T13:31:23.097Z,22.299199999999995,
15,2024-05-13T13:31:24.097Z,22.299299999999995,
15,2024-05-13T13:31:25.097Z,22.299399999999995,
15,2024-05-13T13:31:26.097Z,22.299499999999995,
15,2024-05-13T13:31:27.097Z,22.299599999999995,
15,2024-05-13T13:31:28.097Z,22.299699999999994,
15,2024-05-13T13:31:29.097Z,22.299799999999994,
15,2024-05-13T13:31:30.097Z,22.299899999999994,
15,2024-05-13T13:31:31.097Z,22.299999999999994,
15,2024-05-13T13:31:32.097Z,22.298499999999994,
15,2024-05-13T13:31:33.097Z,21.901799999999994,
15,2024-05-13T13:31:34.097Z,21.901899999999994,
15,2024-05-13T13:31:35.097Z,21.907999999999994,
15,2024-05-13T13:31:36.097Z,21.903299999999994,
15,2024-05-13T13:31:37.097Z,22.299299999999995,
15,2024-05-13T13:31:38.097Z,22.30079999999999,
15,2024-05-13T13:31:39.097Z,22.30089999999999,
15,2024-05-13T13:31:40.097Z,22.30099999999999,
15,2024-05-13T13:31:41.097Z,22.30109999999999,
15,2024-05-13T13:31:42.097Z,22.30089999999999,
15,2024-05-13T13:31:43.097Z,22.318599999999993,
15,2024-05-13T13:31:44.097Z,22.407999999999994,
15,2024-05-13T13:31:45.097Z,17.506199999999993,
15,2024-05-13T13:31:46.097Z,17.522299999999994,
15,2024-05-13T13:31:47.097Z,17.520799999999994,
15,2024-05-13T13:31:48.097Z,17.52089999999999,
15,2024-05-13T13:31:49.097Z,17.520999999999994,
15,2024-05-13T13:31:50.097Z,17.52109999999999,
15,2024-05-13T13:31:51.097Z,17.521199999999993,
15,2024-05-13T13:31:52.097Z,17.519699999999993,
15,2024-05-13T13:31:53.097Z,17.53579999999999,
15,2024-05-13T13:31:54.097Z,17.53589999999999,
15,2024-05-13T13:31:55.097Z,17.53879999999999,
15,2024-05-13T13:31:56.097Z,17.53729999999999,
15,2024-05-13T13:31:57.097Z,17.55619999999999,
15,2024-05-13T13:31:58.097Z,17.556299999999993,
15,2024-05-13T13:31:59.097Z,17.557799999999993,
15,2024-05-13T13:32:00.097Z,17.55789999999999,
15,2024-05-13T13:32:01.097Z,17.557999999999993,
15,2024-05-13T13:32:02.097Z,17.55809999999999,
15,2024-05-13T13:32:03.097Z,17.558199999999992,
15,2024-05-13T13:32:04.097Z,17.55829999999999,
15,2024-05-13T13:32:05.097Z,17.557999999999993,
15,2024-05-13T13:32:06.097Z,15.490899999999991,
15,2024-05-13T13:32:07.097Z,15.484599999999991,
15,2024-05-13T13:32:08.097Z,15.46709999999999,
15,2024-05-13T13:32:09.097Z,15.46399999999999,
15,2024-05-13T13:32:10.097Z,15.65579999999999,
15,2024-05-13T13:32:11.097Z,15.67349999999999,
15,2024-05-13T13:32:12.097Z,15.67199999999999,
15,2024-05-13T13:32:13.097Z,15.64649999999999,
15,2024-05-13T13:32:14.097Z,15.67859999999999,
15,2024-05-13T13:32:15.097Z,15.67549999999999,
15,2024-05-13T13:32:16.097Z,15.675199999999991,
15,2024-05-13T13:32:17.097Z,15.675299999999991,
15,2024-05-13T13:32:18.097Z,15.675099999999992,
15,2024-05-13T13:32:19.097Z,15.693999999999992,
15,2024-05-13T13:32:20.097Z,15.697099999999992,
15,2024-05-13T13:32:21.097Z,15.695499999999992,
15,2024-05-13T13:32:22.097Z,15.714799999999991,
15,2024-05-13T13:32:23.097Z,15.733299999999991,
15,2024-05-13T13:32:24.097Z,15.73339999999999,
15,2024-05-13T13:32:25.097Z,15.73029999999999,
15,2024-05-13T13:32:26.097Z,14.10479999999999,
15,2024-05-13T13:32:27.097Z,14.08569999999999,
15,2024-05-13T13:32:28.097Z,14.08579999999999,
15,2024-05-13T13:32:29.097Z,14.08509999999999,
15,2024-05-13T13:32:30.097Z,14.89119999999999,
15,2024-05-13T13:32:31.097Z,14.915299999999991,
15,2024-05-13T13:32:32.097Z,14.915399999999991,
15,2024-05-13T13:32:33.097Z,14.91709999999999,
15,2024-05-13T13:32:34.097Z,14.91649999999999,
15,2024-05-13T13:32:35.097Z,15.30699999999999,
15,2024-05-13T13:32:36.097Z,15.34519999999999,
15,2024-05-13T13:32:37.097Z,15.74169999999999,
15,2024-05-13T13:32:38.097Z,13.376999999999988,
15,2024-05-13T13:32:39.097Z,13.376899999999988,
15,2024-05-13T13:32:40.097Z,13.376999999999988,
15,2024-05-13T13:32:41.097Z,13.377199999999988,
15,2024-05-13T13:32:42.097Z,12.570899999999988,
15,2024-05-13T13:32:43.097Z,12.759799999999988,
15,2024-05-13T13:32:44.097Z,12.772699999999988,
15,2024-05-13T13:32:45.097Z,12.772799999999988,
15,2024-05-13T13:32:46.097Z,12.772899999999987,
15,2024-05-13T13:32:47.097Z,12.773399999999988,
15,2024-05-13T13:32:48.097Z,12.773499999999988,
15,2024-05-13T13:32:49.097Z,12.774099999999988,
15,2024-05-13T13:32:50.097Z,12.771799999999988,
15,2024-05-13T13:32:51.097Z,12.789899999999989,
15,2024-05-13T13:32:52.097Z,12.78739999999999,
15,2024-05-13T13:32:53.097Z,12.78109999999999,
15,2024-05-13T13:32:54.097Z,12.77479999999999,
15,2024-05-13T13:32:55.097Z,12.77619999999999,
15,2024-05-13T13:32:56.097Z,12.77309999999999,
15,2024-05-13T13:32:57.097Z,13.57939999999999,
15,2024-05-13T13:32:58.097Z,14.385699999999991,
15,2024-05-13T13:32:59.097Z,14.38739999999999,
15,2024-05-13T13:33:00.097Z,14.38429999999999,
15,2024-05-13T13:33:01.097Z,14.384899999999991,
15,2024-05-13T13:33:02.097Z,14.381799999999991,
15,2024-05-13T13:33:03.097Z,14.425899999999992,
15,2024-05-13T13:33:04.097Z,14.425999999999991,
15,2024-05-13T13:33:05.097Z,14.426099999999991,
15,2024-05-13T13:33:06.097Z,14.425899999999992,
15,2024-05-13T13:33:07.097Z,14.435599999999992,
15,2024-05-13T13:33:08.097Z,11.992499999999993,
15,2024-05-13T13:33:09.097Z,11.992599999999992,
15,2024-05-13T13:33:10.097Z,11.992699999999992,
15,2024-05-13T13:33:11.097Z,11.992799999999992,
15,2024-05-13T13:33:12.097Z,11.992899999999992,
15,2024-05-13T13:33:13.097Z,12.624999999999991,
15,2024-05-13T13:33:14.097Z,12.643899999999991,
15,2024-05-13T13:33:15.097Z,12.643999999999991,
15,2024-05-13T13:33:16.097Z,12.644099999999991,
15,2024-05-13T13:33:17.097Z,12.64419999999999,
15,2024-05-13T13:33:18.097Z,12.64449999999999,
15,2024-05-13T13:33:19.097Z,12.64459999999999,
15,2024-05-13T13:33:20.097Z,12.64469999999999,
15,2024-05-13T13:33:21.097Z,12.64479999999999,
15,2024-05-13T13:33:22.097Z,12.64489999999999,
15,2024-05-13T13:33:23.097Z,12.644999999999989,
15,2024-05-13T13:33:24.097Z,12.645099999999989,
15,2024-05-13T13:33:25.097Z,12.645199999999988,
15,2024-05-13T13:33:26.097Z,12.645299999999988,
15,2024-05-13T13:33:27.097Z,12.663799999999988,
15,2024-05-13T13:33:28.097Z,12.663899999999988,
15,2024-05-13T13:33:29.097Z,12.663799999999988,
15,2024-05-13T13:33:30.097Z,12.663899999999988,
15,2024-05-13T13:33:31.097Z,12.663999999999987,
15,2024-05-13T13:33:32.097Z,12.664099999999987,
15,2024-05-13T13:33:33.097Z,12.682999999999987,
15,2024-05-13T13:33:34.097Z,12.683099999999987,
15,2024-05-13T13:33:35.097Z,12.689399999999987,
15,2024-05-13T13:33:36.097Z,12.689499999999986,
15,2024-05-13T13:33:37.097Z,12.689599999999986,
15,2024-05-13T13:33:38.097Z,12.689699999999986,
15,2024-05-13T13:33:39.097Z,12.689799999999986,
15,2024-05-13T13:33:40.097Z,12.689899999999986,
15,2024-05-13T13:33:41.097Z,12.689999999999985,
15,2024-05-13T13:33:42.097Z,12.690099999999985,
15,2024-05-13T13:33:43.097Z,12.683799999999986,
15,2024-05-13T13:33:44.097Z,12.701499999999985,
15,2024-05-13T13:33:45.097Z,12.701599999999985,
15,2024-05-13T13:33:46.097Z,12.720099999999984,
15,2024-05-13T13:33:47.097Z,12.720199999999984,
15,2024-05-13T13:33:48.097Z,12.720299999999984,
15,2024-05-13T13:33:49.097Z,12.720399999999984,
15,2024-05-13T13:33:50.097Z,12.720499999999983,
15,2024-05-13T13:33:51.097Z,12.720599999999983,
15,2024-05-13T13:33:52.097Z,12.719099999999983,
15,2024-05-13T13:33:53.097Z,12.719699999999987,
15,2024-05-13T13:33:54.097Z,12.719799999999987,
15,2024-05-13T13:33:55.097Z,12.719899999999987,
15,2024-05-13T13:33:56.097Z,12.719999999999986,
15,2024-05-13T13:33:57.097Z,12.720099999999986,
15,2024-05-13T13:33:58.097Z,12.720199999999986,
15,2024-05-13T13:33:59.097Z,12.719499999999986,
15,2024-05-13T13:34:00.097Z,12.719599999999986,
15,2024-05-13T13:34:01.097Z,12.719699999999985,
15,2024-05-13T13:34:02.097Z,12.719799999999985,
15,2024-05-13T13:34:03.097Z,12.719699999999985,
15,2024-05-13T13:34:04.097Z,13.063799999999985,
15,2024-05-13T13:34:05.097Z,13.146199999999984,
15,2024-05-13T13:34:06.097Z,13.147599999999985,
15,2024-05-13T13:34:07.097Z,9.893099999999986,
15,2024-05-13T13:34:08.097Z,9.886799999999987,
15,2024-05-13T13:34:09.097Z,9.905299999999986,
15,2024-05-13T13:34:10.097Z,9.905399999999986,
15,2024-05-13T13:34:11.097Z,9.905499999999986,
15,2024-05-13T13:34:12.097Z,9.905599999999986,
15,2024-05-13T13:34:13.097Z,9.905699999999985,
15,2024-05-13T13:34:14.097Z,9.905799999999985,
15,2024-05-13T13:34:15.097Z,9.905899999999985,
15,2024-05-13T13:34:16.097Z,9.905999999999985,
15,2024-05-13T13:34:17.097Z,9.906099999999984,
15,2024-05-13T13:34:18.097Z,9.912399999999984,
15,2024-05-13T13:34:19.097Z,9.912499999999984,
15,2024-05-13T13:34:20.097Z,9.912599999999983,
15,2024-05-13T13:34:21.097Z,9.912699999999983,
15,2024-05-13T13:34:22.097Z,9.915599999999984,
15,2024-05-13T13:34:23.097Z,9.912499999999984,
15,2024-05-13T13:34:24.097Z,9.893399999999982,
15,2024-05-13T13:34:25.097Z,9.890299999999982,
15,2024-05-13T13:34:26.097Z,9.907999999999983,
15,2024-05-13T13:34:27.097Z,9.906499999999983,
15,2024-05-13T13:34:28.097Z,9.906599999999983,
15,2024-05-13T13:34:29.097Z,9.906699999999983,
15,2024-05-13T13:34:30.097Z,9.906599999999983,
15,2024-05-13T13:34:31.097Z,9.887499999999982,
15,2024-05-13T13:34:32.097Z,9.89239999999998,
15,2024-05-13T13:34:33.097Z,9.89249999999998,
15,2024-05-13T13:34:34.097Z,9.892299999999981,
15,2024-05-13T13:34:35.097Z,9.908399999999983,
15,2024-05-13T13:34:36.097Z,9.908499999999982,
15,2024-05-13T13:34:37.097Z,9.908599999999982,
15,2024-05-13T13:34:38.097Z,9.908699999999982,
15,2024-05-13T13:34:39.097Z,9.908799999999982,
15,2024-05-13T13:34:40.097Z,9.908899999999981,
15,2024-05-13T13:34:41.097Z,9.908999999999981,
15,2024-05-13T13:34:42.097Z,9.909099999999981,
15,2024-05-13T13:34:43.097Z,9.90919999999998,
15,2024-05-13T13:34:44.097Z,9.90929999999998,
15,2024-05-13T13:34:45.097Z,9.90939999999998,
15,2024-05-13T13:34:46.097Z,9.908699999999982,
15,2024-05-13T13:34:47.097Z,9.939199999999978,
15,2024-05-13T13:34:48.097Z,9.939299999999978,
15,2024-05-13T13:34:49.097Z,9.939399999999978,
15,2024-05-13T13:34:50.097Z,9.939299999999978,
15,2024-05-13T13:34:51.097Z,9.939399999999978,
15,2024-05-13T13:34:52.097Z,9.933099999999978,
15,2024-05-13T13:34:53.097Z,6.668999999999979,
15,2024-05-13T13:34:54.097Z,4.224299999999978,
15,2024-05-13T13:34:55.097Z,4.217999999999979,
15,2024-05-13T13:34:56.097Z,4.229299999999977,
15,2024-05-13T13:34:57.097Z,4.229399999999977,
15,2024-05-13T13:34:58.097Z,4.229499999999977,
15,2024-05-13T13:34:59.097Z,4.2295999999999765,
15,2024-05-13T13:35:00.097Z,4.229699999999976,
15,2024-05-13T13:35:01.097Z,4.2295999999999765,
15,2024-05-13T13:35:02.097Z,4.229699999999976,
15,2024-05-13T13:35:03.097Z,4.229799999999976,
15,2024-05-13T13:35:04.097Z,4.229899999999976,
15,2024-05-13T13:35:05.097Z,4.229699999999976,
15,2024-05-13T13:35:06.097Z,4.247399999999978,
15,2024-05-13T13:35:07.097Z,4.247499999999977,
15,2024-05-13T13:35:08.097Z,4.247599999999977,
15,2024-05-13T13:35:09.097Z,4.247699999999977,
15,2024-05-13T13:35:10.097Z,4.247799999999977,
15,2024-05-13T13:35:11.097Z,4.2478999999999765,
15,2024-05-13T13:35:12.097Z,4.247999999999976,
15,2024-05-13T13:35:13.097Z,4.248099999999976,
15,2024-05-13T13:35:14.097Z,4.248199999999976,
15,2024-05-13T13:35:15.097Z,4.245099999999976,
15,2024-05-13T13:35:16.097Z,4.245199999999976,
15,2024-05-13T13:35:17.097Z,4.245299999999975,
15,2024-05-13T13:35:18.097Z,4.245399999999975,
15,2024-05-13T13:35:19.097Z,4.250299999999974,
15,2024-05-13T13:35:20.097Z,4.249999999999975,
15,2024-05-13T13:35:21.097Z,4.250099999999975,
15,2024-05-13T13:35:22.097Z,4.250199999999975,
15,2024-05-13T13:35:23.097Z,4.250299999999974,
15,2024-05-13T13:35:24.097Z,4.250399999999974,
15,2024-05-13T13:35:25.097Z,4.250499999999974,
15,2024-05-13T13:35:26.097Z,4.250599999999974,
15,2024-05-13T13:35:27.097Z,4.2506999999999735,
15,2024-05-13T13:35:28.097Z,4.250799999999973,
15,2024-05-13T13:35:29.097Z,4.250899999999973,
15,2024-05-13T13:35:30.097Z,4.250999999999973,
15,2024-05-13T13:35:31.097Z,4.251099999999973,
15,2024-05-13T13:35:32.097Z,4.251199999999972,
15,2024-05-13T13:35:33.097Z,4.251299999999972,
15,2024-05-13T13:35:34.097Z,4.251399999999972,
15,2024-05-13T13:35:35.097Z,4.251499999999972,
15,2024-05-13T13:35:36.097Z,4.251599999999971,
15,2024-05-13T13:35:37.097Z,4.251699999999971,
15,2024-05-13T13:35:38.097Z,4.251799999999971,
15,2024-05-13T13:35:39.097Z,4.251899999999971,
15,2024-05-13T13:35:40.097Z,4.2519999999999705,
15,2024-05-13T13:35:41.097Z,4.25209999999997,
15,2024-05-13T13:35:42.097Z,4.25219999999997,
15,2024-05-13T13:35:43.097Z,4.25229999999997,
15,2024-05-13T13:35:44.097Z,4.2523999999999695,
15,2024-05-13T13:35:45.097Z,4.252499999999969,
15,2024-05-13T13:35:46.097Z,4.252599999999969,
15,2024-05-13T13:35:47.097Z,4.252699999999969,
15,2024-05-13T13:35:48.097Z,4.252799999999969,
15,2024-05-13T13:35:49.097Z,4.252899999999968,
15,2024-05-13T13:35:50.097Z,4.252999999999968,
15,2024-05-13T13:35:51.097Z,4.253099999999968,
15,2024-05-13T13:35:52.097Z,4.253199999999968,
15,2024-05-13T13:35:53.097Z,4.253299999999967,
15,2024-05-13T13:35:54.097Z,4.253399999999967,
15,2024-05-13T13:35:55.097Z,4.253499999999967,
15,2024-05-13T13:35:56.097Z,4.253599999999967,
15,2024-05-13T13:35:57.097Z,4.2536999999999665,
15,2024-05-13T13:35:58.097Z,4.253799999999966,
15,2024-05-13T13:35:59.097Z,4.253899999999966,
15,2024-05-13T13:36:00.097Z,4.253999999999966,
15,2024-05-13T13:36:01.097Z,4.254099999999966,
15,2024-05-13T13:36:02.097Z,4.254199999999965,
15,2024-05-13T13:36:03.097Z,4.254299999999965,
15,2024-05-13T13:36:04.097Z,4.254399999999965,
15,2024-05-13T13:36:05.097Z,4.254499999999965,
15,2024-05-13T13:36:06.097Z,4.254599999999964,
15,2024-05-13T13:36:07.097Z,4.254699999999964,
15,2024-05-13T13:36:08.097Z,4.254499999999965,
15,2024-05-13T13:36:09.097Z,4.255899999999965,
15,2024-05-13T13:36:10.097Z,4.249599999999965,
15,2024-05-13T13:36:11.097Z,4.249699999999965,
15,2024-05-13T13:36:12.097Z,5.049399999999967,
15,2024-05-13T13:36:13.097Z,5.049499999999966,
15,2024-05-13T13:36:14.097Z,5.049599999999966,
15,2024-05-13T13:36:15.097Z,5.049699999999966,
15,2024-05-13T13:36:16.097Z,5.049799999999966,
15,2024-05-13T13:36:17.097Z,5.049899999999965,
15,2024-05-13T13:36:18.097Z,5.049999999999965,
15,2024-05-13T13:36:19.097Z,5.043699999999966,
15,2024-05-13T13:36:20.097Z,5.046199999999967,
15,2024-05-13T13:36:21.097Z,5.046299999999967,
15,2024-05-13T13:36:22.097Z,5.0463999999999665,
15,2024-05-13T13:36:23.097Z,5.046499999999966,
15,2024-05-13T13:36:24.097Z,5.046599999999966,
15,2024-05-13T13:36:25.097Z,5.046699999999966,
15,2024-05-13T13:36:26.097Z,5.045999999999967,
15,2024-05-13T13:36:27.097Z,5.026899999999966,
15,2024-05-13T13:36:28.097Z,5.0269999999999655,
15,2024-05-13T13:36:29.097Z,5.027099999999965,
15,2024-05-13T13:36:30.097Z,5.025399999999966,
15,2024-05-13T13:36:31.097Z,5.828699999999966,
15,2024-05-13T13:36:32.097Z,6.019199999999966,
15,2024-05-13T13:36:33.097Z,6.044599999999967,
15,2024-05-13T13:36:34.097Z,3.6190999999999676,
15,2024-05-13T13:36:35.097Z,3.6191999999999673,
15,2024-05-13T13:36:36.097Z,3.619299999999967,
15,2024-05-13T13:36:37.097Z,3.619399999999967,
15,2024-05-13T13:36:38.097Z,3.624299999999966,
15,2024-05-13T13:36:39.097Z,3.624399999999966,
15,2024-05-13T13:36:40.097Z,3.6244999999999656,
15,2024-05-13T13:36:41.097Z,3.6245999999999654,
15,2024-05-13T13:36:42.097Z,3.624699999999965,
15,2024-05-13T13:36:43.097Z,3.624699999999965,
15,2024-05-13T13:36:44.097Z,3.6248999999999647,
15,2024-05-13T13:36:45.097Z,3.6249999999999645,
15,2024-05-13T13:36:46.097Z,3.6250999999999642,
15,2024-05-13T13:36:47.097Z,3.625199999999964,
15,2024-05-13T13:36:48.097Z,3.6238999999999635,
15,2024-05-13T13:36:49.097Z,4.001299999999965,
15,2024-05-13T13:36:50.097Z,4.000999999999966,
15,2024-05-13T13:36:51.097Z,4.0010999999999655,
15,2024-05-13T13:36:52.097Z,4.002499999999966,
15,2024-05-13T13:36:53.097Z,4.0021999999999665,
15,2024-05-13T13:36:54.097Z,3.9990999999999666,
15,2024-05-13T13:36:55.097Z,3.979999999999965,
15,2024-05-13T13:36:56.097Z,3.9792999999999665,
15,2024-05-13T13:36:57.097Z,4.426599999999965,
15,2024-05-13T13:36:58.097Z,4.4450999999999645,
15,2024-05-13T13:36:59.097Z,4.440199999999965,
15,2024-05-13T13:37:00.097Z,2.981099999999966,
15,2024-05-13T13:37:01.097Z,3.0192999999999657,
15,2024-05-13T13:37:02.097Z,2.980999999999966,
15,2024-05-13T13:37:03.097Z,2.981099999999966,
15,2024-05-13T13:37:04.097Z,2.9807999999999666,
15,2024-05-13T13:37:05.097Z,2.9792999999999665,
15,2024-05-13T13:37:06.097Z,2.972999999999967,
15,2024-05-13T13:37:07.097Z,2.9914999999999665,
15,2024-05-13T13:37:08.097Z,2.991299999999967,
15,2024-05-13T13:37:09.097Z,2.9913999999999668,
15,2024-05-13T13:37:10.097Z,2.991699999999966,
15,2024-05-13T13:37:11.097Z,2.9915999999999663,
15,2024-05-13T13:37:12.097Z,3.0234999999999665,
15,2024-05-13T13:37:13.097Z,3.0235999999999663,
15,2024-05-13T13:37:14.097Z,3.023699999999966,
15,2024-05-13T13:37:15.097Z,3.023799999999966,
15,2024-05-13T13:37:16.097Z,3.0230999999999675,
15,2024-05-13T13:37:17.097Z,3.0231999999999672,
15,2024-05-13T13:37:18.097Z,3.023299999999967,
15,2024-05-13T13:37:19.097Z,3.023399999999967,
15,2024-05-13T13:37:20.097Z,3.0234999999999665,
15,2024-05-13T13:37:21.097Z,3.0235999999999663,
15,2024-05-13T13:37:22.097Z,3.023699999999966,
15,2024-05-13T13:37:23.097Z,3.023799999999966,
15,2024-05-13T13:37:24.097Z,3.0238999999999656,
15,2024-05-13T13:37:25.097Z,3.0239999999999654,
15,2024-05-13T13:37:26.097Z,3.024099999999965,
15,2024-05-13T13:37:27.097Z,3.0239999999999654,
15,2024-05-13T13:37:28.097Z,3.024099999999965,
15,2024-05-13T13:37:29.097Z,3.0273999999999646,
15,2024-05-13T13:37:30.097Z,3.0274999999999643,
15,2024-05-13T13:37:31.097Z,3.028099999999963,
15,2024-05-13T13:37:32.097Z,3.0231999999999637,
15,2024-05-13T13:37:33.097Z,3.022999999999964,
15,2024-05-13T13:37:34.097Z,3.0227999999999646,
15,2024-05-13T13:37:35.097Z,3.0228999999999644,
15,2024-05-13T13:37:36.097Z,3.022599999999965,
15,2024-05-13T13:37:37.097Z,3.0218999999999667,
15,2024-05-13T13:37:38.097Z,3.0219999999999665,
15,2024-05-13T13:37:39.097Z,3.0204999999999664,
15,2024-05-13T13:37:40.097Z,3.0189999999999664,
15,2024-05-13T13:37:41.097Z,3.0318999999999647,
15,2024-05-13T13:37:42.097Z,3.0380999999999645,
15,2024-05-13T13:37:43.097Z,3.031799999999965,
15,2024-05-13T13:37:44.097Z,3.8318999999999654,
15,2024-05-13T13:37:45.097Z,3.849599999999967,
15,2024-05-13T13:37:46.097Z,3.8496999999999666,
15,2024-05-13T13:37:47.097Z,3.851099999999967,
15,2024-05-13T13:37:48.097Z,3.8516999999999655,
15,2024-05-13T13:37:49.097Z,3.8517999999999653,
15,2024-05-13T13:37:50.097Z,3.8520999999999646,
15,2024-05-13T13:37:51.097Z,3.8521999999999643,
15,2024-05-13T13:37:52.097Z,3.851499999999966,
15,2024-05-13T13:37:53.097Z,3.8675999999999675,
15,2024-05-13T13:37:54.097Z,3.8676999999999673,
15,2024-05-13T13:37:55.097Z,3.866999999999969,
15,2024-05-13T13:37:56.097Z,3.8830999999999705,
15,2024-05-13T13:37:57.097Z,3.8831999999999702,
15,2024-05-13T13:37:58.097Z,3.88329999999997,
15,2024-05-13T13:37:59.097Z,3.8833999999999698,
15,2024-05-13T13:38:00.097Z,3.8826999999999714,
15,2024-05-13T13:38:01.097Z,3.898799999999973,
15,2024-05-13T13:38:02.097Z,3.8988999999999727,
15,2024-05-13T13:38:03.097Z,3.8989999999999725,
15,2024-05-13T13:38:04.097Z,3.8990999999999723,
15,2024-05-13T13:38:05.097Z,3.899199999999972,
15,2024-05-13T13:38:06.097Z,3.899299999999972,
15,2024-05-13T13:38:07.097Z,3.8993999999999716,
15,2024-05-13T13:38:08.097Z,3.8994999999999713,
15,2024-05-13T13:38:09.097Z,3.8997999999999706,
15,2024-05-13T13:38:10.097Z,3.8990999999999723,
15,2024-05-13T13:38:11.097Z,3.9167999999999736,
15,2024-05-13T13:38:12.097Z,3.916999999999973,
15,2024-05-13T13:38:13.097Z,3.923199999999973,
15,2024-05-13T13:38:14.097Z,3.9168999999999734,
15,2024-05-13T13:38:15.097Z,3.934599999999975,
15,2024-05-13T13:38:16.097Z,3.9342999999999755,
15,2024-05-13T13:38:17.097Z,3.947199999999974,
15,2024-05-13T13:38:18.097Z,3.9472999999999736,
15,2024-05-13T13:38:19.097Z,3.9473999999999734,
15,2024-05-13T13:38:20.097Z,3.947499999999973,
15,2024-05-13T13:38:21.097Z,3.9443999999999733,
15,2024-05-13T13:38:22.097Z,3.944499999999973,
15,2024-05-13T13:38:23.097Z,3.9451999999999714,
15,2024-05-13T13:38:24.097Z,3.945299999999971,
15,2024-05-13T13:38:25.097Z,3.944599999999973,
15,2024-05-13T13:38:26.097Z,3.941499999999973,
15,2024-05-13T13:38:27.097Z,3.943999999999974,
15,2024-05-13T13:38:28.097Z,3.9437999999999747,
15,2024-05-13T13:38:29.097Z,4.129499999999975,
15,2024-05-13T13:38:30.097Z,4.129599999999975,
15,2024-05-13T13:38:31.097Z,4.126499999999975,
15,2024-05-13T13:38:32.097Z,4.123099999999976,
15,2024-05-13T13:38:33.097Z,4.123199999999976,
15,2024-05-13T13:38:34.097Z,4.121699999999976,
15,2024-05-13T13:38:35.097Z,4.1217999999999755,
15,2024-05-13T13:38:36.097Z,4.121899999999975,
15,2024-05-13T13:38:37.097Z,4.121999999999975,
15,2024-05-13T13:38:38.097Z,4.122099999999975,
15,2024-05-13T13:38:39.097Z,4.115899999999975,
15,2024-05-13T13:38:40.097Z,4.134799999999974,
15,2024-05-13T13:38:41.097Z,4.134899999999973,
15,2024-05-13T13:38:42.097Z,4.134999999999973,
15,2024-05-13T13:38:43.097Z,4.129999999999974,
15,2024-05-13T13:38:44.097Z,6.554899999999975,
15,2024-05-13T13:38:45.097Z,6.554999999999975,
15,2024-05-13T13:38:46.097Z,6.555099999999975,
15,2024-05-13T13:38:47.097Z,6.555999999999976,
15,2024-05-13T13:38:48.097Z,6.556499999999975,
15,2024-05-13T13:38:49.097Z,6.562199999999976,
15,2024-05-13T13:38:50.097Z,6.5618999999999765,
15,2024-05-13T13:38:51.097Z,6.580899999999975,
15,2024-05-13T13:38:52.097Z,6.580999999999975,
15,2024-05-13T13:38:53.097Z,6.581099999999974,
15,2024-05-13T13:38:54.097Z,6.581199999999974,
15,2024-05-13T13:38:55.097Z,6.581299999999974,
15,2024-05-13T13:38:56.097Z,6.581399999999974,
15,2024-05-13T13:38:57.097Z,6.5814999999999735,
15,2024-05-13T13:38:58.097Z,6.581599999999973,
15,2024-05-13T13:38:59.097Z,6.581699999999973,
15,2024-05-13T13:39:00.097Z,6.581799999999973,
15,2024-05-13T13:39:01.097Z,6.5818999999999726,
15,2024-05-13T13:39:02.097Z,6.581599999999973,
15,2024-05-13T13:39:03.097Z,6.581699999999973,
15,2024-05-13T13:39:04.097Z,6.581799999999973,
15,2024-05-13T13:39:05.097Z,6.5818999999999726,
15,2024-05-13T13:39:06.097Z,6.581999999999972,
15,2024-05-13T13:39:07.097Z,6.582099999999972,
15,2024-05-13T13:39:08.097Z,6.588199999999972,
15,2024-05-13T13:39:09.097Z,6.587499999999974,
15,2024-05-13T13:39:10.097Z,6.605999999999973,
15,2024-05-13T13:39:11.097Z,4.336899999999975,
15,2024-05-13T13:39:12.097Z,4.336999999999975,
15,2024-05-13T13:39:13.097Z,4.337099999999975,
15,2024-05-13T13:39:14.097Z,4.336399999999976,
15,2024-05-13T13:39:15.097Z,4.349199999999975,
15,2024-05-13T13:39:16.097Z,4.349299999999975,
15,2024-05-13T13:39:17.097Z,4.349399999999974,
15,2024-05-13T13:39:18.097Z,4.349499999999974,
15,2024-05-13T13:39:19.097Z,4.349599999999974,
15,2024-05-13T13:39:20.097Z,4.349699999999974,
15,2024-05-13T13:39:21.097Z,4.3497999999999735,
15,2024-05-13T13:39:22.097Z,4.349899999999973,
15,2024-05-13T13:39:23.097Z,4.349999999999973,
15,2024-05-13T13:39:24.097Z,4.350099999999973,
15,2024-05-13T13:39:25.097Z,4.3501999999999725,
15,2024-05-13T13:39:26.097Z,4.350299999999972,
15,2024-05-13T13:39:27.097Z,4.350399999999972,
15,2024-05-13T13:39:28.097Z,4.350499999999972,
15,2024-05-13T13:39:29.097Z,4.350599999999972,
15,2024-05-13T13:39:30.097Z,4.350699999999971,
15,2024-05-13T13:39:31.097Z,4.350799999999971,
15,2024-05-13T13:39:32.097Z,4.350899999999971,
15,2024-05-13T13:39:33.097Z,4.350999999999971,
15,2024-05-13T13:39:34.097Z,4.35109999999997,
15,2024-05-13T13:39:35.097Z,4.35119999999997,
15,2024-05-13T13:39:36.097Z,4.35129999999997,
15,2024-05-13T13:39:37.097Z,4.35139999999997,
15,2024-05-13T13:39:38.097Z,4.3514999999999695,
15,2024-05-13T13:39:39.097Z,4.351599999999969,
15,2024-05-13T13:39:40.097Z,4.351699999999969,
15,2024-05-13T13:39:41.097Z,4.351799999999969,
15,2024-05-13T13:39:42.097Z,4.351899999999969,
15,2024-05-13T13:39:43.097Z,4.351999999999968,
15,2024-05-13T13:39:44.097Z,4.352099999999968,
15,2024-05-13T13:39:45.097Z,4.352199999999968,
15,2024-05-13T13:39:46.097Z,4.352299999999968,
15,2024-05-13T13:39:47.097Z,4.350799999999968,
15,2024-05-13T13:39:48.097Z,4.363699999999966,
15,2024-05-13T13:39:49.097Z,4.363799999999966,
15,2024-05-13T13:39:50.097Z,4.3638999999999655,
15,2024-05-13T13:39:51.097Z,4.360799999999966,
15,2024-05-13T13:39:52.097Z,4.361099999999965,
15,2024-05-13T13:39:53.097Z,4.3603999999999665,
15,2024-05-13T13:39:54.097Z,4.392499999999966,
15,2024-05-13T13:39:55.097Z,4.392599999999966,
15,2024-05-13T13:39:56.097Z,4.406799999999965,
15,2024-05-13T13:39:57.097Z,4.406899999999965,
15,2024-05-13T13:39:58.097Z,4.4069999999999645,
15,2024-05-13T13:39:59.097Z,4.407099999999964,
15,2024-05-13T13:40:00.097Z,4.407199999999964,
15,2024-05-13T13:40:01.097Z,4.407299999999964,
15,2024-05-13T13:40:02.097Z,4.407399999999964,
15,2024-05-13T13:40:03.097Z,4.407499999999963,
15,2024-05-13T13:40:04.097Z,4.407599999999963,
15,2024-05-13T13:40:05.097Z,4.407699999999963,
15,2024-05-13T13:40:06.097Z,4.407799999999963,
15,2024-05-13T13:40:07.097Z,4.407599999999963,
15,2024-05-13T13:40:08.097Z,4.407699999999963,
15,2024-05-13T13:40:09.097Z,4.407799999999963,
15,2024-05-13T13:40:10.097Z,4.407899999999962,
15,2024-05-13T13:40:11.097Z,4.407999999999962,
15,2024-05-13T13:40:12.097Z,4.408099999999962,
15,2024-05-13T13:40:13.097Z,4.408199999999962,
15,2024-05-13T13:40:14.097Z,4.4082999999999615,
15,2024-05-13T13:40:15.097Z,4.408399999999961,
15,2024-05-13T13:40:16.097Z,4.408499999999961,
15,2024-05-13T13:40:17.097Z,4.40299999999996,
15,2024-05-13T13:40:18.097Z,4.403099999999959,
15,2024-05-13T13:40:19.097Z,4.403199999999959,
15,2024-05-13T13:40:20.097Z,4.403299999999959,
15,2024-05-13T13:40:21.097Z,4.403399999999959,
15,2024-05-13T13:40:22.097Z,4.4034999999999584,
15,2024-05-13T13:40:23.097Z,4.403599999999958,
15,2024-05-13T13:40:24.097Z,4.403699999999958,
15,2024-05-13T13:40:25.097Z,4.403799999999958,
15,2024-05-13T13:40:26.097Z,4.4038999999999575,
15,2024-05-13T13:40:27.097Z,4.403999999999957,
15,2024-05-13T13:40:28.097Z,4.404099999999957,
15,2024-05-13T13:40:29.097Z,4.404199999999957,
15,2024-05-13T13:40:30.097Z,4.404299999999957,
15,2024-05-13T13:40:31.097Z,4.404399999999956,
15,2024-05-13T13:40:32.097Z,4.404499999999956,
15,2024-05-13T13:40:33.097Z,4.404299999999957,
15,2024-05-13T13:40:34.097Z,4.404399999999956,
15,2024-05-13T13:40:35.097Z,4.404499999999956,
15,2024-05-13T13:40:36.097Z,4.404599999999956,
15,2024-05-13T13:40:37.097Z,4.404699999999956,
15,2024-05-13T13:40:38.097Z,4.404799999999955,
15,2024-05-13T13:40:39.097Z,4.404899999999955,
15,2024-05-13T13:40:40.097Z,4.404999999999955,
15,2024-05-13T13:40:41.097Z,4.405099999999955,
15,2024-05-13T13:40:42.097Z,4.4051999999999545,
15,2024-05-13T13:40:43.097Z,4.405299999999954,
15,2024-05-13T13:40:44.097Z,4.405399999999954,
15,2024-05-13T13:40:45.097Z,4.405499999999954,
15,2024-05-13T13:40:46.097Z,4.4055999999999536,
15,2024-05-13T13:40:47.097Z,4.405699999999953,
15,2024-05-13T13:40:48.097Z,4.408699999999953,
15,2024-05-13T13:40:49.097Z,4.408799999999953,
15,2024-05-13T13:40:50.097Z,4.408899999999953,
15,2024-05-13T13:40:51.097Z,4.408999999999953,
15,2024-05-13T13:40:52.097Z,4.4090999999999525,
15,2024-05-13T13:40:53.097Z,4.409199999999952,
15,2024-05-13T13:40:54.097Z,4.402899999999953,
15,2024-05-13T13:40:55.097Z,4.425299999999954,
15,2024-05-13T13:40:56.097Z,4.425599999999953,
15,2024-05-13T13:40:57.097Z,4.425699999999953,
15,2024-05-13T13:40:58.097Z,4.425799999999953,
15,2024-05-13T13:40:59.097Z,4.425899999999952,
15,2024-05-13T13:41:00.097Z,4.425999999999952,
15,2024-05-13T13:41:01.097Z,4.426099999999952,
15,2024-05-13T13:41:02.097Z,4.426199999999952,
15,2024-05-13T13:41:03.097Z,4.4262999999999515,
15,2024-05-13T13:41:04.097Z,4.426399999999951,
15,2024-05-13T13:41:05.097Z,4.426499999999951,
15,2024-05-13T13:41:06.097Z,4.426599999999951,
15,2024-05-13T13:41:07.097Z,4.426699999999951,
16,2024-05-13T13:30:37.097Z,26.3,
16,2024-05-13T13:30:38.097Z,26.2809,
16,2024-05-13T13:30:39.097Z,26.2814,
16,2024-05-13T13:30:40.097Z,26.2815,
16,2024-05-13T13:30:41.097Z,26.2752,
16,2024-05-13T13:30:42.097Z,26.2911,
16,2024-05-13T13:30:43.097Z,26.2912,
16,2024-05-13T13:30:44.097Z,26.2913,
16,2024-05-13T13:30:45.097Z,26.2914,
16,2024-05-13T13:30:46.097Z,26.2915,
16,2024-05-13T13:30:47.097Z,26.2852,
16,2024-05-13T13:30:48.097Z,26.2845,
16,2024-05-13T13:30:49.097Z,24.729400000000002,
16,2024-05-13T13:30:50.097Z,24.7295,
16,2024-05-13T13:30:51.097Z,24.729200000000002,
16,2024-05-13T13:30:52.097Z,22.278100000000002,
16,2024-05-13T13:30:53.097Z,22.278200000000002,
16,2024-05-13T13:30:54.097Z,22.2783,
16,2024-05-13T13:30:55.097Z,22.2784,
16,2024-05-13T13:30:56.097Z,22.2785,
16,2024-05-13T13:30:57.097Z,22.2786,
16,2024-05-13T13:30:58.097Z,22.2785,
16,2024-05-13T13:30:59.097Z,22.297,
16,2024-05-13T13:31:00.097Z,22.2969,
16,2024-05-13T13:31:01.097Z,22.297,
16,2024-05-13T13:31:02.097Z,22.2971,
16,2024-05-13T13:31:03.097Z,22.2972,
16,2024-05-13T13:31:04.097Z,22.2973,
16,2024-05-13T13:31:05.097Z,22.2974,
16,2024-05-13T13:31:06.097Z,22.2975,
16,2024-05-13T13:31:07.097Z,22.2976,
16,2024-05-13T13:31:08.097Z,22.2977,
16,2024-05-13T13:31:09.097Z,22.2978,
16,2024-05-13T13:31:10.097Z,22.2979,
16,2024-05-13T13:31:11.097Z,22.298,
16,2024-05-13T13:31:12.097Z,22.298099999999998,
16,2024-05-13T13:31:13.097Z,22.298199999999998,
16,2024-05-13T13:31:14.097Z,22.298299999999998,
16,2024-05-13T13:31:15.097Z,22.298399999999997,
16,2024-05-13T13:31:16.097Z,22.298499999999997,
16,2024-05-13T13:31:17.097Z,22.298599999999997,
16,2024-05-13T13:31:18.097Z,22.298699999999997,
16,2024-05-13T13:31:19.097Z,22.298799999999996,
16,2024-05-13T13:31:20.097Z,22.298899999999996,
16,2024-05-13T13:31:21.097Z,22.298999999999996,
16,2024-05-13T13:31:22.097Z,22.299099999999996,
16,2024-05-13T13:31:23.097Z,22.299199999999995,
16,2024-05-13T13:31:24.097Z,22.299299999999995,
16,2024-05-13T13:31:25.097Z,22.299399999999995,
16,2024-05-13T13:31:26.097Z,22.299499999999995,
16,2024-05-13T13:31:27.097Z,22.299599999999995,
16,2024-05-13T13:31:28.097Z,22.299699999999994,
16,2024-05-13T13:31:29.097Z,22.299799999999994,
16,2024-05-13T13:31:30.097Z,22.299899999999994,
16,2024-05-13T13:31:31.097Z,22.299999999999994,
16,2024-05-13T13:31:32.097Z,22.298499999999994,
16,2024-05-13T13:31:33.097Z,21.901799999999994,
16,2024-05-13T13:31:34.097Z,21.901899999999994,
16,2024-05-13T13:31:35.097Z,21.907999999999994,
16,2024-05-13T13:31:36.097Z,21.903299999999994,
16,2024-05-13T13:31:37.097Z,22.299299999999995,
16,2024-05-13T13:31:38.097Z,22.30079999999999,
16,2024-05-13T13:31:39.097Z,22.30089999999999,
16,2024-05-13T13:31:40.097Z,22.30099999999999,
16,2024-05-13T13:31:41.097Z,22.30109999999999,
16,2024-05-13T13:31:42.097Z,22.30089999999999,
16,2024-05-13T13:31:43.097Z,22.318599999999993,
16,2024-05-13T13:31:44.097Z,22.407999999999994,
16,2024-05-13T13:31:45.097Z,17.506199999999993,
16,2024-05-13T13:31:46.097Z,17.522299999999994,
16,2024-05-13T13:31:47.097Z,17.520799999999994,
16,2024-05-13T13:31:48.097Z,17.52089999999999,
16,2024-05-13T13:31:49.097Z,17.520999999999994,
16,2024-05-13T13:31:50.097Z,17.52109999999999,
16,2024-05-13T13:31:51.097Z,17.521199999999993,
16,2024-05-13T13:31:52.097Z,17.519699999999993,
16,2024-05-13T13:31:53.097Z,17.53579999999999,
16,2024-05-13T13:31:54.097Z,17.53589999999999,
16,2024-05-13T13:31:55.097Z,17.53879999999999,
16,2024-05-13T13:31:56.097Z,17.53729999999999,
16,2024-05-13T13:31:57.097Z,17.55619999999999,
16,2024-05-13T13:31:58.097Z,17.556299999999993,
16,2024-05-13T13:31:59.097Z,17.557799999999993,
16,2024-05-13T13:32:00.097Z,17.55789999999999,
16,2024-05-13T13:32:01.097Z,17.557999999999993,
16,2024-05-13T13:32:02.097Z,17.55809999999999,
16,2024-05-13T13:32:03.097Z,17.558199999999992,
16,2024-05-13T13:32:04.097Z,17.55829999999999,
16,2024-05-13T13:32:05.097Z,17.557999999999993,
16,2024-05-13T13:32:06.097Z,15.490899999999991,
16,2024-05-13T13:32:07.097Z,15.484599999999991,
16,2024-05-13T13:32:08.097Z,15.46709999999999,
16,2024-05-13T13:32:09.097Z,15.46399999999999,
16,2024-05-13T13:32:10.097Z,15.65579999999999,
16,2024-05-13T13:32:11.097Z,15.67349999999999,
16,2024-05-13T13:32:12.097Z,15.67199999999999,
16,2024-05-13T13:32:13.097Z,15.64649999999999,
16,2024-05-13T13:32:14.097Z,15.67859999999999,
16,2024-05-13T13:32:15.097Z,15.67549999999999,
16,2024-05-13T13:32:16.097Z,15.675199999999991,
16,2024-05-13T13:32:17.097Z,15.675299999999991,
16,2024-05-13T13:32:18.097Z,15.675099999999992,
16,2024-05-13T13:32:19.097Z,15.693999999999992,
16,2024-05-13T13:32:20.097Z,15.697099999999992,
16,2024-05-13T13:32:21.097Z,15.695499999999992,
16,2024-05-13T13:32:22.097Z,15.714799999999991,
16,2024-05-13T13:32:23.097Z,15.733299999999991,
16,2024-05-13T13:32:24.097Z,15.73339999999999,
16,2024-05-13T13:32:25.097Z,15.73029999999999,
16,2024-05-13T13:32:26.097Z,14.10479999999999,
16,2024-05-13T13:32:27.097Z,14.08569999999999,
16,2024-05-13T13:32:28.097Z,14.08579999999999,
16,2024-05-13T13:32:29.097Z,14.08509999999999,
16,2024-05-13T13:32:30.097Z,14.89119999999999,
16,2024-05-13T13:32:31.097Z,14.915299999999991,
16,2024-05-13T13:32:32.097Z,14.915399999999991,
16,2024-05-13T13:32:33.097Z,14.91709999999999,
16,2024-05-13T13:32:34.097Z,14.91649999999999,
16,2024-05-13T13:32:35.097Z,15.30699999999999,
16,2024-05-13T13:32:36.097Z,15.34519999999999,
16,2024-05-13T13:32:37.097Z,15.74169999999999,
16,2024-05-13T13:32:38.097Z,13.376999999999988,
16,2024-05-13T13:32:39.097Z,13.376899999999988,
16,2024-05-13T13:32:40.097Z,13.376999999999988,
16,2024-05-13T13:32:41.097Z,13.377199999999988,
16,2024-05-13T13:32:42.097Z,12.570899999999988,
16,2024-05-13T13:32:43.097Z,12.759799999999988,
16,2024-05-13T13:32:44.097Z,12.772699999999988,
16,2024-05-13T13:32:45.097Z,12.772799999999988,
16,2024-05-13T13:32:46.097Z,12.772899999999987,
16,2024-05-13T13:32:47.097Z,12.773399999999988,
16,2024-05-13T13:32:48.097Z,12.773499999999988,
16,2024-05-13T13:32:49.097Z,12.774099999999988,
16,2024-05-13T13:32:50.097Z,12.771799999999988,
16,2024-05-13T13:32:51.097Z,12.789899999999989,
16,2024-05-13T13:32:52.097Z,12.78739999999999,
16,2024-05-13T13:32:53.097Z,12.78109999999999,
16,2024-05-13T13:32:54.097Z,12.77479999999999,
16,2024-05-13T13:32:55.097Z,12.77619999999999,
16,2024-05-13T13:32:56.097Z,12.77309999999999,
16,2024-05-13T13:32:57.097Z,13.57939999999999,
16,2024-05-13T13:32:58.097Z,14.385699999999991,
16,2024-05-13T13:32:59.097Z,14.38739999999999,
16,2024-05-13T13:33:00.097Z,14.38429999999999,
16,2024-05-13T13:33:01.097Z,14.384899999999991,
16,2024-05-13T13:33:02.097Z,14.381799999999991,
16,2024-05-13T13:33:03.097Z,14.425899999999992,
16,2024-05-13T13:33:04.097Z,14.425999999999991,
16,2024-05-13T13:33:05.097Z,14.426099999999991,
16,2024-05-13T13:33:06.097Z,14.425899999999992,
16,2024-05-13T13:33:07.097Z,14.435599999999992,
16,2024-05-13T13:33:08.097Z,11.992499999999993,
16,2024-05-13T13:33:09.097Z,11.992599999999992,
16,2024-05-13T13:33:10.097Z,11.992699999999992,
16,2024-05-13T13:33:11.097Z,11.992799999999992,
16,2024-05-13T13:33:12.097Z,11.992899999999992,
16,2024-05-13T13:33:13.097Z,12.624999999999991,
16,2024-05-13T13:33:14.097Z,12.643899999999991,
16,2024-05-13T13:33:15.097Z,12.643999999999991,
16,2024-05-13T13:33:16.097Z,12.644099999999991,
16,2024-05-13T13:33:17.097Z,12.64419999999999,
16,2024-05-13T13:33:18.097Z,12.64449999999999,
16,2024-05-13T13:33:19.097Z,12.64459999999999,
16,2024-05-13T13:33:20.097Z,12.64469999999999,
16,2024-05-13T13:33:21.097Z,12.64479999999999,
16,2024-05-13T13:33:22.097Z,12.64489999999999,
16,2024-05-13T13:33:23.097Z,12.644999999999989,
16,2024-05-13T13:33:24.097Z,12.645099999999989,
16,2024-05-13T13:33:25.097Z,12.645199999999988,
16,2024-05-13T13:33:26.097Z,12.645299999999988,
16,2024-05-13T13:33:27.097Z,12.663799999999988,
16,2024-05-13T13:33:28.097Z,12.663899999999988,
16,2024-05-13T13:33:29.097Z,12.663799999999988,
16,2024-05-13T13:33:30.097Z,12.663899999999988,
16,2024-05-13T13:33:31.097Z,12.663999999999987,
16,2024-05-13T13:33:32.097Z,12.664099999999987,
16,2024-05-13T13:33:33.097Z,12.682999999999987,
16,2024-05-13T13:33:34.097Z,12.683099999999987,
16,2024-05-13T13:33:35.097Z,12.689399999999987,
16,2024-05-13T13:33:36.097Z,12.689499999999986,
16,2024-05-13T13:33:37.097Z,12.689599999999986,
16,2024-05-13T13:33:38.097Z,12.689699999999986,
16,2024-05-13T13:33:39.097Z,12.689799999999986,
16,2024-05-13T13:33:40.097Z,12.689899999999986,
16,2024-05-13T13:33:41.097Z,12.689999999999985,
16,2024-05-13T13:33:42.097Z,12.690099999999985,
16,2024-05-13T13:33:43.097Z,12.683799999999986,
16,2024-05-13T13:33:44.097Z,12.701499999999985,
16,2024-05-13T13:33:45.097Z,12.701599999999985,
16,2024-05-13T13:33:46.097Z,12.720099999999984,
16,2024-05-13T13:33:47.097Z,12.720199999999984,
16,2024-05-13T13:33:48.097Z,12.720299999999984,
16,2024-05-13T13:33:49.097Z,12.720399999999984,
16,2024-05-13T13:33:50.097Z,12.720499999999983,
16,2024-05-13T13:33:51.097Z,12.720599999999983,
16,2024-05-13T13:33:52.097Z,12.719099999999983,
16,2024-05-13T13:33:53.097Z,12.719699999999987,
16,2024-05-13T13:33:54.097Z,12.719799999999987,
16,2024-05-13T13:33:55.097Z,12.719899999999987,
16,2024-05-13T13:33:56.097Z,12.719999999999986,
16,2024-05-13T13:33:57.097Z,12.720099999999986,
16,2024-05-13T13:33:58.097Z,12.720199999999986,
16,2024-05-13T13:33:59.097Z,12.719499999999986,
16,2024-05-13T13:34:00.097Z,12.719599999999986,
16,2024-05-13T13:34:01.097Z,12.719699999999985,
16,2024-05-13T13:34:02.097Z,12.719799999999985,
16,2024-05-13T13:34:03.097Z,12.719699999999985,
16,2024-05-13T13:34:04.097Z,13.063799999999985,
16,2024-05-13T13:34:05.097Z,13.146199999999984,
16,2024-05-13T13:34:06.097Z,13.147599999999985,
16,2024-05-13T13:34:07.097Z,9.893099999999986,
16,2024-05-13T13:34:08.097Z,9.886799999999987,
16,2024-05-13T13:34:09.097Z,9.905299999999986,
16,2024-05-13T13:34:10.097Z,9.905399999999986,
16,2024-05-13T13:34:11.097Z,9.905499999999986,
16,2024-05-13T13:34:12.097Z,9.905599999999986,
16,2024-05-13T13:34:13.097Z,9.905699999999985,
16,2024-05-13T13:34:14.097Z,9.905799999999985,
16,2024-05-13T13:34:15.097Z,9.905899999999985,
16,2024-05-13T13:34:16.097Z,9.905999999999985,
16,2024-05-13T13:34:17.097Z,9.906099999999984,
16,2024-05-13T13:34:18.097Z,9.912399999999984,
16,2024-05-13T13:34:19.097Z,9.912499999999984,
16,2024-05-13T13:34:20.097Z,9.912599999999983,
16,2024-05-13T13:34:21.097Z,9.912699999999983,
16,2024-05-13T13:34:22.097Z,9.915599999999984,
16,2024-05-13T13:34:23.097Z,9.912499999999984,
16,2024-05-13T13:34:24.097Z,9.893399999999982,
16,2024-05-13T13:34:25.097Z,9.890299999999982,
16,2024-05-13T13:34:26.097Z,9.907999999999983,
16,2024-05-13T13:34:27.097Z,9.906499999999983,
16,2024-05-13T13:34:28.097Z,9.906599999999983,
16,2024-05-13T13:34:29.097Z,9.906699999999983,
16,2024-05-13T13:34:30.097Z,9.906599999999983,
16,2024-05-13T13:34:31.097Z,9.887499999999982,
16,2024-05-13T13:34:32.097Z,9.89239999999998,
16,2024-05-13T13:34:33.097Z,9.89249999999998,
16,2024-05-13T13:34:34.097Z,9.892299999999981,
16,2024-05-13T13:34:35.097Z,9.908399999999983,
16,2024-05-13T13:34:36.097Z,9.908499999999982,
16,2024-05-13T13:34:37.097Z,9.908599999999982,
16,2024-05-13T13:34:38.097Z,9.908699999999982,
16,2024-05-13T13:34:39.097Z,9.908799999999982,
16,2024-05-13T13:34:40.097Z,9.908899999999981,
16,2024-05-13T13:34:41.097Z,9.908999999999981,
16,2024-05-13T13:34:42.097Z,9.909099999999981,
16,2024-05-13T13:34:43.097Z,9.90919999999998,
16,2024-05-13T13:34:44.097Z,9.90929999999998,
16,2024-05-13T13:34:45.097Z,9.90939999999998,
16,2024-05-13T13:34:46.097Z,9.908699999999982,
16,2024-05-13T13:34:47.097Z,9.939199999999978,
16,2024-05-13T13:34:48.097Z,9.939299999999978,
16,2024-05-13T13:34:49.097Z,9.939399999999978,
16,2024-05-13T13:34:50.097Z,9.939299999999978,
16,2024-05-13T13:34:51.097Z,9.939399999999978,
16,2024-05-13T13:34:52.097Z,9.933099999999978,
16,2024-05-13T13:34:53.097Z,6.668999999999979,
16,2024-05-13T13:34:54.097Z,4.224299999999978,
16,2024-05-13T13:34:55.097Z,4.217999999999979,
16,2024-05-13T13:34:56.097Z,4.229299999999977,
16,2024-05-13T13:34:57.097Z,4.229399999999977,
16,2024-05-13T13:34:58.097Z,4.229499999999977,
16,2024-05-13T13:34:59.097Z,4.2295999999999765,
16,2024-05-13T13:35:00.097Z,4.229699999999976,
16,2024-05-13T13:35:01.097Z,4.2295999999999765,
16,2024-05-13T13:35:02.097Z,4.229699999999976,
16,2024-05-13T13:35:03.097Z,4.229799999999976,
16,2024-05-13T13:35:04.097Z,4.229899999999976,
16,2024-05-13T13:35:05.097Z,4.229699999999976,
16,2024-05-13T13:35:06.097Z,4.247399999999978,
16,2024-05-13T13:35:07.097Z,4.247499999999977,
16,2024-05-13T13:35:08.097Z,4.247599999999977,
16,2024-05-13T13:35:09.097Z,4.247699999999977,
16,2024-05-13T13:35:10.097Z,4.247799999999977,
16,2024-05-13T13:35:11.097Z,4.2478999999999765,
16,2024-05-13T13:35:12.097Z,4.247999999999976,
16,2024-05-13T13:35:13.097Z,4.248099999999976,
16,2024-05-13T13:35:14.097Z,4.248199999999976,
16,2024-05-13T13:35:15.097Z,4.245099999999976,
16,2024-05-13T13:35:16.097Z,4.245199999999976,
16,2024-05-13T13:35:17.097Z,4.245299999999975,
16,2024-05-13T13:35:18.097Z,4.245399999999975,
16,2024-05-13T13:35:19.097Z,4.250299999999974,
16,2024-05-13T13:35:20.097Z,4.249999999999975,
16,2024-05-13T13:35:21.097Z,4.250099999999975,
16,2024-05-13T13:35:22.097Z,4.250199999999975,
16,2024-05-13T13:35:23.097Z,4.250299999999974,
16,2024-05-13T13:35:24.097Z,4.250399999999974,
16,2024-05-13T13:35:25.097Z,4.250499999999974,
16,2024-05-13T13:35:26.097Z,4.250599999999974,
16,2024-05-13T13:35:27.097Z,4.2506999999999735,
16,2024-05-13T13:35:28.097Z,4.250799999999973,
16,2024-05-13T13:35:29.097Z,4.250899999999973,
16,2024-05-13T13:35:30.097Z,4.250999999999973,
16,2024-05-13T13:35:31.097Z,4.251099999999973,
16,2024-05-13T13:35:32.097Z,4.251199999999972,
16,2024-05-13T13:35:33.097Z,4.251299999999972,
16,2024-05-13T13:35:34.097Z,4.251399999999972,
16,2024-05-13T13:35:35.097Z,4.251499999999972,
16,2024-05-13T13:35:36.097Z,4.251599999999971,
16,2024-05-13T13:35:37.097Z,4.251699999999971,
16,2024-05-13T13:35:38.097Z,4.251799999999971,
16,2024-05-13T13:35:39.097Z,4.251899999999971,
16,2024-05-13T13:35:40.097Z,4.2519999999999705,
16,2024-05-13T13:35:41.097Z,4.25209999999997,
16,2024-05-13T13:35:42.097Z,4.25219999999997,
16,2024-05-13T13:35:43.097Z,4.25229999999997,
16,2024-05-13T13:35:44.097Z,4.2523999999999695,
16,2024-05-13T13:35:45.097Z,4.252499999999969,
16,2024-05-13T13:35:46.097Z,4.252599999999969,
16,2024-05-13T13:35:47.097Z,4.252699999999969,
16,2024-05-13T13:35:48.097Z,4.252799999999969,
16,2024-05-13T13:35:49.097Z,4.252899999999968,
16,2024-05-13T13:35:50.097Z,4.252999999999968,
16,2024-05-13T13:35:51.097Z,4.253099999999968,
16,2024-05-13T13:35:52.097Z,4.253199999999968,
16,2024-05-13T13:35:53.097Z,4.253299999999967,
16,2024-05-13T13:35:54.097Z,4.253399999999967,
16,2024-05-13T13:35:55.097Z,4.253499999999967,
16,2024-05-13T13:35:56.097Z,4.253599999999967,
16,2024-05-13T13:35:57.097Z,4.2536999999999665,
16,2024-05-13T13:35:58.097Z,4.253799999999966,
16,2024-05-13T13:35:59.097Z,4.253899999999966,
16,2024-05-13T13:36:00.097Z,4.253999999999966,
16,2024-05-13T13:36:01.097Z,4.254099999999966,
16,2024-05-13T13:36:02.097Z,4.254199999999965,
16,2024-05-13T13:36:03.097Z,4.254299999999965,
16,2024-05-13T13:36:04.097Z,4.254399999999965,
16,2024-05-13T13:36:05.097Z,4.254499999999965,
16,2024-05-13T13:36:06.097Z,4.254599999999964,
16,2024-05-13T13:36:07.097Z,4.254699999999964,
16,2024-05-13T13:36:08.097Z,4.254499999999965,
16,2024-05-13T13:36:09.097Z,4.255899999999965,
16,2024-05-13T13:36:10.097Z,4.249599999999965,
16,2024-05-13T13:36:11.097Z,4.249699999999965,
16,2024-05-13T13:36:12.097Z,5.049399999999967,
16,2024-05-13T13:36:13.097Z,5.049499999999966,
16,2024-05-13T13:36:14.097Z,5.049599999999966,
16,2024-05-13T13:36:15.097Z,5.049699999999966,
16,2024-05-13T13:36:16.097Z,5.049799999999966,
16,2024-05-13T13:36:17.097Z,5.049899999999965,
16,2024-05-13T13:36:18.097Z,5.049999999999965,
16,2024-05-13T13:36:19.097Z,5.043699999999966,
16,2024-05-13T13:36:20.097Z,5.046199999999967,
16,2024-05-13T13:36:21.097Z,5.046299999999967,
16,2024-05-13T13:36:22.097Z,5.0463999999999665,
16,2024-05-13T13:36:23.097Z,5.046499999999966,
16,2024-05-13T13:36:24.097Z,5.046599999999966,
16,2024-05-13T13:36:25.097Z,5.046699999999966,
16,2024-05-13T13:36:26.097Z,5.045999999999967,
16,2024-05-13T13:36:27.097Z,5.026899999999966,
16,2024-05-13T13:36:28.097Z,5.0269999999999655,
16,2024-05-13T13:36:29.097Z,5.027099999999965,
16,2024-05-13T13:36:30.097Z,5.025399999999966,
16,2024-05-13T13:36:31.097Z,5.828699999999966,
16,2024-05-13T13:36:32.097Z,6.019199999999966,
16,2024-05-13T13:36:33.097Z,6.044599999999967,
16,2024-05-13T13:36:34.097Z,3.6190999999999676,
16,2024-05-13T13:36:35.097Z,3.6191999999999673,
16,2024-05-13T13:36:36.097Z,3.619299999999967,
16,2024-05-13T13:36:37.097Z,3.619399999999967,
16,2024-05-13T13:36:38.097Z,3.624299999999966,
16,2024-05-13T13:36:39.097Z,3.624399999999966,
16,2024-05-13T13:36:40.097Z,3.6244999999999656,
16,2024-05-13T13:36:41.097Z,3.6245999999999654,
16,2024-05-13T13:36:42.097Z,3.624699999999965,
16,2024-05-13T13:36:43.097Z,3.624699999999965,
16,2024-05-13T13:36:44.097Z,3.6248999999999647,
16,2024-05-13T13:36:45.097Z,3.6249999999999645,
16,2024-05-13T13:36:46.097Z,3.6250999999999642,
16,2024-05-13T13:36:47.097Z,3.625199999999964,
16,2024-05-13T13:36:48.097Z,3.6238999999999635,
16,2024-05-13T13:36:49.097Z,4.001299999999965,
16,2024-05-13T13:36:50.097Z,4.000999999999966,
16,2024-05-13T13:36:51.097Z,4.0010999999999655,
16,2024-05-13T13:36:52.097Z,4.002499999999966,
16,2024-05-13T13:36:53.097Z,4.0021999999999665,
16,2024-05-13T13:36:54.097Z,3.9990999999999666,
16,2024-05-13T13:36:55.097Z,3.979999999999965,
16,2024-05-13T13:36:56.097Z,3.9792999999999665,
16,2024-05-13T13:36:57.097Z,4.426599999999965,
16,2024-05-13T13:36:58.097Z,4.4450999999999645,
16,2024-05-13T13:36:59.097Z,4.440199999999965,
16,2024-05-13T13:37:00.097Z,2.981099999999966,
16,2024-05-13T13:37:01.097Z,3.0192999999999657,
16,2024-05-13T13:37:02.097Z,2.980999999999966,
16,2024-05-13T13:37:03.097Z,2.981099999999966,
16,2024-05-13T13:37:04.097Z,2.9807999999999666,
16,2024-05-13T13:37:05.097Z,2.9792999999999665,
16,2024-05-13T13:37:06.097Z,2.972999999999967,
16,2024-05-13T13:37:07.097Z,2.9914999999999665,
16,2024-05-13T13:37:08.097Z,2.991299999999967,
16,2024-05-13T13:37:09.097Z,2.9913999999999668,
16,2024-05-13T13:37:10.097Z,2.991699999999966,
16,2024-05-13T13:37:11.097Z,2.9915999999999663,
16,2024-05-13T13:37:12.097Z,3.0234999999999665,
16,2024-05-13T13:37:13.097Z,3.0235999999999663,
16,2024-05-13T13:37:14.097Z,3.023699999999966,
16,2024-05-13T13:37:15.097Z,3.023799999999966,
16,2024-05-13T13:37:16.097Z,3.0230999999999675,
16,2024-05-13T13:37:17.097Z,3.0231999999999672,
16,2024-05-13T13:37:18.097Z,3.023299999999967,
16,2024-05-13T13:37:19.097Z,3.023399999999967,
16,2024-05-13T13:37:20.097Z,3.0234999999999665,
16,2024-05-13T13:37:21.097Z,3.0235999999999663,
16,2024-05-13T13:37:22.097Z,3.023699999999966,
16,2024-05-13T13:37:23.097Z,3.023799999999966,
16,2024-05-13T13:37:24.097Z,3.0238999999999656,
16,2024-05-13T13:37:25.097Z,3.0239999999999654,
16,2024-05-13T13:37:26.097Z,3.024099999999965,
16,2024-05-13T13:37:27.097Z,3.0239999999999654,
16,2024-05-13T13:37:28.097Z,3.024099999999965,
16,2024-05-13T13:37:29.097Z,3.0273999999999646,
16,2024-05-13T13:37:30.097Z,3.0274999999999643,
16,2024-05-13T13:37:31.097Z,3.028099999999963,
16,2024-05-13T13:37:32.097Z,3.0231999999999637,
16,2024-05-13T13:37:33.097Z,3.022999999999964,
16,2024-05-13T13:37:34.097Z,3.0227999999999646,
16,2024-05-13T13:37:35.097Z,3.0228999999999644,
16,2024-05-13T13:37:36.097Z,3.022599999999965,
16,2024-05-13T13:37:37.097Z,3.0218999999999667,
16,2024-05-13T13:37:38.097Z,3.0219999999999665,
16,2024-05-13T13:37:39.097Z,3.0204999999999664,
16,2024-05-13T13:37:40.097Z,3.0189999999999664,
16,2024-05-13T13:37:41.097Z,3.0318999999999647,
16,2024-05-13T13:37:42.097Z,3.0380999999999645,
16,2024-05-13T13:37:43.097Z,3.031799999999965,
16,2024-05-13T13:37:44.097Z,3.8318999999999654,
16,2024-05-13T13:37:45.097Z,3.849599999999967,
16,2024-05-13T13:37:46.097Z,3.8496999999999666,
16,2024-05-13T13:37:47.097Z,3.851099999999967,
16,2024-05-13T13:37:48.097Z,3.8516999999999655,
16,2024-05-13T13:37:49.097Z,3.8517999999999653,
16,2024-05-13T13:37:50.097Z,3.8520999999999646,
16,2024-05-13T13:37:51.097Z,3.8521999999999643,
16,2024-05-13T13:37:52.097Z,3.851499999999966,
16,2024-05-13T13:37:53.097Z,3.8675999999999675,
16,2024-05-13T13:37:54.097Z,3.8676999999999673,
16,2024-05-13T13:37:55.097Z,3.866999999999969,
16,2024-05-13T13:37:56.097Z,3.8830999999999705,
16,2024-05-13T13:37:57.097Z,3.8831999999999702,
16,2024-05-13T13:37:58.097Z,3.88329999999997,
16,2024-05-13T13:37:59.097Z,3.8833999999999698,
16,2024-05-13T13:38:00.097Z,3.8826999999999714,
16,2024-05-13T13:38:01.097Z,3.898799999999973,
16,2024-05-13T13:38:02.097Z,3.8988999999999727,
16,2024-05-13T13:38:03.097Z,3.8989999999999725,
16,2024-05-13T13:38:04.097Z,3.8990999999999723,
16,2024-05-13T13:38:05.097Z,3.899199999999972,
16,2024-05-13T13:38:06.097Z,3.899299999999972,
16,2024-05-13T13:38:07.097Z,3.8993999999999716,
16,2024-05-13T13:38:08.097Z,3.8994999999999713,
16,2024-05-13T13:38:09.097Z,3.8997999999999706,
16,2024-05-13T13:38:10.097Z,3.8990999999999723,
16,2024-05-13T13:38:11.097Z,3.9167999999999736,
16,2024-05-13T13:38:12.097Z,3.916999999999973,
16,2024-05-13T13:38:13.097Z,3.923199999999973,
16,2024-05-13T13:38:14.097Z,3.9168999999999734,
16,2024-05-13T13:38:15.097Z,3.934599999999975,
16,2024-05-13T13:38:16.097Z,3.9342999999999755,
16,2024-05-13T13:38:17.097Z,3.947199999999974,
16,2024-05-13T13:38:18.097Z,3.9472999999999736,
16,2024-05-13T13:38:19.097Z,3.9473999999999734,
16,2024-05-13T13:38:20.097Z,3.947499999999973,
16,2024-05-13T13:38:21.097Z,3.9443999999999733,
16,2024-05-13T13:38:22.097Z,3.944499999999973,
16,2024-05-13T13:38:23.097Z,3.9451999999999714,
16,2024-05-13T13:38:24.097Z,3.945299999999971,
16,2024-05-13T13:38:25.097Z,3.944599999999973,
16,2024-05-13T13:38:26.097Z,3.941499999999973,
16,2024-05-13T13:38:27.097Z,3.943999999999974,
16,2024-05-13T13:38:28.097Z,3.9437999999999747,
16,2024-05-13T13:38:29.097Z,4.129499999999975,
16,2024-05-13T13:38:30.097Z,4.129599999999975,
16,2024-05-13T13:38:31.097Z,4.126499999999975,
16,2024-05-13T13:38:32.097Z,4.123099999999976,
16,2024-05-13T13:38:33.097Z,4.123199999999976,
16,2024-05-13T13:38:34.097Z,4.121699999999976,
16,2024-05-13T13:38:35.097Z,4.1217999999999755,
16,2024-05-13T13:38:36.097Z,4.121899999999975,
16,2024-05-13T13:38:37.097Z,4.121999999999975,
16,2024-05-13T13:38:38.097Z,4.122099999999975,
16,2024-05-13T13:38:39.097Z,4.115899999999975,
16,2024-05-13T13:38:40.097Z,4.134799999999974,
16,2024-05-13T13:38:41.097Z,4.134899999999973,
16,2024-05-13T13:38:42.097Z,4.134999999999973,
16,2024-05-13T13:38:43.097Z,4.129999999999974,
16,2024-05-13T13:38:44.097Z,6.554899999999975,
16,2024-05-13T13:38:45.097Z,6.554999999999975,
16,2024-05-13T13:38:46.097Z,6.555099999999975,
16,2024-05-13T13:38:47.097Z,6.555999999999976,
16,2024-05-13T13:38:48.097Z,6.556499999999975,
16,2024-05-13T13:38:49.097Z,6.562199999999976,
16,2024-05-13T13:38:50.097Z,6.5618999999999765,
16,2024-05-13T13:38:51.097Z,6.580899999999975,
16,2024-05-13T13:38:52.097Z,6.580999999999975,
16,2024-05-13T13:38:53.097Z,6.581099999999974,
16,2024-05-13T13:38:54.097Z,6.581199999999974,
16,2024-05-13T13:38:55.097Z,6.581299999999974,
16,2024-05-13T13:38:56.097Z,6.581399999999974,
16,2024-05-13T13:38:57.097Z,6.5814999999999735,
16,2024-05-13T13:38:58.097Z,6.581599999999973,
16,2024-05-13T13:38:59.097Z,6.581699999999973,
16,2024-05-13T13:39:00.097Z,6.581799999999973,
16,2024-05-13T13:39:01.097Z,6.5818999999999726,
16,2024-05-13T13:39:02.097Z,6.581599999999973,
16,2024-05-13T13:39:03.097Z,6.581699999999973,
16,2024-05-13T13:39:04.097Z,6.581799999999973,
16,2024-05-13T13:39:05.097Z,6.5818999999999726,
16,2024-05-13T13:39:06.097Z,6.581999999999972,
16,2024-05-13T13:39:07.097Z,6.582099999999972,
16,2024-05-13T13:39:08.097Z,6.588199999999972,
16,2024-05-13T13:39:09.097Z,6.587499999999974,
16,2024-05-13T13:39:10.097Z,6.605999999999973,
16,2024-05-13T13:39:11.097Z,4.336899999999975,
16,2024-05-13T13:39:12.097Z,4.336999999999975,
16,2024-05-13T13:39:13.097Z,4.337099999999975,
16,2024-05-13T13:39:14.097Z,4.336399999999976,
16,2024-05-13T13:39:15.097Z,4.349199999999975,
16,2024-05-13T13:39:16.097Z,4.349299999999975,
16,2024-05-13T13:39:17.097Z,4.349399999999974,
16,2024-05-13T13:39:18.097Z,4.349499999999974,
16,2024-05-13T13:39:19.097Z,4.349599999999974,
16,2024-05-13T13:39:20.097Z,4.349699999999974,
16,2024-05-13T13:39:21.097Z,4.3497999999999735,
16,2024-05-13T13:39:22.097Z,4.349899999999973,
16,2024-05-13T13:39:23.097Z,4.349999999999973,
16,2024-05-13T13:39:24.097Z,4.350099999999973,
16,2024-05-13T13:39:25.097Z,4.3501999999999725,
16,2024-05-13T13:39:26.097Z,4.350299999999972,
16,2024-05-13T13:39:27.097Z,4.350399999999972,
16,2024-05-13T13:39:28.097Z,4.350499999999972,
16,2024-05-13T13:39:29.097Z,4.350599999999972,
16,2024-05-13T13:39:30.097Z,4.350699999999971,
16,2024-05-13T13:39:31.097Z,4.350799999999971,
16,2024-05-13T13:39:32.097Z,4.350899999999971,
16,2024-05-13T13:39:33.097Z,4.350999999999971,
16,2024-05-13T13:39:34.097Z,4.35109999999997,
16,2024-05-13T13:39:35.097Z,4.35119999999997,
16,2024-05-13T13:39:36.097Z,4.35129999999997,
16,2024-05-13T13:39:37.097Z,4.35139999999997,
16,2024-05-13T13:39:38.097Z,4.3514999999999695,
16,2024-05-13T13:39:39.097Z,4.351599999999969,
16,2024-05-13T13:39:40.097Z,4.351699999999969,
16,2024-05-13T13:39:41.097Z,4.351799999999969,
16,2024-05-13T13:39:42.097Z,4.351899999999969,
16,2024-05-13T13:39:43.097Z,4.351999999999968,
16,2024-05-13T13:39:44.097Z,4.352099999999968,
16,2024-05-13T13:39:45.097Z,4.352199999999968,
16,2024-05-13T13:39:46.097Z,4.352299999999968,
16,2024-05-13T13:39:47.097Z,4.350799999999968,
16,2024-05-13T13:39:48.097Z,4.363699999999966,
16,2024-05-13T13:39:49.097Z,4.363799999999966,
16,2024-05-13T13:39:50.097Z,4.3638999999999655,
16,2024-05-13T13:39:51.097Z,4.360799999999966,
16,2024-05-13T13:39:52.097Z,4.361099999999965,
16,2024-05-13T13:39:53.097Z,4.3603999999999665,
16,2024-05-13T13:39:54.097Z,4.392499999999966,
16,2024-05-13T13:39:55.097Z,4.392599999999966,
16,2024-05-13T13:39:56.097Z,4.406799999999965,
16,2024-05-13T13:39:57.097Z,4.406899999999965,
16,2024-05-13T13:39:58.097Z,4.4069999999999645,
16,2024-05-13T13:39:59.097Z,4.407099999999964,
16,2024-05-13T13:40:00.097Z,4.407199999999964,
16,2024-05-13T13:40:01.097Z,4.407299999999964,
16,2024-05-13T13:40:02.097Z,4.407399999999964,
16,2024-05-13T13:40:03.097Z,4.407499999999963,
16,2024-05-13T13:40:04.097Z,4.407599999999963,
16,2024-05-13T13:40:05.097Z,4.407699999999963,
16,2024-05-13T13:40:06.097Z,4.407799999999963,
16,2024-05-13T13:40:07.097Z,4.407599999999963,
16,2024-05-13T13:40:08.097Z,4.407699999999963,
16,2024-05-13T13:40:09.097Z,4.407799999999963,
16,2024-05-13T13:40:10.097Z,4.407899999999962,
16,2024-05-13T13:40:11.097Z,4.407999999999962,
16,2024-05-13T13:40:12.097Z,4.408099999999962,
16,2024-05-13T13:40:13.097Z,4.408199999999962,
16,2024-05-13T13:40:14.097Z,4.4082999999999615,
16,2024-05-13T13:40:15.097Z,4.408399999999961,
16,2024-05-13T13:40:16.097Z,4.408499999999961,
16,2024-05-13T13:40:17.097Z,4.40299999999996,
16,2024-05-13T13:40:18.097Z,4.403099999999959,
16,2024-05-13T13:40:19.097Z,4.403199999999959,
16,2024-05-13T13:40:20.097Z,4.403299999999959,
16,2024-05-13T13:40:21.097Z,4.403399999999959,
16,2024-05-13T13:40:22.097Z,4.4034999999999584,
16,2024-05-13T13:40:23.097Z,4.403599999999958,
16,2024-05-13T13:40:24.097Z,4.403699999999958,
16,2024-05-13T13:40:25.097Z,4.403799999999958,
16,2024-05-13T13:40:26.097Z,4.4038999999999575,
16,2024-05-13T13:40:27.097Z,4.403999999999957,
16,2024-05-13T13:40:28.097Z,4.404099999999957,
16,2024-05-13T13:40:29.097Z,4.404199999999957,
16,2024-05-13T13:40:30.097Z,4.404299999999957,
16,2024-05-13T13:40:31.097Z,4.404399999999956,
16,2024-05-13T13:40:32.097Z,4.404499999999956,
16,2024-05-13T13:40:33.097Z,4.404299999999957,
16,2024-05-13T13:40:34.097Z,4.404399999999956,
16,2024-05-13T13:40:35.097Z,4.404499999999956,
16,2024-05-13T13:40:36.097Z,4.404599999999956,
16,2024-05-13T13:40:37.097Z,4.404699999999956,
16,2024-05-13T13:40:38.097Z,4.404799999999955,
16,2024-05-13T13:40:39.097Z,4.404899999999955,
16,2024-05-13T13:40:40.097Z,4.404999999999955,
16,2024-05-13T13:40:41.097Z,4.405099999999955,
16,2024-05-13T13:40:42.097Z,4.4051999999999545,
16,2024-05-13T13:40:43.097Z,4.405299999999954,
16,2024-05-13T13:40:44.097Z,4.405399999999954,
16,2024-05-13T13:40:45.097Z,4.405499999999954,
16,2024-05-13T13:40:46.097Z,4.4055999999999536,
16,2024-05-13T13:40:47.097Z,4.405699999999953,
16,2024-05-13T13:40:48.097Z,4.408699999999953,
16,2024-05-13T13:40:49.097Z,4.408799999999953,
16,2024-05-13T13:40:50.097Z,4.408899999999953,
16,2024-05-13T13:40:51.097Z,4.408999999999953,
16,2024-05-13T13:40:52.097Z,4.4090999999999525,
16,2024-05-13T13:40:53.097Z,4.409199999999952,
16,2024-05-13T13:40:54.097Z,4.402899999999953,
16,2024-05-13T13:40:55.097Z,4.425299999999954,
16,2024-05-13T13:40:56.097Z,4.425599999999953,
16,2024-05-13T13:40:57.097Z,4.425699999999953,
16,2024-05-13T13:40:58.097Z,4.425799999999953,
16,2024-05-13T13:40:59.097Z,4.425899999999952,
16,2024-05-13T13:41:00.097Z,4.425999999999952,
16,2024-05-13T13:41:01.097Z,4.426099999999952,
16,2024-05-13T13:41:02.097Z,4.426199999999952,
16,2024-05-13T13:41:03.097Z,4.4262999999999515,
16,2024-05-13T13:41:04.097Z,4.426399999999951,
16,2024-05-13T13:41:05.097Z,4.426499999999951,
16,2024-05-13T13:41:06.097Z,4.426599999999951,
16,2024-05-13T13:41:07.097Z,4.426699999999951,
17,2024-05-13T13:30:37.097Z,26.3,
17,2024-05-13T13:30:38.097Z,26.2809,
17,2024-05-13T13:30:39.097Z,26.2814,
17,2024-05-13T13:30:40.097Z,26.2815,
17,2024-05-13T13:30:41.097Z,26.2752,
17,2024-05-13T13:30:42.097Z,26.2911,
17,2024-05-13T13:30:43.097Z,26.2912,
17,2024-05-13T13:30:44.097Z,26.2913,
17,2024-05-13T13:30:45.097Z,26.2914,
17,2024-05-13T13:30:46.097Z,26.2915,
17,2024-05-13T13:30:47.097Z,26.2852,
17,2024-05-13T13:30:48.097Z,26.2845,
17,2024-05-13T13:30:49.097Z,24.729400000000002,
17,2024-05-13T13:30:50.097Z,24.7295,
17,2024-05-13T13:30:51.097Z,24.729200000000002,
17,2024-05-13T13:30:52.097Z,22.278100000000002,
17,2024-05-13T13:30:53.097Z,22.278200000000002,
17,2024-05-13T13:30:54.097Z,22.2783,
17,2024-05-13T13:30:55.097Z,22.2784,
17,2024-05-13T13:30:56.097Z,22.2785,
17,2024-05-13T13:30:57.097Z,22.2786,
17,2024-05-13T13:30:58.097Z,22.2785,
17,2024-05-13T13:30:59.097Z,22.297,
17,2024-05-13T13:31:00.097Z,22.2969,
17,2024-05-13T13:31:01.097Z,22.297,
17,2024-05-13T13:31:02.097Z,22.2971,
17,2024-05-13T13:31:03.097Z,22.2972,
17,2024-05-13T13:31:04.097Z,22.2973,
17,2024-05-13T13:31:05.097Z,22.2974,
17,2024-05-13T13:31:06.097Z,22.2975,
17,2024-05-13T13:31:07.097Z,22.2976,
17,2024-05-13T13:31:08.097Z,22.2977,
17,2024-05-13T13:31:09.097Z,22.2978,
17,2024-05-13T13:31:10.097Z,22.2979,
17,2024-05-13T13:31:11.097Z,22.298,
17,2024-05-13T13:31:12.097Z,22.298099999999998,
17,2024-05-13T13:31:13.097Z,22.298199999999998,
17,2024-05-13T13:31:14.097Z,22.298299999999998,
17,2024-05-13T13:31:15.097Z,22.298399999999997,
17,2024-05-13T13:31:16.097Z,22.298499999999997,
17,2024-05-13T13:31:17.097Z,22.298599999999997,
17,2024-05-13T13:31:18.097Z,22.298699999999997,
17,2024-05-13T13:31:19.097Z,22.298799999999996,
17,2024-05-13T13:31:20.097Z,22.298899999999996,
17,2024-05-13T13:31:21.097Z,22.298999999999996,
17,2024-05-13T13:31:22.097Z,22.299099999999996,
17,2024-05-13T13:31:23.097Z,22.299199999999995,
17,2024-05-13T13:31:24.097Z,22.299299999999995,
17,2024-05-13T13:31:25.097Z,22.299399999999995,
17,2024-05-13T13:31:26.097Z,22.299499999999995,
17,2024-05-13T13:31:27.097Z,22.299599999999995,
17,2024-05-13T13:31:28.097Z,22.299699999999994,
17,2024-05-13T13:31:29.097Z,22.299799999999994,
17,2024-05-13T13:31:30.097Z,22.299899999999994,
17,2024-05-13T13:31:31.097Z,22.299999999999994,
17,2024-05-13T13:31:32.097Z,22.298499999999994,
17,2024-05-13T13:31:33.097Z,21.901799999999994,
17,2024-05-13T13:31:34.097Z,21.901899999999994,
17,2024-05-13T13:31:35.097Z,21.907999999999994,
17,2024-05-13T13:31:36.097Z,21.903299999999994,
17,2024-05-13T13:31:37.097Z,22.299299999999995,
17,2024-05-13T13:31:38.097Z,22.30079999999999,
17,2024-05-13T13:31:39.097Z,22.30089999999999,
17,2024-05-13T13:31:40.097Z,22.30099999999999,
17,2024-05-13T13:31:41.097Z,22.30109999999999,
17,2024-05-13T13:31:42.097Z,22.30089999999999,
17,2024-05-13T13:31:43.097Z,22.318599999999993,
17,2024-05-13T13:31:44.097Z,22.407999999999994,
17,2024-05-13T13:31:45.097Z,17.506199999999993,
17,2024-05-13T13:31:46.097Z,17.522299999999994,
17,2024-05-13T13:31:47.097Z,17.520799999999994,
17,2024-05-13T13:31:48.097Z,17.52089999999999,
17,2024-05-13T13:31:49.097Z,17.520999999999994,
17,2024-05-13T13:31:50.097Z,17.52109999999999,
17,2024-05-13T13:31:51.097Z,17.521199999999993,
17,2024-05-13T13:31:52.097Z,17.519699999999993,
17,2024-05-13T13:31:53.097Z,17.53579999999999,
17,2024-05-13T13:31:54.097Z,17.53589999999999,
17,2024-05-13T13:31:55.097Z,17.53879999999999,
17,2024-05-13T13:31:56.097Z,17.53729999999999,
17,2024-05-13T13:31:57.097Z,17.55619999999999,
17,2024-05-13T13:31:58.097Z,17.556299999999993,
17,2024-05-13T13:31:59.097Z,17.557799999999993,
17,2024-05-13T13:32:00.097Z,17.55789999999999,
17,2024-05-13T13:32:01.097Z,17.557999999999993,
17,2024-05-13T13:32:02.097Z,17.55809999999999,
17,2024-05-13T13:32:03.097Z,17.558199999999992,
17,2024-05-13T13:32:04.097Z,17.55829999999999,
17,2024-05-13T13:32:05.097Z,17.557999999999993,
17,2024-05-13T13:32:06.097Z,15.490899999999991,
17,2024-05-13T13:32:07.097Z,15.484599999999991,
17,2024-05-13T13:32:08.097Z,15.46709999999999,
17,2024-05-13T13:32:09.097Z,15.46399999999999,
17,2024-05-13T13:32:10.097Z,15.65579999999999,
17,2024-05-13T13:32:11.097Z,15.67349999999999,
17,2024-05-13T13:32:12.097Z,15.67199999999999,
17,2024-05-13T13:32:13.097Z,15.64649999999999,
17,2024-05-13T13:32:14.097Z,15.67859999999999,
17,2024-05-13T13:32:15.097Z,15.67549999999999,
17,2024-05-13T13:32:16.097Z,15.675199999999991,
17,2024-05-13T13:32:17.097Z,15.675299999999991,
17,2024-05-13T13:32:18.097Z,15.675099999999992,
17,2024-05-13T13:32:19.097Z,15.693999999999992,
17,2024-05-13T13:32:20.097Z,15.697099999999992,
17,2024-05-13T13:32:21.097Z,15.695499999999992,
17,2024-05-13T13:32:22.097Z,15.714799999999991,
17,2024-05-13T13:32:23.097Z,15.733299999999991,
17,2024-05-13T13:32:24.097Z,15.73339999999999,
17,2024-05-13T13:32:25.097Z,15.73029999999999,
17,2024-05-13T13:32:26.097Z,14.10479999999999,
17,2024-05-13T13:32:27.097Z,14.08569999999999,
17,2024-05-13T13:32:28.097Z,14.08579999999999,
17,2024-05-13T13:32:29.097Z,14.08509999999999,
17,2024-05-13T13:32:30.097Z,14.89119999999999,
17,2024-05-13T13:32:31.097Z,14.915299999999991,
17,2024-05-13T13:32:32.097Z,14.915399999999991,
17,2024-05-13T13:32:33.097Z,14.91709999999999,
17,2024-05-13T13:32:34.097Z,14.91649999999999,
17,2024-05-13T13:32:35.097Z,15.30699999999999,
17,2024-05-13T13:32:36.097Z,15.34519999999999,
17,2024-05-13T13:32:37.097Z,15.74169999999999,
17,2024-05-13T13:32:38.097Z,13.376999999999988,
17,2024-05-13T13:32:39.097Z,13.376899999999988,
17,2024-05-13T13:32:40.097Z,13.376999999999988,
17,2024-05-13T13:32:41.097Z,13.377199999999988,
17,2024-05-13T13:32:42.097Z,12.570899999999988,
17,2024-05-13T13:32:43.097Z,12.759799999999988,
17,2024-05-13T13:32:44.097Z,12.772699999999988,
17,2024-05-13T13:32:45.097Z,12.772799999999988,
17,2024-05-13T13:32:46.097Z,12.772899999999987,
17,2024-05-13T13:32:47.097Z,12.773399999999988,
17,2024-05-13T13:32:48.097Z,12.773499999999988,
17,2024-05-13T13:32:49.097Z,12.774099999999988,
17,2024-05-13T13:32:50.097Z,12.771799999999988,
17,2024-05-13T13:32:51.097Z,12.789899999999989,
17,2024-05-13T13:32:52.097Z,12.78739999999999,
17,2024-05-13T13:32:53.097Z,12.78109999999999,
17,2024-05-13T13:32:54.097Z,12.77479999999999,
17,2024-05-13T13:32:55.097Z,12.77619999999999,
17,2024-05-13T13:32:56.097Z,12.77309999999999,
17,2024-05-13T13:32:57.097Z,13.57939999999999,
17,2024-05-13T13:32:58.097Z,14.385699999999991,
17,2024-05-13T13:32:59.097Z,14.38739999999999,
17,2024-05-13T13:33:00.097Z,14.38429999999999,
17,2024-05-13T13:33:01.097Z,14.384899999999991,
17,2024-05-13T13:33:02.097Z,14.381799999999991,
17,2024-05-13T13:33:03.097Z,14.425899999999992,
17,2024-05-13T13:33:04.097Z,14.425999999999991,
17,2024-05-13T13:33:05.097Z,14.426099999999991,
17,2024-05-13T13:33:06.097Z,14.425899999999992,
17,2024-05-13T13:33:07.097Z,14.435599999999992,
17,2024-05-13T13:33:08.097Z,11.992499999999993,
17,2024-05-13T13:33:09.097Z,11.992599999999992,
17,2024-05-13T13:33:10.097Z,11.992699999999992,
17,2024-05-13T13:33:11.097Z,11.992799999999992,
17,2024-05-13T13:33:12.097Z,11.992899999999992,
17,2024-05-13T13:33:13.097Z,12.624999999999991,
17,2024-05-13T13:33:14.097Z,12.643899999999991,
17,2024-05-13T13:33:15.097Z,12.643999999999991,
17,2024-05-13T13:33:16.097Z,12.644099999999991,
17,2024-05-13T13:33:17.097Z,12.64419999999999,
17,2024-05-13T13:33:18.097Z,12.64449999999999,
17,2024-05-13T13:33:19.097Z,12.64459999999999,
17,2024-05-13T13:33:20.097Z,12.64469999999999,
17,2024-05-13T13:33:21.097Z,12.64479999999999,
17,2024-05-13T13:33:22.097Z,12.64489999999999,
17,2024-05-13T13:33:23.097Z,12.644999999999989,
17,2024-05-13T13:33:24.097Z,12.645099999999989,
17,2024-05-13T13:33:25.097Z,12.645199999999988,
17,2024-05-13T13:33:26.097Z,12.645299999999988,
17,2024-05-13T13:33:27.097Z,12.663799999999988,
17,2024-05-13T13:33:28.097Z,12.663899999999988,
17,2024-05-13T13:33:29.097Z,12.663799999999988,
17,2024-05-13T13:33:30.097Z,12.663899999999988,
17,2024-05-13T13:33:31.097Z,12.663999999999987,
17,2024-05-13T13:33:32.097Z,12.664099999999987,
17,2024-05-13T13:33:33.097Z,12.682999999999987,
17,2024-05-13T13:33:34.097Z,12.683099999999987,
17,2024-05-13T13:33:35.097Z,12.689399999999987,
17,2024-05-13T13:33:36.097Z,12.689499999999986,
17,2024-05-13T13:33:37.097Z,12.689599999999986,
17,2024-05-13T13:33:38.097Z,12.689699999999986,
17,2024-05-13T13:33:39.097Z,12.689799999999986,
17,2024-05-13T13:33:40.097Z,12.689899999999986,
17,2024-05-13T13:33:41.097Z,12.689999999999985,
17,2024-05-13T13:33:42.097Z,12.690099999999985,
17,2024-05-13T13:33:43.097Z,12.683799999999986,
17,2024-05-13T13:33:44.097Z,12.701499999999985,
17,2024-05-13T13:33:45.097Z,12.701599999999985,
17,2024-05-13T13:33:46.097Z,12.720099999999984,
17,2024-05-13T13:33:47.097Z,12.720199999999984,
17,2024-05-13T13:33:48.097Z,12.720299999999984,
17,2024-05-13T13:33:49.097Z,12.720399999999984,
17,2024-05-13T13:33:50.097Z,12.720499999999983,
17,2024-05-13T13:33:51.097Z,12.720599999999983,
17,2024-05-13T13:33:52.097Z,12.719099999999983,
17,2024-05-13T13:33:53.097Z,12.719699999999987,
17,2024-05-13T13:33:54.097Z,12.719799999999987,
17,2024-05-13T13:33:55.097Z,12.719899999999987,
17,2024-05-13T13:33:56.097Z,12.719999999999986,
17,2024-05-13T13:33:57.097Z,12.720099999999986,
17,2024-05-13T13:33:58.097Z,12.720199999999986,
17,2024-05-13T13:33:59.097Z,12.719499999999986,
17,2024-05-13T13:34:00.097Z,12.719599999999986,
17,2024-05-13T13:34:01.097Z,12.719699999999985,
17,2024-05-13T13:34:02.097Z,12.719799999999985,
17,2024-05-13T13:34:03.097Z,12.719699999999985,
17,2024-05-13T13:34:04.097Z,13.063799999999985,
17,2024-05-13T13:34:05.097Z,13.146199999999984,
17,2024-05-13T13:34:06.097Z,13.147599999999985,
17,2024-05-13T13:34:07.097Z,9.893099999999986,
17,2024-05-13T13:34:08.097Z,9.886799999999987,
17,2024-05-13T13:34:09.097Z,9.905299999999986,
17,2024-05-13T13:34:10.097Z,9.905399999999986,
17,2024-05-13T13:34:11.097Z,9.905499999999986,
17,2024-05-13T13:34:12.097Z,9.905599999999986,
17,2024-05-13T13:34:13.097Z,9.905699999999985,
17,2024-05-13T13:34:14.097Z,9.905799999999985,
17,2024-05-13T13:34:15.097Z,9.905899999999985,
17,2024-05-13T13:34:16.097Z,9.905999999999985,
17,2024-05-13T13:34:17.097Z,9.906099999999984,
17,2024-05-13T13:34:18.097Z,9.912399999999984,
17,2024-05-13T13:34:19.097Z,9.912499999999984,
17,2024-05-13T13:34:20.097Z,9.912599999999983,
17,2024-05-13T13:34:21.097Z,9.912699999999983,
17,2024-05-13T13:34:22.097Z,9.915599999999984,
17,2024-05-13T13:34:23.097Z,9.912499999999984,
17,2024-05-13T13:34:24.097Z,9.893399999999982,
17,2024-05-13T13:34:25.097Z,9.890299999999982,
17,2024-05-13T13:34:26.097Z,9.907999999999983,
17,2024-05-13T13:34:27.097Z,9.906499999999983,
17,2024-05-13T13:34:28.097Z,9.906599999999983,
17,2024-05-13T13:34:29.097Z,9.906699999999983,
17,2024-05-13T13:34:30.097Z,9.906599999999983,
17,2024-05-13T13:34:31.097Z,9.887499999999982,
17,2024-05-13T13:34:32.097Z,9.89239999999998,
17,2024-05-13T13:34:33.097Z,9.89249999999998,
17,2024-05-13T13:34:34.097Z,9.892299999999981,
17,2024-05-13T13:34:35.097Z,9.908399999999983,
17,2024-05-13T13:34:36.097Z,9.908499999999982,
17,2024-05-13T13:34:37.097Z,9.908599999999982,
17,2024-05-13T13:34:38.097Z,9.908699999999982,
17,2024-05-13T13:34:39.097Z,9.908799999999982,
17,2024-05-13T13:34:40.097Z,9.908899999999981,
17,2024-05-13T13:34:41.097Z,9.908999999999981,
17,2024-05-13T13:34:42.097Z,9.909099999999981,
17,2024-05-13T13:34:43.097Z,9.90919999999998,
17,2024-05-13T13:34:44.097Z,9.90929999999998,
17,2024-05-13T13:34:45.097Z,9.90939999999998,
17,2024-05-13T13:34:46.097Z,9.908699999999982,
17,2024-05-13T13:34:47.097Z,9.939199999999978,
17,2024-05-13T13:34:48.097Z,9.939299999999978,
17,2024-05-13T13:34:49.097Z,9.939399999999978,
17,2024-05-13T13:34:50.097Z,9.939299999999978,
17,2024-05-13T13:34:51.097Z,9.939399999999978,
17,2024-05-13T13:34:52.097Z,9.933099999999978,
17,2024-05-13T13:34:53.097Z,6.668999999999979,
17,2024-05-13T13:34:54.097Z,4.224299999999978,
17,2024-05-13T13:34:55.097Z,4.217999999999979,
17,2024-05-13T13:34:56.097Z,4.229299999999977,
17,2024-05-13T13:34:57.097Z,4.229399999999977,
17,2024-05-13T13:34:58.097Z,4.229499999999977,
17,2024-05-13T13:34:59.097Z,4.2295999999999765,
17,2024-05-13T13:35:00.097Z,4.229699999999976,
17,2024-05-13T13:35:01.097Z,4.2295999999999765,
17,2024-05-13T13:35:02.097Z,4.229699999999976,
17,2024-05-13T13:35:03.097Z,4.229799999999976,
17,2024-05-13T13:35:04.097Z,4.229899999999976,
17,2024-05-13T13:35:05.097Z,4.229699999999976,
17,2024-05-13T13:35:06.097Z,4.247399999999978,
17,2024-05-13T13:35:07.097Z,4.247499999999977,
17,2024-05-13T13:35:08.097Z,4.247599999999977,
17,2024-05-13T13:35:09.097Z,4.247699999999977,
17,2024-05-13T13:35:10.097Z,4.247799999999977,
17,2024-05-13T13:35:11.097Z,4.2478999999999765,
17,2024-05-13T13:35:12.097Z,4.247999999999976,
17,2024-05-13T13:35:13.097Z,4.248099999999976,
17,2024-05-13T13:35:14.097Z,4.248199999999976,
17,2024-05-13T13:35:15.097Z,4.245099999999976,
17,2024-05-13T13:35:16.097Z,4.245199999999976,
17,2024-05-13T13:35:17.097Z,4.245299999999975,
17,2024-05-13T13:35:18.097Z,4.245399999999975,
17,2024-05-13T13:35:19.097Z,4.250299999999974,
17,2024-05-13T13:35:20.097Z,4.249999999999975,
17,2024-05-13T13:35:21.097Z,4.250099999999975,
17,2024-05-13T13:35:22.097Z,4.250199999999975,
17,2024-05-13T13:35:23.097Z,4.250299999999974,
17,2024-05-13T13:35:24.097Z,4.250399999999974,
17,2024-05-13T13:35:25.097Z,4.250499999999974,
17,2024-05-13T13:35:26.097Z,4.250599999999974,
17,2024-05-13T13:35:27.097Z,4.2506999999999735,
17,2024-05-13T13:35:28.097Z,4.250799999999973,
17,2024-05-13T13:35:29.097Z,4.250899999999973,
17,2024-05-13T13:35:30.097Z,4.250999999999973,
17,2024-05-13T13:35:31.097Z,4.251099999999973,
17,2024-05-13T13:35:32.097Z,4.251199999999972,
17,2024-05-13T13:35:33.097Z,4.251299999999972,
17,2024-05-13T13:35:34.097Z,4.251399999999972,
17,2024-05-13T13:35:35.097Z,4.251499999999972,
17,2024-05-13T13:35:36.097Z,4.251599999999971,
17,2024-05-13T13:35:37.097Z,4.251699999999971,
17,2024-05-13T13:35:38.097Z,4.251799999999971,
17,2024-05-13T13:35:39.097Z,4.251899999999971,
17,2024-05-13T13:35:40.097Z,4.2519999999999705,
17,2024-05-13T13:35:41.097Z,4.25209999999997,
17,2024-05-13T13:35:42.097Z,4.25219999999997,
17,2024-05-13T13:35:43.097Z,4.25229999999997,
17,2024-05-13T13:35:44.097Z,4.2523999999999695,
17,2024-05-13T13:35:45.097Z,4.252499999999969,
17,2024-05-13T13:35:46.097Z,4.252599999999969,
17,2024-05-13T13:35:47.097Z,4.252699999999969,
17,2024-05-13T13:35:48.097Z,4.252799999999969,
17,2024-05-13T13:35:49.097Z,4.252899999999968,
17,2024-05-13T13:35:50.097Z,4.252999999999968,
17,2024-05-13T13:35:51.097Z,4.253099999999968,
17,2024-05-13T13:35:52.097Z,4.253199999999968,
17,2024-05-13T13:35:53.097Z,4.253299999999967,
17,2024-05-13T13:35:54.097Z,4.253399999999967,
17,2024-05-13T13:35:55.097Z,4.253499999999967,
17,2024-05-13T13:35:56.097Z,4.253599999999967,
17,2024-05-13T13:35:57.097Z,4.2536999999999665,
17,2024-05-13T13:35:58.097Z,4.253799999999966,
17,2024-05-13T13:35:59.097Z,4.253899999999966,
17,2024-05-13T13:36:00.097Z,4.253999999999966,
17,2024-05-13T13:36:01.097Z,4.254099999999966,
17,2024-05-13T13:36:02.097Z,4.254199999999965,
17,2024-05-13T13:36:03.097Z,4.254299999999965,
17,2024-05-13T13:36:04.097Z,4.254399999999965,
17,2024-05-13T13:36:05.097Z,4.254499999999965,
17,2024-05-13T13:36:06.097Z,4.254599999999964,
17,2024-05-13T13:36:07.097Z,4.254699999999964,
17,2024-05-13T13:36:08.097Z,4.254499999999965,
17,2024-05-13T13:36:09.097Z,4.255899999999965,
17,2024-05-13T13:36:10.097Z,4.249599999999965,
17,2024-05-13T13:36:11.097Z,4.249699999999965,
17,2024-05-13T13:36:12.097Z,5.049399999999967,
17,2024-05-13T13:36:13.097Z,5.049499999999966,
17,2024-05-13T13:36:14.097Z,5.049599999999966,
17,2024-05-13T13:36:15.097Z,5.049699999999966,
17,2024-05-13T13:36:16.097Z,5.049799999999966,
17,2024-05-13T13:36:17.097Z,5.049899999999965,
17,2024-05-13T13:36:18.097Z,5.049999999999965,
17,2024-05-13T13:36:19.097Z,5.043699999999966,
17,2024-05-13T13:36:20.097Z,5.046199999999967,
17,2024-05-13T13:36:21.097Z,5.046299999999967,
17,2024-05-13T13:36:22.097Z,5.0463999999999665,
17,2024-05-13T13:36:23.097Z,5.046499999999966,
17,2024-05-13T13:36:24.097Z,5.046599999999966,
17,2024-05-13T13:36:25.097Z,5.046699999999966,
17,2024-05-13T13:36:26.097Z,5.045999999999967,
17,2024-05-13T13:36:27.097Z,5.026899999999966,
17,2024-05-13T13:36:28.097Z,5.0269999999999655,
17,2024-05-13T13:36:29.097Z,5.027099999999965,
17,2024-05-13T13:36:30.097Z,5.025399999999966,
17,2024-05-13T13:36:31.097Z,5.828699999999966,
17,2024-05-13T13:36:32.097Z,6.019199999999966,
17,2024-05-13T13:36:33.097Z,6.044599999999967,
17,2024-05-13T13:36:34.097Z,3.6190999999999676,
17,2024-05-13T13:36:35.097Z,3.6191999999999673,
17,2024-05-13T13:36:36.097Z,3.619299999999967,
17,2024-05-13T13:36:37.097Z,3.619399999999967,
17,2024-05-13T13:36:38.097Z,3.624299999999966,
17,2024-05-13T13:36:39.097Z,3.624399999999966,
17,2024-05-13T13:36:40.097Z,3.6244999999999656,
17,2024-05-13T13:36:41.097Z,3.6245999999999654,
17,2024-05-13T13:36:42.097Z,3.624699999999965,
17,2024-05-13T13:36:43.097Z,3.624699999999965,
17,2024-05-13T13:36:44.097Z,3.6248999999999647,
17,2024-05-13T13:36:45.097Z,3.6249999999999645,
17,2024-05-13T13:36:46.097Z,3.6250999999999642,
17,2024-05-13T13:36:47.097Z,3.625199999999964,
17,2024-05-13T13:36:48.097Z,3.6238999999999635,
17,2024-05-13T13:36:49.097Z,4.001299999999965,
17,2024-05-13T13:36:50.097Z,4.000999999999966,
17,2024-05-13T13:36:51.097Z,4.0010999999999655,
17,2024-05-13T13:36:52.097Z,4.002499999999966,
17,2024-05-13T13:36:53.097Z,4.0021999999999665,
17,2024-05-13T13:36:54.097Z,3.9990999999999666,
17,2024-05-13T13:36:55.097Z,3.979999999999965,
17,2024-05-13T13:36:56.097Z,3.9792999999999665,
17,2024-05-13T13:36:57.097Z,4.426599999999965,
17,2024-05-13T13:36:58.097Z,4.4450999999999645,
17,2024-05-13T13:36:59.097Z,4.440199999999965,
17,2024-05-13T13:37:00.097Z,2.981099999999966,
17,2024-05-13T13:37:01.097Z,3.0192999999999657,
17,2024-05-13T13:37:02.097Z,2.980999999999966,
17,2024-05-13T13:37:03.097Z,2.981099999999966,
17,2024-05-13T13:37:04.097Z,2.9807999999999666,
17,2024-05-13T13:37:05.097Z,2.9792999999999665,
17,2024-05-13T13:37:06.097Z,2.972999999999967,
17,2024-05-13T13:37:07.097Z,2.9914999999999665,
17,2024-05-13T13:37:08.097Z,2.991299999999967,
17,2024-05-13T13:37:09.097Z,2.9913999999999668,
17,2024-05-13T13:37:10.097Z,2.991699999999966,
17,2024-05-13T13:37:11.097Z,2.9915999999999663,
17,2024-05-13T13:37:12.097Z,3.0234999999999665,
17,2024-05-13T13:37:13.097Z,3.0235999999999663,
17,2024-05-13T13:37:14.097Z,3.023699999999966,
17,2024-05-13T13:37:15.097Z,3.023799999999966,
17,2024-05-13T13:37:16.097Z,3.0230999999999675,
17,2024-05-13T13:37:17.097Z,3.0231999999999672,
17,2024-05-13T13:37:18.097Z,3.023299999999967,
17,2024-05-13T13:37:19.097Z,3.023399999999967,
17,2024-05-13T13:37:20.097Z,3.0234999999999665,
17,2024-05-13T13:37:21.097Z,3.0235999999999663,
17,2024-05-13T13:37:22.097Z,3.023699999999966,
17,2024-05-13T13:37:23.097Z,3.023799999999966,
17,2024-05-13T13:37:24.097Z,3.0238999999999656,
17,2024-05-13T13:37:25.097Z,3.0239999999999654,
17,2024-05-13T13:37:26.097Z,3.024099999999965,
17,2024-05-13T13:37:27.097Z,3.0239999999999654,
17,2024-05-13T13:37:28.097Z,3.024099999999965,
17,2024-05-13T13:37:29.097Z,3.0273999999999646,
17,2024-05-13T13:37:30.097Z,3.0274999999999643,
17,2024-05-13T13:37:31.097Z,3.028099999999963,
17,2024-05-13T13:37:32.097Z,3.0231999999999637,
17,2024-05-13T13:37:33.097Z,3.022999999999964,
17,2024-05-13T13:37:34.097Z,3.0227999999999646,
17,2024-05-13T13:37:35.097Z,3.0228999999999644,
17,2024-05-13T13:37:36.097Z,3.022599999999965,
17,2024-05-13T13:37:37.097Z,3.0218999999999667,
17,2024-05-13T13:37:38.097Z,3.0219999999999665,
17,2024-05-13T13:37:39.097Z,3.0204999999999664,
17,2024-05-13T13:37:40.097Z,3.0189999999999664,
17,2024-05-13T13:37:41.097Z,3.0318999999999647,
17,2024-05-13T13:37:42.097Z,3.0380999999999645,
17,2024-05-13T13:37:43.097Z,3.031799999999965,
17,2024-05-13T13:37:44.097Z,3.8318999999999654,
17,2024-05-13T13:37:45.097Z,3.849599999999967,
17,2024-05-13T13:37:46.097Z,3.8496999999999666,
17,2024-05-13T13:37:47.097Z,3.851099999999967,
17,2024-05-13T13:37:48.097Z,3.8516999999999655,
17,2024-05-13T13:37:49.097Z,3.8517999999999653,
17,2024-05-13T13:37:50.097Z,3.8520999999999646,
17,2024-05-13T13:37:51.097Z,3.8521999999999643,
17,2024-05-13T13:37:52.097Z,3.851499999999966,
17,2024-05-13T13:37:53.097Z,3.8675999999999675,
17,2024-05-13T13:37:54.097Z,3.8676999999999673,
17,2024-05-13T13:37:55.097Z,3.866999999999969,
17,2024-05-13T13:37:56.097Z,3.8830999999999705,
17,2024-05-13T13:37:57.097Z,3.8831999999999702,
17,2024-05-13T13:37:58.097Z,3.88329999999997,
17,2024-05-13T13:37:59.097Z,3.8833999999999698,
17,2024-05-13T13:38:00.097Z,3.8826999999999714,
17,2024-05-13T13:38:01.097Z,3.898799999999973,
17,2024-05-13T13:38:02.097Z,3.8988999999999727,
17,2024-05-13T13:38:03.097Z,3.8989999999999725,
17,2024-05-13T13:38:04.097Z,3.8990999999999723,
17,2024-05-13T13:38:05.097Z,3.899199999999972,
17,2024-05-13T13:38:06.097Z,3.899299999999972,
17,2024-05-13T13:38:07.097Z,3.8993999999999716,
17,2024-05-13T13:38:08.097Z,3.8994999999999713,
17,2024-05-13T13:38:09.097Z,3.8997999999999706,
17,2024-05-13T13:38:10.097Z,3.8990999999999723,
17,2024-05-13T13:38:11.097Z,3.9167999999999736,
17,2024-05-13T13:38:12.097Z,3.916999999999973,
17,2024-05-13T13:38:13.097Z,3.923199999999973,
17,2024-05-13T13:38:14.097Z,3.9168999999999734,
17,2024-05-13T13:38:15.097Z,3.934599999999975,
17,2024-05-13T13:38:16.097Z,3.9342999999999755,
17,2024-05-13T13:38:17.097Z,3.947199999999974,
17,2024-05-13T13:38:18.097Z,3.9472999999999736,
17,2024-05-13T13:38:19.097Z,3.9473999999999734,
17,2024-05-13T13:38:20.097Z,3.947499999999973,
17,2024-05-13T13:38:21.097Z,3.9443999999999733,
17,2024-05-13T13:38:22.097Z,3.944499999999973,
17,2024-05-13T13:38:23.097Z,3.9451999999999714,
17,2024-05-13T13:38:24.097Z,3.945299999999971,
17,2024-05-13T13:38:25.097Z,3.944599999999973,
17,2024-05-13T13:38:26.097Z,3.941499999999973,
17,2024-05-13T13:38:27.097Z,3.943999999999974,
17,2024-05-13T13:38:28.097Z,3.9437999999999747,
17,2024-05-13T13:38:29.097Z,4.129499999999975,
17,2024-05-13T13:38:30.097Z,4.129599999999975,
17,2024-05-13T13:38:31.097Z,4.126499999999975,
17,2024-05-13T13:38:32.097Z,4.123099999999976,
17,2024-05-13T13:38:33.097Z,4.123199999999976,
17,2024-05-13T13:38:34.097Z,4.121699999999976,
17,2024-05-13T13:38:35.097Z,4.1217999999999755,
17,2024-05-13T13:38:36.097Z,4.121899999999975,
17,2024-05-13T13:38:37.097Z,4.121999999999975,
17,2024-05-13T13:38:38.097Z,4.122099999999975,
17,2024-05-13T13:38:39.097Z,4.115899999999975,
17,2024-05-13T13:38:40.097Z,4.134799999999974,
17,2024-05-13T13:38:41.097Z,4.134899999999973,
17,2024-05-13T13:38:42.097Z,4.134999999999973,
17,2024-05-13T13:38:43.097Z,4.129999999999974,
17,2024-05-13T13:38:44.097Z,6.554899999999975,
17,2024-05-13T13:38:45.097Z,6.554999999999975,
17,2024-05-13T13:38:46.097Z,6.555099999999975,
17,2024-05-13T13:38:47.097Z,6.555999999999976,
17,2024-05-13T13:38:48.097Z,6.556499999999975,
17,2024-05-13T13:38:49.097Z,6.562199999999976,
17,2024-05-13T13:38:50.097Z,6.5618999999999765,
17,2024-05-13T13:38:51.097Z,6.580899999999975,
17,2024-05-13T13:38:52.097Z,6.580999999999975,
17,2024-05-13T13:38:53.097Z,6.581099999999974,
17,2024-05-13T13:38:54.097Z,6.581199999999974,
17,2024-05-13T13:38:55.097Z,6.581299999999974,
17,2024-05-13T13:38:56.097Z,6.581399999999974,
17,2024-05-13T13:38:57.097Z,6.5814999999999735,
17,2024-05-13T13:38:58.097Z,6.581599999999973,
17,2024-05-13T13:38:59.097Z,6.581699999999973,
17,2024-05-13T13:39:00.097Z,6.581799999999973,
17,2024-05-13T13:39:01.097Z,6.5818999999999726,
17,2024-05-13T13:39:02.097Z,6.581599999999973,
17,2024-05-13T13:39:03.097Z,6.581699999999973,
17,2024-05-13T13:39:04.097Z,6.581799999999973,
17,2024-05-13T13:39:05.097Z,6.5818999999999726,
17,2024-05-13T13:39:06.097Z,6.581999999999972,
17,2024-05-13T13:39:07.097Z,6.582099999999972,
17,2024-05-13T13:39:08.097Z,6.588199999999972,
17,2024-05-13T13:39:09.097Z,6.587499999999974,
17,2024-05-13T13:39:10.097Z,6.605999999999973,
17,2024-05-13T13:39:11.097Z,4.336899999999975,
17,2024-05-13T13:39:12.097Z,4.336999999999975,
17,2024-05-13T13:39:13.097Z,4.337099999999975,
17,2024-05-13T13:39:14.097Z,4.336399999999976,
17,2024-05-13T13:39:15.097Z,4.349199999999975,
17,2024-05-13T13:39:16.097Z,4.349299999999975,
17,2024-05-13T13:39:17.097Z,4.349399999999974,
17,2024-05-13T13:39:18.097Z,4.349499999999974,
17,2024-05-13T13:39:19.097Z,4.349599999999974,
17,2024-05-13T13:39:20.097Z,4.349699999999974,
17,2024-05-13T13:39:21.097Z,4.3497999999999735,
17,2024-05-13T13:39:22.097Z,4.349899999999973,
17,2024-05-13T13:39:23.097Z,4.349999999999973,
17,2024-05-13T13:39:24.097Z,4.350099999999973,
17,2024-05-13T13:39:25.097Z,4.3501999999999725,
17,2024-05-13T13:39:26.097Z,4.350299999999972,
17,2024-05-13T13:39:27.097Z,4.350399999999972,
17,2024-05-13T13:39:28.097Z,4.350499999999972,
17,2024-05-13T13:39:29.097Z,4.350599999999972,
17,2024-05-13T13:39:30.097Z,4.350699999999971,
17,2024-05-13T13:39:31.097Z,4.350799999999971,
17,2024-05-13T13:39:32.097Z,4.350899999999971,
17,2024-05-13T13:39:33.097Z,4.350999999999971,
17,2024-05-13T13:39:34.097Z,4.35109999999997,
17,2024-05-13T13:39:35.097Z,4.35119999999997,
17,2024-05-13T13:39:36.097Z,4.35129999999997,
17,2024-05-13T13:39:37.097Z,4.35139999999997,
17,2024-05-13T13:39:38.097Z,4.3514999999999695,
17,2024-05-13T13:39:39.097Z,4.351599999999969,
17,2024-05-13T13:39:40.097Z,4.351699999999969,
17,2024-05-13T13:39:41.097Z,4.351799999999969,
17,2024-05-13T13:39:42.097Z,4.351899999999969,
17,2024-05-13T13:39:43.097Z,4.351999999999968,
17,2024-05-13T13:39:44.097Z,4.352099999999968,
17,2024-05-13T13:39:45.097Z,4.352199999999968,
17,2024-05-13T13:39:46.097Z,4.352299999999968,
17,2024-05-13T13:39:47.097Z,4.350799999999968,
17,2024-05-13T13:39:48.097Z,4.363699999999966,
17,2024-05-13T13:39:49.097Z,4.363799999999966,
17,2024-05-13T13:39:50.097Z,4.3638999999999655,
17,2024-05-13T13:39:51.097Z,4.360799999999966,
17,2024-05-13T13:39:52.097Z,4.361099999999965,
17,2024-05-13T13:39:53.097Z,4.3603999999999665,
17,2024-05-13T13:39:54.097Z,4.392499999999966,
17,2024-05-13T13:39:55.097Z,4.392599999999966,
17,2024-05-13T13:39:56.097Z,4.406799999999965,
17,2024-05-13T13:39:57.097Z,4.406899999999965,
17,2024-05-13T13:39:58.097Z,4.4069999999999645,
17,2024-05-13T13:39:59.097Z,4.407099999999964,
17,2024-05-13T13:40:00.097Z,4.407199999999964,
17,2024-05-13T13:40:01.097Z,4.407299999999964,
17,2024-05-13T13:40:02.097Z,4.407399999999964,
17,2024-05-13T13:40:03.097Z,4.407499999999963,
17,2024-05-13T13:40:04.097Z,4.407599999999963,
17,2024-05-13T13:40:05.097Z,4.407699999999963,
17,2024-05-13T13:40:06.097Z,4.407799999999963,
17,2024-05-13T13:40:07.097Z,4.407599999999963,
17,2024-05-13T13:40:08.097Z,4.407699999999963,
17,2024-05-13T13:40:09.097Z,4.407799999999963,
17,2024-05-13T13:40:10.097Z,4.407899999999962,
17,2024-05-13T13:40:11.097Z,4.407999999999962,
17,2024-05-13T13:40:12.097Z,4.408099999999962,
17,2024-05-13T13:40:13.097Z,4.408199999999962,
17,2024-05-13T13:40:14.097Z,4.4082999999999615,
17,2024-05-13T13:40:15.097Z,4.408399999999961,
17,2024-05-13T13:40:16.097Z,4.408499999999961,
17,2024-05-13T13:40:17.097Z,4.40299999999996,
17,2024-05-13T13:40:18.097Z,4.403099999999959,
17,2024-05-13T13:40:19.097Z,4.403199999999959,
17,2024-05-13T13:40:20.097Z,4.403299999999959,
17,2024-05-13T13:40:21.097Z,4.403399999999959,
17,2024-05-13T13:40:22.097Z,4.4034999999999584,
17,2024-05-13T13:40:23.097Z,4.403599999999958,
17,2024-05-13T13:40:24.097Z,4.403699999999958,
17,2024-05-13T13:40:25.097Z,4.403799999999958,
17,2024-05-13T13:40:26.097Z,4.4038999999999575,
17,2024-05-13T13:40:27.097Z,4.403999999999957,
17,2024-05-13T13:40:28.097Z,4.404099999999957,
17,2024-05-13T13:40:29.097Z,4.404199999999957,
17,2024-05-13T13:40:30.097Z,4.404299999999957,
17,2024-05-13T13:40:31.097Z,4.404399999999956,
17,2024-05-13T13:40:32.097Z,4.404499999999956,
17,2024-05-13T13:40:33.097Z,4.404299999999957,
17,2024-05-13T13:40:34.097Z,4.404399999999956,
17,2024-05-13T13:40:35.097Z,4.404499999999956,
17,2024-05-13T13:40:36.097Z,4.404599999999956,
17,2024-05-13T13:40:37.097Z,4.404699999999956,
17,2024-05-13T13:40:38.097Z,4.404799999999955,
17,2024-05-13T13:40:39.097Z,4.404899999999955,
17,2024-05-13T13:40:40.097Z,4.404999999999955,
17,2024-05-13T13:40:41.097Z,4.405099999999955,
17,2024-05-13T13:40:42.097Z,4.4051999999999545,
17,2024-05-13T13:40:43.097Z,4.405299999999954,
17,2024-05-13T13:40:44.097Z,4.405399999999954,
17,2024-05-13T13:40:45.097Z,4.405499999999954,
17,2024-05-13T13:40:46.097Z,4.4055999999999536,
17,2024-05-13T13:40:47.097Z,4.405699999999953,
17,2024-05-13T13:40:48.097Z,4.408699999999953,
17,2024-05-13T13:40:49.097Z,4.408799999999953,
17,2024-05-13T13:40:50.097Z,4.408899999999953,
17,2024-05-13T13:40:51.097Z,4.408999999999953,
17,2024-05-13T13:40:52.097Z,4.4090999999999525,
17,2024-05-13T13:40:53.097Z,4.409199999999952,
17,2024-05-13T13:40:54.097Z,4.402899999999953,
17,2024-05-13T13:40:55.097Z,4.425299999999954,
17,2024-05-13T13:40:56.097Z,4.425599999999953,
17,2024-05-13T13:40:57.097Z,4.425699999999953,
17,2024-05-13T13:40:58.097Z,4.425799999999953,
17,2024-05-13T13:40:59.097Z,4.425899999999952,
17,2024-05-13T13:41:00.097Z,4.425999999999952,
17,2024-05-13T13:41:01.097Z,4.426099999999952,
17,2024-05-13T13:41:02.097Z,4.426199999999952,
17,2024-05-13T13:41:03.097Z,4.4262999999999515,
17,2024-05-13T13:41:04.097Z,4.426399999999951,
17,2024-05-13T13:41:05.097Z,4.426499999999951,
17,2024-05-13T13:41:06.097Z,4.426599999999951,
17,2024-05-13T13:41:07.097Z,4.426699999999951,
18,2024-05-13T13:30:37.097Z,26.3,
18,2024-05-13T13:30:38.097Z,26.2809,
18,2024-05-13T13:30:39.097Z,26.2814,
18,2024-05-13T13:30:40.097Z,26.2815,
18,2024-05-13T13:30:41.097Z,26.2752,
18,2024-05-13T13:30:42.097Z,26.2911,
18,2024-05-13T13:30:43.097Z,26.2912,
18,2024-05-13T13:30:44.097Z,26.2913,
18,2024-05-13T13:30:45.097Z,26.2914,
18,2024-05-13T13:30:46.097Z,26.2915,
18,2024-05-13T13:30:47.097Z,26.2852,
18,2024-05-13T13:30:48.097Z,26.2845,
18,2024-05-13T13:30:49.097Z,24.729400000000002,
18,2024-05-13T13:30:50.097Z,24.7295,
18,2024-05-13T13:30:51.097Z,24.729200000000002,
18,2024-05-13T13:30:52.097Z,22.278100000000002,
18,2024-05-13T13:30:53.097Z,22.278200000000002,
18,2024-05-13T13:30:54.097Z,22.2783,
18,2024-05-13T13:30:55.097Z,22.2784,
18,2024-05-13T13:30:56.097Z,22.2785,
18,2024-05-13T13:30:57.097Z,22.2786,
18,2024-05-13T13:30:58.097Z,22.2785,
18,2024-05-13T13:30:59.097Z,22.297,
18,2024-05-13T13:31:00.097Z,22.2969,
18,2024-05-13T13:31:01.097Z,22.297,
18,2024-05-13T13:31:02.097Z,22.2971,
18,2024-05-13T13:31:03.097Z,22.2972,
18,2024-05-13T13:31:04.097Z,22.2973,
18,2024-05-13T13:31:05.097Z,22.2974,
18,2024-05-13T13:31:06.097Z,22.2975,
18,2024-05-13T13:31:07.097Z,22.2976,
18,2024-05-13T13:31:08.097Z,22.2977,
18,2024-05-13T13:31:09.097Z,22.2978,
18,2024-05-13T13:31:10.097Z,22.2979,
18,2024-05-13T13:31:11.097Z,22.298,
18,2024-05-13T13:31:12.097Z,22.298099999999998,
18,2024-05-13T13:31:13.097Z,22.298199999999998,
18,2024-05-13T13:31:14.097Z,22.298299999999998,
18,2024-05-13T13:31:15.097Z,22.298399999999997,
18,2024-05-13T13:31:16.097Z,22.298499999999997,
18,2024-05-13T13:31:17.097Z,22.298599999999997,
18,2024-05-13T13:31:18.097Z,22.298699999999997,
18,2024-05-13T13:31:19.097Z,22.298799999999996,
18,2024-05-13T13:31:20.097Z,22.298899999999996,
18,2024-05-13T13:31:21.097Z,22.298999999999996,
18,2024-05-13T13:31:22.097Z,22.299099999999996,
18,2024-05-13T13:31:23.097Z,22.299199999999995,
18,2024-05-13T13:31:24.097Z,22.299299999999995,
18,2024-05-13T13:31:25.097Z,22.299399999999995,
18,2024-05-13T13:31:26.097Z,22.299499999999995,
18,2024-05-13T13:31:27.097Z,22.299599999999995,
18,2024-05-13T13:31:28.097Z,22.299699999999994,
18,2024-05-13T13:31:29.097Z,22.299799999999994,
18,2024-05-13T13:31:30.097Z,22.299899999999994,
18,2024-05-13T13:31:31.097Z,22.299999999999994,
18,2024-05-13T13:31:32.097Z,22.298499999999994,
18,2024-05-13T13:31:33.097Z,21.901799999999994,
18,2024-05-13T13:31:34.097Z,21.901899999999994,
18,2024-05-13T13:31:35.097Z,21.907999999999994,
18,2024-05-13T13:31:36.097Z,21.903299999999994,
18,2024-05-13T13:31:37.097Z,22.299299999999995,
18,2024-05-13T13:31:38.097Z,22.30079999999999,
18,2024-05-13T13:31:39.097Z,22.30089999999999,
18,2024-05-13T13:31:40.097Z,22.30099999999999,
18,2024-05-13T13:31:41.097Z,22.30109999999999,
18,2024-05-13T13:31:42.097Z,22.30089999999999,
18,2024-05-13T13:31:43.097Z,22.318599999999993,
18,2024-05-13T13:31:44.097Z,22.407999999999994,
18,2024-05-13T13:31:45.097Z,17.506199999999993,
18,2024-05-13T13:31:46.097Z,17.522299999999994,
18,2024-05-13T13:31:47.097Z,17.520799999999994,
18,2024-05-13T13:31:48.097Z,17.52089999999999,
18,2024-05-13T13:31:49.097Z,17.520999999999994,
18,2024-05-13T13:31:50.097Z,17.52109999999999,
18,2024-05-13T13:31:51.097Z,17.521199999999993,
18,2024-05-13T13:31:52.097Z,17.519699999999993,
18,2024-05-13T13:31:53.097Z,17.53579999999999,
18,2024-05-13T13:31:54.097Z,17.53589999999999,
18,2024-05-13T13:31:55.097Z,17.53879999999999,
18,2024-05-13T13:31:56.097Z,17.53729999999999,
18,2024-05-13T13:31:57.097Z,17.55619999999999,
18,2024-05-13T13:31:58.097Z,17.556299999999993,
18,2024-05-13T13:31:59.097Z,17.557799999999993,
18,2024-05-13T13:32:00.097Z,17.55789999999999,
18,2024-05-13T13:32:01.097Z,17.557999999999993,
18,2024-05-13T13:32:02.097Z,17.55809999999999,
18,2024-05-13T13:32:03.097Z,17.558199999999992,
18,2024-05-13T13:32:04.097Z,17.55829999999999,
18,2024-05-13T13:32:05.097Z,17.557999999999993,
18,2024-05-13T13:32:06.097Z,15.490899999999991,
18,2024-05-13T13:32:07.097Z,15.484599999999991,
18,2024-05-13T13:32:08.097Z,15.46709999999999,
18,2024-05-13T13:32:09.097Z,15.46399999999999,
18,2024-05-13T13:32:10.097Z,15.65579999999999,
18,2024-05-13T13:32:11.097Z,15.67349999999999,
18,2024-05-13T13:32:12.097Z,15.67199999999999,
18,2024-05-13T13:32:13.097Z,15.64649999999999,
18,2024-05-13T13:32:14.097Z,15.67859999999999,
18,2024-05-13T13:32:15.097Z,15.67549999999999,
18,2024-05-13T13:32:16.097Z,15.675199999999991,
18,2024-05-13T13:32:17.097Z,15.675299999999991,
18,2024-05-13T13:32:18.097Z,15.675099999999992,
18,2024-05-13T13:32:19.097Z,15.693999999999992,
18,2024-05-13T13:32:20.097Z,15.697099999999992,
18,2024-05-13T13:32:21.097Z,15.695499999999992,
18,2024-05-13T13:32:22.097Z,15.714799999999991,
18,2024-05-13T13:32:23.097Z,15.733299999999991,
18,2024-05-13T13:32:24.097Z,15.73339999999999,
18,2024-05-13T13:32:25.097Z,15.73029999999999,
18,2024-05-13T13:32:26.097Z,14.10479999999999,
18,2024-05-13T13:32:27.097Z,14.08569999999999,
18,2024-05-13T13:32:28.097Z,14.08579999999999,
18,2024-05-13T13:32:29.097Z,14.08509999999999,
18,2024-05-13T13:32:30.097Z,14.89119999999999,
18,2024-05-13T13:32:31.097Z,14.915299999999991,
18,2024-05-13T13:32:32.097Z,14.915399999999991,
18,2024-05-13T13:32:33.097Z,14.91709999999999,
18,2024-05-13T13:32:34.097Z,14.91649999999999,
18,2024-05-13T13:32:35.097Z,15.30699999999999,
18,2024-05-13T13:32:36.097Z,15.34519999999999,
18,2024-05-13T13:32:37.097Z,15.74169999999999,
18,2024-05-13T13:32:38.097Z,13.376999999999988,
18,2024-05-13T13:32:39.097Z,13.376899999999988,
18,2024-05-13T13:32:40.097Z,13.376999999999988,
18,2024-05-13T13:32:41.097Z,13.377199999999988,
18,2024-05-13T13:32:42.097Z,12.570899999999988,
18,2024-05-13T13:32:43.097Z,12.759799999999988,
18,2024-05-13T13:32:44.097Z,12.772699999999988,
18,2024-05-13T13:32:45.097Z,12.772799999999988,
18,2024-05-13T13:32:46.097Z,12.772899999999987,
18,2024-05-13T13:32:47.097Z,12.773399999999988,
18,2024-05-13T13:32:48.097Z,12.773499999999988,
18,2024-05-13T13:32:49.097Z,12.774099999999988,
18,2024-05-13T13:32:50.097Z,12.771799999999988,
18,2024-05-13T13:32:51.097Z,12.789899999999989,
18,2024-05-13T13:32:52.097Z,12.78739999999999,
18,2024-05-13T13:32:53.097Z,12.78109999999999,
18,2024-05-13T13:32:54.097Z,12.77479999999999,
18,2024-05-13T13:32:55.097Z,12.77619999999999,
18,2024-05-13T13:32:56.097Z,12.77309999999999,
18,2024-05-13T13:32:57.097Z,13.57939999999999,
18,2024-05-13T13:32:58.097Z,14.385699999999991,
18,2024-05-13T13:32:59.097Z,14.38739999999999,
18,2024-05-13T13:33:00.097Z,14.38429999999999,
18,2024-05-13T13:33:01.097Z,14.384899999999991,
18,2024-05-13T13:33:02.097Z,14.381799999999991,
18,2024-05-13T13:33:03.097Z,14.425899999999992,
18,2024-05-13T13:33:04.097Z,14.425999999999991,
18,2024-05-13T13:33:05.097Z,14.426099999999991,
18,2024-05-13T13:33:06.097Z,14.425899999999992,
18,2024-05-13T13:33:07.097Z,14.435599999999992,
18,2024-05-13T13:33:08.097Z,11.992499999999993,
18,2024-05-13T13:33:09.097Z,11.992599999999992,
18,2024-05-13T13:33:10.097Z,11.992699999999992,
18,2024-05-13T13:33:11.097Z,11.992799999999992,
18,2024-05-13T13:33:12.097Z,11.992899999999992,
18,2024-05-13T13:33:13.097Z,12.624999999999991,
18,2024-05-13T13:33:14.097Z,12.643899999999991,
18,2024-05-13T13:33:15.097Z,12.643999999999991,
18,2024-05-13T13:33:16.097Z,12.644099999999991,
18,2024-05-13T13:33:17.097Z,12.64419999999999,
18,2024-05-13T13:33:18.097Z,12.64449999999999,
18,2024-05-13T13:33:19.097Z,12.64459999999999,
18,2024-05-13T13:33:20.097Z,12.64469999999999,
18,2024-05-13T13:33:21.097Z,12.64479999999999,
18,2024-05-13T13:33:22.097Z,12.64489999999999,
18,2024-05-13T13:33:23.097Z,12.644999999999989,
18,2024-05-13T13:33:24.097Z,12.645099999999989,
18,2024-05-13T13:33:25.097Z,12.645199999999988,
18,2024-05-13T13:33:26.097Z,12.645299999999988,
18,2024-05-13T13:33:27.097Z,12.663799999999988,
18,2024-05-13T13:33:28.097Z,12.663899999999988,
18,2024-05-13T13:33:29.097Z,12.663799999999988,
18,2024-05-13T13:33:30.097Z,12.663899999999988,
18,2024-05-13T13:33:31.097Z,12.663999999999987,
18,2024-05-13T13:33:32.097Z,12.664099999999987,
18,2024-05-13T13:33:33.097Z,12.682999999999987,
18,2024-05-13T13:33:34.097Z,12.683099999999987,
18,2024-05-13T13:33:35.097Z,12.689399999999987,
18,2024-05-13T13:33:36.097Z,12.689499999999986,
18,2024-05-13T13:33:37.097Z,12.689599999999986,
18,2024-05-13T13:33:38.097Z,12.689699999999986,
18,2024-05-13T13:33:39.097Z,12.689799999999986,
18,2024-05-13T13:33:40.097Z,12.689899999999986,
18,2024-05-13T13:33:41.097Z,12.689999999999985,
18,2024-05-13T13:33:42.097Z,12.690099999999985,
18,2024-05-13T13:33:43.097Z,12.683799999999986,
18,2024-05-13T13:33:44.097Z,12.701499999999985,
18,2024-05-13T13:33:45.097Z,12.701599999999985,
18,2024-05-13T13:33:46.097Z,12.720099999999984,
18,2024-05-13T13:33:47.097Z,12.720199999999984,
18,2024-05-13T13:33:48.097Z,12.720299999999984,
18,2024-05-13T13:33:49.097Z,12.720399999999984,
18,2024-05-13T13:33:50.097Z,12.720499999999983,
18,2024-05-13T13:33:51.097Z,12.720599999999983,
18,2024-05-13T13:33:52.097Z,12.719099999999983,
18,2024-05-13T13:33:53.097Z,12.719699999999987,
18,2024-05-13T13:33:54.097Z,12.719799999999987,
18,2024-05-13T13:33:55.097Z,12.719899999999987,
18,2024-05-13T13:33:56.097Z,12.719999999999986,
18,2024-05-13T13:33:57.097Z,12.720099999999986,
18,2024-05-13T13:33:58.097Z,12.720199999999986,
18,2024-05-13T13:33:59.097Z,12.719499999999986,
18,2024-05-13T13:34:00.097Z,12.719599999999986,
18,2024-05-13T13:34:01.097Z,12.719699999999985,
18,2024-05-13T13:34:02.097Z,12.719799999999985,
18,2024-05-13T13:34:03.097Z,12.719699999999985,
18,2024-05-13T13:34:04.097Z,13.063799999999985,
18,2024-05-13T13:34:05.097Z,13.146199999999984,
18,2024-05-13T13:34:06.097Z,13.147599999999985,
18,2024-05-13T13:34:07.097Z,9.893099999999986,
18,2024-05-13T13:34:08.097Z,9.886799999999987,
18,2024-05-13T13:34:09.097Z,9.905299999999986,
18,2024-05-13T13:34:10.097Z,9.905399999999986,
18,2024-05-13T13:34:11.097Z,9.905499999999986,
18,2024-05-13T13:34:12.097Z,9.905599999999986,
18,2024-05-13T13:34:13.097Z,9.905699999999985,
18,2024-05-13T13:34:14.097Z,9.905799999999985,
18,2024-05-13T13:34:15.097Z,9.905899999999985,
18,2024-05-13T13:34:16.097Z,9.905999999999985,
18,2024-05-13T13:34:17.097Z,9.906099999999984,
18,2024-05-13T13:34:18.097Z,9.912399999999984,
18,2024-05-13T13:34:19.097Z,9.912499999999984,
18,2024-05-13T13:34:20.097Z,9.912599999999983,
18,2024-05-13T13:34:21.097Z,9.912699999999983,
18,2024-05-13T13:34:22.097Z,9.915599999999984,
18,2024-05-13T13:34:23.097Z,9.912499999999984,
18,2024-05-13T13:34:24.097Z,9.893399999999982,
18,2024-05-13T13:34:25.097Z,9.890299999999982,
18,2024-05-13T13:34:26.097Z,9.907999999999983,
18,2024-05-13T13:34:27.097Z,9.906499999999983,
18,2024-05-13T13:34:28.097Z,9.906599999999983,
18,2024-05-13T13:34:29.097Z,9.906699999999983,
18,2024-05-13T13:34:30.097Z,9.906599999999983,
18,2024-05-13T13:34:31.097Z,9.887499999999982,
18,2024-05-13T13:34:32.097Z,9.89239999999998,
18,2024-05-13T13:34:33.097Z,9.89249999999998,
18,2024-05-13T13:34:34.097Z,9.892299999999981,
18,2024-05-13T13:34:35.097Z,9.908399999999983,
18,2024-05-13T13:34:36.097Z,9.908499999999982,
18,2024-05-13T13:34:37.097Z,9.908599999999982,
18,2024-05-13T13:34:38.097Z,9.908699999999982,
18,2024-05-13T13:34:39.097Z,9.908799999999982,
18,2024-05-13T13:34:40.097Z,9.908899999999981,
18,2024-05-13T13:34:41.097Z,9.908999999999981,
18,2024-05-13T13:34:42.097Z,9.909099999999981,
18,2024-05-13T13:34:43.097Z,9.90919999999998,
18,2024-05-13T13:34:44.097Z,9.90929999999998,
18,2024-05-13T13:34:45.097Z,9.90939999999998,
18,2024-05-13T13:34:46.097Z,9.908699999999982,
18,2024-05-13T13:34:47.097Z,9.939199999999978,
18,2024-05-13T13:34:48.097Z,9.939299999999978,
18,2024-05-13T13:34:49.097Z,9.939399999999978,
18,2024-05-13T13:34:50.097Z,9.939299999999978,
18,2024-05-13T13:34:51.097Z,9.939399999999978,
18,2024-05-13T13:34:52.097Z,9.933099999999978,
18,2024-05-13T13:34:53.097Z,6.668999999999979,
18,2024-05-13T13:34:54.097Z,4.224299999999978,
18,2024-05-13T13:34:55.097Z,4.217999999999979,
18,2024-05-13T13:34:56.097Z,4.229299999999977,
18,2024-05-13T13:34:57.097Z,4.229399999999977,
18,2024-05-13T13:34:58.097Z,4.229499999999977,
18,2024-05-13T13:34:59.097Z,4.2295999999999765,
18,2024-05-13T13:35:00.097Z,4.229699999999976,
18,2024-05-13T13:35:01.097Z,4.2295999999999765,
18,2024-05-13T13:35:02.097Z,4.229699999999976,
18,2024-05-13T13:35:03.097Z,4.229799999999976,
18,2024-05-13T13:35:04.097Z,4.229899999999976,
18,2024-05-13T13:35:05.097Z,4.229699999999976,
18,2024-05-13T13:35:06.097Z,4.247399999999978,
18,2024-05-13T13:35:07.097Z,4.247499999999977,
18,2024-05-13T13:35:08.097Z,4.247599999999977,
18,2024-05-13T13:35:09.097Z,4.247699999999977,
18,2024-05-13T13:35:10.097Z,4.247799999999977,
18,2024-05-13T13:35:11.097Z,4.2478999999999765,
18,2024-05-13T13:35:12.097Z,4.247999999999976,
18,2024-05-13T13:35:13.097Z,4.248099999999976,
18,2024-05-13T13:35:14.097Z,4.248199999999976,
18,2024-05-13T13:35:15.097Z,4.245099999999976,
18,2024-05-13T13:35:16.097Z,4.245199999999976,
18,2024-05-13T13:35:17.097Z,4.245299999999975,
18,2024-05-13T13:35:18.097Z,4.245399999999975,
18,2024-05-13T13:35:19.097Z,4.250299999999974,
18,2024-05-13T13:35:20.097Z,4.249999999999975,
18,2024-05-13T13:35:21.097Z,4.250099999999975,
18,2024-05-13T13:35:22.097Z,4.250199999999975,
18,2024-05-13T13:35:23.097Z,4.250299999999974,
18,2024-05-13T13:35:24.097Z,4.250399999999974,
18,2024-05-13T13:35:25.097Z,4.250499999999974,
18,2024-05-13T13:35:26.097Z,4.250599999999974,
18,2024-05-13T13:35:27.097Z,4.2506999999999735,
18,2024-05-13T13:35:28.097Z,4.250799999999973,
18,2024-05-13T13:35:29.097Z,4.250899999999973,
18,2024-05-13T13:35:30.097Z,4.250999999999973,
18,2024-05-13T13:35:31.097Z,4.251099999999973,
18,2024-05-13T13:35:32.097Z,4.251199999999972,
18,2024-05-13T13:35:33.097Z,4.251299999999972,
18,2024-05-13T13:35:34.097Z,4.251399999999972,
18,2024-05-13T13:35:35.097Z,4.251499999999972,
18,2024-05-13T13:35:36.097Z,4.251599999999971,
18,2024-05-13T13:35:37.097Z,4.251699999999971,
18,2024-05-13T13:35:38.097Z,4.251799999999971,
18,2024-05-13T13:35:39.097Z,4.251899999999971,
18,2024-05-13T13:35:40.097Z,4.2519999999999705,
18,2024-05-13T13:35:41.097Z,4.25209999999997,
18,2024-05-13T13:35:42.097Z,4.25219999999997,
18,2024-05-13T13:35:43.097Z,4.25229999999997,
18,2024-05-13T13:35:44.097Z,4.2523999999999695,
18,2024-05-13T13:35:45.097Z,4.252499999999969,
18,2024-05-13T13:35:46.097Z,4.252599999999969,
18,2024-05-13T13:35:47.097Z,4.252699999999969,
18,2024-05-13T13:35:48.097Z,4.252799999999969,
18,2024-05-13T13:35:49.097Z,4.252899999999968,
18,2024-05-13T13:35:50.097Z,4.252999999999968,
18,2024-05-13T13:35:51.097Z,4.253099999999968,
18,2024-05-13T13:35:52.097Z,4.253199999999968,
18,2024-05-13T13:35:53.097Z,4.253299999999967,
18,2024-05-13T13:35:54.097Z,4.253399999999967,
18,2024-05-13T13:35:55.097Z,4.253499999999967,
18,2024-05-13T13:35:56.097Z,4.253599999999967,
18,2024-05-13T13:35:57.097Z,4.2536999999999665,
18,2024-05-13T13:35:58.097Z,4.253799999999966,
18,2024-05-13T13:35:59.097Z,4.253899999999966,
18,2024-05-13T13:36:00.097Z,4.253999999999966,
18,2024-05-13T13:36:01.097Z,4.254099999999966,
18,2024-05-13T13:36:02.097Z,4.254199999999965,
18,2024-05-13T13:36:03.097Z,4.254299999999965,
18,2024-05-13T13:36:04.097Z,4.254399999999965,
18,2024-05-13T13:36:05.097Z,4.254499999999965,
18,2024-05-13T13:36:06.097Z,4.254599999999964,
18,2024-05-13T13:36:07.097Z,4.254699999999964,
18,2024-05-13T13:36:08.097Z,4.254499999999965,
18,2024-05-13T13:36:09.097Z,4.255899999999965,
18,2024-05-13T13:36:10.097Z,4.249599999999965,
18,2024-05-13T13:36:11.097Z,4.249699999999965,
18,2024-05-13T13:36:12.097Z,5.049399999999967,
18,2024-05-13T13:36:13.097Z,5.049499999999966,
18,2024-05-13T13:36:14.097Z,5.049599999999966,
18,2024-05-13T13:36:15.097Z,5.049699999999966,
18,2024-05-13T13:36:16.097Z,5.049799999999966,
18,2024-05-13T13:36:17.097Z,5.049899999999965,
18,2024-05-13T13:36:18.097Z,5.049999999999965,
18,2024-05-13T13:36:19.097Z,5.043699999999966,
18,2024-05-13T13:36:20.097Z,5.046199999999967,
18,2024-05-13T13:36:21.097Z,5.046299999999967,
18,2024-05-13T13:36:22.097Z,5.0463999999999665,
18,2024-05-13T13:36:23.097Z,5.046499999999966,
18,2024-05-13T13:36:24.097Z,5.046599999999966,
18,2024-05-13T13:36:25.097Z,5.046699999999966,
18,2024-05-13T13:36:26.097Z,5.045999999999967,
18,2024-05-13T13:36:27.097Z,5.026899999999966,
18,2024-05-13T13:36:28.097Z,5.0269999999999655,
18,2024-05-13T13:36:29.097Z,5.027099999999965,
18,2024-05-13T13:36:30.097Z,5.025399999999966,
18,2024-05-13T13:36:31.097Z,5.828699999999966,
18,2024-05-13T13:36:32.097Z,6.019199999999966,
18,2024-05-13T13:36:33.097Z,6.044599999999967,
18,2024-05-13T13:36:34.097Z,3.6190999999999676,
18,2024-05-13T13:36:35.097Z,3.6191999999999673,
18,2024-05-13T13:36:36.097Z,3.619299999999967,
18,2024-05-13T13:36:37.097Z,3.619399999999967,
18,2024-05-13T13:36:38.097Z,3.624299999999966,
18,2024-05-13T13:36:39.097Z,3.624399999999966,
18,2024-05-13T13:36:40.097Z,3.6244999999999656,
18,2024-05-13T13:36:41.097Z,3.6245999999999654,
18,2024-05-13T13:36:42.097Z,3.624699999999965,
18,2024-05-13T13:36:43.097Z,3.624699999999965,
18,2024-05-13T13:36:44.097Z,3.6248999999999647,
18,2024-05-13T13:36:45.097Z,3.6249999999999645,
18,2024-05-13T13:36:46.097Z,3.6250999999999642,
18,2024-05-13T13:36:47.097Z,3.625199999999964,
18,2024-05-13T13:36:48.097Z,3.6238999999999635,
18,2024-05-13T13:36:49.097Z,4.001299999999965,
18,2024-05-13T13:36:50.097Z,4.000999999999966,
18,2024-05-13T13:36:51.097Z,4.0010999999999655,
18,2024-05-13T13:36:52.097Z,4.002499999999966,
18,2024-05-13T13:36:53.097Z,4.0021999999999665,
18,2024-05-13T13:36:54.097Z,3.9990999999999666,
18,2024-05-13T13:36:55.097Z,3.979999999999965,
18,2024-05-13T13:36:56.097Z,3.9792999999999665,
18,2024-05-13T13:36:57.097Z,4.426599999999965,
18,2024-05-13T13:36:58.097Z,4.4450999999999645,
18,2024-05-13T13:36:59.097Z,4.440199999999965,
18,2024-05-13T13:37:00.097Z,2.981099999999966,
18,2024-05-13T13:37:01.097Z,3.0192999999999657,
18,2024-05-13T13:37:02.097Z,2.980999999999966,
18,2024-05-13T13:37:03.097Z,2.981099999999966,
18,2024-05-13T13:37:04.097Z,2.9807999999999666,
18,2024-05-13T13:37:05.097Z,2.9792999999999665,
18,2024-05-13T13:37:06.097Z,2.972999999999967,
18,2024-05-13T13:37:07.097Z,2.9914999999999665,
18,2024-05-13T13:37:08.097Z,2.991299999999967,
18,2024-05-13T13:37:09.097Z,2.9913999999999668,
18,2024-05-13T13:37:10.097Z,2.991699999999966,
18,2024-05-13T13:37:11.097Z,2.9915999999999663,
18,2024-05-13T13:37:12.097Z,3.0234999999999665,
18,2024-05-13T13:37:13.097Z,3.0235999999999663,
18,2024-05-13T13:37:14.097Z,3.023699999999966,
18,2024-05-13T13:37:15.097Z,3.023799999999966,
18,2024-05-13T13:37:16.097Z,3.0230999999999675,
18,2024-05-13T13:37:17.097Z,3.0231999999999672,
18,2024-05-13T13:37:18.097Z,3.023299999999967,
18,2024-05-13T13:37:19.097Z,3.023399999999967,
18,2024-05-13T13:37:20.097Z,3.0234999999999665,
18,2024-05-13T13:37:21.097Z,3.0235999999999663,
18,2024-05-13T13:37:22.097Z,3.023699999999966,
18,2024-05-13T13:37:23.097Z,3.023799999999966,
18,2024-05-13T13:37:24.097Z,3.0238999999999656,
18,2024-05-13T13:37:25.097Z,3.0239999999999654,
18,2024-05-13T13:37:26.097Z,3.024099999999965,
18,2024-05-13T13:37:27.097Z,3.0239999999999654,
18,2024-05-13T13:37:28.097Z,3.024099999999965,
18,2024-05-13T13:37:29.097Z,3.0273999999999646,
18,2024-05-13T13:37:30.097Z,3.0274999999999643,
18,2024-05-13T13:37:31.097Z,3.028099999999963,
18,2024-05-13T13:37:32.097Z,3.0231999999999637,
18,2024-05-13T13:37:33.097Z,3.022999999999964,
18,2024-05-13T13:37:34.097Z,3.0227999999999646,
18,2024-05-13T13:37:35.097Z,3.0228999999999644,
18,2024-05-13T13:37:36.097Z,3.022599999999965,
18,2024-05-13T13:37:37.097Z,3.0218999999999667,
18,2024-05-13T13:37:38.097Z,3.0219999999999665,
18,2024-05-13T13:37:39.097Z,3.0204999999999664,
18,2024-05-13T13:37:40.097Z,3.0189999999999664,
18,2024-05-13T13:37:41.097Z,3.0318999999999647,
18,2024-05-13T13:37:42.097Z,3.0380999999999645,
18,2024-05-13T13:37:43.097Z,3.031799999999965,
18,2024-05-13T13:37:44.097Z,3.8318999999999654,
18,2024-05-13T13:37:45.097Z,3.849599999999967,
18,2024-05-13T13:37:46.097Z,3.8496999999999666,
18,2024-05-13T13:37:47.097Z,3.851099999999967,
18,2024-05-13T13:37:48.097Z,3.8516999999999655,
18,2024-05-13T13:37:49.097Z,3.8517999999999653,
18,2024-05-13T13:37:50.097Z,3.8520999999999646,
18,2024-05-13T13:37:51.097Z,3.8521999999999643,
18,2024-05-13T13:37:52.097Z,3.851499999999966,
18,2024-05-13T13:37:53.097Z,3.8675999999999675,
18,2024-05-13T13:37:54.097Z,3.8676999999999673,
18,2024-05-13T13:37:55.097Z,3.866999999999969,
18,2024-05-13T13:37:56.097Z,3.8830999999999705,
18,2024-05-13T13:37:57.097Z,3.8831999999999702,
18,2024-05-13T13:37:58.097Z,3.88329999999997,
18,2024-05-13T13:37:59.097Z,3.8833999999999698,
18,2024-05-13T13:38:00.097Z,3.8826999999999714,
18,2024-05-13T13:38:01.097Z,3.898799999999973,
18,2024-05-13T13:38:02.097Z,3.8988999999999727,
18,2024-05-13T13:38:03.097Z,3.8989999999999725,
18,2024-05-13T13:38:04.097Z,3.8990999999999723,
18,2024-05-13T13:38:05.097Z,3.899199999999972,
18,2024-05-13T13:38:06.097Z,3.899299999999972,
18,2024-05-13T13:38:07.097Z,3.8993999999999716,
18,2024-05-13T13:38:08.097Z,3.8994999999999713,
18,2024-05-13T13:38:09.097Z,3.8997999999999706,
18,2024-05-13T13:38:10.097Z,3.8990999999999723,
18,2024-05-13T13:38:11.097Z,3.9167999999999736,
18,2024-05-13T13:38:12.097Z,3.916999999999973,
18,2024-05-13T13:38:13.097Z,3.923199999999973,
18,2024-05-13T13:38:14.097Z,3.9168999999999734,
18,2024-05-13T13:38:15.097Z,3.934599999999975,
18,2024-05-13T13:38:16.097Z,3.9342999999999755,
18,2024-05-13T13:38:17.097Z,3.947199999999974,
18,2024-05-13T13:38:18.097Z,3.9472999999999736,
18,2024-05-13T13:38:19.097Z,3.9473999999999734,
18,2024-05-13T13:38:20.097Z,3.947499999999973,
18,2024-05-13T13:38:21.097Z,3.9443999999999733,
18,2024-05-13T13:38:22.097Z,3.944499999999973,
18,2024-05-13T13:38:23.097Z,3.9451999999999714,
18,2024-05-13T13:38:24.097Z,3.945299999999971,
18,2024-05-13T13:38:25.097Z,3.944599999999973,
18,2024-05-13T13:38:26.097Z,3.941499999999973,
18,2024-05-13T13:38:27.097Z,3.943999999999974,
18,2024-05-13T13:38:28.097Z,3.9437999999999747,
18,2024-05-13T13:38:29.097Z,4.129499999999975,
18,2024-05-13T13:38:30.097Z,4.129599999999975,
18,2024-05-13T13:38:31.097Z,4.126499999999975,
18,2024-05-13T13:38:32.097Z,4.123099999999976,
18,2024-05-13T13:38:33.097Z,4.123199999999976,
18,2024-05-13T13:38:34.097Z,4.121699999999976,
18,2024-05-13T13:38:35.097Z,4.1217999999999755,
18,2024-05-13T13:38:36.097Z,4.121899999999975,
18,2024-05-13T13:38:37.097Z,4.121999999999975,
18,2024-05-13T13:38:38.097Z,4.122099999999975,
18,2024-05-13T13:38:39.097Z,4.115899999999975,
18,2024-05-13T13:38:40.097Z,4.134799999999974,
18,2024-05-13T13:38:41.097Z,4.134899999999973,
18,2024-05-13T13:38:42.097Z,4.134999999999973,
18,2024-05-13T13:38:43.097Z,4.129999999999974,
18,2024-05-13T13:38:44.097Z,6.554899999999975,
18,2024-05-13T13:38:45.097Z,6.554999999999975,
18,2024-05-13T13:38:46.097Z,6.555099999999975,
18,2024-05-13T13:38:47.097Z,6.555999999999976,
18,2024-05-13T13:38:48.097Z,6.556499999999975,
18,2024-05-13T13:38:49.097Z,6.562199999999976,
18,2024-05-13T13:38:50.097Z,6.5618999999999765,
18,2024-05-13T13:38:51.097Z,6.580899999999975,
18,2024-05-13T13:38:52.097Z,6.580999999999975,
18,2024-05-13T13:38:53.097Z,6.581099999999974,
18,2024-05-13T13:38:54.097Z,6.581199999999974,
18,2024-05-13T13:38:55.097Z,6.581299999999974,
18,2024-05-13T13:38:56.097Z,6.581399999999974,
18,2024-05-13T13:38:57.097Z,6.5814999999999735,
18,2024-05-13T13:38:58.097Z,6.581599999999973,
18,2024-05-13T13:38:59.097Z,6.581699999999973,
18,2024-05-13T13:39:00.097Z,6.581799999999973,
18,2024-05-13T13:39:01.097Z,6.5818999999999726,
18,2024-05-13T13:39:02.097Z,6.581599999999973,
18,2024-05-13T13:39:03.097Z,6.581699999999973,
18,2024-05-13T13:39:04.097Z,6.581799999999973,
18,2024-05-13T13:39:05.097Z,6.5818999999999726,
18,2024-05-13T13:39:06.097Z,6.581999999999972,
18,2024-05-13T13:39:07.097Z,6.582099999999972,
18,2024-05-13T13:39:08.097Z,6.588199999999972,
18,2024-05-13T13:39:09.097Z,6.587499999999974,
18,2024-05-13T13:39:10.097Z,6.605999999999973,
18,2024-05-13T13:39:11.097Z,4.336899999999975,
18,2024-05-13T13:39:12.097Z,4.336999999999975,
18,2024-05-13T13:39:13.097Z,4.337099999999975,
18,2024-05-13T13:39:14.097Z,4.336399999999976,
18,2024-05-13T13:39:15.097Z,4.349199999999975,
18,2024-05-13T13:39:16.097Z,4.349299999999975,
18,2024-05-13T13:39:17.097Z,4.349399999999974,
18,2024-05-13T13:39:18.097Z,4.349499999999974,
18,2024-05-13T13:39:19.097Z,4.349599999999974,
18,2024-05-13T13:39:20.097Z,4.349699999999974,
18,2024-05-13T13:39:21.097Z,4.3497999999999735,
18,2024-05-13T13:39:22.097Z,4.349899999999973,
18,2024-05-13T13:39:23.097Z,4.349999999999973,
18,2024-05-13T13:39:24.097Z,4.350099999999973,
18,2024-05-13T13:39:25.097Z,4.3501999999999725,
18,2024-05-13T13:39:26.097Z,4.350299999999972,
18,2024-05-13T13:39:27.097Z,4.350399999999972,
18,2024-05-13T13:39:28.097Z,4.350499999999972,
18,2024-05-13T13:39:29.097Z,4.350599999999972,
18,2024-05-13T13:39:30.097Z,4.350699999999971,
18,2024-05-13T13:39:31.097Z,4.350799999999971,
18,2024-05-13T13:39:32.097Z,4.350899999999971,
18,2024-05-13T13:39:33.097Z,4.350999999999971,
18,2024-05-13T13:39:34.097Z,4.35109999999997,
18,2024-05-13T13:39:35.097Z,4.35119999999997,
18,2024-05-13T13:39:36.097Z,4.35129999999997,
18,2024-05-13T13:39:37.097Z,4.35139999999997,
18,2024-05-13T13:39:38.097Z,4.3514999999999695,
18,2024-05-13T13:39:39.097Z,4.351599999999969,
18,2024-05-13T13:39:40.097Z,4.351699999999969,
18,2024-05-13T13:39:41.097Z,4.351799999999969,
18,2024-05-13T13:39:42.097Z,4.351899999999969,
18,2024-05-13T13:39:43.097Z,4.351999999999968,
18,2024-05-13T13:39:44.097Z,4.352099999999968,
18,2024-05-13T13:39:45.097Z,4.352199999999968,
18,2024-05-13T13:39:46.097Z,4.352299999999968,
18,2024-05-13T13:39:47.097Z,4.350799999999968,
18,2024-05-13T13:39:48.097Z,4.363699999999966,
18,2024-05-13T13:39:49.097Z,4.363799999999966,
18,2024-05-13T13:39:50.097Z,4.3638999999999655,
18,2024-05-13T13:39:51.097Z,4.360799999999966,
18,2024-05-13T13:39:52.097Z,4.361099999999965,
18,2024-05-13T13:39:53.097Z,4.3603999999999665,
18,2024-05-13T13:39:54.097Z,4.392499999999966,
18,2024-05-13T13:39:55.097Z,4.392599999999966,
18,2024-05-13T13:39:56.097Z,4.406799999999965,
18,2024-05-13T13:39:57.097Z,4.406899999999965,
18,2024-05-13T13:39:58.097Z,4.4069999999999645,
18,2024-05-13T13:39:59.097Z,4.407099999999964,
18,2024-05-13T13:40:00.097Z,4.407199999999964,
18,2024-05-13T13:40:01.097Z,4.407299999999964,
18,2024-05-13T13:40:02.097Z,4.407399999999964,
18,2024-05-13T13:40:03.097Z,4.407499999999963,
18,2024-05-13T13:40:04.097Z,4.407599999999963,
18,2024-05-13T13:40:05.097Z,4.407699999999963,
18,2024-05-13T13:40:06.097Z,4.407799999999963,
18,2024-05-13T13:40:07.097Z,4.407599999999963,
18,2024-05-13T13:40:08.097Z,4.407699999999963,
18,2024-05-13T13:40:09.097Z,4.407799999999963,
18,2024-05-13T13:40:10.097Z,4.407899999999962,
18,2024-05-13T13:40:11.097Z,4.407999999999962,
18,2024-05-13T13:40:12.097Z,4.408099999999962,
18,2024-05-13T13:40:13.097Z,4.408199999999962,
18,2024-05-13T13:40:14.097Z,4.4082999999999615,
18,2024-05-13T13:40:15.097Z,4.408399999999961,
18,2024-05-13T13:40:16.097Z,4.408499999999961,
18,2024-05-13T13:40:17.097Z,4.40299999999996,
18,2024-05-13T13:40:18.097Z,4.403099999999959,
18,2024-05-13T13:40:19.097Z,4.403199999999959,
18,2024-05-13T13:40:20.097Z,4.403299999999959,
18,2024-05-13T13:40:21.097Z,4.403399999999959,
18,2024-05-13T13:40:22.097Z,4.4034999999999584,
18,2024-05-13T13:40:23.097Z,4.403599999999958,
18,2024-05-13T13:40:24.097Z,4.403699999999958,
18,2024-05-13T13:40:25.097Z,4.403799999999958,
18,2024-05-13T13:40:26.097Z,4.4038999999999575,
18,2024-05-13T13:40:27.097Z,4.403999999999957,
18,2024-05-13T13:40:28.097Z,4.404099999999957,
18,2024-05-13T13:40:29.097Z,4.404199999999957,
18,2024-05-13T13:40:30.097Z,4.404299999999957,
18,2024-05-13T13:40:31.097Z,4.404399999999956,
18,2024-05-13T13:40:32.097Z,4.404499999999956,
18,2024-05-13T13:40:33.097Z,4.404299999999957,
18,2024-05-13T13:40:34.097Z,4.404399999999956,
18,2024-05-13T13:40:35.097Z,4.404499999999956,
18,2024-05-13T13:40:36.097Z,4.404599999999956,
18,2024-05-13T13:40:37.097Z,4.404699999999956,
18,2024-05-13T13:40:38.097Z,4.404799999999955,
18,2024-05-13T13:40:39.097Z,4.404899999999955,
18,2024-05-13T13:40:40.097Z,4.404999999999955,
18,2024-05-13T13:40:41.097Z,4.405099999999955,
18,2024-05-13T13:40:42.097Z,4.4051999999999545,
18,2024-05-13T13:40:43.097Z,4.405299999999954,
18,2024-05-13T13:40:44.097Z,4.405399999999954,
18,2024-05-13T13:40:45.097Z,4.405499999999954,
18,2024-05-13T13:40:46.097Z,4.4055999999999536,
18,2024-05-13T13:40:47.097Z,4.405699999999953,
18,2024-05-13T13:40:48.097Z,4.408699999999953,
18,2024-05-13T13:40:49.097Z,4.408799999999953,
18,2024-05-13T13:40:50.097Z,4.408899999999953,
18,2024-05-13T13:40:51.097Z,4.408999999999953,
18,2024-05-13T13:40:52.097Z,4.4090999999999525,
18,2024-05-13T13:40:53.097Z,4.409199999999952,
18,2024-05-13T13:40:54.097Z,4.402899999999953,
18,2024-05-13T13:40:55.097Z,4.425299999999954,
18,2024-05-13T13:40:56.097Z,4.425599999999953,
18,2024-05-13T13:40:57.097Z,4.425699999999953,
18,2024-05-13T13:40:58.097Z,4.425799999999953,
18,2024-05-13T13:40:59.097Z,4.425899999999952,
18,2024-05-13T13:41:00.097Z,4.425999999999952,
18,2024-05-13T13:41:01.097Z,4.426099999999952,
18,2024-05-13T13:41:02.097Z,4.426199999999952,
18,2024-05-13T13:41:03.097Z,4.4262999999999515,
18,2024-05-13T13:41:04.097Z,4.426399999999951,
18,2024-05-13T13:41:05.097Z,4.426499999999951,
18,2024-05-13T13:41:06.097Z,4.426599999999951,
18,2024-05-13T13:41:07.097Z,4.426699999999951,
19,2024-05-13T13:30:37.097Z,26.3,
19,2024-05-13T13:30:38.097Z,26.2809,
19,2024-05-13T13:30:39.097Z,26.2814,
19,2024-05-13T13:30:40.097Z,26.2815,
19,2024-05-13T13:30:41.097Z,26.2752,
19,2024-05-13T13:30:42.097Z,26.2911,
19,2024-05-13T13:30:43.097Z,26.2912,
19,2024-05-13T13:30:44.097Z,26.2913,
19,2024-05-13T13:30:45.097Z,26.2914,
19,2024-05-13T13:30:46.097Z,26.2915,
19,2024-05-13T13:30:47.097Z,26.2852,
19,2024-05-13T13:30:48.097Z,26.2845,
19,2024-05-13T13:30:49.097Z,24.729400000000002,
19,2024-05-13T13:30:50.097Z,24.7295,
19,2024-05-13T13:30:51.097Z,24.729200000000002,
19,2024-05-13T13:30:52.097Z,22.278100000000002,
19,2024-05-13T13:30:53.097Z,22.278200000000002,
19,2024-05-13T13:30:54.097Z,22.2783,
19,2024-05-13T13:30:55.097Z,22.2784,
19,2024-05-13T13:30:56.097Z,22.2785,
19,2024-05-13T13:30:57.097Z,22.2786,
19,2024-05-13T13:30:58.097Z,22.2785,
19,2024-05-13T13:30:59.097Z,22.297,
19,2024-05-13T13:31:00.097Z,22.2969,
19,2024-05-13T13:31:01.097Z,22.297,
19,2024-05-13T13:31:02.097Z,22.2971,
19,2024-05-13T13:31:03.097Z,22.2972,
19,2024-05-13T13:31:04.097Z,22.2973,
19,2024-05-13T13:31:05.097Z,22.2974,
19,2024-05-13T13:31:06.097Z,22.2975,
19,2024-05-13T13:31:07.097Z,22.2976,
19,2024-05-13T13:31:08.097Z,22.2977,
19,2024-05-13T13:31:09.097Z,22.2978,
19,2024-05-13T13:31:10.097Z,22.2979,
19,2024-05-13T13:31:11.097Z,22.298,
19,2024-05-13T13:31:12.097Z,22.298099999999998,
19,2024-05-13T13:31:13.097Z,22.298199999999998,
19,2024-05-13T13:31:14.097Z,22.298299999999998,
19,2024-05-13T13:31:15.097Z,22.298399999999997,
19,2024-05-13T13:31:16.097Z,22.298499999999997,
19,2024-05-13T13:31:17.097Z,22.298599999999997,
19,2024-05-13T13:31:18.097Z,22.298699999999997,
19,2024-05-13T13:31:19.097Z,22.298799999999996,
19,2024-05-13T13:31:20.097Z,22.298899999999996,
19,2024-05-13T13:31:21.097Z,22.298999999999996,
19,2024-05-13T13:31:22.097Z,22.299099999999996,
19,2024-05-13T13:31:23.097Z,22.299199999999995,
19,2024-05-13T13:31:24.097Z,22.299299999999995,
19,2024-05-13T13:31:25.097Z,22.299399999999995,
19,2024-05-13T13:31:26.097Z,22.299499999999995,
19,2024-05-13T13:31:27.097Z,22.299599999999995,
19,2024-05-13T13:31:28.097Z,22.299699999999994,
19,2024-05-13T13:31:29.097Z,22.299799999999994,
19,2024-05-13T13:31:30.097Z,22.299899999999994,
19,2024-05-13T13:31:31.097Z,22.299999999999994,
19,2024-05-13T13:31:32.097Z,22.298499999999994,
19,2024-05-13T13:31:33.097Z,21.901799999999994,
19,2024-05-13T13:31:34.097Z,21.901899999999994,
19,2024-05-13T13:31:35.097Z,21.907999999999994,
19,2024-05-13T13:31:36.097Z,21.903299999999994,
19,2024-05-13T13:31:37.097Z,22.299299999999995,
19,2024-05-13T13:31:38.097Z,22.30079999999999,
19,2024-05-13T13:31:39.097Z,22.30089999999999,
19,2024-05-13T13:31:40.097Z,22.30099999999999,
19,2024-05-13T13:31:41.097Z,22.30109999999999,
19,2024-05-13T13:31:42.097Z,22.30089999999999,
19,2024-05-13T13:31:43.097Z,22.318599999999993,
19,2024-05-13T13:31:44.097Z,22.407999999999994,
19,2024-05-13T13:31:45.097Z,17.506199999999993,
19,2024-05-13T13:31:46.097Z,17.522299999999994,
19,2024-05-13T13:31:47.097Z,17.520799999999994,
19,2024-05-13T13:31:48.097Z,17.52089999999999,
19,2024-05-13T13:31:49.097Z,17.520999999999994,
19,2024-05-13T13:31:50.097Z,17.52109999999999,
19,2024-05-13T13:31:51.097Z,17.521199999999993,
19,2024-05-13T13:31:52.097Z,17.519699999999993,
19,2024-05-13T13:31:53.097Z,17.53579999999999,
19,2024-05-13T13:31:54.097Z,17.53589999999999,
19,2024-05-13T13:31:55.097Z,17.53879999999999,
19,2024-05-13T13:31:56.097Z,17.53729999999999,
19,2024-05-13T13:31:57.097Z,17.55619999999999,
19,2024-05-13T13:31:58.097Z,17.556299999999993,
19,2024-05-13T13:31:59.097Z,17.557799999999993,
19,2024-05-13T13:32:00.097Z,17.55789999999999,
19,2024-05-13T13:32:01.097Z,17.557999999999993,
19,2024-05-13T13:32:02.097Z,17.55809999999999,
19,2024-05-13T13:32:03.097Z,17.558199999999992,
19,2024-05-13T13:32:04.097Z,17.55829999999999,
19,2024-05-13T13:32:05.097Z,17.557999999999993,
19,2024-05-13T13:32:06.097Z,15.490899999999991,
19,2024-05-13T13:32:07.097Z,15.484599999999991,
19,2024-05-13T13:32:08.097Z,15.46709999999999,
19,2024-05-13T13:32:09.097Z,15.46399999999999,
19,2024-05-13T13:32:10.097Z,15.65579999999999,
19,2024-05-13T13:32:11.097Z,15.67349999999999,
19,2024-05-13T13:32:12.097Z,15.67199999999999,
19,2024-05-13T13:32:13.097Z,15.64649999999999,
19,2024-05-13T13:32:14.097Z,15.67859999999999,
19,2024-05-13T13:32:15.097Z,15.67549999999999,
19,2024-05-13T13:32:16.097Z,15.675199999999991,
19,2024-05-13T13:32:17.097Z,15.675299999999991,
19,2024-05-13T13:32:18.097Z,15.675099999999992,
19,2024-05-13T13:32:19.097Z,15.693999999999992,
19,2024-05-13T13:32:20.097Z,15.697099999999992,
19,2024-05-13T13:32:21.097Z,15.695499999999992,
19,2024-05-13T13:32:22.097Z,15.714799999999991,
19,2024-05-13T13:32:23.097Z,15.733299999999991,
19,2024-05-13T13:32:24.097Z,15.73339999999999,
19,2024-05-13T13:32:25.097Z,15.73029999999999,
19,2024-05-13T13:32:26.097Z,14.10479999999999,
19,2024-05-13T13:32:27.097Z,14.08569999999999,
19,2024-05-13T13:32:28.097Z,14.08579999999999,
19,2024-05-13T13:32:29.097Z,14.08509999999999,
19,2024-05-13T13:32:30.097Z,14.89119999999999,
19,2024-05-13T13:32:31.097Z,14.915299999999991,
19,2024-05-13T13:32:32.097Z,14.915399999999991,
19,2024-05-13T13:32:33.097Z,14.91709999999999,
19,2024-05-13T13:32:34.097Z,14.91649999999999,
19,2024-05-13T13:32:35.097Z,15.30699999999999,
19,2024-05-13T13:32:36.097Z,15.34519999999999,
19,2024-05-13T13:32:37.097Z,15.74169999999999,
19,2024-05-13T13:32:38.097Z,13.376999999999988,
19,2024-05-13T13:32:39.097Z,13.376899999999988,
19,2024-05-13T13:32:40.097Z,13.376999999999988,
19,2024-05-13T13:32:41.097Z,13.377199999999988,
19,2024-05-13T13:32:42.097Z,12.570899999999988,
19,2024-05-13T13:32:43.097Z,12.759799999999988,
19,2024-05-13T13:32:44.097Z,12.772699999999988,
19,2024-05-13T13:32:45.097Z,12.772799999999988,
19,2024-05-13T13:32:46.097Z,12.772899999999987,
19,2024-05-13T13:32:47.097Z,12.773399999999988,
19,2024-05-13T13:32:48.097Z,12.773499999999988,
19,2024-05-13T13:32:49.097Z,12.774099999999988,
19,2024-05-13T13:32:50.097Z,12.771799999999988,
19,2024-05-13T13:32:51.097Z,12.789899999999989,
19,2024-05-13T13:32:52.097Z,12.78739999999999,
19,2024-05-13T13:32:53.097Z,12.78109999999999,
19,2024-05-13T13:32:54.097Z,12.77479999999999,
19,2024-05-13T13:32:55.097Z,12.77619999999999,
19,2024-05-13T13:32:56.097Z,12.77309999999999,
19,2024-05-13T13:32:57.097Z,13.57939999999999,
19,2024-05-13T13:32:58.097Z,14.385699999999991,
19,2024-05-13T13:32:59.097Z,14.38739999999999,
19,2024-05-13T13:33:00.097Z,14.38429999999999,
19,2024-05-13T13:33:01.097Z,14.384899999999991,
19,2024-05-13T13:33:02.097Z,14.381799999999991,
19,2024-05-13T13:33:03.097Z,14.425899999999992,
19,2024-05-13T13:33:04.097Z,14.425999999999991,
19,2024-05-13T13:33:05.097Z,14.426099999999991,
19,2024-05-13T13:33:06.097Z,14.425899999999992,
19,2024-05-13T13:33:07.097Z,14.435599999999992,
19,2024-05-13T13:33:08.097Z,11.992499999999993,
19,2024-05-13T13:33:09.097Z,11.992599999999992,
19,2024-05-13T13:33:10.097Z,11.992699999999992,
19,2024-05-13T13:33:11.097Z,11.992799999999992,
19,2024-05-13T13:33:12.097Z,11.992899999999992,
19,2024-05-13T13:33:13.097Z,12.624999999999991,
19,2024-05-13T13:33:14.097Z,12.643899999999991,
19,2024-05-13T13:33:15.097Z,12.643999999999991,
19,2024-05-13T13:33:16.097Z,12.644099999999991,
19,2024-05-13T13:33:17.097Z,12.64419999999999,
19,2024-05-13T13:33:18.097Z,12.64449999999999,
19,2024-05-13T13:33:19.097Z,12.64459999999999,
19,2024-05-13T13:33:20.097Z,12.64469999999999,
19,2024-05-13T13:33:21.097Z,12.64479999999999,
19,2024-05-13T13:33:22.097Z,12.64489999999999,
19,2024-05-13T13:33:23.097Z,12.644999999999989,
19,2024-05-13T13:33:24.097Z,12.645099999999989,
19,2024-05-13T13:33:25.097Z,12.645199999999988,
19,2024-05-13T13:33:26.097Z,12.645299999999988,
19,2024-05-13T13:33:27.097Z,12.663799999999988,
19,2024-05-13T13:33:28.097Z,12.663899999999988,
19,2024-05-13T13:33:29.097Z,12.663799999999988,
19,2024-05-13T13:33:30.097Z,12.663899999999988,
19,2024-05-13T13:33:31.097Z,12.663999999999987,
19,2024-05-13T13:33:32.097Z,12.664099999999987,
19,2024-05-13T13:33:33.097Z,12.682999999999987,
19,2024-05-13T13:33:34.097Z,12.683099999999987,
19,2024-05-13T13:33:35.097Z,12.689399999999987,
19,2024-05-13T13:33:36.097Z,12.689499999999986,
19,2024-05-13T13:33:37.097Z,12.689599999999986,
19,2024-05-13T13:33:38.097Z,12.689699999999986,
19,2024-05-13T13:33:39.097Z,12.689799999999986,
19,2024-05-13T13:33:40.097Z,12.689899999999986,
19,2024-05-13T13:33:41.097Z,12.689999999999985,
19,2024-05-13T13:33:42.097Z,12.690099999999985,
19,2024-05-13T13:33:43.097Z,12.683799999999986,
19,2024-05-13T13:33:44.097Z,12.701499999999985,
19,2024-05-13T13:33:45.097Z,12.701599999999985,
19,2024-05-13T13:33:46.097Z,12.720099999999984,
19,2024-05-13T13:33:47.097Z,12.720199999999984,
19,2024-05-13T13:33:48.097Z,12.720299999999984,
19,2024-05-13T13:33:49.097Z,12.720399999999984,
19,2024-05-13T13:33:50.097Z,12.720499999999983,
19,2024-05-13T13:33:51.097Z,12.720599999999983,
19,2024-05-13T13:33:52.097Z,12.719099999999983,
19,2024-05-13T13:33:53.097Z,12.719699999999987,
19,2024-05-13T13:33:54.097Z,12.719799999999987,
19,2024-05-13T13:33:55.097Z,12.719899999999987,
19,2024-05-13T13:33:56.097Z,12.719999999999986,
19,2024-05-13T13:33:57.097Z,12.720099999999986,
19,2024-05-13T13:33:58.097Z,12.720199999999986,
19,2024-05-13T13:33:59.097Z,12.719499999999986,
19,2024-05-13T13:34:00.097Z,12.719599999999986,
19,2024-05-13T13:34:01.097Z,12.719699999999985,
19,2024-05-13T13:34:02.097Z,12.719799999999985,
19,2024-05-13T13:34:03.097Z,12.719699999999985,
19,2024-05-13T13:34:04.097Z,13.063799999999985,
19,2024-05-13T13:34:05.097Z,13.146199999999984,
19,2024-05-13T13:34:06.097Z,13.147599999999985,
19,2024-05-13T13:34:07.097Z,9.893099999999986,
19,2024-05-13T13:34:08.097Z,9.886799999999987,
19,2024-05-13T13:34:09.097Z,9.905299999999986,
19,2024-05-13T13:34:10.097Z,9.905399999999986,
19,2024-05-13T13:34:11.097Z,9.905499999999986,
19,2024-05-13T13:34:12.097Z,9.905599999999986,
19,2024-05-13T13:34:13.097Z,9.905699999999985,
19,2024-05-13T13:34:14.097Z,9.905799999999985,
19,2024-05-13T13:34:15.097Z,9.905899999999985,
19,2024-05-13T13:34:16.097Z,9.905999999999985,
19,2024-05-13T13:34:17.097Z,9.906099999999984,
19,2024-05-13T13:34:18.097Z,9.912399999999984,
19,2024-05-13T13:34:19.097Z,9.912499999999984,
19,2024-05-13T13:34:20.097Z,9.912599999999983,
19,2024-05-13T13:34:21.097Z,9.912699999999983,
19,2024-05-13T13:34:22.097Z,9.915599999999984,
19,2024-05-13T13:34:23.097Z,9.912499999999984,
19,2024-05-13T13:34:24.097Z,9.893399999999982,
19,2024-05-13T13:34:25.097Z,9.890299999999982,
19,2024-05-13T13:34:26.097Z,9.907999999999983,
19,2024-05-13T13:34:27.097Z,9.906499999999983,
19,2024-05-13T13:34:28.097Z,9.906599999999983,
19,2024-05-13T13:34:29.097Z,9.906699999999983,
19,2024-05-13T13:34:30.097Z,9.906599999999983,
19,2024-05-13T13:34:31.097Z,9.887499999999982,
19,2024-05-13T13:34:32.097Z,9.89239999999998,
19,2024-05-13T13:34:33.097Z,9.89249999999998,
19,2024-05-13T13:34:34.097Z,9.892299999999981,
19,2024-05-13T13:34:35.097Z,9.908399999999983,
19,2024-05-13T13:34:36.097Z,9.908499999999982,
19,2024-05-13T13:34:37.097Z,9.908599999999982,
19,2024-05-13T13:34:38.097Z,9.908699999999982,
19,2024-05-13T13:34:39.097Z,9.908799999999982,
19,2024-05-13T13:34:40.097Z,9.908899999999981,
19,2024-05-13T13:34:41.097Z,9.908999999999981,
19,2024-05-13T13:34:42.097Z,9.909099999999981,
19,2024-05-13T13:34:43.097Z,9.90919999999998,
19,2024-05-13T13:34:44.097Z,9.90929999999998,
19,2024-05-13T13:34:45.097Z,9.90939999999998,
19,2024-05-13T13:34:46.097Z,9.908699999999982,
19,2024-05-13T13:34:47.097Z,9.939199999999978,
19,2024-05-13T13:34:48.097Z,9.939299999999978,
19,2024-05-13T13:34:49.097Z,9.939399999999978,
19,2024-05-13T13:34:50.097Z,9.939299999999978,
19,2024-05-13T13:34:51.097Z,9.939399999999978,
19,2024-05-13T13:34:52.097Z,9.933099999999978,
19,2024-05-13T13:34:53.097Z,6.668999999999979,
19,2024-05-13T13:34:54.097Z,4.224299999999978,
19,2024-05-13T13:34:55.097Z,4.217999999999979,
19,2024-05-13T13:34:56.097Z,4.229299999999977,
19,2024-05-13T13:34:57.097Z,4.229399999999977,
19,2024-05-13T13:34:58.097Z,4.229499999999977,
19,2024-05-13T13:34:59.097Z,4.2295999999999765,
19,2024-05-13T13:35:00.097Z,4.229699999999976,
19,2024-05-13T13:35:01.097Z,4.2295999999999765,
19,2024-05-13T13:35:02.097Z,4.229699999999976,
19,2024-05-13T13:35:03.097Z,4.229799999999976,
19,2024-05-13T13:35:04.097Z,4.229899999999976,
19,2024-05-13T13:35:05.097Z,4.229699999999976,
19,2024-05-13T13:35:06.097Z,4.247399999999978,
19,2024-05-13T13:35:07.097Z,4.247499999999977,
19,2024-05-13T13:35:08.097Z,4.247599999999977,
19,2024-05-13T13:35:09.097Z,4.247699999999977,
19,2024-05-13T13:35:10.097Z,4.247799999999977,
19,2024-05-13T13:35:11.097Z,4.2478999999999765,
19,2024-05-13T13:35:12.097Z,4.247999999999976,
19,2024-05-13T13:35:13.097Z,4.248099999999976,
19,2024-05-13T13:35:14.097Z,4.248199999999976,
19,2024-05-13T13:35:15.097Z,4.245099999999976,
19,2024-05-13T13:35:16.097Z,4.245199999999976,
19,2024-05-13T13:35:17.097Z,4.245299999999975,
19,2024-05-13T13:35:18.097Z,4.245399999999975,
19,2024-05-13T13:35:19.097Z,4.250299999999974,
19,2024-05-13T13:35:20.097Z,4.249999999999975,
19,2024-05-13T13:35:21.097Z,4.250099999999975,
19,2024-05-13T13:35:22.097Z,4.250199999999975,
19,2024-05-13T13:35:23.097Z,4.250299999999974,
19,2024-05-13T13:35:24.097Z,4.250399999999974,
19,2024-05-13T13:35:25.097Z,4.250499999999974,
19,2024-05-13T13:35:26.097Z,4.250599999999974,
19,2024-05-13T13:35:27.097Z,4.2506999999999735,
19,2024-05-13T13:35:28.097Z,4.250799999999973,
19,2024-05-13T13:35:29.097Z,4.250899999999973,
19,2024-05-13T13:35:30.097Z,4.250999999999973,
19,2024-05-13T13:35:31.097Z,4.251099999999973,
19,2024-05-13T13:35:32.097Z,4.251199999999972,
19,2024-05-13T13:35:33.097Z,4.251299999999972,
19,2024-05-13T13:35:34.097Z,4.251399999999972,
19,2024-05-13T13:35:35.097Z,4.251499999999972,
19,2024-05-13T13:35:36.097Z,4.251599999999971,
19,2024-05-13T13:35:37.097Z,4.251699999999971,
19,2024-05-13T13:35:38.097Z,4.251799999999971,
19,2024-05-13T13:35:39.097Z,4.251899999999971,
19,2024-05-13T13:35:40.097Z,4.2519999999999705,
19,2024-05-13T13:35:41.097Z,4.25209999999997,
19,2024-05-13T13:35:42.097Z,4.25219999999997,
19,2024-05-13T13:35:43.097Z,4.25229999999997,
19,2024-05-13T13:35:44.097Z,4.2523999999999695,
19,2024-05-13T13:35:45.097Z,4.252499999999969,
19,2024-05-13T13:35:46.097Z,4.252599999999969,
19,2024-05-13T13:35:47.097Z,4.252699999999969,
19,2024-05-13T13:35:48.097Z,4.252799999999969,
19,2024-05-13T13:35:49.097Z,4.252899999999968,
19,2024-05-13T13:35:50.097Z,4.252999999999968,
19,2024-05-13T13:35:51.097Z,4.253099999999968,
19,2024-05-13T13:35:52.097Z,4.253199999999968,
19,2024-05-13T13:35:53.097Z,4.253299999999967,
19,2024-05-13T13:35:54.097Z,4.253399999999967,
19,2024-05-13T13:35:55.097Z,4.253499999999967,
19,2024-05-13T13:35:56.097Z,4.253599999999967,
19,2024-05-13T13:35:57.097Z,4.2536999999999665,
19,2024-05-13T13:35:58.097Z,4.253799999999966,
19,2024-05-13T13:35:59.097Z,4.253899999999966,
19,2024-05-13T13:36:00.097Z,4.253999999999966,
19,2024-05-13T13:36:01.097Z,4.254099999999966,
19,2024-05-13T13:36:02.097Z,4.254199999999965,
19,2024-05-13T13:36:03.097Z,4.254299999999965,
19,2024-05-13T13:36:04.097Z,4.254399999999965,
19,2024-05-13T13:36:05.097Z,4.254499999999965,
19,2024-05-13T13:36:06.097Z,4.254599999999964,
19,2024-05-13T13:36:07.097Z,4.254699999999964,
19,2024-05-13T13:36:08.097Z,4.254499999999965,
19,2024-05-13T13:36:09.097Z,4.255899999999965,
19,2024-05-13T13:36:10.097Z,4.249599999999965,
19,2024-05-13T13:36:11.097Z,4.249699999999965,
19,2024-05-13T13:36:12.097Z,5.049399999999967,
19,2024-05-13T13:36:13.097Z,5.049499999999966,
19,2024-05-13T13:36:14.097Z,5.049599999999966,
19,2024-05-13T13:36:15.097Z,5.049699999999966,
19,2024-05-13T13:36:16.097Z,5.049799999999966,
19,2024-05-13T13:36:17.097Z,5.049899999999965,
19,2024-05-13T13:36:18.097Z,5.049999999999965,
19,2024-05-13T13:36:19.097Z,5.043699999999966,
19,2024-05-13T13:36:20.097Z,5.046199999999967,
19,2024-05-13T13:36:21.097Z,5.046299999999967,
19,2024-05-13T13:36:22.097Z,5.0463999999999665,
19,2024-05-13T13:36:23.097Z,5.046499999999966,
19,2024-05-13T13:36:24.097Z,5.046599999999966,
19,2024-05-13T13:36:25.097Z,5.046699999999966,
19,2024-05-13T13:36:26.097Z,5.045999999999967,
19,2024-05-13T13:36:27.097Z,5.026899999999966,
19,2024-05-13T13:36:28.097Z,5.0269999999999655,
19,2024-05-13T13:36:29.097Z,5.027099999999965,
19,2024-05-13T13:36:30.097Z,5.025399999999966,
19,2024-05-13T13:36:31.097Z,5.828699999999966,
19,2024-05-13T13:36:32.097Z,6.019199999999966,
19,2024-05-13T13:36:33.097Z,6.044599999999967,
19,2024-05-13T13:36:34.097Z,3.6190999999999676,
19,2024-05-13T13:36:35.097Z,3.6191999999999673,
19,2024-05-13T13:36:36.097Z,3.619299999999967,
19,2024-05-13T13:36:37.097Z,3.619399999999967,
19,2024-05-13T13:36:38.097Z,3.624299999999966,
19,2024-05-13T13:36:39.097Z,3.624399999999966,
19,2024-05-13T13:36:40.097Z,3.6244999999999656,
19,2024-05-13T13:36:41.097Z,3.6245999999999654,
19,2024-05-13T13:36:42.097Z,3.624699999999965,
19,2024-05-13T13:36:43.097Z,3.624699999999965,
19,2024-05-13T13:36:44.097Z,3.6248999999999647,
19,2024-05-13T13:36:45.097Z,3.6249999999999645,
19,2024-05-13T13:36:46.097Z,3.6250999999999642,
19,2024-05-13T13:36:47.097Z,3.625199999999964,
19,2024-05-13T13:36:48.097Z,3.6238999999999635,
19,2024-05-13T13:36:49.097Z,4.001299999999965,
19,2024-05-13T13:36:50.097Z,4.000999999999966,
19,2024-05-13T13:36:51.097Z,4.0010999999999655,
19,2024-05-13T13:36:52.097Z,4.002499999999966,
19,2024-05-13T13:36:53.097Z,4.0021999999999665,
19,2024-05-13T13:36:54.097Z,3.9990999999999666,
19,2024-05-13T13:36:55.097Z,3.979999999999965,
19,2024-05-13T13:36:56.097Z,3.9792999999999665,
19,2024-05-13T13:36:57.097Z,4.426599999999965,
19,2024-05-13T13:36:58.097Z,4.4450999999999645,
19,2024-05-13T13:36:59.097Z,4.440199999999965,
19,2024-05-13T13:37:00.097Z,2.981099999999966,
19,2024-05-13T13:37:01.097Z,3.0192999999999657,
19,2024-05-13T13:37:02.097Z,2.980999999999966,
19,2024-05-13T13:37:03.097Z,2.981099999999966,
19,2024-05-13T13:37:04.097Z,2.9807999999999666,
19,2024-05-13T13:37:05.097Z,2.9792999999999665,
19,2024-05-13T13:37:06.097Z,2.972999999999967,
19,2024-05-13T13:37:07.097Z,2.9914999999999665,
19,2024-05-13T13:37:08.097Z,2.991299999999967,
19,2024-05-13T13:37:09.097Z,2.9913999999999668,
19,2024-05-13T13:37:10.097Z,2.991699999999966,
19,2024-05-13T13:37:11.097Z,2.9915999999999663,
19,2024-05-13T13:37:12.097Z,3.0234999999999665,
19,2024-05-13T13:37:13.097Z,3.0235999999999663,
19,2024-05-13T13:37:14.097Z,3.023699999999966,
19,2024-05-13T13:37:15.097Z,3.023799999999966,
19,2024-05-13T13:37:16.097Z,3.0230999999999675,
19,2024-05-13T13:37:17.097Z,3.0231999999999672,
19,2024-05-13T13:37:18.097Z,3.023299999999967,
19,2024-05-13T13:37:19.097Z,3.023399999999967,
19,2024-05-13T13:37:20.097Z,3.0234999999999665,
19,2024-05-13T13:37:21.097Z,3.0235999999999663,
19,2024-05-13T13:37:22.097Z,3.023699999999966,
19,2024-05-13T13:37:23.097Z,3.023799999999966,
19,2024-05-13T13:37:24.097Z,3.0238999999999656,
19,2024-05-13T13:37:25.097Z,3.0239999999999654,
19,2024-05-13T13:37:26.097Z,3.024099999999965,
19,2024-05-13T13:37:27.097Z,3.0239999999999654,
19,2024-05-13T13:37:28.097Z,3.024099999999965,
19,2024-05-13T13:37:29.097Z,3.0273999999999646,
19,2024-05-13T13:37:30.097Z,3.0274999999999643,
19,2024-05-13T13:37:31.097Z,3.028099999999963,
19,2024-05-13T13:37:32.097Z,3.0231999999999637,
19,2024-05-13T13:37:33.097Z,3.022999999999964,
19,2024-05-13T13:37:34.097Z,3.0227999999999646,
19,2024-05-13T13:37:35.097Z,3.0228999999999644,
19,2024-05-13T13:37:36.097Z,3.022599999999965,
19,2024-05-13T13:37:37.097Z,3.0218999999999667,
19,2024-05-13T13:37:38.097Z,3.0219999999999665,
19,2024-05-13T13:37:39.097Z,3.0204999999999664,
19,2024-05-13T13:37:40.097Z,3.0189999999999664,
19,2024-05-13T13:37:41.097Z,3.0318999999999647,
19,2024-05-13T13:37:42.097Z,3.0380999999999645,
19,2024-05-13T13:37:43.097Z,3.031799999999965,
19,2024-05-13T13:37:44.097Z,3.8318999999999654,
19,2024-05-13T13:37:45.097Z,3.849599999999967,
19,2024-05-13T13:37:46.097Z,3.8496999999999666,
19,2024-05-13T13:37:47.097Z,3.851099999999967,
19,2024-05-13T13:37:48.097Z,3.8516999999999655,
19,2024-05-13T13:37:49.097Z,3.8517999999999653,
19,2024-05-13T13:37:50.097Z,3.8520999999999646,
19,2024-05-13T13:37:51.097Z,3.8521999999999643,
19,2024-05-13T13:37:52.097Z,3.851499999999966,
19,2024-05-13T13:37:53.097Z,3.8675999999999675,
19,2024-05-13T13:37:54.097Z,3.8676999999999673,
19,2024-05-13T13:37:55.097Z,3.866999999999969,
19,2024-05-13T13:37:56.097Z,3.8830999999999705,
19,2024-05-13T13:37:57.097Z,3.8831999999999702,
19,2024-05-13T13:37:58.097Z,3.88329999999997,
19,2024-05-13T13:37:59.097Z,3.8833999999999698,
19,2024-05-13T13:38:00.097Z,3.8826999999999714,
19,2024-05-13T13:38:01.097Z,3.898799999999973,
19,2024-05-13T13:38:02.097Z,3.8988999999999727,
19,2024-05-13T13:38:03.097Z,3.8989999999999725,
19,2024-05-13T13:38:04.097Z,3.8990999999999723,
19,2024-05-13T13:38:05.097Z,3.899199999999972,
19,2024-05-13T13:38:06.097Z,3.899299999999972,
19,2024-05-13T13:38:07.097Z,3.8993999999999716,
19,2024-05-13T13:38:08.097Z,3.8994999999999713,
19,2024-05-13T13:38:09.097Z,3.8997999999999706,
19,2024-05-13T13:38:10.097Z,3.8990999999999723,
19,2024-05-13T13:38:11.097Z,3.9167999999999736,
19,2024-05-13T13:38:12.097Z,3.916999999999973,
19,2024-05-13T13:38:13.097Z,3.923199999999973,
19,2024-05-13T13:38:14.097Z,3.9168999999999734,
19,2024-05-13T13:38:15.097Z,3.934599999999975,
19,2024-05-13T13:38:16.097Z,3.9342999999999755,
19,2024-05-13T13:38:17.097Z,3.947199999999974,
19,2024-05-13T13:38:18.097Z,3.9472999999999736,
19,2024-05-13T13:38:19.097Z,3.9473999999999734,
19,2024-05-13T13:38:20.097Z,3.947499999999973,
19,2024-05-13T13:38:21.097Z,3.9443999999999733,
19,2024-05-13T13:38:22.097Z,3.944499999999973,
19,2024-05-13T13:38:23.097Z,3.9451999999999714,
19,2024-05-13T13:38:24.097Z,3.945299999999971,
19,2024-05-13T13:38:25.097Z,3.944599999999973,
19,2024-05-13T13:38:26.097Z,3.941499999999973,
19,2024-05-13T13:38:27.097Z,3.943999999999974,
19,2024-05-13T13:38:28.097Z,3.9437999999999747,
19,2024-05-13T13:38:29.097Z,4.129499999999975,
19,2024-05-13T13:38:30.097Z,4.129599999999975,
19,2024-05-13T13:38:31.097Z,4.126499999999975,
19,2024-05-13T13:38:32.097Z,4.123099999999976,
19,2024-05-13T13:38:33.097Z,4.123199999999976,
19,2024-05-13T13:38:34.097Z,4.121699999999976,
19,2024-05-13T13:38:35.097Z,4.1217999999999755,
19,2024-05-13T13:38:36.097Z,4.121899999999975,
19,2024-05-13T13:38:37.097Z,4.121999999999975,
19,2024-05-13T13:38:38.097Z,4.122099999999975,
19,2024-05-13T13:38:39.097Z,4.115899999999975,
19,2024-05-13T13:38:40.097Z,4.134799999999974,
19,2024-05-13T13:38:41.097Z,4.134899999999973,
19,2024-05-13T13:38:42.097Z,4.134999999999973,
19,2024-05-13T13:38:43.097Z,4.129999999999974,
19,2024-05-13T13:38:44.097Z,6.554899999999975,
19,2024-05-13T13:38:45.097Z,6.554999999999975,
19,2024-05-13T13:38:46.097Z,6.555099999999975,
19,2024-05-13T13:38:47.097Z,6.555999999999976,
19,2024-05-13T13:38:48.097Z,6.556499999999975,
19,2024-05-13T13:38:49.097Z,6.562199999999976,
19,2024-05-13T13:38:50.097Z,6.5618999999999765,
19,2024-05-13T13:38:51.097Z,6.580899999999975,
19,2024-05-13T13:38:52.097Z,6.580999999999975,
19,2024-05-13T13:38:53.097Z,6.581099999999974,
19,2024-05-13T13:38:54.097Z,6.581199999999974,
19,2024-05-13T13:38:55.097Z,6.581299999999974,
19,2024-05-13T13:38:56.097Z,6.581399999999974,
19,2024-05-13T13:38:57.097Z,6.5814999999999735,
19,2024-05-13T13:38:58.097Z,6.581599999999973,
19,2024-05-13T13:38:59.097Z,6.581699999999973,
19,2024-05-13T13:39:00.097Z,6.581799999999973,
19,2024-05-13T13:39:01.097Z,6.5818999999999726,
19,2024-05-13T13:39:02.097Z,6.581599999999973,
19,2024-05-13T13:39:03.097Z,6.581699999999973,
19,2024-05-13T13:39:04.097Z,6.581799999999973,
19,2024-05-13T13:39:05.097Z,6.5818999999999726,
19,2024-05-13T13:39:06.097Z,6.581999999999972,
19,2024-05-13T13:39:07.097Z,6.582099999999972,
19,2024-05-13T13:39:08.097Z,6.588199999999972,
19,2024-05-13T13:39:09.097Z,6.587499999999974,
19,2024-05-13T13:39:10.097Z,6.605999999999973,
19,2024-05-13T13:39:11.097Z,4.336899999999975,
19,2024-05-13T13:39:12.097Z,4.336999999999975,
19,2024-05-13T13:39:13.097Z,4.337099999999975,
19,2024-05-13T13:39:14.097Z,4.336399999999976,
19,2024-05-13T13:39:15.097Z,4.349199999999975,
19,2024-05-13T13:39:16.097Z,4.349299999999975,
19,2024-05-13T13:39:17.097Z,4.349399999999974,
19,2024-05-13T13:39:18.097Z,4.349499999999974,
19,2024-05-13T13:39:19.097Z,4.349599999999974,
19,2024-05-13T13:39:20.097Z,4.349699999999974,
19,2024-05-13T13:39:21.097Z,4.3497999999999735,
19,2024-05-13T13:39:22.097Z,4.349899999999973,
19,2024-05-13T13:39:23.097Z,4.349999999999973,
19,2024-05-13T13:39:24.097Z,4.350099999999973,
19,2024-05-13T13:39:25.097Z,4.3501999999999725,
19,2024-05-13T13:39:26.097Z,4.350299999999972,
19,2024-05-13T13:39:27.097Z,4.350399999999972,
19,2024-05-13T13:39:28.097Z,4.350499999999972,
19,2024-05-13T13:39:29.097Z,4.350599999999972,
19,2024-05-13T13:39:30.097Z,4.350699999999971,
19,2024-05-13T13:39:31.097Z,4.350799999999971,
19,2024-05-13T13:39:32.097Z,4.350899999999971,
19,2024-05-13T13:39:33.097Z,4.350999999999971,
19,2024-05-13T13:39:34.097Z,4.35109999999997,
19,2024-05-13T13:39:35.097Z,4.35119999999997,
19,2024-05-13T13:39:36.097Z,4.35129999999997,
19,2024-05-13T13:39:37.097Z,4.35139999999997,
19,2024-05-13T13:39:38.097Z,4.3514999999999695,
19,2024-05-13T13:39:39.097Z,4.351599999999969,
19,2024-05-13T13:39:40.097Z,4.351699999999969,
19,2024-05-13T13:39:41.097Z,4.351799999999969,
19,2024-05-13T13:39:42.097Z,4.351899999999969,
19,2024-05-13T13:39:43.097Z,4.351999999999968,
19,2024-05-13T13:39:44.097Z,4.352099999999968,
19,2024-05-13T13:39:45.097Z,4.352199999999968,
19,2024-05-13T13:39:46.097Z,4.352299999999968,
19,2024-05-13T13:39:47.097Z,4.350799999999968,
19,2024-05-13T13:39:48.097Z,4.363699999999966,
19,2024-05-13T13:39:49.097Z,4.363799999999966,
19,2024-05-13T13:39:50.097Z,4.3638999999999655,
19,2024-05-13T13:39:51.097Z,4.360799999999966,
19,2024-05-13T13:39:52.097Z,4.361099999999965,
19,2024-05-13T13:39:53.097Z,4.3603999999999665,
19,2024-05-13T13:39:54.097Z,4.392499999999966,
19,2024-05-13T13:39:55.097Z,4.392599999999966,
19,2024-05-13T13:39:56.097Z,4.406799999999965,
19,2024-05-13T13:39:57.097Z,4.406899999999965,
19,2024-05-13T13:39:58.097Z,4.4069999999999645,
19,2024-05-13T13:39:59.097Z,4.407099999999964,
19,2024-05-13T13:40:00.097Z,4.407199999999964,
19,2024-05-13T13:40:01.097Z,4.407299999999964,
19,2024-05-13T13:40:02.097Z,4.407399999999964,
19,2024-05-13T13:40:03.097Z,4.407499999999963,
19,2024-05-13T13:40:04.097Z,4.407599999999963,
19,2024-05-13T13:40:05.097Z,4.407699999999963,
19,2024-05-13T13:40:06.097Z,4.407799999999963,
19,2024-05-13T13:40:07.097Z,4.407599999999963,
19,2024-05-13T13:40:08.097Z,4.407699999999963,
19,2024-05-13T13:40:09.097Z,4.407799999999963,
19,2024-05-13T13:40:10.097Z,4.407899999999962,
19,2024-05-13T13:40:11.097Z,4.407999999999962,
19,2024-05-13T13:40:12.097Z,4.408099999999962,
19,2024-05-13T13:40:13.097Z,4.408199999999962,
19,2024-05-13T13:40:14.097Z,4.4082999999999615,
19,2024-05-13T13:40:15.097Z,4.408399999999961,
19,2024-05-13T13:40:16.097Z,4.408499999999961,
19,2024-05-13T13:40:17.097Z,4.40299999999996,
19,2024-05-13T13:40:18.097Z,4.403099999999959,
19,2024-05-13T13:40:19.097Z,4.403199999999959,
19,2024-05-13T13:40:20.097Z,4.403299999999959,
19,2024-05-13T13:40:21.097Z,4.403399999999959,
19,2024-05-13T13:40:22.097Z,4.4034999999999584,
19,2024-05-13T13:40:23.097Z,4.403599999999958,
19,2024-05-13T13:40:24.097Z,4.403699999999958,
19,2024-05-13T13:40:25.097Z,4.403799999999958,
19,2024-05-13T13:40:26.097Z,4.4038999999999575,
19,2024-05-13T13:40:27.097Z,4.403999999999957,
19,2024-05-13T13:40:28.097Z,4.404099999999957,
19,2024-05-13T13:40:29.097Z,4.404199999999957,
19,2024-05-13T13:40:30.097Z,4.404299999999957,
19,2024-05-13T13:40:31.097Z,4.404399999999956,
19,2024-05-13T13:40:32.097Z,4.404499999999956,
19,2024-05-13T13:40:33.097Z,4.404299999999957,
19,2024-05-13T13:40:34.097Z,4.404399999999956,
19,2024-05-13T13:40:35.097Z,4.404499999999956,
19,2024-05-13T13:40:36.097Z,4.404599999999956,
19,2024-05-13T13:40:37.097Z,4.404699999999956,
19,2024-05-13T13:40:38.097Z,4.404799999999955,
19,2024-05-13T13:40:39.097Z,4.404899999999955,
19,2024-05-13T13:40:40.097Z,4.404999999999955,
19,2024-05-13T13:40:41.097Z,4.405099999999955,
19,2024-05-13T13:40:42.097Z,4.4051999999999545,
19,2024-05-13T13:40:43.097Z,4.405299999999954,
19,2024-05-13T13:40:44.097Z,4.405399999999954,
19,2024-05-13T13:40:45.097Z,4.405499999999954,
19,2024-05-13T13:40:46.097Z,4.4055999999999536,
19,2024-05-13T13:40:47.097Z,4.405699999999953,
19,2024-05-13T13:40:48.097Z,4.408699999999953,
19,2024-05-13T13:40:49.097Z,4.408799999999953,
19,2024-05-13T13:40:50.097Z,4.408899999999953,
19,2024-05-13T13:40:51.097Z,4.408999999999953,
19,2024-05-13T13:40:52.097Z,4.4090999999999525,
19,2024-05-13T13:40:53.097Z,4.409199999999952,
19,2024-05-13T13:40:54.097Z,4.402899999999953,
19,2024-05-13T13:40:55.097Z,4.425299999999954,
19,2024-05-13T13:40:56.097Z,4.425599999999953,
19,2024-05-13T13:40:57.097Z,4.425699999999953,
19,2024-05-13T13:40:58.097Z,4.425799999999953,
19,2024-05-13T13:40:59.097Z,4.425899999999952,
19,2024-05-13T13:41:00.097Z,4.425999999999952,
19,2024-05-13T13:41:01.097Z,4.426099999999952,
19,2024-05-13T13:41:02.097Z,4.426199999999952,
19,2024-05-13T13:41:03.097Z,4.4262999999999515,
19,2024-05-13T13:41:04.097Z,4.426399999999951,
19,2024-05-13T13:41:05.097Z,4.426499999999951,
19,2024-05-13T13:41:06.097Z,4.426599999999951,
19,2024-05-13T13:41:07.097Z,4.426699999999951,
20,2024-05-13T13:30:37.097Z,26.3,
20,2024-05-13T13:30:38.097Z,26.2809,
20,2024-05-13T13:30:39.097Z,26.2814,
20,2024-05-13T13:30:40.097Z,26.2815,
20,2024-05-13T13:30:41.097Z,26.2752,
20,2024-05-13T13:30:42.097Z,26.2911,
20,2024-05-13T13:30:43.097Z,26.2912,
20,2024-05-13T13:30:44.097Z,26.2913,
20,2024-05-13T13:30:45.097Z,26.2914,
20,2024-05-13T13:30:46.097Z,26.2915,
20,2024-05-13T13:30:47.097Z,26.2852,
20,2024-05-13T13:30:48.097Z,26.2845,
20,2024-05-13T13:30:49.097Z,24.729400000000002,
20,2024-05-13T13:30:50.097Z,24.7295,
20,2024-05-13T13:30:51.097Z,24.729200000000002,
20,2024-05-13T13:30:52.097Z,22.278100000000002,
20,2024-05-13T13:30:53.097Z,22.278200000000002,
20,2024-05-13T13:30:54.097Z,22.2783,
20,2024-05-13T13:30:55.097Z,22.2784,
20,2024-05-13T13:30:56.097Z,22.2785,
20,2024-05-13T13:30:57.097Z,22.2786,
20,2024-05-13T13:30:58.097Z,22.2785,
20,2024-05-13T13:30:59.097Z,22.297,
20,2024-05-13T13:31:00.097Z,22.2969,
20,2024-05-13T13:31:01.097Z,22.297,
20,2024-05-13T13:31:02.097Z,22.2971,
20,2024-05-13T13:31:03.097Z,22.2972,
20,2024-05-13T13:31:04.097Z,22.2973,
20,2024-05-13T13:31:05.097Z,22.2974,
20,2024-05-13T13:31:06.097Z,22.2975,
20,2024-05-13T13:31:07.097Z,22.2976,
20,2024-05-13T13:31:08.097Z,22.2977,
20,2024-05-13T13:31:09.097Z,22.2978,
20,2024-05-13T13:31:10.097Z,22.2979,
20,2024-05-13T13:31:11.097Z,22.298,
20,2024-05-13T13:31:12.097Z,22.298099999999998,
20,2024-05-13T13:31:13.097Z,22.298199999999998,
20,2024-05-13T13:31:14.097Z,22.298299999999998,
20,2024-05-13T13:31:15.097Z,22.298399999999997,
20,2024-05-13T13:31:16.097Z,22.298499999999997,
20,2024-05-13T13:31:17.097Z,22.298599999999997,
20,2024-05-13T13:31:18.097Z,22.298699999999997,
20,2024-05-13T13:31:19.097Z,22.298799999999996,
20,2024-05-13T13:31:20.097Z,22.298899999999996,
20,2024-05-13T13:31:21.097Z,22.298999999999996,
20,2024-05-13T13:31:22.097Z,22.299099999999996,
20,2024-05-13T13:31:23.097Z,22.299199999999995,
20,2024-05-13T13:31:24.097Z,22.299299999999995,
20,2024-05-13T13:31:25.097Z,22.299399999999995,
20,2024-05-13T13:31:26.097Z,22.299499999999995,
20,2024-05-13T13:31:27.097Z,22.299599999999995,
20,2024-05-13T13:31:28.097Z,22.299699999999994,
20,2024-05-13T13:31:29.097Z,22.299799999999994,
20,2024-05-13T13:31:30.097Z,22.299899999999994,
20,2024-05-13T13:31:31.097Z,22.299999999999994,
20,2024-05-13T13:31:32.097Z,22.298499999999994,
20,2024-05-13T13:31:33.097Z,21.901799999999994,
20,2024-05-13T13:31:34.097Z,21.901899999999994,
20,2024-05-13T13:31:35.097Z,21.907999999999994,
20,2024-05-13T13:31:36.097Z,21.903299999999994,
20,2024-05-13T13:31:37.097Z,22.299299999999995,
20,2024-05-13T13:31:38.097Z,22.30079999999999,
20,2024-05-13T13:31:39.097Z,22.30089999999999,
20,2024-05-13T13:31:40.097Z,22.30099999999999,
20,2024-05-13T13:31:41.097Z,22.30109999999999,
20,2024-05-13T13:31:42.097Z,22.30089999999999,
20,2024-05-13T13:31:43.097Z,22.318599999999993,
20,2024-05-13T13:31:44.097Z,22.407999999999994,
20,2024-05-13T13:31:45.097Z,17.506199999999993,
20,2024-05-13T13:31:46.097Z,17.522299999999994,
20,2024-05-13T13:31:47.097Z,17.520799999999994,
20,2024-05-13T13:31:48.097Z,17.52089999999999,
20,2024-05-13T13:31:49.097Z,17.520999999999994,
20,2024-05-13T13:31:50.097Z,17.52109999999999,
20,2024-05-13T13:31:51.097Z,17.521199999999993,
20,2024-05-13T13:31:52.097Z,17.519699999999993,
20,2024-05-13T13:31:53.097Z,17.53579999999999,
20,2024-05-13T13:31:54.097Z,17.53589999999999,
20,2024-05-13T13:31:55.097Z,17.53879999999999,
20,2024-05-13T13:31:56.097Z,17.53729999999999,
20,2024-05-13T13:31:57.097Z,17.55619999999999,
20,2024-05-13T13:31:58.097Z,17.556299999999993,
20,2024-05-13T13:31:59.097Z,17.557799999999993,
20,2024-05-13T13:32:00.097Z,17.55789999999999,
20,2024-05-13T13:32:01.097Z,17.557999999999993,
20,2024-05-13T13:32:02.097Z,17.55809999999999,
20,2024-05-13T13:32:03.097Z,17.558199999999992,
20,2024-05-13T13:32:04.097Z,17.55829999999999,
20,2024-05-13T13:32:05.097Z,17.557999999999993,
20,2024-05-13T13:32:06.097Z,15.490899999999991,
20,2024-05-13T13:32:07.097Z,15.484599999999991,
20,2024-05-13T13:32:08.097Z,15.46709999999999,
20,2024-05-13T13:32:09.097Z,15.46399999999999,
20,2024-05-13T13:32:10.097Z,15.65579999999999,
20,2024-05-13T13:32:11.097Z,15.67349999999999,
20,2024-05-13T13:32:12.097Z,15.67199999999999,
20,2024-05-13T13:32:13.097Z,15.64649999999999,
20,2024-05-13T13:32:14.097Z,15.67859999999999,
20,2024-05-13T13:32:15.097Z,15.67549999999999,
20,2024-05-13T13:32:16.097Z,15.675199999999991,
20,2024-05-13T13:32:17.097Z,15.675299999999991,
20,2024-05-13T13:32:18.097Z,15.675099999999992,
20,2024-05-13T13:32:19.097Z,15.693999999999992,
20,2024-05-13T13:32:20.097Z,15.697099999999992,
20,2024-05-13T13:32:21.097Z,15.695499999999992,
20,2024-05-13T13:32:22.097Z,15.714799999999991,
20,2024-05-13T13:32:23.097Z,15.733299999999991,
20,2024-05-13T13:32:24.097Z,15.73339999999999,
20,2024-05-13T13:32:25.097Z,15.73029999999999,
20,2024-05-13T13:32:26.097Z,14.10479999999999,
20,2024-05-13T13:32:27.097Z,14.08569999999999,
20,2024-05-13T13:32:28.097Z,14.08579999999999,
20,2024-05-13T13:32:29.097Z,14.08509999999999,
20,2024-05-13T13:32:30.097Z,14.89119999999999,
20,2024-05-13T13:32:31.097Z,14.915299999999991,
20,2024-05-13T13:32:32.097Z,14.915399999999991,
20,2024-05-13T13:32:33.097Z,14.91709999999999,
20,2024-05-13T13:32:34.097Z,14.91649999999999,
20,2024-05-13T13:32:35.097Z,15.30699999999999,
20,2024-05-13T13:32:36.097Z,15.34519999999999,
20,2024-05-13T13:32:37.097Z,15.74169999999999,
20,2024-05-13T13:32:38.097Z,13.376999999999988,
20,2024-05-13T13:32:39.097Z,13.376899999999988,
20,2024-05-13T13:32:40.097Z,13.376999999999988,
20,2024-05-13T13:32:41.097Z,13.377199999999988,
20,2024-05-13T13:32:42.097Z,12.570899999999988,
20,2024-05-13T13:32:43.097Z,12.759799999999988,
20,2024-05-13T13:32:44.097Z,12.772699999999988,
20,2024-05-13T13:32:45.097Z,12.772799999999988,
20,2024-05-13T13:32:46.097Z,12.772899999999987,
20,2024-05-13T13:32:47.097Z,12.773399999999988,
20,2024-05-13T13:32:48.097Z,12.773499999999988,
20,2024-05-13T13:32:49.097Z,12.774099999999988,
20,2024-05-13T13:32:50.097Z,12.771799999999988,
20,2024-05-13T13:32:51.097Z,12.789899999999989,
20,2024-05-13T13:32:52.097Z,12.78739999999999,
20,2024-05-13T13:32:53.097Z,12.78109999999999,
20,2024-05-13T13:32:54.097Z,12.77479999999999,
20,2024-05-13T13:32:55.097Z,12.77619999999999,
20,2024-05-13T13:32:56.097Z,12.77309999999999,
20,2024-05-13T13:32:57.097Z,13.57939999999999,
20,2024-05-13T13:32:58.097Z,14.385699999999991,
20,2024-05-13T13:32:59.097Z,14.38739999999999,
20,2024-05-13T13:33:00.097Z,14.38429999999999,
20,2024-05-13T13:33:01.097Z,14.384899999999991,
20,2024-05-13T13:33:02.097Z,14.381799999999991,
20,2024-05-13T13:33:03.097Z,14.425899999999992,
20,2024-05-13T13:33:04.097Z,14.425999999999991,
20,2024-05-13T13:33:05.097Z,14.426099999999991,
20,2024-05-13T13:33:06.097Z,14.425899999999992,
20,2024-05-13T13:33:07.097Z,14.435599999999992,
20,2024-05-13T13:33:08.097Z,11.992499999999993,
20,2024-05-13T13:33:09.097Z,11.992599999999992,
20,2024-05-13T13:33:10.097Z,11.992699999999992,
20,2024-05-13T13:33:11.097Z,11.992799999999992,
20,2024-05-13T13:33:12.097Z,11.992899999999992,
20,2024-05-13T13:33:13.097Z,12.624999999999991,
20,2024-05-13T13:33:14.097Z,12.643899999999991,
20,2024-05-13T13:33:15.097Z,12.643999999999991,
20,2024-05-13T13:33:16.097Z,12.644099999999991,
20,2024-05-13T13:33:17.097Z,12.64419999999999,
20,2024-05-13T13:33:18.097Z,12.64449999999999,
20,2024-05-13T13:33:19.097Z,12.64459999999999,
20,2024-05-13T13:33:20.097Z,12.64469999999999,
20,2024-05-13T13:33:21.097Z,12.64479999999999,
20,2024-05-13T13:33:22.097Z,12.64489999999999,
20,2024-05-13T13:33:23.097Z,12.644999999999989,
20,2024-05-13T13:33:24.097Z,12.645099999999989,
20,2024-05-13T13:33:25.097Z,12.645199999999988,
20,2024-05-13T13:33:26.097Z,12.645299999999988,
20,2024-05-13T13:33:27.097Z,12.663799999999988,
20,2024-05-13T13:33:28.097Z,12.663899999999988,
20,2024-05-13T13:33:29.097Z,12.663799999999988,
20,2024-05-13T13:33:30.097Z,12.663899999999988,
20,2024-05-13T13:33:31.097Z,12.663999999999987,
20,2024-05-13T13:33:32.097Z,12.664099999999987,
20,2024-05-13T13:33:33.097Z,12.682999999999987,
20,2024-05-13T13:33:34.097Z,12.683099999999987,
20,2024-05-13T13:33:35.097Z,12.689399999999987,
20,2024-05-13T13:33:36.097Z,12.689499999999986,
20,2024-05-13T13:33:37.097Z,12.689599999999986,
20,2024-05-13T13:33:38.097Z,12.689699999999986,
20,2024-05-13T13:33:39.097Z,12.689799999999986,
20,2024-05-13T13:33:40.097Z,12.689899999999986,
20,2024-05-13T13:33:41.097Z,12.689999999999985,
20,2024-05-13T13:33:42.097Z,12.690099999999985,
20,2024-05-13T13:33:43.097Z,12.683799999999986,
20,2024-05-13T13:33:44.097Z,12.701499999999985,
20,2024-05-13T13:33:45.097Z,12.701599999999985,
20,2024-05-13T13:33:46.097Z,12.720099999999984,
20,2024-05-13T13:33:47.097Z,12.720199999999984,
20,2024-05-13T13:33:48.097Z,12.720299999999984,
20,2024-05-13T13:33:49.097Z,12.720399999999984,
20,2024-05-13T13:33:50.097Z,12.720499999999983,
20,2024-05-13T13:33:51.097Z,12.720599999999983,
20,2024-05-13T13:33:52.097Z,12.719099999999983,
20,2024-05-13T13:33:53.097Z,12.719699999999987,
20,2024-05-13T13:33:54.097Z,12.719799999999987,
20,2024-05-13T13:33:55.097Z,12.719899999999987,
20,2024-05-13T13:33:56.097Z,12.719999999999986,
20,2024-05-13T13:33:57.097Z,12.720099999999986,
20,2024-05-13T13:33:58.097Z,12.720199999999986,
20,2024-05-13T13:33:59.097Z,12.719499999999986,
20,2024-05-13T13:34:00.097Z,12.719599999999986,
20,2024-05-13T13:34:01.097Z,12.719699999999985,
20,2024-05-13T13:34:02.097Z,12.719799999999985,
20,2024-05-13T13:34:03.097Z,12.719699999999985,
20,2024-05-13T13:34:04.097Z,13.063799999999985,
20,2024-05-13T13:34:05.097Z,13.146199999999984,
20,2024-05-13T13:34:06.097Z,13.147599999999985,
20,2024-05-13T13:34:07.097Z,9.893099999999986,
20,2024-05-13T13:34:08.097Z,9.886799999999987,
20,2024-05-13T13:34:09.097Z,9.905299999999986,
20,2024-05-13T13:34:10.097Z,9.905399999999986,
20,2024-05-13T13:34:11.097Z,9.905499999999986,
20,2024-05-13T13:34:12.097Z,9.905599999999986,
20,2024-05-13T13:34:13.097Z,9.905699999999985,
20,2024-05-13T13:34:14.097Z,9.905799999999985,
20,2024-05-13T13:34:15.097Z,9.905899999999985,
20,2024-05-13T13:34:16.097Z,9.905999999999985,
20,2024-05-13T13:34:17.097Z,9.906099999999984,
20,2024-05-13T13:34:18.097Z,9.912399999999984,
20,2024-05-13T13:34:19.097Z,9.912499999999984,
20,2024-05-13T13:34:20.097Z,9.912599999999983,
20,2024-05-13T13:34:21.097Z,9.912699999999983,
20,2024-05-13T13:34:22.097Z,9.915599999999984,
20,2024-05-13T13:34:23.097Z,9.912499999999984,
20,2024-05-13T13:34:24.097Z,9.893399999999982,
20,2024-05-13T13:34:25.097Z,9.890299999999982,
20,2024-05-13T13:34:26.097Z,9.907999999999983,
20,2024-05-13T13:34:27.097Z,9.906499999999983,
20,2024-05-13T13:34:28.097Z,9.906599999999983,
20,2024-05-13T13:34:29.097Z,9.906699999999983,
20,2024-05-13T13:34:30.097Z,9.906599999999983,
20,2024-05-13T13:34:31.097Z,9.887499999999982,
20,2024-05-13T13:34:32.097Z,9.89239999999998,
20,2024-05-13T13:34:33.097Z,9.89249999999998,
20,2024-05-13T13:34:34.097Z,9.892299999999981,
20,2024-05-13T13:34:35.097Z,9.908399999999983,
20,2024-05-13T13:34:36.097Z,9.908499999999982,
20,2024-05-13T13:34:37.097Z,9.908599999999982,
20,2024-05-13T13:34:38.097Z,9.908699999999982,
20,2024-05-13T13:34:39.097Z,9.908799999999982,
20,2024-05-13T13:34:40.097Z,9.908899999999981,
20,2024-05-13T13:34:41.097Z,9.908999999999981,
20,2024-05-13T13:34:42.097Z,9.909099999999981,
20,2024-05-13T13:34:43.097Z,9.90919999999998,
20,2024-05-13T13:34:44.097Z,9.90929999999998,
20,2024-05-13T13:34:45.097Z,9.90939999999998,
20,2024-05-13T13:34:46.097Z,9.908699999999982,
20,2024-05-13T13:34:47.097Z,9.939199999999978,
20,2024-05-13T13:34:48.097Z,9.939299999999978,
20,2024-05-13T13:34:49.097Z,9.939399999999978,
20,2024-05-13T13:34:50.097Z,9.939299999999978,
20,2024-05-13T13:34:51.097Z,9.939399999999978,
20,2024-05-13T13:34:52.097Z,9.933099999999978,
20,2024-05-13T13:34:53.097Z,6.668999999999979,
20,2024-05-13T13:34:54.097Z,4.224299999999978,
20,2024-05-13T13:34:55.097Z,4.217999999999979,
20,2024-05-13T13:34:56.097Z,4.229299999999977,
20,2024-05-13T13:34:57.097Z,4.229399999999977,
20,2024-05-13T13:34:58.097Z,4.229499999999977,
20,2024-05-13T13:34:59.097Z,4.2295999999999765,
20,2024-05-13T13:35:00.097Z,4.229699999999976,
20,2024-05-13T13:35:01.097Z,4.2295999999999765,
20,2024-05-13T13:35:02.097Z,4.229699999999976,
20,2024-05-13T13:35:03.097Z,4.229799999999976,
20,2024-05-13T13:35:04.097Z,4.229899999999976,
20,2024-05-13T13:35:05.097Z,4.229699999999976,
20,2024-05-13T13:35:06.097Z,4.247399999999978,
20,2024-05-13T13:35:07.097Z,4.247499999999977,
20,2024-05-13T13:35:08.097Z,4.247599999999977,
20,2024-05-13T13:35:09.097Z,4.247699999999977,
20,2024-05-13T13:35:10.097Z,4.247799999999977,
20,2024-05-13T13:35:11.097Z,4.2478999999999765,
20,2024-05-13T13:35:12.097Z,4.247999999999976,
20,2024-05-13T13:35:13.097Z,4.248099999999976,
20,2024-05-13T13:35:14.097Z,4.248199999999976,
20,2024-05-13T13:35:15.097Z,4.245099999999976,
20,2024-05-13T13:35:16.097Z,4.245199999999976,
20,2024-05-13T13:35:17.097Z,4.245299999999975,
20,2024-05-13T13:35:18.097Z,4.245399999999975,
20,2024-05-13T13:35:19.097Z,4.250299999999974,
20,2024-05-13T13:35:20.097Z,4.249999999999975,
20,2024-05-13T13:35:21.097Z,4.250099999999975,
20,2024-05-13T13:35:22.097Z,4.250199999999975,
20,2024-05-13T13:35:23.097Z,4.250299999999974,
20,2024-05-13T13:35:24.097Z,4.250399999999974,
20,2024-05-13T13:35:25.097Z,4.250499999999974,
20,2024-05-13T13:35:26.097Z,4.250599999999974,
20,2024-05-13T13:35:27.097Z,4.2506999999999735,
20,2024-05-13T13:35:28.097Z,4.250799999999973,
20,2024-05-13T13:35:29.097Z,4.250899999999973,
20,2024-05-13T13:35:30.097Z,4.250999999999973,
20,2024-05-13T13:35:31.097Z,4.251099999999973,
20,2024-05-13T13:35:32.097Z,4.251199999999972,
20,2024-05-13T13:35:33.097Z,4.251299999999972,
20,2024-05-13T13:35:34.097Z,4.251399999999972,
20,2024-05-13T13:35:35.097Z,4.251499999999972,
20,2024-05-13T13:35:36.097Z,4.251599999999971,
20,2024-05-13T13:35:37.097Z,4.251699999999971,
20,2024-05-13T13:35:38.097Z,4.251799999999971,
20,2024-05-13T13:35:39.097Z,4.251899999999971,
20,2024-05-13T13:35:40.097Z,4.2519999999999705,
20,2024-05-13T13:35:41.097Z,4.25209999999997,
20,2024-05-13T13:35:42.097Z,4.25219999999997,
20,2024-05-13T13:35:43.097Z,4.25229999999997,
20,2024-05-13T13:35:44.097Z,4.2523999999999695,
20,2024-05-13T13:35:45.097Z,4.252499999999969,
20,2024-05-13T13:35:46.097Z,4.252599999999969,
20,2024-05-13T13:35:47.097Z,4.252699999999969,
20,2024-05-13T13:35:48.097Z,4.252799999999969,
20,2024-05-13T13:35:49.097Z,4.252899999999968,
20,2024-05-13T13:35:50.097Z,4.252999999999968,
20,2024-05-13T13:35:51.097Z,4.253099999999968,
20,2024-05-13T13:35:52.097Z,4.253199999999968,
20,2024-05-13T13:35:53.097Z,4.253299999999967,
20,2024-05-13T13:35:54.097Z,4.253399999999967,
20,2024-05-13T13:35:55.097Z,4.253499999999967,
20,2024-05-13T13:35:56.097Z,4.253599999999967,
20,2024-05-13T13:35:57.097Z,4.2536999999999665,
20,2024-05-13T13:35:58.097Z,4.253799999999966,
20,2024-05-13T13:35:59.097Z,4.253899999999966,
20,2024-05-13T13:36:00.097Z,4.253999999999966,
20,2024-05-13T13:36:01.097Z,4.254099999999966,
20,2024-05-13T13:36:02.097Z,4.254199999999965,
20,2024-05-13T13:36:03.097Z,4.254299999999965,
20,2024-05-13T13:36:04.097Z,4.254399999999965,
20,2024-05-13T13:36:05.097Z,4.254499999999965,
20,2024-05-13T13:36:06.097Z,4.254599999999964,
20,2024-05-13T13:36:07.097Z,4.254699999999964,
20,2024-05-13T13:36:08.097Z,4.254499999999965,
20,2024-05-13T13:36:09.097Z,4.255899999999965,
20,2024-05-13T13:36:10.097Z,4.249599999999965,
20,2024-05-13T13:36:11.097Z,4.249699999999965,
20,2024-05-13T13:36:12.097Z,5.049399999999967,
20,2024-05-13T13:36:13.097Z,5.049499999999966,
20,2024-05-13T13:36:14.097Z,5.049599999999966,
20,2024-05-13T13:36:15.097Z,5.049699999999966,
20,2024-05-13T13:36:16.097Z,5.049799999999966,
20,2024-05-13T13:36:17.097Z,5.049899999999965,
20,2024-05-13T13:36:18.097Z,5.049999999999965,
20,2024-05-13T13:36:19.097Z,5.043699999999966,
20,2024-05-13T13:36:20.097Z,5.046199999999967,
20,2024-05-13T13:36:21.097Z,5.046299999999967,
20,2024-05-13T13:36:22.097Z,5.0463999999999665,
20,2024-05-13T13:36:23.097Z,5.046499999999966,
20,2024-05-13T13:36:24.097Z,5.046599999999966,
20,2024-05-13T13:36:25.097Z,5.046699999999966,
20,2024-05-13T13:36:26.097Z,5.045999999999967,
20,2024-05-13T13:36:27.097Z,5.026899999999966,
20,2024-05-13T13:36:28.097Z,5.0269999999999655,
20,2024-05-13T13:36:29.097Z,5.027099999999965,
20,2024-05-13T13:36:30.097Z,5.025399999999966,
20,2024-05-13T13:36:31.097Z,5.828699999999966,
20,2024-05-13T13:36:32.097Z,6.019199999999966,
20,2024-05-13T13:36:33.097Z,6.044599999999967,
20,2024-05-13T13:36:34.097Z,3.6190999999999676,
20,2024-05-13T13:36:35.097Z,3.6191999999999673,
20,2024-05-13T13:36:36.097Z,3.619299999999967,
20,2024-05-13T13:36:37.097Z,3.619399999999967,
20,2024-05-13T13:36:38.097Z,3.624299999999966,
20,2024-05-13T13:36:39.097Z,3.624399999999966,
20,2024-05-13T13:36:40.097Z,3.6244999999999656,
20,2024-05-13T13:36:41.097Z,3.6245999999999654,
20,2024-05-13T13:36:42.097Z,3.624699999999965,
20,2024-05-13T13:36:43.097Z,3.624699999999965,
20,2024-05-13T13:36:44.097Z,3.6248999999999647,
20,2024-05-13T13:36:45.097Z,3.6249999999999645,
20,2024-05-13T13:36:46.097Z,3.6250999999999642,
20,2024-05-13T13:36:47.097Z,3.625199999999964,
20,2024-05-13T13:36:48.097Z,3.6238999999999635,
20,2024-05-13T13:36:49.097Z,4.001299999999965,
20,2024-05-13T13:36:50.097Z,4.000999999999966,
20,2024-05-13T13:36:51.097Z,4.0010999999999655,
20,2024-05-13T13:36:52.097Z,4.002499999999966,
20,2024-05-13T13:36:53.097Z,4.0021999999999665,
20,2024-05-13T13:36:54.097Z,3.9990999999999666,
20,2024-05-13T13:36:55.097Z,3.979999999999965,
20,2024-05-13T13:36:56.097Z,3.9792999999999665,
20,2024-05-13T13:36:57.097Z,4.426599999999965,
20,2024-05-13T13:36:58.097Z,4.4450999999999645,
20,2024-05-13T13:36:59.097Z,4.440199999999965,
20,2024-05-13T13:37:00.097Z,2.981099999999966,
20,2024-05-13T13:37:01.097Z,3.0192999999999657,
20,2024-05-13T13:37:02.097Z,2.980999999999966,
20,2024-05-13T13:37:03.097Z,2.981099999999966,
20,2024-05-13T13:37:04.097Z,2.9807999999999666,
20,2024-05-13T13:37:05.097Z,2.9792999999999665,
20,2024-05-13T13:37:06.097Z,2.972999999999967,
20,2024-05-13T13:37:07.097Z,2.9914999999999665,
20,2024-05-13T13:37:08.097Z,2.991299999999967,
20,2024-05-13T13:37:09.097Z,2.9913999999999668,
20,2024-05-13T13:37:10.097Z,2.991699999999966,
20,2024-05-13T13:37:11.097Z,2.9915999999999663,
20,2024-05-13T13:37:12.097Z,3.0234999999999665,
20,2024-05-13T13:37:13.097Z,3.0235999999999663,
20,2024-05-13T13:37:14.097Z,3.023699999999966,
20,2024-05-13T13:37:15.097Z,3.023799999999966,
20,2024-05-13T13:37:16.097Z,3.0230999999999675,
20,2024-05-13T13:37:17.097Z,3.0231999999999672,
20,2024-05-13T13:37:18.097Z,3.023299999999967,
20,2024-05-13T13:37:19.097Z,3.023399999999967,
20,2024-05-13T13:37:20.097Z,3.0234999999999665,
20,2024-05-13T13:37:21.097Z,3.0235999999999663,
20,2024-05-13T13:37:22.097Z,3.023699999999966,
20,2024-05-13T13:37:23.097Z,3.023799999999966,
20,2024-05-13T13:37:24.097Z,3.0238999999999656,
20,2024-05-13T13:37:25.097Z,3.0239999999999654,
20,2024-05-13T13:37:26.097Z,3.024099999999965,
20,2024-05-13T13:37:27.097Z,3.0239999999999654,
20,2024-05-13T13:37:28.097Z,3.024099999999965,
20,2024-05-13T13:37:29.097Z,3.0273999999999646,
20,2024-05-13T13:37:30.097Z,3.0274999999999643,
20,2024-05-13T13:37:31.097Z,3.028099999999963,
20,2024-05-13T13:37:32.097Z,3.0231999999999637,
20,2024-05-13T13:37:33.097Z,3.022999999999964,
20,2024-05-13T13:37:34.097Z,3.0227999999999646,
20,2024-05-13T13:37:35.097Z,3.0228999999999644,
20,2024-05-13T13:37:36.097Z,3.022599999999965,
20,2024-05-13T13:37:37.097Z,3.0218999999999667,
20,2024-05-13T13:37:38.097Z,3.0219999999999665,
20,2024-05-13T13:37:39.097Z,3.0204999999999664,
20,2024-05-13T13:37:40.097Z,3.0189999999999664,
20,2024-05-13T13:37:41.097Z,3.0318999999999647,
20,2024-05-13T13:37:42.097Z,3.0380999999999645,
20,2024-05-13T13:37:43.097Z,3.031799999999965,
20,2024-05-13T13:37:44.097Z,3.8318999999999654,
20,2024-05-13T13:37:45.097Z,3.849599999999967,
20,2024-05-13T13:37:46.097Z,3.8496999999999666,
20,2024-05-13T13:37:47.097Z,3.851099999999967,
20,2024-05-13T13:37:48.097Z,3.8516999999999655,
20,2024-05-13T13:37:49.097Z,3.8517999999999653,
20,2024-05-13T13:37:50.097Z,3.8520999999999646,
20,2024-05-13T13:37:51.097Z,3.8521999999999643,
20,2024-05-13T13:37:52.097Z,3.851499999999966,
20,2024-05-13T13:37:53.097Z,3.8675999999999675,
20,2024-05-13T13:37:54.097Z,3.8676999999999673,
20,2024-05-13T13:37:55.097Z,3.866999999999969,
20,2024-05-13T13:37:56.097Z,3.8830999999999705,
20,2024-05-13T13:37:57.097Z,3.8831999999999702,
20,2024-05-13T13:37:58.097Z,3.88329999999997,
20,2024-05-13T13:37:59.097Z,3.8833999999999698,
20,2024-05-13T13:38:00.097Z,3.8826999999999714,
20,2024-05-13T13:38:01.097Z,3.898799999999973,
20,2024-05-13T13:38:02.097Z,3.8988999999999727,
20,2024-05-13T13:38:03.097Z,3.8989999999999725,
20,2024-05-13T13:38:04.097Z,3.8990999999999723,
20,2024-05-13T13:38:05.097Z,3.899199999999972,
20,2024-05-13T13:38:06.097Z,3.899299999999972,
20,2024-05-13T13:38:07.097Z,3.8993999999999716,
20,2024-05-13T13:38:08.097Z,3.8994999999999713,
20,2024-05-13T13:38:09.097Z,3.8997999999999706,
20,2024-05-13T13:38:10.097Z,3.8990999999999723,
20,2024-05-13T13:38:11.097Z,3.9167999999999736,
20,2024-05-13T13:38:12.097Z,3.916999999999973,
20,2024-05-13T13:38:13.097Z,3.923199999999973,
20,2024-05-13T13:38:14.097Z,3.9168999999999734,
20,2024-05-13T13:38:15.097Z,3.934599999999975,
20,2024-05-13T13:38:16.097Z,3.9342999999999755,
20,2024-05-13T13:38:17.097Z,3.947199999999974,
20,2024-05-13T13:38:18.097Z,3.9472999999999736,
20,2024-05-13T13:38:19.097Z,3.9473999999999734,
20,2024-05-13T13:38:20.097Z,3.947499999999973,
20,2024-05-13T13:38:21.097Z,3.9443999999999733,
20,2024-05-13T13:38:22.097Z,3.944499999999973,
20,2024-05-13T13:38:23.097Z,3.9451999999999714,
20,2024-05-13T13:38:24.097Z,3.945299999999971,
20,2024-05-13T13:38:25.097Z,3.944599999999973,
20,2024-05-13T13:38:26.097Z,3.941499999999973,
20,2024-05-13T13:38:27.097Z,3.943999999999974,
20,2024-05-13T13:38:28.097Z,3.9437999999999747,
20,2024-05-13T13:38:29.097Z,4.129499999999975,
20,2024-05-13T13:38:30.097Z,4.129599999999975,
20,2024-05-13T13:38:31.097Z,4.126499999999975,
20,2024-05-13T13:38:32.097Z,4.123099999999976,
20,2024-05-13T13:38:33.097Z,4.123199999999976,
20,2024-05-13T13:38:34.097Z,4.121699999999976,
20,2024-05-13T13:38:35.097Z,4.1217999999999755,
20,2024-05-13T13:38:36.097Z,4.121899999999975,
20,2024-05-13T13:38:37.097Z,4.121999999999975,
20,2024-05-13T13:38:38.097Z,4.122099999999975,
20,2024-05-13T13:38:39.097Z,4.115899999999975,
20,2024-05-13T13:38:40.097Z,4.134799999999974,
20,2024-05-13T13:38:41.097Z,4.134899999999973,
20,2024-05-13T13:38:42.097Z,4.134999999999973,
20,2024-05-13T13:38:43.097Z,4.129999999999974,
20,2024-05-13T13:38:44.097Z,6.554899999999975,
20,2024-05-13T13:38:45.097Z,6.554999999999975,
20,2024-05-13T13:38:46.097Z,6.555099999999975,
20,2024-05-13T13:38:47.097Z,6.555999999999976,
20,2024-05-13T13:38:48.097Z,6.556499999999975,
20,2024-05-13T13:38:49.097Z,6.562199999999976,
20,2024-05-13T13:38:50.097Z,6.5618999999999765,
20,2024-05-13T13:38:51.097Z,6.580899999999975,
20,2024-05-13T13:38:52.097Z,6.580999999999975,
20,2024-05-13T13:38:53.097Z,6.581099999999974,
20,2024-05-13T13:38:54.097Z,6.581199999999974,
20,2024-05-13T13:38:55.097Z,6.581299999999974,
20,2024-05-13T13:38:56.097Z,6.581399999999974,
20,2024-05-13T13:38:57.097Z,6.5814999999999735,
20,2024-05-13T13:38:58.097Z,6.581599999999973,
20,2024-05-13T13:38:59.097Z,6.581699999999973,
20,2024-05-13T13:39:00.097Z,6.581799999999973,
20,2024-05-13T13:39:01.097Z,6.5818999999999726,
20,2024-05-13T13:39:02.097Z,6.581599999999973,
20,2024-05-13T13:39:03.097Z,6.581699999999973,
20,2024-05-13T13:39:04.097Z,6.581799999999973,
20,2024-05-13T13:39:05.097Z,6.5818999999999726,
20,2024-05-13T13:39:06.097Z,6.581999999999972,
20,2024-05-13T13:39:07.097Z,6.582099999999972,
20,2024-05-13T13:39:08.097Z,6.588199999999972,
20,2024-05-13T13:39:09.097Z,6.587499999999974,
20,2024-05-13T13:39:10.097Z,6.605999999999973,
20,2024-05-13T13:39:11.097Z,4.336899999999975,
20,2024-05-13T13:39:12.097Z,4.336999999999975,
20,2024-05-13T13:39:13.097Z,4.337099999999975,
20,2024-05-13T13:39:14.097Z,4.336399999999976,
20,2024-05-13T13:39:15.097Z,4.349199999999975,
20,2024-05-13T13:39:16.097Z,4.349299999999975,
20,2024-05-13T13:39:17.097Z,4.349399999999974,
20,2024-05-13T13:39:18.097Z,4.349499999999974,
20,2024-05-13T13:39:19.097Z,4.349599999999974,
20,2024-05-13T13:39:20.097Z,4.349699999999974,
20,2024-05-13T13:39:21.097Z,4.3497999999999735,
20,2024-05-13T13:39:22.097Z,4.349899999999973,
20,2024-05-13T13:39:23.097Z,4.349999999999973,
20,2024-05-13T13:39:24.097Z,4.350099999999973,
20,2024-05-13T13:39:25.097Z,4.3501999999999725,
20,2024-05-13T13:39:26.097Z,4.350299999999972,
20,2024-05-13T13:39:27.097Z,4.350399999999972,
20,2024-05-13T13:39:28.097Z,4.350499999999972,
20,2024-05-13T13:39:29.097Z,4.350599999999972,
20,2024-05-13T13:39:30.097Z,4.350699999999971,
20,2024-05-13T13:39:31.097Z,4.350799999999971,
20,2024-05-13T13:39:32.097Z,4.350899999999971,
20,2024-05-13T13:39:33.097Z,4.350999999999971,
20,2024-05-13T13:39:34.097Z,4.35109999999997,
20,2024-05-13T13:39:35.097Z,4.35119999999997,
20,2024-05-13T13:39:36.097Z,4.35129999999997,
20,2024-05-13T13:39:37.097Z,4.35139999999997,
20,2024-05-13T13:39:38.097Z,4.3514999999999695,
20,2024-05-13T13:39:39.097Z,4.351599999999969,
20,2024-05-13T13:39:40.097Z,4.351699999999969,
20,2024-05-13T13:39:41.097Z,4.351799999999969,
20,2024-05-13T13:39:42.097Z,4.351899999999969,
20,2024-05-13T13:39:43.097Z,4.351999999999968,
20,2024-05-13T13:39:44.097Z,4.352099999999968,
20,2024-05-13T13:39:45.097Z,4.352199999999968,
20,2024-05-13T13:39:46.097Z,4.352299999999968,
20,2024-05-13T13:39:47.097Z,4.350799999999968,
20,2024-05-13T13:39:48.097Z,4.363699999999966,
20,2024-05-13T13:39:49.097Z,4.363799999999966,
20,2024-05-13T13:39:50.097Z,4.3638999999999655,
20,2024-05-13T13:39:51.097Z,4.360799999999966,
20,2024-05-13T13:39:52.097Z,4.361099999999965,
20,2024-05-13T13:39:53.097Z,4.3603999999999665,
20,2024-05-13T13:39:54.097Z,4.392499999999966,
20,2024-05-13T13:39:55.097Z,4.392599999999966,
20,2024-05-13T13:39:56.097Z,4.406799999999965,
20,2024-05-13T13:39:57.097Z,4.406899999999965,
20,2024-05-13T13:39:58.097Z,4.4069999999999645,
20,2024-05-13T13:39:59.097Z,4.407099999999964,
20,2024-05-13T13:40:00.097Z,4.407199999999964,
20,2024-05-13T13:40:01.097Z,4.407299999999964,
20,2024-05-13T13:40:02.097Z,4.407399999999964,
20,2024-05-13T13:40:03.097Z,4.407499999999963,
20,2024-05-13T13:40:04.097Z,4.407599999999963,
20,2024-05-13T13:40:05.097Z,4.407699999999963,
20,2024-05-13T13:40:06.097Z,4.407799999999963,
20,2024-05-13T13:40:07.097Z,4.407599999999963,
20,2024-05-13T13:40:08.097Z,4.407699999999963,
20,2024-05-13T13:40:09.097Z,4.407799999999963,
20,2024-05-13T13:40:10.097Z,4.407899999999962,
20,2024-05-13T13:40:11.097Z,4.407999999999962,
20,2024-05-13T13:40:12.097Z,4.408099999999962,
20,2024-05-13T13:40:13.097Z,4.408199999999962,
20,2024-05-13T13:40:14.097Z,4.4082999999999615,
20,2024-05-13T13:40:15.097Z,4.408399999999961,
20,2024-05-13T13:40:16.097Z,4.408499999999961,
20,2024-05-13T13:40:17.097Z,4.40299999999996,
20,2024-05-13T13:40:18.097Z,4.403099999999959,
20,2024-05-13T13:40:19.097Z,4.403199999999959,
20,2024-05-13T13:40:20.097Z,4.403299999999959,
20,2024-05-13T13:40:21.097Z,4.403399999999959,
20,2024-05-13T13:40:22.097Z,4.4034999999999584,
20,2024-05-13T13:40:23.097Z,4.403599999999958,
20,2024-05-13T13:40:24.097Z,4.403699999999958,
20,2024-05-13T13:40:25.097Z,4.403799999999958,
20,2024-05-13T13:40:26.097Z,4.4038999999999575,
20,2024-05-13T13:40:27.097Z,4.403999999999957,
20,2024-05-13T13:40:28.097Z,4.404099999999957,
20,2024-05-13T13:40:29.097Z,4.404199999999957,
20,2024-05-13T13:40:30.097Z,4.404299999999957,
20,2024-05-13T13:40:31.097Z,4.404399999999956,
20,2024-05-13T13:40:32.097Z,4.404499999999956,
20,2024-05-13T13:40:33.097Z,4.404299999999957,
20,2024-05-13T13:40:34.097Z,4.404399999999956,
20,2024-05-13T13:40:35.097Z,4.404499999999956,
20,2024-05-13T13:40:36.097Z,4.404599999999956,
20,2024-05-13T13:40:37.097Z,4.404699999999956,
20,2024-05-13T13:40:38.097Z,4.404799999999955,
20,2024-05-13T13:40:39.097Z,4.404899999999955,
20,2024-05-13T13:40:40.097Z,4.404999999999955,
20,2024-05-13T13:40:41.097Z,4.405099999999955,
20,2024-05-13T13:40:42.097Z,4.4051999999999545,
20,2024-05-13T13:40:43.097Z,4.405299999999954,
20,2024-05-13T13:40:44.097Z,4.405399999999954,
20,2024-05-13T13:40:45.097Z,4.405499999999954,
20,2024-05-13T13:40:46.097Z,4.4055999999999536,
20,2024-05-13T13:40:47.097Z,4.405699999999953,
20,2024-05-13T13:40:48.097Z,4.408699999999953,
20,2024-05-13T13:40:49.097Z,4.408799999999953,
20,2024-05-13T13:40:50.097Z,4.408899999999953,
20,2024-05-13T13:40:51.097Z,4.408999999999953,
20,2024-05-13T13:40:52.097Z,4.4090999999999525,
20,2024-05-13T13:40:53.097Z,4.409199999999952,
20,2024-05-13T13:40:54.097Z,4.402899999999953,
20,2024-05-13T13:40:55.097Z,4.425299999999954,
20,2024-05-13T13:40:56.097Z,4.425599999999953,
20,2024-05-13T13:40:57.097Z,4.425699999999953,
20,2024-05-13T13:40:58.097Z,4.425799999999953,
20,2024-05-13T13:40:59.097Z,4.425899999999952,
20,2024-05-13T13:41:00.097Z,4.425999999999952,
20,2024-05-13T13:41:01.097Z,4.426099999999952,
20,2024-05-13T13:41:02.097Z,4.426199999999952,
20,2024-05-13T13:41:03.097Z,4.4262999999999515,
20,2024-05-13T13:41:04.097Z,4.426399999999951,
20,2024-05-13T13:41:05.097Z,4.426499999999951,
20,2024-05-13T13:41:06.097Z,4.426599999999951,
20,2024-05-13T13:41:07.097Z,4.426699999999951,
21,2024-05-13T13:30:37.097Z,26.3,
21,2024-05-13T13:30:38.097Z,26.2809,
21,2024-05-13T13:30:39.097Z,26.2814,
21,2024-05-13T13:30:40.097Z,26.2815,
21,2024-05-13T13:30:41.097Z,26.2752,
21,2024-05-13T13:30:42.097Z,26.2911,
21,2024-05-13T13:30:43.097Z,26.2912,
21,2024-05-13T13:30:44.097Z,26.2913,
21,2024-05-13T13:30:45.097Z,26.2914,
21,2024-05-13T13:30:46.097Z,26.2915,
21,2024-05-13T13:30:47.097Z,26.2852,
21,2024-05-13T13:30:48.097Z,26.2845,
21,2024-05-13T13:30:49.097Z,24.729400000000002,
21,2024-05-13T13:30:50.097Z,24.7295,
21,2024-05-13T13:30:51.097Z,24.729200000000002,
21,2024-05-13T13:30:52.097Z,22.278100000000002,
21,2024-05-13T13:30:53.097Z,22.278200000000002,
21,2024-05-13T13:30:54.097Z,22.2783,
21,2024-05-13T13:30:55.097Z,22.2784,
21,2024-05-13T13:30:56.097Z,22.2785,
21,2024-05-13T13:30:57.097Z,22.2786,
21,2024-05-13T13:30:58.097Z,22.2785,
21,2024-05-13T13:30:59.097Z,22.297,
21,2024-05-13T13:31:00.097Z,22.2969,
21,2024-05-13T13:31:01.097Z,22.297,
21,2024-05-13T13:31:02.097Z,22.2971,
21,2024-05-13T13:31:03.097Z,22.2972,
21,2024-05-13T13:31:04.097Z,22.2973,
21,2024-05-13T13:31:05.097Z,22.2974,
21,2024-05-13T13:31:06.097Z,22.2975,
21,2024-05-13T13:31:07.097Z,22.2976,
21,2024-05-13T13:31:08.097Z,22.2977,
21,2024-05-13T13:31:09.097Z,22.2978,
21,2024-05-13T13:31:10.097Z,22.2979,
21,2024-05-13T13:31:11.097Z,22.298,
21,2024-05-13T13:31:12.097Z,22.298099999999998,
21,2024-05-13T13:31:13.097Z,22.298199999999998,
21,2024-05-13T13:31:14.097Z,22.298299999999998,
21,2024-05-13T13:31:15.097Z,22.298399999999997,
21,2024-05-13T13:31:16.097Z,22.298499999999997,
21,2024-05-13T13:31:17.097Z,22.298599999999997,
21,2024-05-13T13:31:18.097Z,22.298699999999997,
21,2024-05-13T13:31:19.097Z,22.298799999999996,
21,2024-05-13T13:31:20.097Z,22.298899999999996,
21,2024-05-13T13:31:21.097Z,22.298999999999996,
21,2024-05-13T13:31:22.097Z,22.299099999999996,
21,2024-05-13T13:31:23.097Z,22.299199999999995,
21,2024-05-13T13:31:24.097Z,22.299299999999995,
21,2024-05-13T13:31:25.097Z,22.299399999999995,
21,2024-05-13T13:31:26.097Z,22.299499999999995,
21,2024-05-13T13:31:27.097Z,22.299599999999995,
21,2024-05-13T13:31:28.097Z,22.299699999999994,
21,2024-05-13T13:31:29.097Z,22.299799999999994,
21,2024-05-13T13:31:30.097Z,22.299899999999994,
21,2024-05-13T13:31:31.097Z,22.299999999999994,
21,2024-05-13T13:31:32.097Z,22.298499999999994,
21,2024-05-13T13:31:33.097Z,21.901799999999994,
21,2024-05-13T13:31:34.097Z,21.901899999999994,
21,2024-05-13T13:31:35.097Z,21.907999999999994,
21,2024-05-13T13:31:36.097Z,21.903299999999994,
21,2024-05-13T13:31:37.097Z,22.299299999999995,
21,2024-05-13T13:31:38.097Z,22.30079999999999,
21,2024-05-13T13:31:39.097Z,22.30089999999999,
21,2024-05-13T13:31:40.097Z,22.30099999999999,
21,2024-05-13T13:31:41.097Z,22.30109999999999,
21,2024-05-13T13:31:42.097Z,22.30089999999999,
21,2024-05-13T13:31:43.097Z,22.318599999999993,
21,2024-05-13T13:31:44.097Z,22.407999999999994,
21,2024-05-13T13:31:45.097Z,17.506199999999993,
21,2024-05-13T13:31:46.097Z,17.522299999999994,
21,2024-05-13T13:31:47.097Z,17.520799999999994,
21,2024-05-13T13:31:48.097Z,17.52089999999999,
21,2024-05-13T13:31:49.097Z,17.520999999999994,
21,2024-05-13T13:31:50.097Z,17.52109999999999,
21,2024-05-13T13:31:51.097Z,17.521199999999993,
21,2024-05-13T13:31:52.097Z,17.519699999999993,
21,2024-05-13T13:31:53.097Z,17.53579999999999,
21,2024-05-13T13:31:54.097Z,17.53589999999999,
21,2024-05-13T13:31:55.097Z,17.53879999999999,
21,2024-05-13T13:31:56.097Z,17.53729999999999,
21,2024-05-13T13:31:57.097Z,17.55619999999999,
21,2024-05-13T13:31:58.097Z,17.556299999999993,
21,2024-05-13T13:31:59.097Z,17.557799999999993,
21,2024-05-13T13:32:00.097Z,17.55789999999999,
21,2024-05-13T13:32:01.097Z,17.557999999999993,
21,2024-05-13T13:32:02.097Z,17.55809999999999,
21,2024-05-13T13:32:03.097Z,17.558199999999992,
21,2024-05-13T13:32:04.097Z,17.55829999999999,
21,2024-05-13T13:32:05.097Z,17.557999999999993,
21,2024-05-13T13:32:06.097Z,15.490899999999991,
21,2024-05-13T13:32:07.097Z,15.484599999999991,
21,2024-05-13T13:32:08.097Z,15.46709999999999,
21,2024-05-13T13:32:09.097Z,15.46399999999999,
21,2024-05-13T13:32:10.097Z,15.65579999999999,
21,2024-05-13T13:32:11.097Z,15.67349999999999,
21,2024-05-13T13:32:12.097Z,15.67199999999999,
21,2024-05-13T13:32:13.097Z,15.64649999999999,
21,2024-05-13T13:32:14.097Z,15.67859999999999,
21,2024-05-13T13:32:15.097Z,15.67549999999999,
21,2024-05-13T13:32:16.097Z,15.675199999999991,
21,2024-05-13T13:32:17.097Z,15.675299999999991,
21,2024-05-13T13:32:18.097Z,15.675099999999992,
21,2024-05-13T13:32:19.097Z,15.693999999999992,
21,2024-05-13T13:32:20.097Z,15.697099999999992,
21,2024-05-13T13:32:21.097Z,15.695499999999992,
21,2024-05-13T13:32:22.097Z,15.714799999999991,
21,2024-05-13T13:32:23.097Z,15.733299999999991,
21,2024-05-13T13:32:24.097Z,15.73339999999999,
21,2024-05-13T13:32:25.097Z,15.73029999999999,
21,2024-05-13T13:32:26.097Z,14.10479999999999,
21,2024-05-13T13:32:27.097Z,14.08569999999999,
21,2024-05-13T13:32:28.097Z,14.08579999999999,
21,2024-05-13T13:32:29.097Z,14.08509999999999,
21,2024-05-13T13:32:30.097Z,14.89119999999999,
21,2024-05-13T13:32:31.097Z,14.915299999999991,
21,2024-05-13T13:32:32.097Z,14.915399999999991,
21,2024-05-13T13:32:33.097Z,14.91709999999999,
21,2024-05-13T13:32:34.097Z,14.91649999999999,
21,2024-05-13T13:32:35.097Z,15.30699999999999,
21,2024-05-13T13:32:36.097Z,15.34519999999999,
21,2024-05-13T13:32:37.097Z,15.74169999999999,
21,2024-05-13T13:32:38.097Z,13.376999999999988,
21,2024-05-13T13:32:39.097Z,13.376899999999988,
21,2024-05-13T13:32:40.097Z,13.376999999999988,
21,2024-05-13T13:32:41.097Z,13.377199999999988,
21,2024-05-13T13:32:42.097Z,12.570899999999988,
21,2024-05-13T13:32:43.097Z,12.759799999999988,
21,2024-05-13T13:32:44.097Z,12.772699999999988,
21,2024-05-13T13:32:45.097Z,12.772799999999988,
21,2024-05-13T13:32:46.097Z,12.772899999999987,
21,2024-05-13T13:32:47.097Z,12.773399999999988,
21,2024-05-13T13:32:48.097Z,12.773499999999988,
21,2024-05-13T13:32:49.097Z,12.774099999999988,
21,2024-05-13T13:32:50.097Z,12.771799999999988,
21,2024-05-13T13:32:51.097Z,12.789899999999989,
21,2024-05-13T13:32:52.097Z,12.78739999999999,
21,2024-05-13T13:32:53.097Z,12.78109999999999,
21,2024-05-13T13:32:54.097Z,12.77479999999999,
21,2024-05-13T13:32:55.097Z,12.77619999999999,
21,2024-05-13T13:32:56.097Z,12.77309999999999,
21,2024-05-13T13:32:57.097Z,13.57939999999999,
21,2024-05-13T13:32:58.097Z,14.385699999999991,
21,2024-05-13T13:32:59.097Z,14.38739999999999,
21,2024-05-13T13:33:00.097Z,14.38429999999999,
21,2024-05-13T13:33:01.097Z,14.384899999999991,
21,2024-05-13T13:33:02.097Z,14.381799999999991,
21,2024-05-13T13:33:03.097Z,14.425899999999992,
21,2024-05-13T13:33:04.097Z,14.425999999999991,
21,2024-05-13T13:33:05.097Z,14.426099999999991,
21,2024-05-13T13:33:06.097Z,14.425899999999992,
21,2024-05-13T13:33:07.097Z,14.435599999999992,
21,2024-05-13T13:33:08.097Z,11.992499999999993,
21,2024-05-13T13:33:09.097Z,11.992599999999992,
21,2024-05-13T13:33:10.097Z,11.992699999999992,
21,2024-05-13T13:33:11.097Z,11.992799999999992,
21,2024-05-13T13:33:12.097Z,11.992899999999992,
21,2024-05-13T13:33:13.097Z,12.624999999999991,
21,2024-05-13T13:33:14.097Z,12.643899999999991,
21,2024-05-13T13:33:15.097Z,12.643999999999991,
21,2024-05-13T13:33:16.097Z,12.644099999999991,
21,2024-05-13T13:33:17.097Z,12.64419999999999,
21,2024-05-13T13:33:18.097Z,12.64449999999999,
21,2024-05-13T13:33:19.097Z,12.64459999999999,
21,2024-05-13T13:33:20.097Z,12.64469999999999,
21,2024-05-13T13:33:21.097Z,12.64479999999999,
21,2024-05-13T13:33:22.097Z,12.64489999999999,
21,2024-05-13T13:33:23.097Z,12.644999999999989,
21,2024-05-13T13:33:24.097Z,12.645099999999989,
21,2024-05-13T13:33:25.097Z,12.645199999999988,
21,2024-05-13T13:33:26.097Z,12.645299999999988,
21,2024-05-13T13:33:27.097Z,12.663799999999988,
21,2024-05-13T13:33:28.097Z,12.663899999999988,
21,2024-05-13T13:33:29.097Z,12.663799999999988,
21,2024-05-13T13:33:30.097Z,12.663899999999988,
21,2024-05-13T13:33:31.097Z,12.663999999999987,
21,2024-05-13T13:33:32.097Z,12.664099999999987,
21,2024-05-13T13:33:33.097Z,12.682999999999987,
21,2024-05-13T13:33:34.097Z,12.683099999999987,
21,2024-05-13T13:33:35.097Z,12.689399999999987,
21,2024-05-13T13:33:36.097Z,12.689499999999986,
21,2024-05-13T13:33:37.097Z,12.689599999999986,
21,2024-05-13T13:33:38.097Z,12.689699999999986,
21,2024-05-13T13:33:39.097Z,12.689799999999986,
21,2024-05-13T13:33:40.097Z,12.689899999999986,
21,2024-05-13T13:33:41.097Z,12.689999999999985,
21,2024-05-13T13:33:42.097Z,12.690099999999985,
21,2024-05-13T13:33:43.097Z,12.683799999999986,
21,2024-05-13T13:33:44.097Z,12.701499999999985,
21,2024-05-13T13:33:45.097Z,12.701599999999985,
21,2024-05-13T13:33:46.097Z,12.720099999999984,
21,2024-05-13T13:33:47.097Z,12.720199999999984,
21,2024-05-13T13:33:48.097Z,12.720299999999984,
21,2024-05-13T13:33:49.097Z,12.720399999999984,
21,2024-05-13T13:33:50.097Z,12.720499999999983,
21,2024-05-13T13:33:51.097Z,12.720599999999983,
21,2024-05-13T13:33:52.097Z,12.719099999999983,
21,2024-05-13T13:33:53.097Z,12.719699999999987,
21,2024-05-13T13:33:54.097Z,12.719799999999987,
21,2024-05-13T13:33:55.097Z,12.719899999999987,
21,2024-05-13T13:33:56.097Z,12.719999999999986,
21,2024-05-13T13:33:57.097Z,12.720099999999986,
21,2024-05-13T13:33:58.097Z,12.720199999999986,
21,2024-05-13T13:33:59.097Z,12.719499999999986,
21,2024-05-13T13:34:00.097Z,12.719599999999986,
21,2024-05-13T13:34:01.097Z,12.719699999999985,
21,2024-05-13T13:34:02.097Z,12.719799999999985,
21,2024-05-13T13:34:03.097Z,12.719699999999985,
21,2024-05-13T13:34:04.097Z,13.063799999999985,
21,2024-05-13T13:34:05.097Z,13.146199999999984,
21,2024-05-13T13:34:06.097Z,13.147599999999985,
21,2024-05-13T13:34:07.097Z,9.893099999999986,
21,2024-05-13T13:34:08.097Z,9.886799999999987,
21,2024-05-13T13:34:09.097Z,9.905299999999986,
21,2024-05-13T13:34:10.097Z,9.905399999999986,
21,2024-05-13T13:34:11.097Z,9.905499999999986,
21,2024-05-13T13:34:12.097Z,9.905599999999986,
21,2024-05-13T13:34:13.097Z,9.905699999999985,
21,2024-05-13T13:34:14.097Z,9.905799999999985,
21,2024-05-13T13:34:15.097Z,9.905899999999985,
21,2024-05-13T13:34:16.097Z,9.905999999999985,
21,2024-05-13T13:34:17.097Z,9.906099999999984,
21,2024-05-13T13:34:18.097Z,9.912399999999984,
21,2024-05-13T13:34:19.097Z,9.912499999999984,
21,2024-05-13T13:34:20.097Z,9.912599999999983,
21,2024-05-13T13:34:21.097Z,9.912699999999983,
21,2024-05-13T13:34:22.097Z,9.915599999999984,
21,2024-05-13T13:34:23.097Z,9.912499999999984,
21,2024-05-13T13:34:24.097Z,9.893399999999982,
21,2024-05-13T13:34:25.097Z,9.890299999999982,
21,2024-05-13T13:34:26.097Z,9.907999999999983,
21,2024-05-13T13:34:27.097Z,9.906499999999983,
21,2024-05-13T13:34:28.097Z,9.906599999999983,
21,2024-05-13T13:34:29.097Z,9.906699999999983,
21,2024-05-13T13:34:30.097Z,9.906599999999983,
21,2024-05-13T13:34:31.097Z,9.887499999999982,
21,2024-05-13T13:34:32.097Z,9.89239999999998,
21,2024-05-13T13:34:33.097Z,9.89249999999998,
21,2024-05-13T13:34:34.097Z,9.892299999999981,
21,2024-05-13T13:34:35.097Z,9.908399999999983,
21,2024-05-13T13:34:36.097Z,9.908499999999982,
21,2024-05-13T13:34:37.097Z,9.908599999999982,
21,2024-05-13T13:34:38.097Z,9.908699999999982,
21,2024-05-13T13:34:39.097Z,9.908799999999982,
21,2024-05-13T13:34:40.097Z,9.908899999999981,
21,2024-05-13T13:34:41.097Z,9.908999999999981,
21,2024-05-13T13:34:42.097Z,9.909099999999981,
21,2024-05-13T13:34:43.097Z,9.90919999999998,
21,2024-05-13T13:34:44.097Z,9.90929999999998,
21,2024-05-13T13:34:45.097Z,9.90939999999998,
21,2024-05-13T13:34:46.097Z,9.908699999999982,
21,2024-05-13T13:34:47.097Z,9.939199999999978,
21,2024-05-13T13:34:48.097Z,9.939299999999978,
21,2024-05-13T13:34:49.097Z,9.939399999999978,
21,2024-05-13T13:34:50.097Z,9.939299999999978,
21,2024-05-13T13:34:51.097Z,9.939399999999978,
21,2024-05-13T13:34:52.097Z,9.933099999999978,
21,2024-05-13T13:34:53.097Z,6.668999999999979,
21,2024-05-13T13:34:54.097Z,4.224299999999978,
21,2024-05-13T13:34:55.097Z,4.217999999999979,
21,2024-05-13T13:34:56.097Z,4.229299999999977,
21,2024-05-13T13:34:57.097Z,4.229399999999977,
21,2024-05-13T13:34:58.097Z,4.229499999999977,
21,2024-05-13T13:34:59.097Z,4.2295999999999765,
21,2024-05-13T13:35:00.097Z,4.229699999999976,
21,2024-05-13T13:35:01.097Z,4.2295999999999765,
21,2024-05-13T13:35:02.097Z,4.229699999999976,
21,2024-05-13T13:35:03.097Z,4.229799999999976,
21,2024-05-13T13:35:04.097Z,4.229899999999976,
21,2024-05-13T13:35:05.097Z,4.229699999999976,
21,2024-05-13T13:35:06.097Z,4.247399999999978,
21,2024-05-13T13:35:07.097Z,4.247499999999977,
21,2024-05-13T13:35:08.097Z,4.247599999999977,
21,2024-05-13T13:35:09.097Z,4.247699999999977,
21,2024-05-13T13:35:10.097Z,4.247799999999977,
21,2024-05-13T13:35:11.097Z,4.2478999999999765,
21,2024-05-13T13:35:12.097Z,4.247999999999976,
21,2024-05-13T13:35:13.097Z,4.248099999999976,
21,2024-05-13T13:35:14.097Z,4.248199999999976,
21,2024-05-13T13:35:15.097Z,4.245099999999976,
21,2024-05-13T13:35:16.097Z,4.245199999999976,
21,2024-05-13T13:35:17.097Z,4.245299999999975,
21,2024-05-13T13:35:18.097Z,4.245399999999975,
21,2024-05-13T13:35:19.097Z,4.250299999999974,
21,2024-05-13T13:35:20.097Z,4.249999999999975,
21,2024-05-13T13:35:21.097Z,4.250099999999975,
21,2024-05-13T13:35:22.097Z,4.250199999999975,
21,2024-05-13T13:35:23.097Z,4.250299999999974,
21,2024-05-13T13:35:24.097Z,4.250399999999974,
21,2024-05-13T13:35:25.097Z,4.250499999999974,
21,2024-05-13T13:35:26.097Z,4.250599999999974,
21,2024-05-13T13:35:27.097Z,4.2506999999999735,
21,2024-05-13T13:35:28.097Z,4.250799999999973,
21,2024-05-13T13:35:29.097Z,4.250899999999973,
21,2024-05-13T13:35:30.097Z,4.250999999999973,
21,2024-05-13T13:35:31.097Z,4.251099999999973,
21,2024-05-13T13:35:32.097Z,4.251199999999972,
21,2024-05-13T13:35:33.097Z,4.251299999999972,
21,2024-05-13T13:35:34.097Z,4.251399999999972,
21,2024-05-13T13:35:35.097Z,4.251499999999972,
21,2024-05-13T13:35:36.097Z,4.251599999999971,
21,2024-05-13T13:35:37.097Z,4.251699999999971,
21,2024-05-13T13:35:38.097Z,4.251799999999971,
21,2024-05-13T13:35:39.097Z,4.251899999999971,
21,2024-05-13T13:35:40.097Z,4.2519999999999705,
21,2024-05-13T13:35:41.097Z,4.25209999999997,
21,2024-05-13T13:35:42.097Z,4.25219999999997,
21,2024-05-13T13:35:43.097Z,4.25229999999997,
21,2024-05-13T13:35:44.097Z,4.2523999999999695,
21,2024-05-13T13:35:45.097Z,4.252499999999969,
21,2024-05-13T13:35:46.097Z,4.252599999999969,
21,2024-05-13T13:35:47.097Z,4.252699999999969,
21,2024-05-13T13:35:48.097Z,4.252799999999969,
21,2024-05-13T13:35:49.097Z,4.252899999999968,
21,2024-05-13T13:35:50.097Z,4.252999999999968,
21,2024-05-13T13:35:51.097Z,4.253099999999968,
21,2024-05-13T13:35:52.097Z,4.253199999999968,
21,2024-05-13T13:35:53.097Z,4.253299999999967,
21,2024-05-13T13:35:54.097Z,4.253399999999967,
21,2024-05-13T13:35:55.097Z,4.253499999999967,
21,2024-05-13T13:35:56.097Z,4.253599999999967,
21,2024-05-13T13:35:57.097Z,4.2536999999999665,
21,2024-05-13T13:35:58.097Z,4.253799999999966,
21,2024-05-13T13:35:59.097Z,4.253899999999966,
21,2024-05-13T13:36:00.097Z,4.253999999999966,
21,2024-05-13T13:36:01.097Z,4.254099999999966,
21,2024-05-13T13:36:02.097Z,4.254199999999965,
21,2024-05-13T13:36:03.097Z,4.254299999999965,
21,2024-05-13T13:36:04.097Z,4.254399999999965,
21,2024-05-13T13:36:05.097Z,4.254499999999965,
21,2024-05-13T13:36:06.097Z,4.254599999999964,
21,2024-05-13T13:36:07.097Z,4.254699999999964,
21,2024-05-13T13:36:08.097Z,4.254499999999965,
21,2024-05-13T13:36:09.097Z,4.255899999999965,
21,2024-05-13T13:36:10.097Z,4.249599999999965,
21,2024-05-13T13:36:11.097Z,4.249699999999965,
21,2024-05-13T13:36:12.097Z,5.049399999999967,
21,2024-05-13T13:36:13.097Z,5.049499999999966,
21,2024-05-13T13:36:14.097Z,5.049599999999966,
21,2024-05-13T13:36:15.097Z,5.049699999999966,
21,2024-05-13T13:36:16.097Z,5.049799999999966,
21,2024-05-13T13:36:17.097Z,5.049899999999965,
21,2024-05-13T13:36:18.097Z,5.049999999999965,
21,2024-05-13T13:36:19.097Z,5.043699999999966,
21,2024-05-13T13:36:20.097Z,5.046199999999967,
21,2024-05-13T13:36:21.097Z,5.046299999999967,
21,2024-05-13T13:36:22.097Z,5.0463999999999665,
21,2024-05-13T13:36:23.097Z,5.046499999999966,
21,2024-05-13T13:36:24.097Z,5.046599999999966,
21,2024-05-13T13:36:25.097Z,5.046699999999966,
21,2024-05-13T13:36:26.097Z,5.045999999999967,
21,2024-05-13T13:36:27.097Z,5.026899999999966,
21,2024-05-13T13:36:28.097Z,5.0269999999999655,
21,2024-05-13T13:36:29.097Z,5.027099999999965,
21,2024-05-13T13:36:30.097Z,5.025399999999966,
21,2024-05-13T13:36:31.097Z,5.828699999999966,
21,2024-05-13T13:36:32.097Z,6.019199999999966,
21,2024-05-13T13:36:33.097Z,6.044599999999967,
21,2024-05-13T13:36:34.097Z,3.6190999999999676,
21,2024-05-13T13:36:35.097Z,3.6191999999999673,
21,2024-05-13T13:36:36.097Z,3.619299999999967,
21,2024-05-13T13:36:37.097Z,3.619399999999967,
21,2024-05-13T13:36:38.097Z,3.624299999999966,
21,2024-05-13T13:36:39.097Z,3.624399999999966,
21,2024-05-13T13:36:40.097Z,3.6244999999999656,
21,2024-05-13T13:36:41.097Z,3.6245999999999654,
21,2024-05-13T13:36:42.097Z,3.624699999999965,
21,2024-05-13T13:36:43.097Z,3.624699999999965,
21,2024-05-13T13:36:44.097Z,3.6248999999999647,
21,2024-05-13T13:36:45.097Z,3.6249999999999645,
21,2024-05-13T13:36:46.097Z,3.6250999999999642,
21,2024-05-13T13:36:47.097Z,3.625199999999964,
21,2024-05-13T13:36:48.097Z,3.6238999999999635,
21,2024-05-13T13:36:49.097Z,4.001299999999965,
21,2024-05-13T13:36:50.097Z,4.000999999999966,
21,2024-05-13T13:36:51.097Z,4.0010999999999655,
21,2024-05-13T13:36:52.097Z,4.002499999999966,
21,2024-05-13T13:36:53.097Z,4.0021999999999665,
21,2024-05-13T13:36:54.097Z,3.9990999999999666,
21,2024-05-13T13:36:55.097Z,3.979999999999965,
21,2024-05-13T13:36:56.097Z,3.9792999999999665,
21,2024-05-13T13:36:57.097Z,4.426599999999965,
21,2024-05-13T13:36:58.097Z,4.4450999999999645,
21,2024-05-13T13:36:59.097Z,4.440199999999965,
21,2024-05-13T13:37:00.097Z,2.981099999999966,
21,2024-05-13T13:37:01.097Z,3.0192999999999657,
21,2024-05-13T13:37:02.097Z,2.980999999999966,
21,2024-05-13T13:37:03.097Z,2.981099999999966,
21,2024-05-13T13:37:04.097Z,2.9807999999999666,
21,2024-05-13T13:37:05.097Z,2.9792999999999665,
21,2024-05-13T13:37:06.097Z,2.972999999999967,
21,2024-05-13T13:37:07.097Z,2.9914999999999665,
21,2024-05-13T13:37:08.097Z,2.991299999999967,
21,2024-05-13T13:37:09.097Z,2.9913999999999668,
21,2024-05-13T13:37:10.097Z,2.991699999999966,
21,2024-05-13T13:37:11.097Z,2.9915999999999663,
21,2024-05-13T13:37:12.097Z,3.0234999999999665,
21,2024-05-13T13:37:13.097Z,3.0235999999999663,
21,2024-05-13T13:37:14.097Z,3.023699999999966,
21,2024-05-13T13:37:15.097Z,3.023799999999966,
21,2024-05-13T13:37:16.097Z,3.0230999999999675,
21,2024-05-13T13:37:17.097Z,3.0231999999999672,
21,2024-05-13T13:37:18.097Z,3.023299999999967,
21,2024-05-13T13:37:19.097Z,3.023399999999967,
21,2024-05-13T13:37:20.097Z,3.0234999999999665,
21,2024-05-13T13:37:21.097Z,3.0235999999999663,
21,2024-05-13T13:37:22.097Z,3.023699999999966,
21,2024-05-13T13:37:23.097Z,3.023799999999966,
21,2024-05-13T13:37:24.097Z,3.0238999999999656,
21,2024-05-13T13:37:25.097Z,3.0239999999999654,
21,2024-05-13T13:37:26.097Z,3.024099999999965,
21,2024-05-13T13:37:27.097Z,3.0239999999999654,
21,2024-05-13T13:37:28.097Z,3.024099999999965,
21,2024-05-13T13:37:29.097Z,3.0273999999999646,
21,2024-05-13T13:37:30.097Z,3.0274999999999643,
21,2024-05-13T13:37:31.097Z,3.028099999999963,
21,2024-05-13T13:37:32.097Z,3.0231999999999637,
21,2024-05-13T13:37:33.097Z,3.022999999999964,
21,2024-05-13T13:37:34.097Z,3.0227999999999646,
21,2024-05-13T13:37:35.097Z,3.0228999999999644,
21,2024-05-13T13:37:36.097Z,3.022599999999965,
21,2024-05-13T13:37:37.097Z,3.0218999999999667,
21,2024-05-13T13:37:38.097Z,3.0219999999999665,
21,2024-05-13T13:37:39.097Z,3.0204999999999664,
21,2024-05-13T13:37:40.097Z,3.0189999999999664,
21,2024-05-13T13:37:41.097Z,3.0318999999999647,
21,2024-05-13T13:37:42.097Z,3.0380999999999645,
21,2024-05-13T13:37:43.097Z,3.031799999999965,
21,2024-05-13T13:37:44.097Z,3.8318999999999654,
21,2024-05-13T13:37:45.097Z,3.849599999999967,
21,2024-05-13T13:37:46.097Z,3.8496999999999666,
21,2024-05-13T13:37:47.097Z,3.851099999999967,
21,2024-05-13T13:37:48.097Z,3.8516999999999655,
21,2024-05-13T13:37:49.097Z,3.8517999999999653,
21,2024-05-13T13:37:50.097Z,3.8520999999999646,
21,2024-05-13T13:37:51.097Z,3.8521999999999643,
21,2024-05-13T13:37:52.097Z,3.851499999999966,
21,2024-05-13T13:37:53.097Z,3.8675999999999675,
21,2024-05-13T13:37:54.097Z,3.8676999999999673,
21,2024-05-13T13:37:55.097Z,3.866999999999969,
21,2024-05-13T13:37:56.097Z,3.8830999999999705,
21,2024-05-13T13:37:57.097Z,3.8831999999999702,
21,2024-05-13T13:37:58.097Z,3.88329999999997,
21,2024-05-13T13:37:59.097Z,3.8833999999999698,
21,2024-05-13T13:38:00.097Z,3.8826999999999714,
21,2024-05-13T13:38:01.097Z,3.898799999999973,
21,2024-05-13T13:38:02.097Z,3.8988999999999727,
21,2024-05-13T13:38:03.097Z,3.8989999999999725,
21,2024-05-13T13:38:04.097Z,3.8990999999999723,
21,2024-05-13T13:38:05.097Z,3.899199999999972,
21,2024-05-13T13:38:06.097Z,3.899299999999972,
21,2024-05-13T13:38:07.097Z,3.8993999999999716,
21,2024-05-13T13:38:08.097Z,3.8994999999999713,
21,2024-05-13T13:38:09.097Z,3.8997999999999706,
21,2024-05-13T13:38:10.097Z,3.8990999999999723,
21,2024-05-13T13:38:11.097Z,3.9167999999999736,
21,2024-05-13T13:38:12.097Z,3.916999999999973,
21,2024-05-13T13:38:13.097Z,3.923199999999973,
21,2024-05-13T13:38:14.097Z,3.9168999999999734,
21,2024-05-13T13:38:15.097Z,3.934599999999975,
21,2024-05-13T13:38:16.097Z,3.9342999999999755,
21,2024-05-13T13:38:17.097Z,3.947199999999974,
21,2024-05-13T13:38:18.097Z,3.9472999999999736,
21,2024-05-13T13:38:19.097Z,3.9473999999999734,
21,2024-05-13T13:38:20.097Z,3.947499999999973,
21,2024-05-13T13:38:21.097Z,3.9443999999999733,
21,2024-05-13T13:38:22.097Z,3.944499999999973,
21,2024-05-13T13:38:23.097Z,3.9451999999999714,
21,2024-05-13T13:38:24.097Z,3.945299999999971,
21,2024-05-13T13:38:25.097Z,3.944599999999973,
21,2024-05-13T13:38:26.097Z,3.941499999999973,
21,2024-05-13T13:38:27.097Z,3.943999999999974,
21,2024-05-13T13:38:28.097Z,3.9437999999999747,
21,2024-05-13T13:38:29.097Z,4.129499999999975,
21,2024-05-13T13:38:30.097Z,4.129599999999975,
21,2024-05-13T13:38:31.097Z,4.126499999999975,
21,2024-05-13T13:38:32.097Z,4.123099999999976,
21,2024-05-13T13:38:33.097Z,4.123199999999976,
21,2024-05-13T13:38:34.097Z,4.121699999999976,
21,2024-05-13T13:38:35.097Z,4.1217999999999755,
21,2024-05-13T13:38:36.097Z,4.121899999999975,
21,2024-05-13T13:38:37.097Z,4.121999999999975,
21,2024-05-13T13:38:38.097Z,4.122099999999975,
21,2024-05-13T13:38:39.097Z,4.115899999999975,
21,2024-05-13T13:38:40.097Z,4.134799999999974,
21,2024-05-13T13:38:41.097Z,4.134899999999973,
21,2024-05-13T13:38:42.097Z,4.134999999999973,
21,2024-05-13T13:38:43.097Z,4.129999999999974,
21,2024-05-13T13:38:44.097Z,6.554899999999975,
21,2024-05-13T13:38:45.097Z,6.554999999999975,
21,2024-05-13T13:38:46.097Z,6.555099999999975,
21,2024-05-13T13:38:47.097Z,6.555999999999976,
21,2024-05-13T13:38:48.097Z,6.556499999999975,
21,2024-05-13T13:38:49.097Z,6.562199999999976,
21,2024-05-13T13:38:50.097Z,6.5618999999999765,
21,2024-05-13T13:38:51.097Z,6.580899999999975,
21,2024-05-13T13:38:52.097Z,6.580999999999975,
21,2024-05-13T13:38:53.097Z,6.581099999999974,
21,2024-05-13T13:38:54.097Z,6.581199999999974,
21,2024-05-13T13:38:55.097Z,6.581299999999974,
21,2024-05-13T13:38:56.097Z,6.581399999999974,
21,2024-05-13T13:38:57.097Z,6.5814999999999735,
21,2024-05-13T13:38:58.097Z,6.581599999999973,
21,2024-05-13T13:38:59.097Z,6.581699999999973,
21,2024-05-13T13:39:00.097Z,6.581799999999973,
21,2024-05-13T13:39:01.097Z,6.5818999999999726,
21,2024-05-13T13:39:02.097Z,6.581599999999973,
21,2024-05-13T13:39:03.097Z,6.581699999999973,
21,2024-05-13T13:39:04.097Z,6.581799999999973,
21,2024-05-13T13:39:05.097Z,6.5818999999999726,
21,2024-05-13T13:39:06.097Z,6.581999999999972,
21,2024-05-13T13:39:07.097Z,6.582099999999972,
21,2024-05-13T13:39:08.097Z,6.588199999999972,
21,2024-05-13T13:39:09.097Z,6.587499999999974,
21,2024-05-13T13:39:10.097Z,6.605999999999973,
21,2024-05-13T13:39:11.097Z,4.336899999999975,
21,2024-05-13T13:39:12.097Z,4.336999999999975,
21,2024-05-13T13:39:13.097Z,4.337099999999975,
21,2024-05-13T13:39:14.097Z,4.336399999999976,
21,2024-05-13T13:39:15.097Z,4.349199999999975,
21,2024-05-13T13:39:16.097Z,4.349299999999975,
21,2024-05-13T13:39:17.097Z,4.349399999999974,
21,2024-05-13T13:39:18.097Z,4.349499999999974,
21,2024-05-13T13:39:19.097Z,4.349599999999974,
21,2024-05-13T13:39:20.097Z,4.349699999999974,
21,2024-05-13T13:39:21.097Z,4.3497999999999735,
21,2024-05-13T13:39:22.097Z,4.349899999999973,
21,2024-05-13T13:39:23.097Z,4.349999999999973,
21,2024-05-13T13:39:24.097Z,4.350099999999973,
21,2024-05-13T13:39:25.097Z,4.3501999999999725,
21,2024-05-13T13:39:26.097Z,4.350299999999972,
21,2024-05-13T13:39:27.097Z,4.350399999999972,
21,2024-05-13T13:39:28.097Z,4.350499999999972,
21,2024-05-13T13:39:29.097Z,4.350599999999972,
21,2024-05-13T13:39:30.097Z,4.350699999999971,
21,2024-05-13T13:39:31.097Z,4.350799999999971,
21,2024-05-13T13:39:32.097Z,4.350899999999971,
21,2024-05-13T13:39:33.097Z,4.350999999999971,
21,2024-05-13T13:39:34.097Z,4.35109999999997,
21,2024-05-13T13:39:35.097Z,4.35119999999997,
21,2024-05-13T13:39:36.097Z,4.35129999999997,
21,2024-05-13T13:39:37.097Z,4.35139999999997,
21,2024-05-13T13:39:38.097Z,4.3514999999999695,
21,2024-05-13T13:39:39.097Z,4.351599999999969,
21,2024-05-13T13:39:40.097Z,4.351699999999969,
21,2024-05-13T13:39:41.097Z,4.351799999999969,
21,2024-05-13T13:39:42.097Z,4.351899999999969,
21,2024-05-13T13:39:43.097Z,4.351999999999968,
21,2024-05-13T13:39:44.097Z,4.352099999999968,
21,2024-05-13T13:39:45.097Z,4.352199999999968,
21,2024-05-13T13:39:46.097Z,4.352299999999968,
21,2024-05-13T13:39:47.097Z,4.350799999999968,
21,2024-05-13T13:39:48.097Z,4.363699999999966,
21,2024-05-13T13:39:49.097Z,4.363799999999966,
21,2024-05-13T13:39:50.097Z,4.3638999999999655,
21,2024-05-13T13:39:51.097Z,4.360799999999966,
21,2024-05-13T13:39:52.097Z,4.361099999999965,
21,2024-05-13T13:39:53.097Z,4.3603999999999665,
21,2024-05-13T13:39:54.097Z,4.392499999999966,
21,2024-05-13T13:39:55.097Z,4.392599999999966,
21,2024-05-13T13:39:56.097Z,4.406799999999965,
21,2024-05-13T13:39:57.097Z,4.406899999999965,
21,2024-05-13T13:39:58.097Z,4.4069999999999645,
21,2024-05-13T13:39:59.097Z,4.407099999999964,
21,2024-05-13T13:40:00.097Z,4.407199999999964,
21,2024-05-13T13:40:01.097Z,4.407299999999964,
21,2024-05-13T13:40:02.097Z,4.407399999999964,
21,2024-05-13T13:40:03.097Z,4.407499999999963,
21,2024-05-13T13:40:04.097Z,4.407599999999963,
21,2024-05-13T13:40:05.097Z,4.407699999999963,
21,2024-05-13T13:40:06.097Z,4.407799999999963,
21,2024-05-13T13:40:07.097Z,4.407599999999963,
21,2024-05-13T13:40:08.097Z,4.407699999999963,
21,2024-05-13T13:40:09.097Z,4.407799999999963,
21,2024-05-13T13:40:10.097Z,4.407899999999962,
21,2024-05-13T13:40:11.097Z,4.407999999999962,
21,2024-05-13T13:40:12.097Z,4.408099999999962,
21,2024-05-13T13:40:13.097Z,4.408199999999962,
21,2024-05-13T13:40:14.097Z,4.4082999999999615,
21,2024-05-13T13:40:15.097Z,4.408399999999961,
21,2024-05-13T13:40:16.097Z,4.408499999999961,
21,2024-05-13T13:40:17.097Z,4.40299999999996,
21,2024-05-13T13:40:18.097Z,4.403099999999959,
21,2024-05-13T13:40:19.097Z,4.403199999999959,
21,2024-05-13T13:40:20.097Z,4.403299999999959,
21,2024-05-13T13:40:21.097Z,4.403399999999959,
21,2024-05-13T13:40:22.097Z,4.4034999999999584,
21,2024-05-13T13:40:23.097Z,4.403599999999958,
21,2024-05-13T13:40:24.097Z,4.403699999999958,
21,2024-05-13T13:40:25.097Z,4.403799999999958,
21,2024-05-13T13:40:26.097Z,4.4038999999999575,
21,2024-05-13T13:40:27.097Z,4.403999999999957,
21,2024-05-13T13:40:28.097Z,4.404099999999957,
21,2024-05-13T13:40:29.097Z,4.404199999999957,
21,2024-05-13T13:40:30.097Z,4.404299999999957,
21,2024-05-13T13:40:31.097Z,4.404399999999956,
21,2024-05-13T13:40:32.097Z,4.404499999999956,
21,2024-05-13T13:40:33.097Z,4.404299999999957,
21,2024-05-13T13:40:34.097Z,4.404399999999956,
21,2024-05-13T13:40:35.097Z,4.404499999999956,
21,2024-05-13T13:40:36.097Z,4.404599999999956,
21,2024-05-13T13:40:37.097Z,4.404699999999956,
21,2024-05-13T13:40:38.097Z,4.404799999999955,
21,2024-05-13T13:40:39.097Z,4.404899999999955,
21,2024-05-13T13:40:40.097Z,4.404999999999955,
21,2024-05-13T13:40:41.097Z,4.405099999999955,
21,2024-05-13T13:40:42.097Z,4.4051999999999545,
21,2024-05-13T13:40:43.097Z,4.405299999999954,
21,2024-05-13T13:40:44.097Z,4.405399999999954,
21,2024-05-13T13:40:45.097Z,4.405499999999954,
21,2024-05-13T13:40:46.097Z,4.4055999999999536,
21,2024-05-13T13:40:47.097Z,4.405699999999953,
21,2024-05-13T13:40:48.097Z,4.408699999999953,
21,2024-05-13T13:40:49.097Z,4.408799999999953,
21,2024-05-13T13:40:50.097Z,4.408899999999953,
21,2024-05-13T13:40:51.097Z,4.408999999999953,
21,2024-05-13T13:40:52.097Z,4.4090999999999525,
21,2024-05-13T13:40:53.097Z,4.409199999999952,
21,2024-05-13T13:40:54.097Z,4.402899999999953,
21,2024-05-13T13:40:55.097Z,4.425299999999954,
21,2024-05-13T13:40:56.097Z,4.425599999999953,
21,2024-05-13T13:40:57.097Z,4.425699999999953,
21,2024-05-13T13:40:58.097Z,4.425799999999953,
21,2024-05-13T13:40:59.097Z,4.425899999999952,
21,2024-05-13T13:41:00.097Z,4.425999999999952,
21,2024-05-13T13:41:01.097Z,4.426099999999952,
21,2024-05-13T13:41:02.097Z,4.426199999999952,
21,2024-05-13T13:41:03.097Z,4.4262999999999515,
21,2024-05-13T13:41:04.097Z,4.426399999999951,
21,2024-05-13T13:41:05.097Z,4.426499999999951,
21,2024-05-13T13:41:06.097Z,4.426599999999951,
21,2024-05-13T13:41:07.097Z,4.426699999999951,
