burst_id,date,mean_x,mean_y,var_x,var_y,size,cluster
2021-01-25_2021-01-25T08:31:11-05:00,2021-01-25,0.6476565333333334,0.33990147783250657,0.1403956926113771,0.11114885906800287,7,3
2021-01-25_2021-01-25T08:31:18-05:00,2021-01-25,0.5189038375384615,0.656987179487147,0.08071351999677998,0.12958044871794397,26,3
2021-01-25_2021-01-25T08:31:37-05:00,2021-01-25,0.49361096121637427,0.5893269230769181,0.08894713790962873,0.06945427744682595,38,3
2021-01-25_2021-01-25T08:31:57-05:00,2021-01-25,0.34627264,0.6176470588235173,0.051913557317746675,0.2284890426758916,6,3
2021-01-25_2021-01-25T08:32:00-05:00,2021-01-25,0.4853598150489435,0.6278180237612283,0.08713967370520606,0.046957004914433415,493,3
2021-01-25_2021-01-25T08:36:34-05:00,2021-01-25,0.629679104,0.0,0.07910060296975154,0.0,2,5
2021-01-25_2021-01-25T09:01:43-05:00,2021-01-25,0.5057775446903484,0.7262075134168159,0.08756726234991434,0.05613861750617163,559,1
2021-01-25_2021-01-25T09:02:06-05:00,2021-01-25,0.44541146150833777,0.7456792533398363,0.08113601371376318,0.04545990379617236,338,3
2021-01-25_2021-01-25T09:02:19-05:00,2021-01-25,0.4758181816470588,0.8564558823529445,0.07620626779537527,0.06431076544662151,136,3
2021-01-26_2021-01-26T08:00:06-05:00,2021-01-26,0.04122083636848606,0.6533464970865519,0.013081359749590096,0.05012738757963096,1285,1
2021-01-26_2021-01-26T08:01:59-05:00,2021-01-26,0.053778688,0.0,,,1,2
2021-01-26_2021-01-26T08:02:02-05:00,2021-01-26,0.184886016,0.0,,,1,2
2021-01-26_2021-01-26T08:02:06-05:00,2021-01-26,0.4104836996491228,0.7015000000000002,0.0975545689099968,0.14715517430503253,12,3
2021-01-26_2021-01-26T08:02:46-05:00,2021-01-26,0.4334638140076628,0.6931034482758648,0.08606369422786339,0.0872078817733992,29,3
2021-01-26_2021-01-26T08:04:00-05:00,2021-01-26,0.44424925850334934,0.3976725146198742,0.08830826440098877,0.06007219955238055,19,3
2021-01-26_2021-01-26T08:05:07-05:00,2021-01-26,0.9905472,0.0,,,1,5
2021-01-26_2021-01-26T08:05:26-05:00,2021-01-26,0.5532227374545454,0.410928124999995,0.0751884107030671,0.06440414724798403,32,3
2021-01-26_2021-01-26T08:07:27-05:00,2021-01-26,0.41033062647342994,0.7541371158392516,0.07072036858364338,0.08314766981185025,18,3
2021-01-26_2021-01-26T08:17:05-05:00,2021-01-26,0.011975168,0.0,,,1,2
2021-01-27_2021-01-27T08:37:39-05:00,2021-01-27,0.4687706871466667,0.5717373611111111,0.07307995448524578,0.14269676095887862,60,3
2021-01-27_2021-01-27T08:38:31-05:00,2021-01-27,0.778254848,0.5,0.0659203053753467,0.5,2,0
2021-01-27_2021-01-27T08:38:40-05:00,2021-01-27,0.178951808,0.5,0.007578999293247492,0.5,2,0
2021-01-27_2021-01-27T08:39:04-05:00,2021-01-27,0.4867999615238095,0.6175302833188784,0.10392651059011335,0.13248862998692704,48,3
2021-01-27_2021-01-27T08:40:05-05:00,2021-01-27,0.37593512960000003,0.39747368421052637,0.045412562391952585,0.293401024930748,5,3
2021-01-27_2021-01-27T08:40:09-05:00,2021-01-27,0.4931814912,0.40195767195767196,0.10724431629229755,0.28489654544945536,5,0
2021-01-27_2021-01-27T08:40:31-05:00,2021-01-27,0.5098468471374663,0.5224990328576775,0.08176696021055342,0.168715461434016,53,3
2021-01-27_2021-01-27T08:44:09-05:00,2021-01-27,0.6021359359999999,0.3490833333333334,0.04743591093602223,0.25422404166666673,6,3
2021-01-27_2021-01-27T08:44:20-05:00,2021-01-27,0.290749056,0.5,0.01652518950040371,0.5,2,0
2021-01-27_2021-01-27T08:45:03-05:00,2021-01-27,0.438771867954023,0.5375087966220972,0.07841867160033739,0.14092711334987715,58,3
2021-01-27_2021-01-27T08:49:30-05:00,2021-01-27,0.5536448,0.4658356417359186,0.0863232125865383,0.29244966915027754,4,0
2021-01-27_2021-01-27T08:49:44-05:00,2021-01-27,0.534218242509804,0.4982849535603715,0.08926464371219318,0.1522006323879815,34,3
2021-01-27_2021-01-27T08:50:30-05:00,2021-01-27,0.21652394666666666,0.3333333333333333,0.0260260614190749,0.33333333333333337,3,3
2021-01-27_2021-01-27T08:50:36-05:00,2021-01-27,0.651956352,0.5,0.01782731191173119,0.5,2,0
2021-01-27_2021-01-27T08:57:10-05:00,2021-01-27,0.6146385962666667,0.6296801388888889,0.08426362786897128,0.15489068812491744,15,3
2021-01-27_2021-01-27T08:57:56-05:00,2021-01-27,0.5064397724444444,0.5882086958695871,0.07035145644649879,0.16376464248745592,18,3
2021-01-27_2021-01-27T09:03:19-05:00,2021-01-27,0.5879341333333333,0.11633958333333334,0.05853700946281433,0.05853637195199279,24,5
2021-01-27_2021-01-27T09:05:14-05:00,2021-01-27,0.4041693624615385,0.19735115911485773,0.09611279795176152,0.11237431906970961,52,3
2021-01-27_2021-01-27T09:05:39-05:00,2021-01-27,0.47348818823529415,0.08174361711727009,0.07012145781479448,0.05607812492822757,17,3
2021-01-27_2021-01-27T09:05:47-05:00,2021-01-27,0.5406005405405405,0.11476018330792076,0.0672668453498472,0.05761155669379315,74,3
2021-01-27_2021-01-27T09:06:25-05:00,2021-01-27,0.45217059676595744,0.11317898986120845,0.07734087781763288,0.02648585914949826,94,3
2021-01-27_2021-01-27T09:06:31-05:00,2021-01-27,0.43873813333333334,0.2196666666666668,0.09794435545406041,0.04080564705882351,18,3
2021-01-27_2021-01-27T09:06:54-05:00,2021-01-27,0.4435695010909091,0.2796103896103896,0.10233671710618764,0.06628963689371851,22,3
2021-01-27_2021-01-27T09:07:14-05:00,2021-01-27,0.5314135808,0.15713205645161302,0.07841069214618575,0.08536123439446804,20,3
2021-01-27_2021-01-27T09:07:17-05:00,2021-01-27,0.4379875712,0.14902173913043476,0.09821047835588914,0.07653437220177092,20,3
2021-01-27_2021-01-27T09:07:41-05:00,2021-01-27,0.6993137821538462,0.17848849523442833,0.08343865414594957,0.06216450261809956,13,5
2021-01-27_2021-01-27T09:07:51-05:00,2021-01-27,0.8455211027692309,0.5727684140124476,0.029602775171617367,0.07605336581741194,26,3
2021-01-27_2021-01-27T09:08:08-05:00,2021-01-27,0.44055115093333336,0.11512379170564364,0.12269592682908378,0.061004036470401424,15,3
2021-01-27_2021-01-27T09:08:38-05:00,2021-01-27,0.5426143744,0.32489288182446474,0.0754427399859077,0.07917485628663672,25,3
2021-01-27_2021-01-27T09:08:40-05:00,2021-01-27,0.6022006125714287,0.3310277218016446,0.07181180507821239,0.1767191048445805,7,3
2021-01-27_2021-01-27T09:08:43-05:00,2021-01-27,0.5209056822857143,0.08756070718545853,0.09532153336489844,0.04381999347219302,28,3
2021-01-27_2021-01-27T09:09:00-05:00,2021-01-27,0.5240963223703704,0.3999870951090462,0.07984057600827314,0.06052162764260165,27,3
2021-01-27_2021-01-27T09:09:06-05:00,2021-01-27,0.5284329898666666,0.22338648443431933,0.08396401703561361,0.05434280246426957,30,3
2021-01-27_2021-01-27T09:09:08-05:00,2021-01-27,0.49713851428571426,0.23994151010279913,0.07339671464654003,0.06656488072881263,56,3
2021-01-27_2021-01-27T09:09:13-05:00,2021-01-27,0.5538523766153847,0.2329566168428725,0.07867169706195733,0.10368637884491845,13,3
2021-01-27_2021-01-27T09:09:17-05:00,2021-01-27,0.45756315778723405,0.20902931659966673,0.08081266199575743,0.06039741034316298,47,3
2021-01-27_2021-01-27T09:09:39-05:00,2021-01-27,0.37259599644444447,0.24808184143222375,0.07183489540511243,0.09481394025418499,9,3
2021-01-27_2021-01-27T09:09:47-05:00,2021-01-27,0.717634368,0.5136255652173913,0.009635329324246471,0.04650068073221073,40,5
2021-01-27_2021-01-27T09:09:49-05:00,2021-01-27,0.460482704,0.35801944444444445,0.10011489628598219,0.13946147937076872,32,3
2021-01-27_2021-01-27T09:09:53-05:00,2021-01-27,0.5790124916363637,0.07232298276152521,0.07042186171840516,0.04366774182058325,22,5
2021-01-27_2021-01-27T09:10:18-05:00,2021-01-27,0.4712613632,0.38244444444444525,0.05626199481998159,0.16585536351165964,10,3
2021-01-27_2021-01-27T09:10:20-05:00,2021-01-27,0.511986269090909,0.46753246753246797,0.11467061915038874,0.13915302855322034,11,3
2021-01-27_2021-01-27T09:10:27-05:00,2021-01-27,0.5106244899310345,0.2017627012241607,0.09517877261564205,0.062017506995197834,29,3
2021-01-27_2021-01-27T09:10:47-05:00,2021-01-27,0.40103063040000003,0.14166666666666666,0.07000987372856346,0.07244152046783627,20,3
2021-01-27_2021-01-27T09:12:07-05:00,2021-01-27,0.7521364821333334,0.4020686288724566,0.09960159509417342,0.10076011048898391,45,3
2021-01-27_2021-01-27T09:13:00-05:00,2021-01-27,0.23334689279999998,0.2501893789378937,0.02575806845837145,0.06270508771321683,50,2
2021-01-27_2021-01-27T09:14:13-05:00,2021-01-27,0.4849254844843049,0.33641762739502645,0.11004703175705668,0.056176981803935135,223,3
2021-01-27_2021-01-27T09:14:24-05:00,2021-01-27,0.4901341576170213,0.285366579412489,0.08268729360765477,0.08163622167516583,47,3
2021-01-27_2021-01-27T09:15:13-05:00,2021-01-27,0.5279725670757911,0.40669503863134665,0.09662783442883255,0.055176050700182784,604,3
2021-01-27_2021-01-27T09:15:44-05:00,2021-01-27,0.49296185487058825,0.6373904812834226,0.0802895362575547,0.06221543933963697,170,3
2021-01-27_2021-01-27T09:15:51-05:00,2021-01-27,0.4814689728,0.6054912158827078,0.08667658197841832,0.10453446210578739,40,3
2021-01-27_2021-01-27T09:16:19-05:00,2021-01-27,0.44000938100703724,0.6981826028736033,0.04139860479488316,0.036285020896687586,5000,4
2021-01-28_2021-01-28T08:00:04-05:00,2021-01-28,0.22831086331611647,0.6174330231928622,0.10069956677342273,0.04134569191820933,5000,4
2021-01-28_2021-01-28T08:43:04-05:00,2021-01-28,0.45372870888135597,0.5658554712431739,0.09251793288842967,0.0419899805106637,177,3
2021-01-28_2021-01-28T08:44:11-05:00,2021-01-28,0.4910368579794818,0.7131297288950651,0.079349509073879,0.0450914091240953,162,3
2021-01-28_2021-01-28T08:45:24-05:00,2021-01-28,0.5251119753513513,0.43840984173929554,0.0926286869137634,0.019425852282560652,37,3
2021-01-28_2021-01-28T08:45:42-05:00,2021-01-28,0.33895901866666667,0.3333333333333333,0.00925079573956745,0.33333333333333337,3,3
2021-01-28_2021-01-28T08:45:45-05:00,2021-01-28,0.5517738453333333,0.7938866120218595,0.0742871274457943,0.15956778718385214,16,3
2021-01-28_2021-01-28T08:49:58-05:00,2021-01-28,0.410054912,0.0,0.04172941401115852,0.0,2,2
2021-01-28_2021-01-28T08:50:00-05:00,2021-01-28,0.211537792,0.0,0.05699474500095181,0.0,2,2
2021-01-28_2021-01-28T09:18:32-05:00,2021-01-28,0.5564677973333333,0.17235873941413302,0.08628799398338015,0.1644524011612312,6,3
2021-01-28_2021-01-28T09:20:25-05:00,2021-01-28,0.9395386700452489,0.8920715461009578,0.0021850198992106966,0.021582643010810153,442,1
2021-01-29_2021-01-29T08:00:08-05:00,2021-01-29,0.624934007968557,0.42126324830723927,0.043556265765775044,0.04060325726608696,3562,4
2021-01-29_2021-01-29T08:14:50-05:00,2021-01-29,0.47061865142237286,0.4691097603786091,0.08239454179662009,0.12526498941638214,590,3
2021-01-29_2021-01-29T08:15:17-05:00,2021-01-29,0.4945073822136147,0.430408511652148,0.08796048889727769,0.11679900688432295,407,3
2021-01-29_2021-01-29T08:33:51-05:00,2021-01-29,0.43666670262857143,0.7836065573770459,0.08037771800795313,0.16406455536853384,20,0
2021-01-29_2021-01-29T08:34:00-05:00,2021-01-29,0.41364352,0.0,,,1,2
2021-01-29_2021-01-29T08:38:26-05:00,2021-01-29,0.7559007323175789,0.6980883509730282,0.03395223543280755,0.10354837776409061,404,3
2021-01-29_2021-01-29T08:39:21-05:00,2021-01-29,0.6622930773333333,0.6666666666666666,0.07367249660984254,0.33333333333333337,3,0
2021-01-29_2021-01-29T08:39:23-05:00,2021-01-29,0.441463808,0.0,,,1,2
2021-01-29_2021-01-29T08:40:22-05:00,2021-01-29,0.282457088,0.0,,,1,2
2021-01-29_2021-01-29T08:40:47-05:00,2021-01-29,0.4892673060571428,0.4202531206657487,0.11511531765029878,0.08611878382598535,14,3
2021-01-29_2021-01-29T08:41:00-05:00,2021-01-29,0.30657604266666666,0.3333333333333333,0.10400821243322911,0.33333333333333337,3,0
2021-01-29_2021-01-29T08:43:43-05:00,2021-01-29,0.553895168,0.0,,,1,5
2021-01-29_2021-01-29T08:43:47-05:00,2021-01-29,0.5059553173964497,0.4633467006926763,0.08546098671949519,0.17725786839860447,13,3
2021-01-29_2021-01-29T08:44:09-05:00,2021-01-29,0.6210870016,0.5,0.09823880826302944,0.2857142857142857,8,0
2021-01-29_2021-01-29T08:44:21-05:00,2021-01-29,0.346155648,0.5,0.08909056700478259,0.5,2,0
2021-01-29_2021-01-29T08:44:23-05:00,2021-01-29,0.4940354606545455,0.7283473684210546,0.09857761618112353,0.11435531605190334,20,3
2021-01-29_2021-01-29T08:44:42-05:00,2021-01-29,0.6346196748531469,0.8827272727272709,0.06178867774759207,0.09328181818181888,11,3
2021-01-29_2021-01-29T08:45:19-05:00,2021-01-29,0.600965504,0.5,0.19021785673079558,0.5,2,0
2021-01-29_2021-01-29T08:45:24-05:00,2021-01-29,0.4543679431111111,0.6525547445255493,0.1075125837052885,0.2042043322026283,10,0
2021-01-29_2021-01-29T08:47:18-05:00,2021-01-29,0.40168544,0.3333333333333333,0.05694067661644186,0.33333333333333337,3,3
2021-01-29_2021-01-29T08:47:25-05:00,2021-01-29,0.41552136533333334,0.7499166666666639,0.055542718083692176,0.24994447222222038,4,0
2021-01-29_2021-01-29T08:47:39-05:00,2021-01-29,0.315904512,0.0,,,1,2
2021-01-29_2021-01-29T08:47:42-05:00,2021-01-29,0.5061773179114272,0.5934684292784582,0.08376590930455821,0.03863099912154257,349,3
2021-01-29_2021-01-29T08:51:00-05:00,2021-01-29,0.4853038164040404,0.6825592885375501,0.07519019063857543,0.11050964925905904,66,3
2021-01-29_2021-01-29T08:52:10-05:00,2021-01-29,0.557346048,0.3333333333333333,0.0670298840716411,0.33333333333333337,3,3
2021-01-29_2021-01-29T08:52:12-05:00,2021-01-29,0.5227855159215686,0.5223339060710176,0.07551439081430451,0.11494049871836148,12,3
2021-01-29_2021-01-29T08:54:25-05:00,2021-01-29,0.843551488,0.5,0.0005857155617914879,0.5,2,0
2021-01-29_2021-01-29T08:54:30-05:00,2021-01-29,0.18448384,0.0,,,1,2
2021-01-29_2021-01-29T08:54:32-05:00,2021-01-29,0.42851179520000005,0.6121827411167515,0.050028491320472365,0.19550362029426216,5,3
2021-01-29_2021-01-29T08:58:27-05:00,2021-01-29,0.232466688,0.0,,,1,2
2021-01-29_2021-01-29T08:59:08-05:00,2021-01-29,0.404626855615108,0.7129150776735815,0.058119351305789504,0.03033384577956885,2346,1
2021-01-29_2021-01-29T09:11:27-05:00,2021-01-29,0.45812967708819163,0.6069326651707804,0.05873263925522373,0.043971970094401916,1910,1
2021-02-01_2021-02-01T08:00:01-05:00,2021-02-01,0.16384325939167374,0.4424800956563881,0.006588676636614529,0.07576947728911648,3424,4
2021-02-01_2021-02-01T08:01:12-05:00,2021-02-01,0.6893017599999999,0.0,0.08400787651618406,0.0,3,5
2021-02-01_2021-02-01T08:01:15-05:00,2021-02-01,0.248767616,0.5,0.07517191067038516,0.5,2,0
2021-02-01_2021-02-01T08:01:33-05:00,2021-02-01,0.5247008358399999,0.8,0.1418282780039779,0.2,5,0
2021-02-01_2021-02-01T08:02:22-05:00,2021-02-01,0.17775232,0.0,,,1,2
2021-02-01_2021-02-01T08:02:29-05:00,2021-02-01,0.697854208,0.0,,,1,5
2021-02-01_2021-02-01T08:02:35-05:00,2021-02-01,0.184884736,0.0,,,1,2
2021-02-01_2021-02-01T08:02:38-05:00,2021-02-01,0.4813728807739033,0.43411075630252044,0.08788005600871625,0.059877647157897874,119,3
2021-02-01_2021-02-01T08:04:50-05:00,2021-02-01,0.435906784,0.75,0.07446032063196228,0.25,4,0
2021-02-01_2021-02-01T08:04:58-05:00,2021-02-01,0.5797164800000001,0.5,0.0003115838724177908,0.5,2,0
2021-02-01_2021-02-01T08:05:02-05:00,2021-02-01,0.3296261546666666,0.3333333333333333,0.10326321065793032,0.33333333333333337,3,0
2021-02-01_2021-02-01T08:05:14-05:00,2021-02-01,0.47381605294953566,0.4903261528539181,0.08473721253538492,0.05688824395433671,443,3
2021-02-01_2021-02-01T08:15:17-05:00,2021-02-01,0.5235676989404249,0.8044112709051864,0.10572335485342924,0.07523579854865788,127,3
2021-02-01_2021-02-01T08:18:52-05:00,2021-02-01,0.40587465142857143,0.08975706249613703,0.08420866824361271,0.04514859644285048,21,3
2021-02-01_2021-02-01T08:19:04-05:00,2021-02-01,0.30196381866666666,0.5,0.08358600172302427,0.5,2,0
2021-02-01_2021-02-01T08:19:11-05:00,2021-02-01,0.57913632,0.09558357152579301,0.0678725574371132,0.03868802419778618,24,5
2021-02-01_2021-02-01T08:19:18-05:00,2021-02-01,0.46075005952,0.07646939302625891,0.08836101680253021,0.03808680163817541,25,3
2021-02-01_2021-02-01T08:19:20-05:00,2021-02-01,0.46623475712,0.07850909090909103,0.08874161135691977,0.03849887258953169,25,3
2021-02-01_2021-02-01T08:19:23-05:00,2021-02-01,0.4500985897918129,0.7892198581560285,0.09273425656941264,0.09121892668155185,60,3
2021-02-01_2021-02-01T08:20:23-05:00,2021-02-01,0.135231872,0.0,,,1,2
2021-02-01_2021-02-01T08:20:30-05:00,2021-02-01,0.736532224,0.0,,,1,5
2021-02-01_2021-02-01T08:20:49-05:00,2021-02-01,0.35090244266666665,0.6666666666666666,0.0046524975576241485,0.33333333333333337,3,0
2021-02-01_2021-02-01T08:21:29-05:00,2021-02-01,0.620932864,0.5,0.19028128496143562,0.5,2,0
2021-02-01_2021-02-01T08:21:33-05:00,2021-02-01,0.943345152,0.0,,,1,5
2021-02-01_2021-02-01T08:21:39-05:00,2021-02-01,0.38209070933333333,0.6833333333333371,0.18655547669229047,0.22333333333333383,4,0
2021-02-01_2021-02-01T08:21:59-05:00,2021-02-01,0.585442176,0.5,0.020801002572382214,0.5,2,0
2021-02-01_2021-02-01T08:22:50-05:00,2021-02-01,0.931245568,0.0,,,1,5
2021-02-01_2021-02-01T08:22:55-05:00,2021-02-01,0.5059972144761904,0.6666666666666666,0.1905372991999479,0.33333333333333337,3,0
2021-02-01_2021-02-01T08:23:06-05:00,2021-02-01,0.63875712,0.0,,,1,5
2021-02-01_2021-02-01T08:23:08-05:00,2021-02-01,0.3498484775384615,0.5714000000000071,0.11520485043773392,0.28568572000000714,7,0
2021-02-01_2021-02-01T08:23:27-05:00,2021-02-01,0.3312525963636363,0.3333333333333333,0.2359157373763372,0.33333333333333337,3,0
2021-02-01_2021-02-01T08:23:44-05:00,2021-02-01,0.4659171444938272,0.8888888888888888,0.14855213982305612,0.1111111111111111,9,0
2021-02-01_2021-02-01T08:24:35-05:00,2021-02-01,0.640616512,0.5,0.11645591420278646,0.3333333333333333,4,0
2021-02-01_2021-02-01T08:24:39-05:00,2021-02-01,0.12703872,0.0,,,1,2
2021-02-01_2021-02-01T08:24:47-05:00,2021-02-01,0.563717632,0.0,,,1,5
2021-02-01_2021-02-01T08:24:54-05:00,2021-02-01,0.11911808,0.0,,,1,2
2021-02-01_2021-02-01T08:24:59-05:00,2021-02-01,0.32826496,0.0,,,1,2
2021-02-01_2021-02-01T08:25:12-05:00,2021-02-01,0.5178895544504504,0.6209624258404774,0.08310575795096492,0.09504741207596588,37,3
2021-02-01_2021-02-01T08:27:26-05:00,2021-02-01,0.23685322666666667,0.6666666666666666,0.0417190317230749,0.33333333333333337,3,0
2021-02-01_2021-02-01T08:27:32-05:00,2021-02-01,0.33165824,0.0,,,1,2
2021-02-01_2021-02-01T08:27:46-05:00,2021-02-01,0.014868992,0.0,,,1,2
2021-02-01_2021-02-01T08:27:53-05:00,2021-02-01,0.12328204799999999,0.0,0.0229641994575872,0.0,2,2
2021-02-01_2021-02-01T08:28:35-05:00,2021-02-01,0.114228352,0.0,0.007040078814412802,0.0,2,2
2021-02-01_2021-02-01T08:29:11-05:00,2021-02-01,0.4188002986666666,0.6666666666666666,0.05096901893353198,0.33333333333333337,3,0
2021-02-01_2021-02-01T08:29:22-05:00,2021-02-01,0.850400512,0.0,,,1,5
2021-02-01_2021-02-01T08:29:36-05:00,2021-02-01,0.3566145793939394,0.9090909090909091,0.0463583365095188,0.09090909090909091,11,3
2021-02-01_2021-02-01T08:30:05-05:00,2021-02-01,0.227369696,0.0,0.01780205164036301,0.0,2,2
2021-02-01_2021-02-01T08:30:11-05:00,2021-02-01,0.25687648,0.0,0.013376198497279997,0.0,2,2
2021-02-01_2021-02-01T08:30:25-05:00,2021-02-01,0.35592064,0.0,,,1,2
2021-02-01_2021-02-01T08:31:08-05:00,2021-02-01,0.49752519011460433,0.49665506749949623,0.06948611904057615,0.04961844264903637,709,1
2021-02-01_2021-02-01T08:45:07-05:00,2021-02-01,0.5301917466344864,0.5404364894537209,0.10937997940547119,0.09363224170708719,113,3
2021-02-01_2021-02-01T08:49:36-05:00,2021-02-01,0.49798025142857144,0.21945572723908185,0.09851122095131709,0.054057877151426306,14,3
2021-02-01_2021-02-01T08:49:38-05:00,2021-02-01,0.6931543771428571,0.29384745048461813,0.031407075863029675,0.10579042497516937,7,5
2021-02-01_2021-02-01T08:49:46-05:00,2021-02-01,0.154098944,0.0,,,1,2
2021-02-01_2021-02-01T08:49:49-05:00,2021-02-01,0.49019390042798033,0.4878429118773948,0.07510903970233962,0.06491246051346922,203,3
2021-02-01_2021-02-01T08:56:08-05:00,2021-02-01,0.4418436205714286,0.75,0.08559515714518086,0.20454545454545459,12,0
2021-02-01_2021-02-01T08:56:55-05:00,2021-02-01,0.534770315755102,0.534013605442164,0.09948187292507253,0.06314009120131411,14,3
2021-02-01_2021-02-01T08:57:14-05:00,2021-02-01,0.7884348160000001,0.5,0.003346787551444989,0.5,2,0
2021-02-01_2021-02-01T08:57:17-05:00,2021-02-01,0.826168832,0.0,,,1,5
2021-02-01_2021-02-01T08:57:20-05:00,2021-02-01,0.883195136,0.0,,,1,5
2021-02-01_2021-02-01T08:57:30-05:00,2021-02-01,0.757300224,0.0,,,1,5
2021-02-01_2021-02-01T08:57:34-05:00,2021-02-01,0.0303015936,0.0,,,1,2
2021-02-01_2021-02-01T09:12:04-05:00,2021-02-01,0.200368128,0.0,,,1,2
2021-02-02_2021-02-02T08:00:06-05:00,2021-02-02,0.07312878912621035,0.5569325004264851,0.03314955580469324,0.08262520509729537,3312,4
2021-02-02_2021-02-02T08:04:00-05:00,2021-02-02,0.631943168,0.0,,,1,5
2021-02-02_2021-02-02T08:04:03-05:00,2021-02-02,0.481342752,0.7043256997455409,0.12823018713086112,0.19934691944601438,15,0
2021-02-02_2021-02-02T08:04:40-05:00,2021-02-02,0.317569472,0.4222222222222224,0.0673170996330223,0.17473251028806583,4,3
2021-02-02_2021-02-02T08:04:45-05:00,2021-02-02,0.36755606204081637,0.7899621570482497,0.07457353851328162,0.0822763810725484,14,3
2021-02-02_2021-02-02T08:23:51-05:00,2021-02-02,0.6082115888338298,0.6741786819727891,0.0848838447614766,0.044679025508313173,1470,1
2021-02-02_2021-02-02T09:07:57-05:00,2021-02-02,0.45788490182633057,0.6931019710115284,0.061122370795491356,0.07942797416601237,153,3
2021-02-02_2021-02-02T09:08:13-05:00,2021-02-02,0.41258773959655504,0.6849939465493186,0.07259052064301415,0.072041982957469,275,3
2021-02-02_2021-02-02T09:08:34-05:00,2021-02-02,0.44511477434659824,0.49972368214004736,0.06696362742524839,0.12560655637989956,410,3
2021-02-02_2021-02-02T09:08:56-05:00,2021-02-02,0.42909787151040385,0.6582071780932246,0.07395057107101416,0.06507627306115905,301,3
2021-02-02_2021-02-02T09:09:17-05:00,2021-02-02,0.4316825726072093,0.6130647628269259,0.06508524474906283,0.08058951346042169,311,3
2021-02-02_2021-02-02T09:09:39-05:00,2021-02-02,0.4239792001575385,0.6196759947848761,0.07601064189130875,0.0745731359791989,325,3
2021-02-02_2021-02-02T09:10:01-05:00,2021-02-02,0.4348174996760007,0.5939457998785592,0.0785978353758294,0.09052039520298602,313,3
2021-02-02_2021-02-02T09:10:20-05:00,2021-02-02,0.4458186712301834,0.6013881430889991,0.07773395484255528,0.08231563933653062,321,3
2021-02-02_2021-02-02T09:10:41-05:00,2021-02-02,0.42369088317799847,0.6613792512175325,0.07537072674719536,0.06573660233366611,308,3
2021-02-02_2021-02-02T09:11:01-05:00,2021-02-02,0.5019958052811438,0.6148023929699763,0.1067355878257027,0.07426988369008197,371,3
2021-02-02_2021-02-02T09:14:47-05:00,2021-02-02,0.7606849280000001,0.5,0.09902728167165131,0.5,2,0
2021-02-02_2021-02-02T09:14:52-05:00,2021-02-02,0.726718976,0.0,,,1,5
2021-02-02_2021-02-02T09:28:37-05:00,2021-02-02,0.3606550226488889,0.5243471074380178,0.12848063889954922,0.20490070987864994,10,0
2021-02-03_2021-02-03T09:04:14-05:00,2021-02-03,0.19868636660869565,0.3507682249100987,0.05242922743954446,0.03638423825619492,23,2
2021-02-03_2021-02-03T09:04:21-05:00,2021-02-03,0.5443699896470588,0.5975232198142413,0.10388411935875744,0.1306540621788881,17,3
2021-02-03_2021-02-03T09:04:31-05:00,2021-02-03,0.468722422468945,0.4710271062648636,0.0692656550598459,0.03350473046492088,1507,1
2021-02-03_2021-02-03T09:12:58-05:00,2021-02-03,0.792561408,0.0,,,1,5
2021-02-03_2021-02-03T09:13:02-05:00,2021-02-03,0.5084885528516935,0.5722100609756099,0.10942801156735098,0.07290880757813084,328,3
2021-02-03_2021-02-03T09:16:36-05:00,2021-02-03,0.287787712,0.25,0.029545499586565466,0.25000000000000006,4,3
2021-02-03_2021-02-03T09:17:47-05:00,2021-02-03,0.330134016,0.0,,,1,2
2021-02-03_2021-02-03T09:18:41-05:00,2021-02-03,0.5511945924982586,0.44595047514719965,0.061623965785821216,0.0831963815000203,1090,1
2021-02-05_2021-02-05T08:05:19-05:00,2021-02-05,0.176024064,0.0,,,1,2
2021-02-05_2021-02-05T08:05:24-05:00,2021-02-05,0.4988259925333333,0.12759360730593566,0.08477727032686035,0.02892467689330801,30,3
2021-02-05_2021-02-05T08:05:27-05:00,2021-02-05,0.4891048448,0.8333333333333323,0.08163180239376071,0.07185185185185176,22,3
2021-02-05_2021-02-05T08:07:23-05:00,2021-02-05,0.5565183536707544,0.7655410691003887,0.0683563348670494,0.07179302432700772,78,3
2021-02-05_2021-02-05T08:08:42-05:00,2021-02-05,0.53766976,0.5,0.3259843276709888,0.5,2,0
2021-02-05_2021-02-05T08:08:59-05:00,2021-02-05,0.3341307164444445,0.3333333333333333,0.1577327861799055,0.33333333333333337,3,0
2021-02-05_2021-02-05T08:09:24-05:00,2021-02-05,0.40009322666666663,0.4995244888255053,0.05241303451234445,0.2994299292567114,6,3
2021-02-05_2021-02-05T08:09:41-05:00,2021-02-05,0.42047708289075636,0.7085714285714297,0.07852740926217779,0.19184761904762004,7,0
2021-02-05_2021-02-05T08:10:02-05:00,2021-02-05,0.04728384,0.0,0.0032313905263738883,0.0,2,2
2021-02-05_2021-02-05T08:10:22-05:00,2021-02-05,0.75064832,0.0,,,1,5
2021-02-05_2021-02-05T08:10:27-05:00,2021-02-05,0.907434496,0.0,,,1,5
2021-02-05_2021-02-05T08:10:43-05:00,2021-02-05,0.49679895218855213,0.5753246753246729,0.09137238417124068,0.12949562065841344,44,3
2021-02-05_2021-02-05T08:12:26-05:00,2021-02-05,0.5333735296,0.75,0.20353321348997824,0.25,4,0
2021-02-05_2021-02-05T08:12:42-05:00,2021-02-05,0.16108416,0.0,,,1,2
2021-02-08_2021-02-08T09:29:37-05:00,2021-02-08,0.567186176,0.0,,,1,5
2021-02-24_2021-02-24T08:27:22-05:00,2021-02-24,0.041030144,0.0,,,1,2
2021-02-25_2021-02-25T08:23:51-05:00,2021-02-25,0.5190692977777778,0.6937687480869299,0.09705889707755153,0.16164921836218682,27,3
2021-02-25_2021-02-25T08:23:53-05:00,2021-02-25,0.5228998718012423,0.7178273842917251,0.08791972792745315,0.1302689968108118,184,3
2021-02-25_2021-02-25T08:59:37-05:00,2021-02-25,0.6180119926153846,0.6914654688377316,0.05614306889883944,0.10082763207883275,26,3
2021-02-25_2021-02-25T08:59:45-05:00,2021-02-25,0.6461156937142858,0.5428022693452382,0.05404858604296323,0.14737294109777313,28,3
2021-02-25_2021-02-25T08:59:50-05:00,2021-02-25,0.6924996693333334,0.31693857965451183,0.06233362673435006,0.12936058408400997,24,3
2021-02-25_2021-02-25T08:59:55-05:00,2021-02-25,0.5144742,0.6087053571428569,0.07832375528112491,0.09743859607014871,32,3
2021-02-25_2021-02-25T08:59:59-05:00,2021-02-25,0.4912634951111111,0.5305502645502641,0.08100596274223791,0.0928109388330999,36,3
2021-02-25_2021-02-25T09:00:03-05:00,2021-02-25,0.5413217421298702,0.378736031410449,0.07802120359518983,0.0807301349276258,154,3
2021-02-25_2021-02-25T09:00:08-05:00,2021-02-25,0.4586562640842105,0.2630790018524591,0.08983803429147816,0.07224957603643598,95,3
2021-02-25_2021-02-25T09:00:12-05:00,2021-02-25,0.569350974511628,0.27158914728682093,0.06442059798647536,0.09142790111013578,86,3
2021-02-25_2021-02-25T09:00:17-05:00,2021-02-25,0.45985150603636366,0.3167824242424241,0.06728717456305085,0.11056351430146533,110,3
2021-02-25_2021-02-25T09:00:22-05:00,2021-02-25,0.5155463873207546,0.24535938903863405,0.08235490577499038,0.10994686572215033,106,3
2021-02-25_2021-02-25T09:12:41-05:00,2021-02-25,0.5385229166666666,0.598258624878525,0.08817023108127388,0.035545530432931495,192,3
2021-02-25_2021-02-25T09:12:49-05:00,2021-02-25,0.5236889173153076,0.5608784194127591,0.08551623016674655,0.05269284201085596,789,1
2021-02-25_2021-02-25T09:13:21-05:00,2021-02-25,0.46036610751401874,0.48413522556824445,0.08901417491922789,0.14533500713876396,107,3
2021-02-25_2021-02-25T09:13:27-05:00,2021-02-25,0.5087219435188024,0.5135690416228483,0.0793912096836705,0.04310864349855503,5000,4
2021-02-25_2021-02-25T09:15:19-05:00,2021-02-25,0.5199704097391304,0.38765946368133486,0.07722957035670536,0.1181850825815162,46,3
2021-02-25_2021-02-25T09:15:24-05:00,2021-02-25,0.4819269645568327,0.6618930330752978,0.0777371099053618,0.06714207256282792,348,3
2021-02-25_2021-02-25T09:15:35-05:00,2021-02-25,0.5123163556679062,0.5009497294252454,0.0773650535799671,0.03166060730918194,5000,4
2021-02-25_2021-02-25T09:18:41-05:00,2021-02-25,0.4988453080675883,0.4653549139033028,0.07516770042378795,0.09538432216856496,186,3
2021-02-25_2021-02-25T09:19:39-05:00,2021-02-25,0.5652883759912071,0.5590469378782134,0.07607303538878121,0.10053817167008713,5000,4
2021-02-25_2021-02-25T09:29:18-05:00,2021-02-25,0.5282095231504239,0.8111940020572488,0.08288969296313829,0.03526946028162167,932,1
2021-02-26_2021-02-26T08:00:02-05:00,2021-02-26,0.6800393585788247,0.5969656044171281,0.05641021773676465,0.05842242912204884,2717,1
2021-02-26_2021-02-26T09:00:50-05:00,2021-02-26,0.5124959867406906,0.7999125855713507,0.09572522586491124,0.04204878503250129,211,3
2021-02-26_2021-02-26T09:01:08-05:00,2021-02-26,0.5850874356363636,0.7198616600790517,0.09010862482778745,0.07708206498981007,44,3
2021-02-26_2021-02-26T09:01:13-05:00,2021-02-26,0.39668948329411763,0.5857427716849432,0.08653382979206975,0.17825231931324778,17,3
2021-03-01_2021-03-01T08:00:02-05:00,2021-03-01,0.05677244071994049,0.3892453637408292,0.031160812176396286,0.05002738754653168,1257,2
2021-03-01_2021-03-01T08:07:20-05:00,2021-03-01,0.070487424,0.0,,,1,2
2021-03-01_2021-03-01T08:08:01-05:00,2021-03-01,0.5441307918367346,0.300911854103347,0.13908289949751365,0.1305913039729242,7,3
2021-03-01_2021-03-01T08:09:36-05:00,2021-03-01,0.32570882041904764,0.6544117647058763,0.06919036560603278,0.22880622837370995,8,0
2021-03-01_2021-03-01T08:11:41-05:00,2021-03-01,0.156700416,0.0,,,1,2
2021-03-01_2021-03-01T08:12:34-05:00,2021-03-01,0.21807473777777778,0.0,0.08859572223350465,0.0,2,2
2021-03-01_2021-03-01T08:13:08-05:00,2021-03-01,0.139623424,0.0,,,1,2
2021-03-01_2021-03-01T08:13:54-05:00,2021-03-01,0.465532216998895,0.7000499999999945,0.1141434533452655,0.07772243706896764,30,3
2021-03-01_2021-03-01T08:17:05-05:00,2021-03-01,0.0808577536,0.0,,,1,2
2021-03-01_2021-03-01T08:18:01-05:00,2021-03-01,0.808892672,0.0,,,1,5
2021-03-01_2021-03-01T08:19:28-05:00,2021-03-01,0.13268074057142856,0.0,,,1,2
2021-03-01_2021-03-01T08:22:35-05:00,2021-03-01,0.755547648,0.0,,,1,5
2021-03-02_2021-03-02T08:02:37-05:00,2021-03-02,0.413871616,0.0,,,1,2
2021-03-02_2021-03-02T08:08:55-05:00,2021-03-02,0.451318784,0.0,,,1,2
2021-03-03_2021-03-03T09:21:31-05:00,2021-03-03,0.3869909201511742,0.48757520633000556,0.06155472347504306,0.040081485087646064,1823,1
2021-03-05_2021-03-05T08:00:01-05:00,2021-03-05,0.03719940934325489,0.478973247460984,0.0213445722560157,0.07204512543959765,367,2
2021-03-05_2021-03-05T08:05:07-05:00,2021-03-05,0.1282252302222222,0.5,0.014946978156060673,0.5,2,0
2021-03-05_2021-03-05T08:05:52-05:00,2021-03-05,0.483031808,0.5,1.06911970099194e-06,0.5,2,0
2021-03-05_2021-03-05T08:08:21-05:00,2021-03-05,0.3782861319111111,0.8541666666666864,0.07124800180555578,0.11987433862434269,8,3
2021-03-05_2021-03-05T08:11:01-05:00,2021-03-05,0.45132954880000004,0.75,0.09309832824242605,0.25,4,0
2021-03-09_2021-03-09T09:04:17-05:00,2021-03-09,0.45710208864301544,0.7545644494349965,0.08066537502115198,0.031126677249074617,2078,1
2021-03-09_2021-03-09T09:07:49-05:00,2021-03-09,0.5200804408888888,0.6416633663366277,0.07358724299690367,0.07504808554455594,101,3
2021-03-09_2021-03-09T09:08:00-05:00,2021-03-09,0.48583022445714286,0.6628756830601065,0.07114927332831007,0.0679344623162354,120,3
2021-03-09_2021-03-09T09:08:16-05:00,2021-03-09,0.4997630111695238,0.45308517773306667,0.0860266679623667,0.056694197351594956,210,3
2021-03-09_2021-03-09T09:08:38-05:00,2021-03-09,0.4986288142650603,0.5258175559380603,0.11067619118739871,0.10933030279405206,83,3
2021-03-09_2021-03-09T09:08:48-05:00,2021-03-09,0.5195122479755352,0.6234600262123358,0.08274282899716995,0.10118111464769165,109,3
2021-03-09_2021-03-09T09:09:02-05:00,2021-03-09,0.4169352045714286,0.14285714285714285,0.06474806394378493,0.14285714285714288,7,3
2021-03-09_2021-03-09T09:09:04-05:00,2021-03-09,0.453643264,0.47500000000002257,0.07103559836469382,0.15902777777777366,10,3
2021-03-09_2021-03-09T09:09:06-05:00,2021-03-09,0.5423390097777777,0.544526143790869,0.08642404433896794,0.09984535480858574,36,3
2021-03-09_2021-03-09T09:09:12-05:00,2021-03-09,0.6184205653333333,0.4444444444444676,0.06651903445803103,0.11437908496732298,18,3
2021-03-09_2021-03-09T09:09:18-05:00,2021-03-09,0.539443565037037,0.5436507936508158,0.08670217471239185,0.09893380429094968,27,3
2021-03-09_2021-03-09T09:09:24-05:00,2021-03-09,0.4819165964903137,0.5289584491936227,0.08477589862152,0.05619487205333348,307,3
2021-03-10_2021-03-10T08:00:00-05:00,2021-03-10,0.28497259845913897,0.4318965566640356,0.11389238577430624,0.05595507699258511,2957,4
2021-03-10_2021-03-10T08:56:42-05:00,2021-03-10,0.320962048,0.5,0.07378758425758926,0.5,2,0
2021-03-10_2021-03-10T08:56:44-05:00,2021-03-10,0.6074269866666667,0.5162241887905625,0.11248801728176677,0.25078967290573545,3,0
2021-03-10_2021-03-10T08:56:47-05:00,2021-03-10,0.48746033753043483,0.4902728954671684,0.08186544805089771,0.0608021501153195,23,3
2021-03-10_2021-03-10T08:57:22-05:00,2021-03-10,0.5536014336,0.6606425702811071,0.09913707780638872,0.14709924033482993,6,3
2021-03-10_2021-03-10T08:57:35-05:00,2021-03-10,0.5556476708571428,0.591133004926091,0.1292262154827359,0.19041956854085965,7,0
2021-03-10_2021-03-10T08:57:50-05:00,2021-03-10,0.022634496,0.0,,,1,2
2021-03-10_2021-03-10T08:57:52-05:00,2021-03-10,0.24062250666666665,0.5905349794238676,0.09709539072740694,0.2745897474978404,3,0
2021-03-10_2021-03-10T08:58:00-05:00,2021-03-10,0.30817178115436245,0.7938412949072239,0.04353501953178005,0.11580395378775322,149,3
2021-03-10_2021-03-10T08:58:59-05:00,2021-03-10,0.358792192,0.5,0.08799593768799438,0.5,2,0
2021-03-10_2021-03-10T08:59:02-05:00,2021-03-10,0.54864512,0.5,1.2562477875197703e-07,0.5,2,0
2021-03-10_2021-03-10T08:59:10-05:00,2021-03-10,0.735915384731772,0.41619044324523435,0.08195011459437661,0.01995763602181053,146,3
2021-03-10_2021-03-10T09:00:15-05:00,2021-03-10,0.5554824798677687,0.5841297846889891,0.07091037039085023,0.10604053647304576,88,3
2021-03-10_2021-03-10T09:18:46-05:00,2021-03-10,0.5124422198153846,0.6201741654571841,0.08494574268866577,0.06668375345729521,65,3
2021-03-10_2021-03-10T09:18:56-05:00,2021-03-10,0.383673248,0.7622053872053831,0.09922273128243084,0.08289719199957953,12,3
2021-03-10_2021-03-10T09:19:05-05:00,2021-03-10,0.533564288,0.4312617702448187,0.07634489880456068,0.21644695543000658,6,3
2021-03-10_2021-03-10T09:19:35-05:00,2021-03-10,0.526674944,0.18874999999999886,0.05166363818721279,0.13786964285714334,8,3
2021-03-10_2021-03-10T09:19:38-05:00,2021-03-10,0.4993112443636364,0.7297321428571509,0.07947308041605702,0.0626690120144962,64,3
2021-03-10_2021-03-10T09:19:51-05:00,2021-03-10,0.5980536604444445,0.5090702947845462,0.12790735199480124,0.14599241056968487,9,3
2021-03-10_2021-03-10T09:20:08-05:00,2021-03-10,0.37541013942857143,0.4733475479744082,0.14462616917334267,0.0836648314928557,7,3
2021-03-10_2021-03-10T09:20:25-05:00,2021-03-10,0.6026484053333333,0.3333333333333333,0.05201254501255302,0.33333333333333337,3,3
2021-03-11_2021-03-11T08:00:01-05:00,2021-03-11,0.5657072740494667,0.2998168176538911,0.18418260944938775,0.012279403134675607,3075,4
2021-03-11_2021-03-11T09:03:46-05:00,2021-03-11,0.4562662488165918,0.4361022364217276,0.08564098049838051,0.07105068798335418,313,3
2021-03-11_2021-03-11T09:04:56-05:00,2021-03-11,0.393919392,0.2577160493827178,0.039822565190868985,0.14024157902759463,8,3
2021-03-11_2021-03-11T09:05:03-05:00,2021-03-11,0.5496531261866667,0.6859756097561172,0.090844488196119,0.07673815314874625,80,3
2021-03-11_2021-03-11T09:05:21-05:00,2021-03-11,0.5153759787841653,0.44247722597708283,0.08232770777508348,0.07495600623557674,332,3
2021-03-11_2021-03-11T09:23:52-05:00,2021-03-11,0.4278821210574264,0.5885355820105815,0.08335394872897847,0.02439646930924768,945,1
2021-03-11_2021-03-11T09:26:42-05:00,2021-03-11,0.6567675602051282,0.617272298253889,0.07291501438792601,0.06940757061198168,13,3
2021-03-12_2021-03-12T08:00:03-05:00,2021-03-12,0.4960680196302521,0.5052733652207615,0.07350869277165319,0.06473994150493838,476,3
2021-03-15_2021-03-15T08:00:00-04:00,2021-03-15,0.156567060022577,0.4816846465063665,0.0055690072163476385,0.04073422089506294,689,2
2021-03-15_2021-03-15T08:00:36-04:00,2021-03-15,0.425652992,0.3412500000000027,0.05213071172783308,0.3256046874999974,3,3
2021-03-15_2021-03-15T08:00:40-04:00,2021-03-15,0.5185986431999999,0.5,0.4533318041747879,0.5,2,0
2021-03-15_2021-03-15T08:01:14-04:00,2021-03-15,0.121709568,0.0,,,1,2
2021-03-15_2021-03-15T08:01:19-04:00,2021-03-15,0.813465088,0.0,,,1,5
2021-03-15_2021-03-15T08:01:22-04:00,2021-03-15,0.24929152,0.5,0.028447314888753152,0.5,2,0
2021-03-15_2021-03-15T08:01:33-04:00,2021-03-15,0.090874624,0.0,,,1,2
2021-03-15_2021-03-15T08:01:39-04:00,2021-03-15,0.415748096,0.0,,,1,2
2021-03-15_2021-03-15T08:01:48-04:00,2021-03-15,0.58338688,0.0,,,1,5
2021-03-15_2021-03-15T08:01:59-04:00,2021-03-15,0.932463616,0.0,,,1,5
2021-03-15_2021-03-15T09:07:35-04:00,2021-03-15,0.5492695849004329,0.5975454545454412,0.06508977071478794,0.09300819220525856,33,3
2021-03-15_2021-03-15T09:07:44-04:00,2021-03-15,0.4599744,0.75,0.02226107599473867,0.25000000000000006,4,3
2021-03-15_2021-03-15T09:07:46-04:00,2021-03-15,0.5132078933333334,0.4606918238993691,0.14031822471119942,0.10393081761006288,6,3
2021-03-15_2021-03-15T09:07:49-04:00,2021-03-15,0.3855683982222222,0.6868412698412496,0.07019964914521064,0.11603694104308618,9,3
2021-03-15_2021-03-15T09:07:51-04:00,2021-03-15,0.5032488684081001,0.7394465447625052,0.07808582326714661,0.04015727630844758,997,1
2021-03-15_2021-03-15T09:10:26-04:00,2021-03-15,0.43296324948309706,0.6224544321545439,0.0629240020972079,0.08938145200925594,131,3
2021-03-15_2021-03-15T09:10:56-04:00,2021-03-15,0.5143369615920399,0.6014074973967394,0.1032031135136268,0.10969621668319077,67,3
2021-03-15_2021-03-15T09:11:10-04:00,2021-03-15,0.5518263807999999,0.4333333333333728,0.1757995045177066,0.17391493055554774,5,0
2021-03-15_2021-03-15T09:11:13-04:00,2021-03-15,0.452180448,0.376041666666642,0.1363285341694935,0.12246899801587297,8,3
2021-03-15_2021-03-15T09:11:16-04:00,2021-03-15,0.42735629417931037,0.458045977011485,0.10764597485189939,0.1312821565407789,29,3
2021-03-15_2021-03-15T09:11:23-04:00,2021-03-15,0.45853952,0.4897959183673564,0.022895379063336368,0.14297614089367502,8,3
2021-03-15_2021-03-15T09:11:28-04:00,2021-03-15,0.46116608000000003,0.5801324503311287,0.17787906816986324,0.16316389632033917,5,0
2021-03-15_2021-03-15T09:13:33-04:00,2021-03-15,0.6774003200000001,0.5,0.14810172363898885,0.5,2,0
2021-03-15_2021-03-15T09:13:35-04:00,2021-03-15,0.568142976,0.4633928571428594,0.11038621344120363,0.08214923469387622,8,3
2021-03-15_2021-03-15T09:13:37-04:00,2021-03-15,0.523045575111111,0.5437142857142895,0.06875307930676067,0.14022344897958985,9,3
2021-03-15_2021-03-15T09:13:40-04:00,2021-03-15,0.6027627620392156,0.4678733031674129,0.06473236625108436,0.08688043856595948,17,3
2021-03-15_2021-03-15T09:13:45-04:00,2021-03-15,0.42086340266666666,0.5377777777777687,0.03279117061130378,0.25428148148147944,3,3
2021-03-15_2021-03-15T09:13:52-04:00,2021-03-15,0.34625270044444445,0.5376811594202975,0.06355470728264831,0.1668481411468213,6,3
2021-03-15_2021-03-15T09:14:01-04:00,2021-03-15,0.4492653348571429,0.3142857142857179,0.08102521048967226,0.14142857142857046,7,3
2021-03-15_2021-03-15T09:14:03-04:00,2021-03-15,0.6811986839999999,0.5141423357664286,0.0937268778500626,0.09377497469231062,16,3
2021-03-15_2021-03-15T09:14:09-04:00,2021-03-15,0.5186981973333333,0.4814102564102662,0.05687952054077141,0.10356459566074891,6,3
2021-03-15_2021-03-15T09:14:11-04:00,2021-03-15,0.68089696,0.5922087378640851,0.14936477944217055,0.2443573090457846,4,0
2021-03-15_2021-03-15T09:14:13-04:00,2021-03-15,0.337826368,0.6250000000000054,0.04215085227772588,0.22916666666666488,4,3
2021-03-15_2021-03-15T09:14:17-04:00,2021-03-15,0.44182848,0.666666666666674,0.13449934745679007,0.16666666666666377,6,0
2021-03-15_2021-03-15T09:14:23-04:00,2021-03-15,0.545458688,0.0,,,1,5
2021-03-15_2021-03-15T09:14:26-04:00,2021-03-15,0.4884729173333333,0.5100000000000099,0.03616330401179674,0.17960000000001392,6,3
2021-03-15_2021-03-15T09:14:28-04:00,2021-03-15,0.4445271552,0.543373493975913,0.08428580058897286,0.20518943242850646,5,3
2021-03-15_2021-03-15T09:14:33-04:00,2021-03-15,0.730416832,0.75,0.07007225942338767,0.25000000000000006,4,0
2021-03-15_2021-03-15T09:14:37-04:00,2021-03-15,0.49992302933333327,0.4538152610441836,0.17834591307106437,0.2563990903372507,3,0
2021-03-15_2021-03-15T09:14:39-04:00,2021-03-15,0.42240329142857147,0.39010989010989877,0.052138336800264,0.18892927585235061,7,3
2021-03-15_2021-03-15T09:14:42-04:00,2021-03-15,0.219816704,0.3734939759036244,0.07120261060958619,0.2980113223980183,3,3
2021-03-15_2021-03-15T09:14:47-04:00,2021-03-15,0.325368128,0.25,0.04418544503957641,0.25,4,3
2021-03-15_2021-03-15T09:14:49-04:00,2021-03-15,0.3920758224794326,0.5554985901051036,0.07618840173094697,0.09975092013450912,47,3
2021-03-15_2021-03-15T09:15:06-04:00,2021-03-15,0.52569152,0.658730158730196,0.10807605438667163,0.16999244142099657,6,0
2021-03-15_2021-03-15T09:15:08-04:00,2021-03-15,0.471139264,0.6068840579710206,0.07838362178806851,0.22118515017854445,4,3
2021-03-15_2021-03-15T09:15:11-04:00,2021-03-15,0.5749545978181818,0.5078206724781872,0.06873573376469233,0.10265153814098131,22,3
2021-03-15_2021-03-15T09:15:18-04:00,2021-03-15,0.300102848,0.74888888888901,0.030291404637924003,0.24926090534987458,4,0
2021-03-15_2021-03-15T09:15:21-04:00,2021-03-15,0.5704646643809524,0.5911111111110902,0.06920838300742974,0.1293035137702052,14,3
2021-03-15_2021-03-15T09:15:26-04:00,2021-03-15,0.5873944879020409,0.5393274725274514,0.06857198542129843,0.06249119956243486,35,3
2021-03-15_2021-03-15T09:15:35-04:00,2021-03-15,0.286968144,0.2769230769230534,0.06717181367186666,0.20138630600169974,8,3
2021-03-15_2021-03-15T09:15:40-04:00,2021-03-15,0.4308505755151515,0.6269999999999728,0.090372660270156,0.10745839999999962,11,3
2021-03-15_2021-03-15T09:15:45-04:00,2021-03-15,0.4665875911111111,0.7775277777777774,0.07355704084038908,0.1318196319444442,9,3
2021-03-15_2021-03-15T09:15:47-04:00,2021-03-15,0.7790592000000001,0.5,0.012769707543756816,0.5,2,0
2021-03-15_2021-03-15T09:15:52-04:00,2021-03-15,0.348326016,0.7494999999999834,0.12057132582587597,0.24966766666665566,4,0
2021-03-15_2021-03-15T09:15:54-04:00,2021-03-15,0.2788220928,0.6,0.04112095151313387,0.30000000000000004,5,0
2021-03-15_2021-03-15T09:15:57-04:00,2021-03-15,0.49928377599999996,0.75,0.0407851090767326,0.25000000000000006,4,0
2021-03-15_2021-03-15T09:19:14-04:00,2021-03-15,0.657019776,0.25,0.02722093096105846,0.25000000000000006,4,3
2021-03-15_2021-03-15T09:19:22-04:00,2021-03-15,0.5399632,0.2808988764044987,0.12623410686492126,0.23321971131590946,4,3
2021-03-15_2021-03-15T09:19:24-04:00,2021-03-15,0.080098816,0.0,,,1,2
2021-03-15_2021-03-15T09:19:30-04:00,2021-03-15,0.423416704,0.5,0.0001620483876126713,0.5,2,0
2021-03-15_2021-03-15T09:19:32-04:00,2021-03-15,0.16021152,0.5,0.009254320183451651,0.5,2,0
2021-03-15_2021-03-15T09:19:36-04:00,2021-03-15,0.46696297712941176,0.5225490196078558,0.11248124268659475,0.0725652761104412,17,3
2021-03-15_2021-03-15T09:19:44-04:00,2021-03-15,0.5494866764625851,0.4801453732177582,0.08438132614123724,0.0757777625311547,98,3
2021-03-15_2021-03-15T09:20:11-04:00,2021-03-15,0.5123285378723405,0.5567591736046994,0.06426380179378482,0.0869068440367225,47,3
2021-03-15_2021-03-15T09:20:29-04:00,2021-03-15,0.5481276708571429,0.6741202346041125,0.1200063667506483,0.09465375285484207,22,3
2021-03-15_2021-03-15T09:20:38-04:00,2021-03-15,0.5388814284691474,0.592519143472858,0.09249782195372659,0.054655326459227244,193,3
2021-03-15_2021-03-15T09:21:24-04:00,2021-03-15,0.5618482269090909,0.44545454545455326,0.0823353361147366,0.2622272727272813,11,3
2021-03-15_2021-03-15T09:21:28-04:00,2021-03-15,0.4854801152,0.5898000000000019,0.04436622926816544,0.29029520000000086,5,0
2021-03-15_2021-03-15T09:21:32-04:00,2021-03-15,0.5285592979393939,0.6942651515151542,0.09751762428173649,0.08964664820076038,33,3
2021-03-15_2021-03-15T09:21:47-04:00,2021-03-15,0.49598021389473684,0.6451111111111119,0.07227867372781538,0.09529239506172965,19,3
2021-03-15_2021-03-15T09:21:55-04:00,2021-03-15,0.5754008061976285,0.698113526570053,0.07433155281713172,0.035867623195207914,115,3
2021-03-15_2021-03-15T09:22:30-04:00,2021-03-15,0.5279575489978574,0.7105295378022657,0.08897934005478458,0.03029330459720251,198,3
2021-03-15_2021-03-15T09:23:40-04:00,2021-03-15,0.5520091337142857,0.5489795918367605,0.06942812050621076,0.086772819017717,14,3
2021-03-15_2021-03-15T09:25:41-04:00,2021-03-15,0.48869945600000003,0.5,0.08122498100115867,0.2942708333333722,4,0
2021-03-15_2021-03-15T09:25:44-04:00,2021-03-15,0.5091441003491154,0.7804311258278139,0.07836017407075208,0.03381828604231422,453,1
2021-03-15_2021-03-15T09:28:00-04:00,2021-03-15,0.4882429761488372,0.5646758280479245,0.06881703661680287,0.03768827515566059,43,3
2021-03-15_2021-03-15T09:28:17-04:00,2021-03-15,0.5499452928,0.2658260869565103,0.10378236817107842,0.17934306238186135,5,3
2021-03-15_2021-03-15T09:28:23-04:00,2021-03-15,0.5267035520000001,0.0,0.07989440926489808,0.0,2,5
2021-03-15_2021-03-15T09:28:29-04:00,2021-03-15,0.6760488106666666,0.4358974358974337,0.07782880282413192,0.26232741617357086,3,3
2021-03-15_2021-03-15T09:28:32-04:00,2021-03-15,0.5430402559999999,0.6571428571428656,0.021422938662436854,0.3240816326530692,3,0
2021-03-15_2021-03-15T09:33:39-04:00,2021-03-15,0.47233563356992025,0.5606247964040221,0.08245067021960317,0.0464145022293953,4980,4
2021-03-15_2021-03-15T09:36:12-04:00,2021-03-15,0.491966799343445,0.6825430452674899,0.08475107190865931,0.02869759708137302,729,1
2021-03-15_2021-03-15T09:36:51-04:00,2021-03-15,0.5264627991069004,0.6162013489924095,0.08870057558346911,0.03151551680302386,2411,1
2021-03-15_2021-03-15T09:38:51-04:00,2021-03-15,0.4824011488623139,0.5663324879226613,0.0949487771860204,0.04922046838562905,291,3
2021-03-15_2021-03-15T09:40:10-04:00,2021-03-15,0.552425185882353,0.5500565850545636,0.0806030797684726,0.0984246603623476,17,3
2021-03-15_2021-03-15T09:41:08-04:00,2021-03-15,0.44958775304646287,0.5288298229006443,0.08063426291150044,0.037306500236765364,626,1
2021-03-15_2021-03-15T09:42:11-04:00,2021-03-15,0.4443714512842106,0.6161322368421068,0.08076241178275013,0.0637947092469311,76,3
2021-03-15_2021-03-15T09:59:45-04:00,2021-03-15,0.4725321806769231,0.6355689564437869,0.08928205413590522,0.052160112451613186,286,3
2021-03-16_2021-03-16T08:00:02-04:00,2021-03-16,0.200392774230204,0.37733830673095936,0.09430452170556104,0.044017204838218374,2624,1
2021-03-16_2021-03-16T08:30:33-04:00,2021-03-16,0.521050496,0.0,0.28371325796748487,0.0,2,3
2021-03-16_2021-03-16T08:30:38-04:00,2021-03-16,0.4328465066666667,0.3333333333333333,0.1995574626555221,0.33333333333333337,3,0
2021-03-16_2021-03-16T08:31:02-04:00,2021-03-16,0.46650643199999997,0.25499999999999545,0.05658329745183536,0.24670000000000294,4,3
2021-03-16_2021-03-16T08:38:53-04:00,2021-03-16,0.7772619519999999,0.5,0.08932954287010611,0.5,2,0
2021-03-16_2021-03-16T08:38:55-04:00,2021-03-16,0.4895444764444445,0.692286324786325,0.1161223442639259,0.15961604481700536,6,0
2021-03-16_2021-03-16T08:39:00-04:00,2021-03-16,0.44030413883597885,0.7553198653198601,0.07307991857696547,0.042307221952141046,18,3
2021-03-16_2021-03-16T08:39:24-04:00,2021-03-16,0.87446144,0.0,,,1,5
2021-03-16_2021-03-16T08:41:39-04:00,2021-03-16,0.7116278362465958,0.16809975230263471,0.042864749181414204,0.004726077529691821,5000,4
2021-03-16_2021-03-16T09:11:30-04:00,2021-03-16,0.45331201770212765,0.5018038607862514,0.07420920603889626,0.0991513353300858,235,3
2021-03-16_2021-03-16T09:12:12-04:00,2021-03-16,0.429490112,0.25,0.11317466496020755,0.25000000000000006,4,3
2021-03-16_2021-03-16T09:12:14-04:00,2021-03-16,0.48395308031999995,0.5547297297297296,0.1025879824432883,0.25549719349505995,20,0
2021-03-16_2021-03-16T09:12:21-04:00,2021-03-16,0.489591150230723,0.4837354698533413,0.08250806794336644,0.048087204986417074,1841,1
2021-03-16_2021-03-16T09:18:55-04:00,2021-03-16,0.5867437960533334,0.4287037037037066,0.08107896409574412,0.16673628849155928,30,3
2021-03-16_2021-03-16T09:19:02-04:00,2021-03-16,0.6157021013333334,0.47175141242938695,0.09111570410419431,0.27088959111367195,6,0
2021-03-16_2021-03-16T09:19:08-04:00,2021-03-16,0.5991786821818181,0.5141065830721012,0.11282440451276587,0.1307264079558963,11,3
2021-03-16_2021-03-16T09:19:12-04:00,2021-03-16,0.4174583893333333,0.5416666666666666,0.12217510129786234,0.11174242424242425,12,3
2021-03-16_2021-03-16T09:19:16-04:00,2021-03-16,0.5834431767272727,0.3181818181818254,0.057719964777165025,0.11363636363636649,11,3
2021-03-16_2021-03-16T09:19:18-04:00,2021-03-16,0.5281038968888888,0.6126543209876617,0.08356411403427702,0.13298041232953792,18,3
2021-03-16_2021-03-16T09:19:24-04:00,2021-03-16,0.6588580693333334,0.5,0.007839008774837597,0.25,3,3
2021-03-16_2021-03-16T09:19:28-04:00,2021-03-16,0.7335857493333333,0.3333333333333333,0.02593947899824265,0.33333333333333337,3,3
2021-03-16_2021-03-16T09:19:32-04:00,2021-03-16,0.598234048,0.25,0.08832663245931045,0.25000000000000006,4,3
2021-03-16_2021-03-16T09:19:34-04:00,2021-03-16,0.453635456,0.5,0.0065559860682752,0.5,2,0
2021-03-16_2021-03-16T09:19:36-04:00,2021-03-16,0.7282539683831211,0.5272067678998247,0.0390800011635995,0.061196462874699334,5000,4
2021-03-16_2021-03-16T09:38:21-04:00,2021-03-16,0.45886144579132043,0.5433351800554017,0.07253998541672485,0.06069600410350826,361,3
2021-03-16_2021-03-16T09:38:30-04:00,2021-03-16,0.5067805547506562,0.4340376426160973,0.07403654408817617,0.07277215714813688,254,3
2021-03-16_2021-03-16T09:39:00-04:00,2021-03-16,0.4978217744144144,0.0684443184443183,0.08581645033283938,0.00948018905087564,111,3
2021-03-16_2021-03-16T09:40:35-04:00,2021-03-16,0.5075882315294118,0.056809998853342036,0.0880307118012402,0.01883010203821164,51,3
2021-03-16_2021-03-16T09:41:15-04:00,2021-03-16,0.49385468280912054,0.7301491513800713,0.07074576248367331,0.05635974403461306,307,3
2021-03-16_2021-03-16T09:48:39-04:00,2021-03-16,0.420783907002112,0.48323695126308813,0.07246004604910558,0.062162000665255734,5000,4
2021-03-16_2021-03-16T09:50:57-04:00,2021-03-16,0.4903172981621622,0.3028108108108017,0.08581717099172456,0.07194455609515525,37,3
2021-03-16_2021-03-16T09:51:05-04:00,2021-03-16,0.44786823502259065,0.11911738257207623,0.07520891234173838,0.0032730333094666067,5000,4
2021-03-16_2021-03-16T09:54:20-04:00,2021-03-16,0.48239981462068965,0.40908045977011986,0.09148403498683547,0.09395945178336106,29,3
2021-03-16_2021-03-16T09:54:37-04:00,2021-03-16,0.5842227626666667,0.47692632850241,0.09975525524192291,0.09490321290467625,54,3
2021-03-16_2021-03-16T09:54:42-04:00,2021-03-16,0.49057929846153847,0.4171212121212132,0.07760281860954436,0.0512021485562689,26,3
2021-03-16_2021-03-16T09:58:44-04:00,2021-03-16,0.4428804244959064,0.47305352602898654,0.08415942532967559,0.03137924419533863,513,3
2021-03-16_2021-03-16T10:00:18-04:00,2021-03-16,0.605773123368421,0.6671685542971431,0.06458238521328598,0.06584835444912025,19,3
2021-03-16_2021-03-16T10:01:25-04:00,2021-03-16,0.45138642617886765,0.6125488221884503,0.07882703142749917,0.03804829083479657,3008,4
2021-03-17_2021-03-17T09:32:06-04:00,2021-03-17,0.47930711339664755,0.6323359706834281,0.08048975550170881,0.035156679074686115,1947,1
2021-03-17_2021-03-17T09:32:42-04:00,2021-03-17,0.48545391502222224,0.3937585122452514,0.09368893022597578,0.07008126735572578,90,3
2021-03-17_2021-03-17T09:36:16-04:00,2021-03-17,0.43902129374951826,0.5112381637839893,0.07641453351190658,0.054903169541192835,173,3
2021-03-17_2021-03-17T09:36:27-04:00,2021-03-17,0.48888505501538465,0.5469780219780219,0.08056343692155135,0.08438064472680613,130,3
2021-03-17_2021-03-17T09:41:15-04:00,2021-03-17,0.5025414471570376,0.5873907974089746,0.07812417110866955,0.03703158381545681,1628,1
2021-03-17_2021-03-17T09:41:54-04:00,2021-03-17,0.5141435237013304,0.6716048805700938,0.08464521014850797,0.049040748755801195,1016,1
2021-03-17_2021-03-17T09:42:58-04:00,2021-03-17,0.535667240033538,0.5458202337509858,0.08807274184315803,0.06520604009014526,1052,1
2021-03-17_2021-03-17T09:43:53-04:00,2021-03-17,0.522811968,0.5579270833333346,0.13224788911452032,0.0710430086120258,20,3
2021-03-17_2021-03-17T09:45:01-04:00,2021-03-17,0.4766953327334018,0.5786261572346498,0.07690342201796012,0.028613525633337942,5000,4
2021-03-17_2021-03-17T09:51:02-04:00,2021-03-17,0.45620178518639454,0.4935076962988611,0.08634174081514671,0.04228795007801933,980,1
2021-03-17_2021-03-17T09:52:05-04:00,2021-03-17,0.45752027313744076,0.6278633075579868,0.08275124625961615,0.053299724901176466,211,3
2021-03-17_2021-03-17T09:52:15-04:00,2021-03-17,0.4679514242922374,0.5469074873334576,0.09552439355402553,0.05918576651748306,73,3
2021-03-17_2021-03-17T09:52:22-04:00,2021-03-17,0.47265256990117643,0.4892968325791896,0.0762945573355687,0.060406172783805404,255,3
2021-03-17_2021-03-17T09:52:52-04:00,2021-03-17,0.49741793645370896,0.5688644621351319,0.08378201369412762,0.04541051223899178,426,3
2021-03-17_2021-03-17T09:53:24-04:00,2021-03-17,0.5284909713533664,0.6417965512070776,0.08140417584675373,0.04026563770281588,1350,1
2021-03-17_2021-03-17T09:54:44-04:00,2021-03-17,0.3607714922264151,0.5214728245564594,0.08953167196035125,0.07180970597989603,106,3
2021-03-17_2021-03-17T09:55:00-04:00,2021-03-17,0.3758520533333333,0.402155259438727,0.07289163516911638,0.07167238863455208,24,3
2021-03-17_2021-03-17T09:55:03-04:00,2021-03-17,0.570704128,0.29859984890455693,0.09553312960560059,0.053361444422086346,19,3
2021-03-17_2021-03-17T09:55:07-04:00,2021-03-17,0.4825580152578276,0.644168902766252,0.08614117718667111,0.04177195818845762,398,3
2021-03-17_2021-03-17T09:55:35-04:00,2021-03-17,0.4634839206504065,0.546375695335895,0.09941448228189495,0.10197844969183781,41,3
2021-03-17_2021-03-17T09:55:45-04:00,2021-03-17,0.6131830547692307,0.168422172571541,0.08260769285386388,0.06592982210720415,13,3
2021-03-17_2021-03-17T09:55:52-04:00,2021-03-17,0.5138314796521739,0.06444770857814787,0.10027241227426177,0.043745429499042573,23,3
2021-03-17_2021-03-17T09:56:09-04:00,2021-03-17,0.45362416738461536,0.6366372618207434,0.06988967079398285,0.09390729006590248,52,3
2021-03-17_2021-03-17T09:56:16-04:00,2021-03-17,0.5682177023999999,0.5905263157894672,0.10005948145375933,0.11393536472760998,10,3
2021-03-17_2021-03-17T09:56:20-04:00,2021-03-17,0.4614898900322849,0.4899112493931755,0.07896242518135664,0.0320975250136035,1820,1
2021-03-18_2021-03-18T08:00:00-04:00,2021-03-18,0.8174102002870868,0.5987800573078211,0.0780492611039846,0.019466120472805788,5000,4
2021-03-18_2021-03-18T09:32:28-04:00,2021-03-18,0.4641014403336169,0.4644910277217044,0.09123623703499345,0.02908021980735197,2674,1
2021-03-18_2021-03-18T09:36:53-04:00,2021-03-18,0.4605601960961021,0.5921350324258712,0.07604898308057707,0.029747387179175386,1433,1
2021-03-18_2021-03-18T09:38:03-04:00,2021-03-18,0.4877985574267601,0.58146685554813,0.08758785814734198,0.0505638076445742,1998,1
2021-03-18_2021-03-18T09:40:40-04:00,2021-03-18,0.43599008662068967,0.3592586820350683,0.11357551084281577,0.058990955377857625,29,3
2021-03-18_2021-03-18T09:40:51-04:00,2021-03-18,0.4880279995485477,0.5513767582950604,0.08635731882830545,0.03492665023974402,241,3
2021-03-18_2021-03-18T09:44:11-04:00,2021-03-18,0.5164617838431372,0.39378698224853625,0.07324935149093476,0.03514349085901138,34,3
2021-03-18_2021-03-18T09:44:38-04:00,2021-03-18,0.5318833034971429,0.536311103696186,0.07001211167181653,0.03952410900092755,35,3
2021-03-18_2021-03-18T09:44:46-04:00,2021-03-18,0.497277258087288,0.397903496928869,0.09152516597929376,0.02324537784994321,318,3
2021-03-18_2021-03-18T09:45:28-04:00,2021-03-18,0.4604681667834102,0.586956162117448,0.07577765734483528,0.05929212658598499,62,3
2021-03-18_2021-03-18T10:23:14-04:00,2021-03-18,0.36359468674509804,0.4848144796380116,0.08210380352462761,0.057254613679485304,68,3
2021-03-18_2021-03-18T10:23:22-04:00,2021-03-18,0.43434644532278643,0.5657315447600735,0.08474035983315671,0.026324202665802286,1735,1
2021-03-18_2021-03-18T10:25:20-04:00,2021-03-18,0.4628558994285714,0.3938870431893699,0.09123405895743629,0.08461409018239761,14,3
2021-03-18_2021-03-18T10:25:24-04:00,2021-03-18,0.5057945285614035,0.6033708485049022,0.06755799839015043,0.0867444242191144,38,3
2021-03-18_2021-03-18T10:26:15-04:00,2021-03-18,0.5001518956931311,0.6850272744983597,0.07717924084585845,0.045464146033307465,177,3
2021-03-18_2021-03-18T10:26:37-04:00,2021-03-18,0.459302898077193,0.6588992642897546,0.06845574508014295,0.08519624802962115,114,3
2021-03-18_2021-03-18T10:26:56-04:00,2021-03-18,0.412825728,0.46798611111109567,0.15992413860752913,0.19658155671296967,6,0
2021-03-18_2021-03-18T10:26:58-04:00,2021-03-18,0.6036991146666667,0.5298935298935459,0.0023592322911655294,0.25268086938848894,3,3
2021-03-18_2021-03-18T10:27:01-04:00,2021-03-18,0.5194906864761905,0.48510928961749455,0.09425618446638238,0.05321840615436542,28,3
2021-03-18_2021-03-18T10:27:23-04:00,2021-03-18,0.4988788985081081,0.5043180389692039,0.10062659087530686,0.10844898606015065,37,3
2021-03-18_2021-03-18T10:27:30-04:00,2021-03-18,0.5592572416,0.6732673267326635,0.11065003041530182,0.16522889912753624,5,0
2021-03-18_2021-03-18T10:28:04-04:00,2021-03-18,0.408256193939394,0.6799342825848846,0.08481008150190329,0.10602847704384098,22,3
2021-03-19_2021-03-19T08:00:00-04:00,2021-03-19,0.7978830479356053,0.4806704579323223,0.08090437652716952,0.038780801970447545,5000,4
2021-03-19_2021-03-19T09:31:36-04:00,2021-03-19,0.43054691266442635,0.4632658573285523,0.08687624510493029,0.02566884379008886,5000,4
2021-03-19_2021-03-19T09:35:55-04:00,2021-03-19,0.5577419636363636,0.39913270637408443,0.06008994332521256,0.08514728955903038,44,3
2021-03-19_2021-03-19T09:51:10-04:00,2021-03-19,0.5174619540210527,0.60035849624061,0.0872999359730203,0.08420073423827072,95,3
2021-03-19_2021-03-19T09:51:26-04:00,2021-03-19,0.475913696,0.595303030303024,0.07928203495943158,0.12714170798898122,16,3
2021-03-19_2021-03-19T09:51:29-04:00,2021-03-19,0.465337676,0.5558510638297781,0.09398880471547358,0.07741768425356678,32,3
2021-03-19_2021-03-19T09:51:43-04:00,2021-03-19,0.4050233298823529,0.59603268178551,0.07152425799290163,0.07342896336177678,34,3
2021-03-22_2021-03-22T09:07:01-04:00,2021-03-22,0.03471104,0.0,,,1,2
2021-03-22_2021-03-22T09:07:04-04:00,2021-03-22,0.505872128,0.5,0.4125149377483244,0.5,2,0
2021-03-22_2021-03-22T09:07:09-04:00,2021-03-22,0.6937416533333334,0.5044444444444404,0.10290088442149818,0.25005925925925915,3,0
2021-03-22_2021-03-22T09:07:14-04:00,2021-03-22,0.5535474324210526,0.7236842105263139,0.09637340027173932,0.11038011695906422,19,3
2021-03-22_2021-03-22T09:07:26-04:00,2021-03-22,0.5384196702814815,0.8039148148148143,0.08818733427126048,0.06772823058361462,45,3
2021-03-22_2021-03-22T09:07:37-04:00,2021-03-22,0.4341359293398247,0.5541739565943239,0.06927666760099072,0.026235838956429877,599,1
2021-03-22_2021-03-22T09:10:50-04:00,2021-03-22,0.4879602200104621,0.7702625257378162,0.08069315766832239,0.07166946737395087,124,3
2021-03-22_2021-03-22T09:12:08-04:00,2021-03-22,0.43255299103030304,0.4454545454545469,0.10387726911357463,0.19783549783549675,22,3
2021-03-22_2021-03-22T09:12:25-04:00,2021-03-22,0.5294556740624708,0.7256041025641095,0.09958183081551622,0.061840828316239146,65,3
2021-03-22_2021-03-22T09:13:33-04:00,2021-03-22,0.4572895656,0.583101449275347,0.0625198615289656,0.10627340872660423,20,3
2021-03-22_2021-03-22T09:14:07-04:00,2021-03-22,0.4940402133333333,0.6666666666666666,0.15503347106339788,0.16666666666666666,6,0
2021-03-22_2021-03-22T09:14:17-04:00,2021-03-22,0.838332928,0.0,,,1,5
2021-03-22_2021-03-22T09:14:20-04:00,2021-03-22,0.202349056,0.0,,,1,2
2021-03-22_2021-03-22T09:14:25-04:00,2021-03-22,0.463792576,0.0,0.06418875127754596,0.0,13,2
2021-03-22_2021-03-22T09:14:40-04:00,2021-03-22,0.7813946553113346,0.456582862850484,0.04502857890922373,0.05163636731742082,5000,4
2021-03-22_2021-03-22T09:35:02-04:00,2021-03-22,0.4742958744501992,0.5774024978556305,0.09161724832446706,0.04562130623823592,2812,1
2021-03-22_2021-03-22T09:37:37-04:00,2021-03-22,0.4521884502066041,0.6926065359067889,0.09008686840257996,0.02118044904196543,993,1
2021-03-22_2021-03-22T09:38:38-04:00,2021-03-22,0.5047950612265297,0.24235710016524203,0.09120349571894167,0.010878658928733128,570,3
2021-03-22_2021-03-22T09:39:37-04:00,2021-03-22,0.47987542884848483,0.4502378929481776,0.07702711213589786,0.05751132199914381,33,3
2021-03-22_2021-03-22T09:39:51-04:00,2021-03-22,0.4984921952,0.44327163461538943,0.08387671975980203,0.10011932819730666,40,3
2021-03-22_2021-03-22T09:39:58-04:00,2021-03-22,0.4877888980040404,0.48713562091503576,0.08402988805487831,0.04470150890342906,180,3
2021-03-22_2021-03-22T09:40:11-04:00,2021-03-22,0.46987904,0.45154838709677364,0.048092465085752455,0.11883770179871943,15,3
2021-03-22_2021-03-22T09:41:20-04:00,2021-03-22,0.2833216,0.5173485714285705,0.02814993179968259,0.07810630330084131,35,3
2021-03-22_2021-03-22T09:41:27-04:00,2021-03-22,0.47868559051230797,0.42705403272478504,0.08570819097153581,0.055528178097708165,1832,1
2021-03-22_2021-03-22T09:44:19-04:00,2021-03-22,0.47940813471419497,0.5971412477271596,0.08879166809717425,0.03450884650621075,2520,1
2021-03-22_2021-03-22T09:49:03-04:00,2021-03-22,0.5173349886710636,0.6466937878469057,0.08831407499286206,0.026227205050717812,269,3
2021-03-23_2021-03-23T08:00:01-04:00,2021-03-23,0.8642888389795274,0.5174510406520246,0.031903922411609734,0.03810122184544433,5000,4
2021-03-23_2021-03-23T10:08:18-04:00,2021-03-23,0.5028806613333333,0.10932914046121667,0.0904548041476307,0.07890509461531166,12,3
2021-03-24_2021-03-24T08:00:00-04:00,2021-03-24,0.2463911927320207,0.4274206000063839,0.11048946749822637,0.025529005581739986,1836,1
2021-03-24_2021-03-24T08:53:46-04:00,2021-03-24,0.770822009112261,0.4997364670558662,0.045394961520339845,0.05659771332414069,5000,4
2021-03-24_2021-03-24T10:04:49-04:00,2021-03-24,0.5984739031578947,0.8617251720976481,0.10173654219627472,0.026474474786453185,38,3
2021-03-24_2021-03-24T10:06:45-04:00,2021-03-24,0.483271222351314,0.5928852143869728,0.07763395593051466,0.0799400827766255,241,3
2021-03-25_2021-03-25T10:00:01-04:00,2021-03-25,0.47640861123595507,0.813632724719101,0.07337291726003517,0.019053263976007487,178,3
2021-03-25_2021-03-25T10:01:49-04:00,2021-03-25,0.6209987812765958,0.5187702127659571,0.08643437874829833,0.1378779309412583,47,3
2021-03-25_2021-03-25T10:01:59-04:00,2021-03-25,0.37738886842743175,0.4462147890198764,0.07982003246820721,0.052368473159168226,5000,4
2021-03-25_2021-03-25T10:16:33-04:00,2021-03-25,0.528214784,0.3415656565656557,0.07099939979263926,0.08612556165998995,45,3
2021-03-25_2021-03-25T10:16:37-04:00,2021-03-25,0.5951939974736842,0.34612333071483853,0.067752646093073,0.07570357147723779,38,3
2021-03-25_2021-03-25T10:20:31-04:00,2021-03-25,0.5393641712941176,0.16804918577600256,0.0969011173482313,0.05036740125668198,17,3
2021-03-25_2021-03-25T10:21:00-04:00,2021-03-25,0.535573326070922,0.6424549918166904,0.07812781710233663,0.09250369535111724,47,3
2021-03-25_2021-03-25T10:21:06-04:00,2021-03-25,0.3176170951111111,0.603812260536404,0.03294955219725271,0.12061651006815,18,3
2021-03-25_2021-03-25T10:21:34-04:00,2021-03-25,0.48561991265568916,0.5260374613566079,0.08091501903168659,0.03513972055303103,470,3
2021-03-25_2021-03-25T10:24:58-04:00,2021-03-25,0.46402454944816024,0.5895596276763816,0.08774597318976662,0.05006779127693898,1789,1
2021-03-26_2021-03-26T09:49:30-04:00,2021-03-26,0.4991294734065934,0.5281318681318747,0.08249298194883817,0.11418384437775232,91,3
2021-03-26_2021-03-26T09:49:32-04:00,2021-03-26,0.4933261901314206,0.6679470196713748,0.07742378473090553,0.03513207533526614,5000,4
2021-03-26_2021-03-26T09:54:22-04:00,2021-03-26,0.5198196205714286,0.3882690476190526,0.08184396542079159,0.08565137288717273,112,3
2021-03-26_2021-03-26T09:54:26-04:00,2021-03-26,0.441112955346168,0.503345588773823,0.08756019582227413,0.0338934451013272,2330,1
2021-03-26_2021-03-26T09:55:17-04:00,2021-03-26,0.478520814637562,0.536918594273135,0.07517552315591107,0.0456803309382276,5000,4
2021-03-26_2021-03-26T09:57:30-04:00,2021-03-26,0.4014255645467626,0.03971416814534665,0.07248549966855808,0.0076320719442060075,139,2
2021-03-26_2021-03-26T10:04:01-04:00,2021-03-26,0.44350106226573427,0.6516937408696866,0.06599107548880329,0.06615641831844007,506,3
2021-03-26_2021-03-26T10:04:16-04:00,2021-03-26,0.45670640229080095,0.5200722591043516,0.09089235702821544,0.03465099741562601,5000,4
2021-03-26_2021-03-26T10:19:16-04:00,2021-03-26,0.4207853728627451,0.10099470745292241,0.0873074249975281,0.01827846965764276,51,3
2021-03-26_2021-03-26T10:19:28-04:00,2021-03-26,0.456647254974359,0.6478394029915099,0.08750213836933221,0.09927049700273216,78,3
2021-03-26_2021-03-26T10:19:34-04:00,2021-03-26,0.4260383670783872,0.7372902071010052,0.09247057205855247,0.06569285370934853,363,3
2021-03-26_2021-03-26T10:19:51-04:00,2021-03-26,0.5070129649830258,0.2099174954894517,0.08624789406877673,0.005699387294934783,542,3
2021-03-26_2021-03-26T10:20:18-04:00,2021-03-26,0.50114192218112,0.5555699173553684,0.085117511222111,0.061359574303199,500,3
2021-03-26_2021-03-26T10:20:45-04:00,2021-03-26,0.5332618142140673,0.6243605638101046,0.10205271024389362,0.04781543912165113,109,3
2021-03-26_2021-03-26T10:21:20-04:00,2021-03-26,0.5153453523478261,0.46585597826086106,0.06787413453525341,0.0930747444725839,23,3
2021-03-26_2021-03-26T10:21:24-04:00,2021-03-26,0.5680615612631579,0.5357816182246724,0.08514725615404009,0.12191943724686108,19,3
2021-03-26_2021-03-26T10:21:26-04:00,2021-03-26,0.5464666136774194,0.7552145537700449,0.06478909451934958,0.09472918796363082,31,3
2021-03-26_2021-03-26T10:21:31-04:00,2021-03-26,0.46906888812590697,0.5628176466165206,0.08325868769423442,0.027948098314187514,5000,4
2021-03-29_2021-03-29T09:41:21-04:00,2021-03-29,0.5326462361456583,0.8103938286642166,0.08022067199413711,0.030565786482084367,357,1
2021-03-29_2021-03-29T09:45:41-04:00,2021-03-29,0.45510047430136985,0.5809444151738532,0.08170036954053608,0.09685871246747212,146,3
2021-03-29_2021-03-29T09:57:17-04:00,2021-03-29,0.4528894449095712,0.6244900312427653,0.08263862025443716,0.052966469816921206,703,1
2021-03-29_2021-03-29T09:57:49-04:00,2021-03-29,0.6125347072,0.4120161616161585,0.09632570298760601,0.03674037223224902,30,3
2021-03-29_2021-03-29T09:57:53-04:00,2021-03-29,0.4237268118974359,0.5294637273295866,0.08905816950505774,0.06474653597434078,104,3
2021-03-29_2021-03-29T09:58:02-04:00,2021-03-29,0.4504835312123002,0.6064447227539259,0.07742948030330056,0.05079466356752826,5000,4
2021-03-29_2021-03-29T10:06:23-04:00,2021-03-29,0.5028035040315997,0.5050381040106374,0.08187188554583488,0.04383168685558359,217,3
2021-03-30_2021-03-30T09:37:32-04:00,2021-03-30,0.447808697242236,0.6768767319636892,0.08136046929596638,0.0677354022396095,161,3
2021-03-30_2021-03-30T09:37:38-04:00,2021-03-30,0.5016362143655914,0.5463984604105553,0.08385751190725861,0.07434765105890294,93,3
2021-03-30_2021-03-30T09:38:04-04:00,2021-03-30,0.4186601914281688,0.5189006471493216,0.06849461472716553,0.04928965694974182,5000,4
2021-03-30_2021-03-30T09:47:15-04:00,2021-03-30,0.5115699727058823,0.3576424452133775,0.07216861388692274,0.05370626847619904,34,3
2021-03-30_2021-03-30T09:47:19-04:00,2021-03-30,0.5743303180487805,0.272424418255661,0.09631991287642928,0.05720346137575473,41,3
2021-03-30_2021-03-30T09:47:22-04:00,2021-03-30,0.48589753878260866,0.4616717269856646,0.07749464427658553,0.06830843121218705,92,3
2021-03-30_2021-03-30T09:47:27-04:00,2021-03-30,0.4294243392,0.604352189781016,0.09851652648108156,0.06526429141546619,40,3
2021-03-30_2021-03-30T09:47:33-04:00,2021-03-30,0.4706004617142857,0.4237231022115962,0.06903398184484848,0.050077199660119566,56,3
2021-03-31_2021-03-31T08:00:00-04:00,2021-03-31,0.7195078781421166,0.7312111036216092,0.11962008799923242,0.01632767630164633,3808,4
2021-03-31_2021-03-31T09:31:28-04:00,2021-03-31,0.4385239370049587,0.463835725677831,0.07738819594346966,0.09606729468041289,121,3
2021-03-31_2021-03-31T09:31:37-04:00,2021-03-31,0.47782745618548483,0.5357678254437871,0.0859854551763581,0.0577373320262272,676,1
2021-03-31_2021-03-31T09:32:42-04:00,2021-03-31,0.5090517956923077,0.4191874322860241,0.10572721108105652,0.07746935537820547,26,3
2021-03-31_2021-03-31T09:34:27-04:00,2021-03-31,0.5772976890980392,0.45261990950225767,0.07742602568696076,0.10326885778776192,34,3
2021-03-31_2021-03-31T09:34:38-04:00,2021-03-31,0.46030892984332217,0.6502074057085359,0.06974493493852617,0.04662475317182545,1214,1
2021-03-31_2021-03-31T09:36:07-04:00,2021-03-31,0.5145160157866667,0.41505909090908966,0.0864443050554626,0.09978206813965375,50,3
2021-03-31_2021-03-31T09:36:30-04:00,2021-03-31,0.4679340286994866,0.5727658730158789,0.08882697136822197,0.04681632568215858,385,3
2021-03-31_2021-03-31T09:37:15-04:00,2021-03-31,0.5048248216833395,0.3860681863846435,0.08756700714135465,0.032251993410412454,948,1
2021-03-31_2021-03-31T09:39:01-04:00,2021-03-31,0.601408896,0.5337315697150739,0.0729787129547391,0.13656839067126375,6,3
2021-03-31_2021-03-31T09:39:04-04:00,2021-03-31,0.6214944,0.35516233766233846,0.05615147961839029,0.11561914439920015,8,3
2021-03-31_2021-03-31T09:39:06-04:00,2021-03-31,0.4654474453333333,0.3963690476190562,0.0803436422779903,0.09059043625025992,12,3
2021-03-31_2021-03-31T09:39:13-04:00,2021-03-31,0.443936484173913,0.4328582230623803,0.09558569492307215,0.08960247554861465,23,3
2021-03-31_2021-03-31T09:39:37-04:00,2021-03-31,0.5087483566710481,0.6002501748722106,0.08033540238591413,0.047559725296819046,1239,1
2021-03-31_2021-03-31T09:41:17-04:00,2021-03-31,0.5169177479387793,0.4489595185572247,0.09186229519299756,0.06367210648887152,319,3
2021-03-31_2021-03-31T09:41:56-04:00,2021-03-31,0.43670186057142857,0.29024610521563027,0.0776623121332216,0.08533534640583838,14,3
2021-03-31_2021-03-31T09:42:00-04:00,2021-03-31,0.48263192615384615,0.4329881656804689,0.09417233603579339,0.06738062034086913,26,3
2021-03-31_2021-03-31T09:42:10-04:00,2021-03-31,0.5091672217998424,0.5487685470324714,0.08502152635518083,0.03461866863015898,376,3
2021-03-31_2021-03-31T09:47:41-04:00,2021-03-31,0.5335796034042554,0.4876550475328106,0.05297006142899606,0.04646187174532828,94,3
2021-03-31_2021-03-31T09:47:51-04:00,2021-03-31,0.4547454208,0.3178817204301066,0.05749487781895831,0.1146625482714757,20,3
2021-04-01_2021-04-01T08:00:00-04:00,2021-04-01,0.5545712187806192,0.3774955621671654,0.16026920480737783,0.03911356414368191,1081,1
2021-04-01_2021-04-01T09:10:32-04:00,2021-04-01,0.281116672,0.0,,,1,2
2021-04-01_2021-04-01T09:10:44-04:00,2021-04-01,0.172880384,0.0,,,1,2
2021-04-01_2021-04-01T09:10:48-04:00,2021-04-01,0.3030596266666667,0.5,0.09867086129963554,0.25,3,0
2021-04-01_2021-04-01T09:10:52-04:00,2021-04-01,0.6415382186666667,0.6666666666666666,0.09803050760993363,0.33333333333333337,3,0
2021-04-01_2021-04-01T09:11:05-04:00,2021-04-01,0.039812096,0.0,,,1,2
2021-04-01_2021-04-01T09:11:08-04:00,2021-04-01,0.08496544,0.0,,,1,2
2021-04-01_2021-04-01T09:11:17-04:00,2021-04-01,0.90994432,0.0,,,1,5
2021-04-01_2021-04-01T09:11:26-04:00,2021-04-01,0.80698112,0.0,,,1,5
2021-04-01_2021-04-01T09:11:31-04:00,2021-04-01,0.248868352,0.0,,,1,2
2021-04-01_2021-04-01T09:13:15-04:00,2021-04-01,0.363594496,0.0,,,1,2
2021-04-01_2021-04-01T09:13:18-04:00,2021-04-01,0.54584171005291,0.32706766917294655,0.06865283118583572,0.13498151586793694,14,3
2021-04-01_2021-04-01T09:13:51-04:00,2021-04-01,0.5013249451428572,0.5457589285714248,0.08584601949202156,0.14013472576530703,16,3
2021-04-01_2021-04-01T09:14:39-04:00,2021-04-01,0.43176601600000003,0.6666666666666666,0.04058331375625829,0.33333333333333337,3,0
2021-04-01_2021-04-01T09:14:44-04:00,2021-04-01,0.6013218474666666,0.6,0.11093501075920476,0.175,5,3
2021-04-01_2021-04-01T09:14:59-04:00,2021-04-01,0.381979712,0.5,0.0002940370700288015,0.5,2,0
2021-04-01_2021-04-01T09:15:05-04:00,2021-04-01,0.6858544639999999,0.0,0.06241604139745276,0.0,2,5
2021-04-01_2021-04-01T09:15:13-04:00,2021-04-01,0.07775611733333333,0.5,0.00015447326152385408,0.5,2,0
2021-04-01_2021-04-01T09:15:19-04:00,2021-04-01,0.87560576,0.5,0.03051880791736321,0.5,2,0
2021-04-01_2021-04-01T09:15:24-04:00,2021-04-01,0.61393408,0.0,,,1,5
2021-04-01_2021-04-01T09:15:27-04:00,2021-04-01,0.833076224,0.0,,,1,5
2021-04-01_2021-04-01T09:15:31-04:00,2021-04-01,0.20881024,0.0,,,1,2
2021-04-01_2021-04-01T09:15:44-04:00,2021-04-01,0.906627584,0.5,0.010588947921108986,0.5,2,0
2021-04-01_2021-04-01T09:15:51-04:00,2021-04-01,0.6006702421333333,0.7499999999999956,0.08095247159027581,0.17500000000000265,6,0
2021-04-01_2021-04-01T09:16:00-04:00,2021-04-01,0.853112576,0.0,,,1,5
2021-04-01_2021-04-01T09:16:09-04:00,2021-04-01,0.310948352,0.0,,,1,2
2021-04-01_2021-04-01T09:16:13-04:00,2021-04-01,0.8816709119999999,0.5,0.002891483673919487,0.5,2,0
2021-04-01_2021-04-01T09:16:16-04:00,2021-04-01,0.5795297279999999,0.6921097770154402,0.10058212716223366,0.1542234376517026,11,3
2021-04-01_2021-04-01T09:16:36-04:00,2021-04-01,0.3947838293333334,0.5,0.09290195360469924,0.1,6,3
2021-04-01_2021-04-01T09:16:44-04:00,2021-04-01,0.441000704,0.5,0.0068871805375610865,0.5,2,0
2021-04-01_2021-04-01T09:17:30-04:00,2021-04-01,0.3078188373333333,0.5,0.003877082962351443,0.25,3,3
2021-04-01_2021-04-01T09:17:36-04:00,2021-04-01,0.4076423848791209,0.7458471760797428,0.18477290095850996,0.13730072883669742,7,0
2021-04-01_2021-04-01T09:18:27-04:00,2021-04-01,0.176554752,0.5,0.02816651249005363,0.5,2,0
2021-04-01_2021-04-01T09:18:37-04:00,2021-04-01,0.343794464,0.6678571428571349,0.17519628223404513,0.1930654761904814,7,0
2021-04-01_2021-04-01T09:18:47-04:00,2021-04-01,0.43590272,0.0,,,1,2
2021-04-01_2021-04-01T09:18:53-04:00,2021-04-01,0.335983744,0.0,0.19069922786675914,0.0,2,3
2021-04-01_2021-04-01T09:18:56-04:00,2021-04-01,0.63962496,0.0,,,1,5
2021-04-01_2021-04-01T09:19:00-04:00,2021-04-01,0.44411328,0.47619047619047017,0.16629314723676683,0.253968253968256,7,0
2021-04-01_2021-04-01T09:19:33-04:00,2021-04-01,0.516869088,0.5416666666666745,0.07040617376018571,0.2847222222222143,4,0
2021-04-01_2021-04-01T09:19:56-04:00,2021-04-01,0.3488994581512605,0.6785714285714286,0.11453119249682588,0.13873626373626372,14,0
2021-04-01_2021-04-01T09:20:19-04:00,2021-04-01,0.2443124906666667,0.0,,,1,2
2021-04-01_2021-04-01T09:20:27-04:00,2021-04-01,0.234083072,0.0,,,1,2
2021-04-01_2021-04-01T09:20:44-04:00,2021-04-01,0.939684096,0.0,,,1,5
2021-04-01_2021-04-01T09:20:52-04:00,2021-04-01,0.49469422545454544,0.6425000000000125,0.12333359256179773,0.1738785714285571,8,0
2021-04-01_2021-04-01T09:21:23-04:00,2021-04-01,0.612762112,0.0,,,1,5
2021-04-01_2021-04-01T09:21:29-04:00,2021-04-01,0.5127629141333333,0.6500000000000267,0.1104991067381682,0.14375000000000665,5,3
2021-04-01_2021-04-01T09:21:41-04:00,2021-04-01,0.4480768980114286,0.44947735191638716,0.10674976029277705,0.11473471006486846,7,3
2021-04-01_2021-04-01T09:22:18-04:00,2021-04-01,0.586082688,0.5,0.03573301946512178,0.5,2,0
2021-04-01_2021-04-01T09:22:23-04:00,2021-04-01,0.225799168,0.0,,,1,2
2021-04-01_2021-04-01T09:22:29-04:00,2021-04-01,0.483072768,0.0,,,1,2
2021-04-01_2021-04-01T09:22:39-04:00,2021-04-01,0.944472064,0.0,,,1,5
2021-04-01_2021-04-01T09:22:51-04:00,2021-04-01,0.3978603717845433,0.7807453416149165,0.07658437066936198,0.047992089085160866,35,3
2021-04-01_2021-04-01T09:23:55-04:00,2021-04-01,0.5412235689411765,0.4151785714286045,0.10082350531578216,0.06111819727891608,16,3
2021-04-01_2021-04-01T09:24:39-04:00,2021-04-01,0.2120353152,0.5765306122448894,0.014876102401327753,0.190094405108983,4,3
2021-04-01_2021-04-01T09:24:46-04:00,2021-04-01,0.5299453013333334,0.0,0.09682106482586425,0.0,2,5
2021-04-01_2021-04-01T09:25:04-04:00,2021-04-01,0.5306169634133333,0.4771428571428451,0.10435568149188897,0.08462244897959338,15,3
2021-04-01_2021-04-01T09:25:48-04:00,2021-04-01,0.7984744406664592,0.6694044706583795,0.0823743839337267,0.04068606198926612,567,1
2021-04-01_2021-04-01T09:30:55-04:00,2021-04-01,0.5057283551466765,0.523446821821068,0.07980421043441918,0.055502856141356,889,1
2021-04-01_2021-04-01T10:10:50-04:00,2021-04-01,0.31836055893333337,0.46245333333334127,0.09543230496167379,0.08843702552380615,15,3
2021-04-01_2021-04-01T10:12:22-04:00,2021-04-01,0.2077774336,0.5558441558441654,0.00971461644227707,0.26306291111486707,5,3
2021-04-01_2021-04-01T10:12:24-04:00,2021-04-01,0.45062942151111113,0.531765341984293,0.08862608169208633,0.08812831464118107,54,3
2021-04-01_2021-04-01T10:21:13-04:00,2021-04-01,0.6460978468571429,0.7149068322981396,0.12091924571694135,0.10443375506345542,21,3
2021-04-05_2021-04-05T09:44:55-04:00,2021-04-05,0.447673803755102,0.5009124115387283,0.10963391470671181,0.07639225210810673,49,3
2021-04-05_2021-04-05T09:48:59-04:00,2021-04-05,0.5574470857142857,0.6038998997884402,0.10449935372602363,0.09407541154228685,28,3
2021-04-05_2021-04-05T09:50:23-04:00,2021-04-05,0.4210104899675362,0.5473621942568039,0.08468436011054838,0.03687048314865011,5000,4
2021-04-05_2021-04-05T09:55:57-04:00,2021-04-05,0.488628592172043,0.5701075268817144,0.08634962747630043,0.10531128403875546,62,3
2021-04-05_2021-04-05T09:56:16-04:00,2021-04-05,0.5345667636067797,0.4740597709917559,0.09472230028557264,0.06299711099438099,59,3
2021-04-05_2021-04-05T09:56:23-04:00,2021-04-05,0.4963193425454545,0.4044290598705112,0.08724888200937213,0.11053032477311495,22,3
2021-04-05_2021-04-05T09:56:32-04:00,2021-04-05,0.4438436544,0.5765504208898842,0.09266941387040617,0.11970908882102013,20,3
2021-04-05_2021-04-05T09:56:36-04:00,2021-04-05,0.5416439573333334,0.557714120370366,0.09210452100005885,0.06838012215003933,32,3
2021-04-05_2021-04-05T09:57:10-04:00,2021-04-05,0.46328570983783784,0.49836556319238484,0.08273419590621818,0.08890670613741652,37,3
2021-04-05_2021-04-05T09:57:21-04:00,2021-04-05,0.5555582395733334,0.5851908368877804,0.11289726452592876,0.04255855049642365,160,3
2021-04-05_2021-04-05T10:05:21-04:00,2021-04-05,0.4693955503693151,0.6054349790715349,0.07832623605535584,0.03307057442446691,584,1
2021-04-05_2021-04-05T10:06:13-04:00,2021-04-05,0.514761776121695,0.7281279947720368,0.08425014814269734,0.056452739411848064,251,3
2021-04-05_2021-04-05T10:09:29-04:00,2021-04-05,0.46717257890709907,0.6478972454964118,0.08030776348794527,0.056866275258580505,3270,4
2021-04-05_2021-04-05T10:14:49-04:00,2021-04-05,0.4970381020415035,0.6254726323508881,0.0784933293211382,0.07370409964007543,614,1
2021-04-05_2021-04-05T10:17:06-04:00,2021-04-05,0.547688448,0.5,0.004018485227159553,0.5,2,0
2021-04-05_2021-04-05T10:17:09-04:00,2021-04-05,0.5219031577971015,0.4863421550094428,0.07935034717399551,0.07264598677660467,46,3
2021-04-05_2021-04-05T10:17:17-04:00,2021-04-05,0.3765980712156863,0.6310160427807262,0.04805726784139623,0.12396291607546035,17,3
2021-04-05_2021-04-05T10:17:22-04:00,2021-04-05,0.5410033247171765,0.6210488331045292,0.09565693401414818,0.062079564710711056,125,3
2021-04-05_2021-04-05T10:17:43-04:00,2021-04-05,0.5520958171428572,0.5005167342395777,0.03495678135574451,0.19975581813202822,7,3
2021-04-05_2021-04-05T10:20:09-04:00,2021-04-05,0.538482944,0.4865671641790915,0.10470324541748022,0.21949209177989087,5,3
2021-04-05_2021-04-05T10:20:16-04:00,2021-04-05,0.22317209600000001,0.6115178135676151,0.0785162328799314,0.2873086682287041,3,0
2021-04-05_2021-04-05T10:20:18-04:00,2021-04-05,0.4548704086081871,0.6683174653972289,0.08420258473613719,0.03911462614833898,570,1
2021-04-05_2021-04-05T10:21:38-04:00,2021-04-05,0.5221025203434521,0.6286550445891099,0.08719565125483128,0.06260729088032214,1617,1
2021-04-05_2021-04-05T10:26:00-04:00,2021-04-05,0.49495296,0.5510132774283921,0.05832062084149414,0.14896098714645986,6,3
2021-04-05_2021-04-05T10:26:05-04:00,2021-04-05,0.5284551466666666,0.5101460683984967,0.05529268207581992,0.06939253919762453,12,3
2021-04-05_2021-04-05T10:26:24-04:00,2021-04-05,0.47718327506792063,0.6149479448178538,0.08964504869869547,0.04382065271427866,435,3
2021-04-05_2021-04-05T10:27:40-04:00,2021-04-05,0.422150176,0.557592592592568,0.028089984595159347,0.24069167156572555,8,3
2021-04-05_2021-04-05T10:28:19-04:00,2021-04-05,0.6685011456,0.4968933669185483,0.05571406797705052,0.09872826205559494,10,3
2021-04-05_2021-04-05T10:28:23-04:00,2021-04-05,0.46561413938726337,0.6533303687399631,0.0777937444218226,0.046467224135983545,581,1
2021-04-06_2021-04-06T08:08:46-04:00,2021-04-06,0.343691712,0.5,0.13036185956778276,0.5,2,0
2021-04-06_2021-04-06T08:10:15-04:00,2021-04-06,0.3093229755362319,0.6875000000000044,0.039364069898918934,0.142187500000002,6,3
2021-04-06_2021-04-06T08:13:43-04:00,2021-04-06,0.3624945526153846,0.0,0.2211319045118631,0.0,2,3
2021-04-06_2021-04-06T08:16:02-04:00,2021-04-06,0.47136658632911393,0.3749999999999911,0.09769200501625913,0.18750000000000297,4,3
2021-04-06_2021-04-06T08:18:53-04:00,2021-04-06,0.5150712263816793,0.5163043478260883,0.0744550794108171,0.12878071833648314,8,3
2021-04-06_2021-04-06T08:31:42-04:00,2021-04-06,0.35877399210666666,0.3333333333333333,0.2535664107948543,0.33333333333333337,3,0
2021-04-06_2021-04-06T08:32:40-04:00,2021-04-06,0.48555136,0.0,,,1,2
2021-04-06_2021-04-06T08:33:27-04:00,2021-04-06,0.29221248,0.0,,,1,2
2021-04-06_2021-04-06T08:33:59-04:00,2021-04-06,0.4255552,0.0,,,1,2
2021-04-06_2021-04-06T08:37:17-04:00,2021-04-06,0.5601222540841424,0.7471264367815794,0.1413591351475868,0.13682124455013056,6,0
2021-04-06_2021-04-06T08:41:18-04:00,2021-04-06,0.922563328,0.0,,,1,5
2021-04-06_2021-04-06T08:51:45-04:00,2021-04-06,0.4898304,0.0,,,1,5
2021-04-06_2021-04-06T09:31:48-04:00,2021-04-06,0.5233756210578138,0.7029209412303158,0.07839811963673943,0.03410790900643036,325,3
2021-04-06_2021-04-06T10:29:46-04:00,2021-04-06,0.4575363321904762,0.653278688524599,0.11603547745304535,0.07445056341813946,72,3
2021-04-06_2021-04-06T10:29:58-04:00,2021-04-06,0.6183836672,0.5975757575758148,0.06227781867200186,0.2975867768595608,5,0
2021-04-07_2021-04-07T08:00:00-04:00,2021-04-07,0.6850896639999999,0.8272697239991635,0.027576646713605022,0.032052585854797075,30,3
2021-04-08_2021-04-08T08:00:01-04:00,2021-04-08,0.7428500835854414,0.7117349932012432,0.08262463977769573,0.010564197358083649,5000,4
2021-04-08_2021-04-08T09:31:51-04:00,2021-04-08,0.5873526024827586,0.3857785560344775,0.0791071341080908,0.05435851279072106,58,3
2021-04-08_2021-04-08T09:31:57-04:00,2021-04-08,0.5137975700645161,0.4512499999999958,0.05717892337671895,0.06673929019458966,62,3
2021-04-08_2021-04-08T09:32:53-04:00,2021-04-08,0.6504453973333334,0.4024999999999985,0.04867866826937904,0.13180876654063817,6,3
2021-04-08_2021-04-08T09:33:16-04:00,2021-04-08,0.45265357693023256,0.5439362959084753,0.07768755490135003,0.04859779512104573,43,3
2021-04-08_2021-04-08T09:33:21-04:00,2021-04-08,0.3787818057142857,0.5827258857433566,0.10993453064991253,0.11544030349773868,14,3
2021-04-08_2021-04-08T09:33:37-04:00,2021-04-08,0.5259937047272727,0.3344988344988136,0.08169452390306879,0.1188183611260574,11,3
2021-04-08_2021-04-08T09:33:39-04:00,2021-04-08,0.5787356586666667,0.25354609929076705,0.08820557454399401,0.09016489018752083,12,3
2021-04-09_2021-04-09T08:00:00-04:00,2021-04-09,0.5051181692567049,0.556183227562541,0.021462934173142916,0.03614658636841692,261,3
2021-04-12_2021-04-12T08:00:01-04:00,2021-04-12,0.8840888984062149,0.5092324849105913,0.015147009317570737,0.08018078461677104,5000,4
2021-04-12_2021-04-12T09:50:49-04:00,2021-04-12,0.5926881706666667,0.44408112582782217,0.0650817374226512,0.08607418275654385,30,3
2021-04-12_2021-04-12T09:51:00-04:00,2021-04-12,0.48761645337189935,0.6495669355407607,0.09035939281819617,0.047513868747915515,3220,4
2021-04-12_2021-04-12T09:54:13-04:00,2021-04-12,0.33324550826666666,0.2968024691358087,0.07030320984444541,0.06831002090273657,15,3
2021-04-12_2021-04-12T09:54:20-04:00,2021-04-12,0.4154638885925926,0.505150462962962,0.06832024265668404,0.05585448182369564,27,3
2021-04-13_2021-04-13T08:00:01-04:00,2021-04-13,0.79447371763498,0.4751267093297406,0.08202536561597841,0.030297750830787548,2969,1
2021-04-13_2021-04-13T09:31:16-04:00,2021-04-13,0.46969520640000006,0.5028556727553161,0.12489010202917022,0.08788419787505701,10,3
2021-04-13_2021-04-13T09:31:24-04:00,2021-04-13,0.4688151534005718,0.3053170785483404,0.08247776754018431,0.016043986208671715,2901,1
2021-04-13_2021-04-13T09:35:58-04:00,2021-04-13,0.5126397101176471,0.6503542780748655,0.09139844589594193,0.09292548582261465,34,3
2021-04-13_2021-04-13T09:36:04-04:00,2021-04-13,0.595162944,0.33451086956519993,0.11226313436740694,0.20117531393465535,8,3
2021-04-13_2021-04-13T09:36:46-04:00,2021-04-13,0.5487669563076923,0.43606440071555713,0.0837626834908879,0.12761596774417236,13,3
2021-04-13_2021-04-13T10:16:56-04:00,2021-04-13,0.4688294669828722,0.5748801211805676,0.10759192291846448,0.054413635193954236,253,3
2021-04-13_2021-04-13T10:17:19-04:00,2021-04-13,0.5105268046560847,0.5711499838030542,0.07249106938083145,0.07137060539504596,63,3
2021-04-13_2021-04-13T10:19:34-04:00,2021-04-13,0.45113306470917686,0.5955945164998192,0.06574230802317246,0.047158933551649435,5000,4
2021-04-14_2021-04-14T09:34:43-04:00,2021-04-14,0.4894477618186462,0.4460474675496554,0.08370080404806488,0.04985256402944209,5000,4
2021-04-14_2021-04-14T09:38:44-04:00,2021-04-14,0.5280146695211267,0.5440040241448837,0.09383506310210879,0.08967009808852634,71,3
2021-04-14_2021-04-14T09:39:01-04:00,2021-04-14,0.47606487039999995,0.5938426501035212,0.08988574420912666,0.062245782981120254,35,3
2021-04-15_2021-04-15T08:00:00-04:00,2021-04-15,0.7042434399403176,0.6589863985624438,0.10266599983711609,0.04843771214627989,1965,1
2021-04-15_2021-04-15T09:30:12-04:00,2021-04-15,0.418897536,0.2593790849673217,0.06615309625597664,0.05635506680333307,18,3
2021-04-15_2021-04-15T09:30:20-04:00,2021-04-15,0.5352920462222222,0.3405238917674133,0.06048501930706718,0.0867143080649447,9,3
2021-04-15_2021-04-15T09:30:23-04:00,2021-04-15,0.44177691306666667,0.45887861271676506,0.07280585249838543,0.07205662725593398,15,3
2021-04-15_2021-04-15T09:30:26-04:00,2021-04-15,0.47192833163636366,0.26089719181342375,0.0806002883990681,0.04837180797191328,22,3
2021-04-15_2021-04-15T09:30:29-04:00,2021-04-15,0.492527646117647,0.27648563916829827,0.09171369417469857,0.08315853995806763,17,3
2021-04-15_2021-04-15T09:30:57-04:00,2021-04-15,0.5211462811954023,0.5432742355237495,0.08034325122275326,0.09252395777001791,58,3
2021-04-15_2021-04-15T09:31:02-04:00,2021-04-15,0.393671112691358,0.536952372889128,0.09299584215363489,0.0696521748350568,54,3
2021-04-15_2021-04-15T09:31:12-04:00,2021-04-15,0.47377394307214027,0.6613578508673138,0.08173427224824133,0.0582165993619023,193,3
2021-04-15_2021-04-15T09:31:29-04:00,2021-04-15,0.5400866090666666,0.5239158818790494,0.08411354662911226,0.08891488431774484,60,3
2021-04-15_2021-04-15T09:31:34-04:00,2021-04-15,0.4917666031442786,0.6209896511090957,0.09144782930233122,0.09419240866948689,67,3
2021-04-15_2021-04-15T09:32:56-04:00,2021-04-15,0.332539392,0.28036604780129487,0.05289517065392949,0.09578829376738363,9,3
2021-04-15_2021-04-15T09:35:41-04:00,2021-04-15,0.5109895699863689,0.6821088715206343,0.09173247575566242,0.031958568265770704,561,1
2021-04-15_2021-04-15T09:37:00-04:00,2021-04-15,0.5254090258754578,0.7210837339743589,0.08856159936081935,0.05209729754701832,78,3
2021-04-15_2021-04-15T09:37:24-04:00,2021-04-15,0.5986366933333334,0.4630887681159391,0.08276184293668457,0.063472351325338,18,3
2021-04-15_2021-04-15T09:38:13-04:00,2021-04-15,0.48766416918260874,0.6908413848631245,0.09307164466196449,0.039459189099204525,92,3
2021-04-15_2021-04-15T09:46:34-04:00,2021-04-15,0.4853347676809457,0.5747669759297483,0.06832697877610985,0.04890893303587766,2075,1
2021-04-15_2021-04-15T09:48:23-04:00,2021-04-15,0.4613827233684211,0.119468286099867,0.113622735439301,0.04761276213325314,19,3
2021-04-15_2021-04-15T09:48:25-04:00,2021-04-15,0.45481503247421556,0.4822999200385494,0.08333240038714788,0.04524080083346581,1308,1
2021-04-16_2021-04-16T08:00:00-04:00,2021-04-16,0.11023739776259343,0.7504913950848892,0.05942960411315848,0.01977677210401073,351,3
2021-04-16_2021-04-16T08:25:49-04:00,2021-04-16,0.09811456,0.0,,,1,2
2021-04-16_2021-04-16T08:26:33-04:00,2021-04-16,0.5644352062060606,0.9090909090909091,0.09167676790178284,0.09090909090909091,11,0
2021-04-16_2021-04-16T08:27:47-04:00,2021-04-16,0.190154496,0.0,,,1,2
2021-04-16_2021-04-16T08:28:24-04:00,2021-04-16,0.06923298133333333,0.0,,,1,2
2021-04-16_2021-04-16T08:30:36-04:00,2021-04-16,0.13060943360000002,0.5,0.009844923043971075,0.5,2,0
2021-04-16_2021-04-16T08:31:22-04:00,2021-04-16,0.1348492574117647,0.0,0.02137359327441863,0.0,2,2
2021-04-16_2021-04-16T08:32:14-04:00,2021-04-16,0.08140098206896551,0.6666666666666666,0.01342539476311745,0.33333333333333337,3,0
2021-04-16_2021-04-16T08:35:30-04:00,2021-04-16,0.2772566034962963,0.46956521739130974,0.07806297426696145,0.2546313799621912,5,3
2021-04-16_2021-04-16T08:36:34-04:00,2021-04-16,0.3433624490666667,0.3333333333333333,0.12563913013579048,0.33333333333333337,3,0
2021-04-16_2021-04-16T08:38:10-04:00,2021-04-16,0.36958976,0.0,,,1,2
2021-04-16_2021-04-16T08:38:49-04:00,2021-04-16,0.020947019851851854,0.0,0.0008167728962883242,0.0,2,2
2021-04-16_2021-04-16T09:34:34-04:00,2021-04-16,0.504753056398524,0.5157697697230131,0.08841550638170118,0.03809478721234564,542,1
2021-04-16_2021-04-16T09:35:17-04:00,2021-04-16,0.504148926737578,0.6786329588015021,0.08903798593008715,0.04575794594681879,267,3
2021-04-16_2021-04-16T09:35:42-04:00,2021-04-16,0.5177661886863906,0.49956646705939906,0.08200060816265092,0.029304652585073063,806,1
2021-04-16_2021-04-16T09:36:39-04:00,2021-04-16,0.5565768218947369,0.5071888544891714,0.11325805856429451,0.08034477953823493,19,3
2021-04-16_2021-04-16T10:29:48-04:00,2021-04-16,0.677002656,0.34898608644170254,0.04423671557485714,0.08228924088114789,8,3
2021-04-16_2021-04-16T10:29:51-04:00,2021-04-16,0.5044194298536585,0.5884094076655053,0.09544825084567253,0.0423005919688582,82,3
2021-04-19_2021-04-19T08:40:52-04:00,2021-04-19,0.2568999814928775,0.0,0.021597626008468488,0.0,9,2
2021-04-19_2021-04-19T08:41:34-04:00,2021-04-19,0.14441375418181818,0.0,0.007326984571388716,0.0,2,2
2021-04-19_2021-04-19T08:41:49-04:00,2021-04-19,0.5115761508708708,0.4444444444444548,0.10780525302757404,0.16040341604705588,9,3
2021-04-19_2021-04-19T08:43:23-04:00,2021-04-19,0.6349911893333333,0.3503401360544253,0.05990174834401825,0.3171942246286238,3,3
2021-04-19_2021-04-19T08:43:26-04:00,2021-04-19,0.5646485496581347,0.7622061950994022,0.09763106554111133,0.03380672412913455,103,3
2021-04-19_2021-04-19T08:45:40-04:00,2021-04-19,0.27675768177777776,0.7307692307692301,0.0601741896883305,0.23767258382642953,4,0
2021-04-19_2021-04-19T08:45:52-04:00,2021-04-19,0.5217947093333334,0.6666666666666666,0.16959581030110074,0.2666666666666667,6,0
2021-04-19_2021-04-19T08:46:03-04:00,2021-04-19,0.4614167583030303,0.6060508308895449,0.09302997134045363,0.11363409432514875,11,3
2021-04-19_2021-04-19T08:46:21-04:00,2021-04-19,0.5161152,0.6399999999999945,0.10798758876350889,0.1478666666666675,7,3
2021-04-19_2021-04-19T08:46:39-04:00,2021-04-19,0.765786368,0.0,0.04637687644894,0.0,2,5
2021-04-19_2021-04-19T08:46:45-04:00,2021-04-19,0.4933776188257494,0.5506282033328675,0.07713455784322547,0.03278583600931999,185,3
2021-04-19_2021-04-19T08:51:23-04:00,2021-04-19,0.5105794697142857,0.7205961538461618,0.09470096887802924,0.11987910203307589,40,3
2021-04-19_2021-04-19T08:52:48-04:00,2021-04-19,0.38506534400000003,0.5,0.22973581757837402,0.5,2,0
2021-04-19_2021-04-19T08:53:06-04:00,2021-04-19,0.199123456,0.0,,,1,2
2021-04-19_2021-04-19T08:53:14-04:00,2021-04-19,0.36318016,0.0,,,1,2
2021-04-19_2021-04-19T08:54:17-04:00,2021-04-19,0.790447488,0.5,0.08626143314001919,0.5,2,0
2021-04-19_2021-04-19T08:58:00-04:00,2021-04-19,0.4490506148571428,0.40444444444443833,0.11946293771306163,0.0743469048887686,28,3
2021-04-19_2021-04-19T08:58:46-04:00,2021-04-19,0.508612352,0.3333333333333333,0.05971121481691955,0.33333333333333337,3,3
2021-04-19_2021-04-19T08:58:51-04:00,2021-04-19,0.038890197333333335,0.5,2.556182200320022e-07,0.5,2,0
2021-04-19_2021-04-19T08:59:00-04:00,2021-04-19,0.9138717184,0.5488052136133355,0.030517694849471096,0.08068898936733244,10,5
2021-04-19_2021-04-19T08:59:04-04:00,2021-04-19,0.40255480685714284,0.6636842105263184,0.08225358636179263,0.20748815020005992,10,0
2021-04-19_2021-04-19T08:59:14-04:00,2021-04-19,0.340326752,0.0,0.12173257977874227,0.0,2,2
2021-04-19_2021-04-19T08:59:21-04:00,2021-04-19,0.498971392,0.5794871794871866,0.18491620473549616,0.2689546351084847,3,0
2021-04-19_2021-04-19T08:59:24-04:00,2021-04-19,0.447453824,0.0,0.07491603298284338,0.0,2,2
2021-04-19_2021-04-19T08:59:44-04:00,2021-04-19,0.81140352,0.0,,,1,5
2021-04-19_2021-04-19T08:59:53-04:00,2021-04-19,0.6693953706666665,0.4367816091953984,0.27390222221904004,0.26198969480777,3,0
2021-04-19_2021-04-19T08:59:58-04:00,2021-04-19,0.150112512,0.0,,,1,2
2021-04-19_2021-04-19T09:00:01-04:00,2021-04-19,0.5397055215706164,0.6136394222599756,0.09256991729976559,0.030946098996340352,1177,1
2021-04-19_2021-04-19T09:03:32-04:00,2021-04-19,0.4632450275555555,0.25551587301587664,0.09536493142283788,0.180307837301586,9,3
2021-04-19_2021-04-19T09:04:21-04:00,2021-04-19,0.2798640384,0.43275862068965837,0.07056122722165209,0.11252807504293807,10,3
2021-04-19_2021-04-19T09:21:37-04:00,2021-04-19,0.6911744142222223,0.8333333333333175,0.068994986579593,0.12500000000001185,9,3
2021-04-19_2021-04-19T09:21:42-04:00,2021-04-19,0.175214336,0.5,0.055220247917494275,0.5,2,0
2021-04-19_2021-04-19T09:21:48-04:00,2021-04-19,0.4030333226666667,0.5666666666666723,0.059785381761738095,0.15333333333333002,12,3
2021-04-19_2021-04-19T09:21:53-04:00,2021-04-19,0.712276992,0.0,0.028283314312904685,0.0,3,5
2021-04-19_2021-04-19T09:21:55-04:00,2021-04-19,0.5582619093333333,0.6000000000000133,0.08611327217533031,0.10909090909090909,12,3
2021-04-19_2021-04-19T09:22:01-04:00,2021-04-19,0.205813056,0.5,0.04438322287198756,0.3333333333333333,4,0
2021-04-19_2021-04-19T09:22:05-04:00,2021-04-19,0.4892636306810036,0.587602764976954,0.07732122759641774,0.051184541658985276,217,3
2021-04-19_2021-04-19T09:23:37-04:00,2021-04-19,0.438948096,0.5014285714285701,0.07172618379821115,0.2677208791208805,14,3
2021-04-19_2021-04-19T09:23:44-04:00,2021-04-19,0.18420625066666665,0.3401360544217624,0.021362983846827343,0.3266694432875252,3,3
2021-04-19_2021-04-19T09:23:50-04:00,2021-04-19,0.642861824,0.0,,,1,5
2021-04-19_2021-04-19T09:23:55-04:00,2021-04-19,0.6400902656,0.8,0.013970486361869506,0.2,5,3
2021-04-19_2021-04-19T09:24:22-04:00,2021-04-19,0.419877536,0.5290697674418666,0.029660416471579312,0.29795384892734134,4,3
2021-04-19_2021-04-19T09:24:29-04:00,2021-04-19,0.971570688,0.0,,,1,5
2021-04-19_2021-04-19T09:24:32-04:00,2021-04-19,0.539232672,0.7796052631578916,0.1169291318690648,0.09823407202215932,16,3
2021-04-19_2021-04-19T09:24:41-04:00,2021-04-19,0.652607104,0.0,0.07496102789385421,0.0,2,5
2021-04-19_2021-04-19T09:29:35-04:00,2021-04-19,0.4872703589373434,0.4116273291925487,0.09677879913939201,0.1067704326222015,21,3
2021-04-19_2021-04-19T09:30:02-04:00,2021-04-19,0.5106719232,0.4774891774891882,0.03177123779791059,0.055696315869475904,10,3
2021-04-19_2021-04-19T09:44:18-04:00,2021-04-19,0.4126627607272727,0.0969053113920665,0.13092400705298043,0.08973985416770955,11,3
2021-04-19_2021-04-19T10:24:28-04:00,2021-04-19,0.44997429549675744,0.5504604394192508,0.08086276705940523,0.058632678131882936,5000,4
2021-04-20_2021-04-20T08:00:00-04:00,2021-04-20,0.7290714411296234,0.5573938395688199,0.09965253030252835,0.04834464569021212,2455,1
2021-04-20_2021-04-20T09:30:40-04:00,2021-04-20,0.422894608,0.3151734449760769,0.09266774977316536,0.12614895442717286,16,3
2021-04-20_2021-04-20T09:30:42-04:00,2021-04-20,0.43609190400000003,0.25943624868283066,0.10976161687604429,0.059645297862204495,13,3
2021-04-20_2021-04-20T09:30:47-04:00,2021-04-20,0.4861218492631579,0.41005659309564413,0.0944120751781487,0.11999716777587893,19,3
2021-04-20_2021-04-20T09:30:56-04:00,2021-04-20,0.4780158171530591,0.4737321667503604,0.0803020864542747,0.038512836433127334,1103,1
2021-04-20_2021-04-20T09:34:15-04:00,2021-04-20,0.5616827050666667,0.3355855855855912,0.07117894808181582,0.0742373647779027,15,3
2021-04-20_2021-04-20T09:34:33-04:00,2021-04-20,0.5232983515897436,0.5777451832536603,0.08048053820761512,0.046513767837878195,117,3
2021-04-20_2021-04-20T09:34:47-04:00,2021-04-20,0.5264904811789474,0.5254192631758786,0.07765579767054563,0.059290401036099484,95,3
2021-04-20_2021-04-20T09:34:58-04:00,2021-04-20,0.6351331503157894,0.6940935672514507,0.060493855793528555,0.11150431281024148,19,3
2021-04-20_2021-04-20T09:35:25-04:00,2021-04-20,0.4605491797333333,0.6474552845528431,0.10028584295543574,0.1001784585422509,15,3
2021-04-20_2021-04-20T09:35:48-04:00,2021-04-20,0.5855036586666666,0.5055840455840692,0.07215172260937727,0.23522343487473343,9,3
2021-04-20_2021-04-20T09:35:51-04:00,2021-04-20,0.5413134994636015,0.5409701149425155,0.10504253157522937,0.07620207118951997,87,3
2021-04-20_2021-04-20T09:36:05-04:00,2021-04-20,0.5034043494723307,0.4682956149485097,0.07460526140724381,0.04794861968039914,670,1
2021-04-20_2021-04-20T09:37:30-04:00,2021-04-20,0.5162067325490196,0.5825017099863139,0.08901591437564974,0.06855777689136071,68,3
2021-04-20_2021-04-20T09:42:21-04:00,2021-04-20,0.39623396266666666,0.45307823129253116,0.10949763753633329,0.15959788314212034,12,3
2021-04-20_2021-04-20T09:42:24-04:00,2021-04-20,0.49709269333333334,0.2688775510204061,0.0991855489806301,0.16271884063458927,12,3
2021-04-20_2021-04-20T09:42:33-04:00,2021-04-20,0.748294016,0.4752072020577397,0.0034864952125904223,0.2859552912449236,4,3
2021-04-20_2021-04-20T10:02:32-04:00,2021-04-20,0.6826155946666667,0.19210828547990133,0.04601160648011801,0.13507979197545336,12,5
2021-04-21_2021-04-21T09:38:54-04:00,2021-04-21,0.4907192339937695,0.7695708973972473,0.09141510743560692,0.05182150832036977,107,3
2021-04-21_2021-04-21T09:39:07-04:00,2021-04-21,0.5584975263999999,0.6063829787233938,0.05929613216297055,0.05813918325253793,40,3
2021-04-21_2021-04-21T09:39:13-04:00,2021-04-21,0.47484181661538466,0.4500202429149712,0.09851550230947263,0.08117405888202069,13,3
2021-04-21_2021-04-21T09:39:17-04:00,2021-04-21,0.538903232,0.34758360302049274,0.10893762237099898,0.054588567175208026,20,3
2021-04-21_2021-04-21T09:41:01-04:00,2021-04-21,0.5140977433694581,0.6304659084403601,0.08262109479054636,0.03144004465598007,754,1
2021-04-21_2021-04-21T09:42:08-04:00,2021-04-21,0.46416003472183903,0.6460605261422965,0.08733577494594397,0.05361444312772138,145,3
2021-04-22_2021-04-22T08:00:00-04:00,2021-04-22,0.2439090598379865,0.6320027600483036,0.11919905132157824,0.04483155099625777,374,3
2021-04-22_2021-04-22T08:49:37-04:00,2021-04-22,0.141413632,0.0,,,1,2
2021-04-22_2021-04-22T08:50:35-04:00,2021-04-22,0.047340384,0.0,,,1,2
2021-04-22_2021-04-22T08:52:15-04:00,2021-04-22,0.92820352,0.0,,,1,5
2021-04-22_2021-04-22T08:53:18-04:00,2021-04-22,0.10966624,0.0,,,1,2
2021-04-22_2021-04-22T08:53:38-04:00,2021-04-22,0.42747776,0.0,,,1,2
2021-04-22_2021-04-22T08:54:05-04:00,2021-04-22,0.6129846211614062,0.5285350785340287,0.05060434977594524,0.10890656125678676,382,3
2021-04-22_2021-04-22T09:16:47-04:00,2021-04-22,0.436305792,0.5,0.22183332940247863,0.5,2,0
2021-04-22_2021-04-22T09:17:46-04:00,2021-04-22,0.83053824,0.5,0.023588281422184464,0.5,2,0
2021-04-22_2021-04-22T09:19:46-04:00,2021-04-22,0.8190085119999999,0.5000000000000119,0.005788521402728439,0.25,3,3
2021-04-22_2021-04-22T09:19:58-04:00,2021-04-22,0.127531008,0.5,4.196862997299201e-05,0.5,2,0
2021-04-22_2021-04-22T09:20:11-04:00,2021-04-22,0.377718272,0.3333333333333333,0.025309756083929096,0.33333333333333337,3,3
2021-04-22_2021-04-22T09:20:24-04:00,2021-04-22,0.374486272,0.0,0.14852195263040718,0.0,2,3
2021-04-22_2021-04-22T09:20:33-04:00,2021-04-22,0.24338208,0.5,0.024072313088355897,0.5,2,0
2021-04-22_2021-04-22T09:20:51-04:00,2021-04-22,0.039745536,0.0,,,1,2
2021-04-22_2021-04-22T09:21:00-04:00,2021-04-22,0.6835728541590308,0.4380542854196002,0.10028066267378022,0.06358656436317466,493,3
2021-04-22_2021-04-22T09:30:09-04:00,2021-04-22,0.4999773481290323,0.5468155500413513,0.07229150509851484,0.03116743893116535,93,3
2021-04-22_2021-04-22T09:30:14-04:00,2021-04-22,0.3542882304,0.7009583333333296,0.0937145726774037,0.08630091331845037,15,3
2021-04-22_2021-04-22T09:30:18-04:00,2021-04-22,0.48764265471999996,0.5497764070932947,0.0802521789602863,0.13264755003688494,25,3
2021-04-22_2021-04-22T09:30:23-04:00,2021-04-22,0.5524784235789474,0.7348093942520956,0.10301353944764517,0.13254844267638002,19,3
2021-04-22_2021-04-22T09:30:28-04:00,2021-04-22,0.58222016,0.7046793145292475,0.06665579074471532,0.09936114612862668,13,3
2021-04-22_2021-04-22T09:30:32-04:00,2021-04-22,0.5287819653239766,0.6978723404255253,0.0857349474407773,0.080025320015798,95,3
2021-04-22_2021-04-22T09:33:55-04:00,2021-04-22,0.5161327360000001,0.5974886877828061,0.08138708154504394,0.07619732301697857,17,3
2021-04-22_2021-04-22T09:33:59-04:00,2021-04-22,0.501153631372549,0.7466008403361326,0.08535459529559315,0.07967473565790253,34,3
2021-04-22_2021-04-22T09:34:04-04:00,2021-04-22,0.5165362062222223,0.5225111111111068,0.06674735454529307,0.1896907511111154,9,3
2021-04-22_2021-04-22T09:34:44-04:00,2021-04-22,0.6705532043636363,0.3281596452328194,0.07252162603857168,0.12910665248559675,11,3
2021-04-23_2021-04-23T08:00:00-04:00,2021-04-23,0.02826101497168702,0.6344838255977505,0.009633642936253019,0.048408965238037394,165,2
2021-04-23_2021-04-23T08:03:33-04:00,2021-04-23,0.045288082285714286,0.0,,,1,2
2021-04-23_2021-04-23T08:06:55-04:00,2021-04-23,0.807390208,0.0,,,1,5
2021-04-23_2021-04-23T09:26:45-04:00,2021-04-23,0.553679872,0.0,,,1,5
2021-04-23_2021-04-23T09:26:54-04:00,2021-04-23,0.788394752,0.0,,,1,5
2021-04-23_2021-04-23T09:27:24-04:00,2021-04-23,0.02083392,0.0,,,1,2
2021-04-23_2021-04-23T09:27:48-04:00,2021-04-23,0.465183232,0.0,,,1,2
2021-04-23_2021-04-23T09:27:56-04:00,2021-04-23,0.16178726400000001,0.5,0.03631696193522893,0.5,2,0
2021-04-23_2021-04-23T09:30:05-04:00,2021-04-23,0.6016882823529413,0.3053960784313697,0.037806014884987894,0.10970973116260697,34,3
2021-04-23_2021-04-23T09:30:07-04:00,2021-04-23,0.44287614628571426,0.6411013438880674,0.0677630021388431,0.13768648529795124,56,3
2021-04-23_2021-04-23T09:30:09-04:00,2021-04-23,0.35173764388571427,0.8573895238095298,0.0421152753786286,0.023364625138256392,70,3
2021-04-23_2021-04-23T09:30:13-04:00,2021-04-23,0.4353893546666667,0.5943999999999979,0.14698432311883636,0.21704860444444352,6,0
2021-04-23_2021-04-23T09:30:16-04:00,2021-04-23,0.11962603733333332,0.2179777777777766,0.005856048987299363,0.15095089880837206,24,2
2021-04-23_2021-04-23T09:30:19-04:00,2021-04-23,0.474951296,0.6038833333333334,0.1314381438790295,0.1534287306060621,12,0
2021-04-23_2021-04-23T09:30:36-04:00,2021-04-23,0.4165828396521739,0.6957011248935276,0.10595271602897016,0.0692451731933819,23,3
2021-04-23_2021-04-23T09:30:40-04:00,2021-04-23,0.4493074944,0.4390097869890471,0.06155784124489305,0.16565349305921948,15,3
2021-04-23_2021-04-23T09:30:46-04:00,2021-04-23,0.5968887466666667,0.49816115011700424,0.024498936591832415,0.2500101441066766,3,3
2021-04-23_2021-04-23T09:30:51-04:00,2021-04-23,0.4538455343020408,0.44669304456475867,0.06927540523310992,0.10936955258154728,49,3
2021-04-23_2021-04-23T09:30:59-04:00,2021-04-23,0.5027990695825587,0.5534726479056311,0.08530881189059021,0.05433901465187972,388,3
2021-04-23_2021-04-23T09:32:02-04:00,2021-04-23,0.43557831680000003,0.5112499999999967,0.1000188487010885,0.18321006944444518,10,3
2021-04-23_2021-04-23T09:32:09-04:00,2021-04-23,0.38257177228985506,0.580289855072482,0.10464599364348216,0.05999678623123139,23,3
2021-04-23_2021-04-23T09:32:14-04:00,2021-04-23,0.4512513727298106,0.47641282172001925,0.08090876911610556,0.042169583228961305,472,3
2021-04-23_2021-04-23T09:33:24-04:00,2021-04-23,0.5256807196076057,0.5825986543186517,0.07740946700103744,0.036700303606127416,1927,1
2021-04-26_2021-04-26T10:10:49-04:00,2021-04-26,0.4743439170706264,0.6553781991378189,0.06942669886701379,0.040604445567261886,5000,4
2021-04-26_2021-04-26T10:17:36-04:00,2021-04-26,0.4800780313766234,0.571566661186917,0.07496602611712062,0.06495958200161966,77,3
2021-04-26_2021-04-26T10:17:50-04:00,2021-04-26,0.4856321435287517,0.519637815394445,0.09130748327958563,0.03206969529780867,310,3
2021-04-26_2021-04-26T10:18:38-04:00,2021-04-26,0.4649008298666667,0.6400784313726007,0.06540397340367135,0.117558174328553,15,3
2021-04-26_2021-04-26T10:18:40-04:00,2021-04-26,0.4814258532562908,0.5606068869360594,0.08092746724291698,0.04488624930287788,148,3
2021-04-26_2021-04-26T10:19:27-04:00,2021-04-26,0.48846842590025363,0.6798124701385662,0.09552807345098749,0.036670032310947225,91,3
2021-04-26_2021-04-26T10:19:42-04:00,2021-04-26,0.48251139876422766,0.4642564909520057,0.0789942174710263,0.0431153330225064,82,3
2021-04-26_2021-04-26T10:19:56-04:00,2021-04-26,0.650135296,0.5497194950911298,0.05570191959767998,0.0909510720668518,10,3
2021-04-26_2021-04-26T10:19:58-04:00,2021-04-26,0.4734064213333333,0.5052769070010421,0.09434379508476587,0.10966324688895161,6,3
2021-04-26_2021-04-26T10:20:01-04:00,2021-04-26,0.49659042833604333,0.5934379174777742,0.08457760047961523,0.042383376918437896,369,3
2021-04-26_2021-04-26T10:22:05-04:00,2021-04-26,0.4704608725012921,0.43811787848818917,0.08540422006382183,0.036608635370501456,1789,1
2021-04-26_2021-04-26T10:27:52-04:00,2021-04-26,0.4380482194285714,0.4237499999999924,0.09359782341606178,0.17957453703703738,7,3
2021-04-26_2021-04-26T10:27:55-04:00,2021-04-26,0.5364950016,0.33255813953488006,0.10783725591535942,0.16506219578150555,5,3
2021-04-26_2021-04-26T10:28:39-04:00,2021-04-26,0.548866048,0.4788011695906456,0.11781404008080995,0.12754340566327962,9,3
2021-04-26_2021-04-26T10:28:43-04:00,2021-04-26,0.3649117696,0.42181413466892126,0.14601233693942087,0.2560950684827385,5,0
2021-04-26_2021-04-26T10:28:49-04:00,2021-04-26,0.328708352,0.6732832757411216,0.0705494704981672,0.11230633434044959,11,3
2021-04-26_2021-04-26T10:28:55-04:00,2021-04-26,0.42652535680000003,0.3923007246377055,0.0966815578233912,0.04707656462926504,48,3
2021-04-26_2021-04-26T10:29:07-04:00,2021-04-26,0.4922972672,0.41279782164737816,0.16143880253752607,0.1365934324114299,5,3
2021-04-26_2021-04-26T10:29:16-04:00,2021-04-26,0.8308592640000001,0.5,0.0070421749778350135,0.5,2,0
2021-04-26_2021-04-26T10:29:19-04:00,2021-04-26,0.513323297466893,0.4758202686022882,0.07290461391122972,0.0393441041970131,62,3
2021-04-26_2021-04-26T10:29:40-04:00,2021-04-26,0.4511228078730159,0.5518123249299701,0.06924715455138757,0.048347516769710885,70,3
2021-04-27_2021-04-27T08:00:00-04:00,2021-04-27,0.5676815840663042,0.3935630338960661,0.16144446833396436,0.0314992516481355,2167,1
2021-04-27_2021-04-27T09:05:15-04:00,2021-04-27,0.4548849870769231,0.24720695970696005,0.05602226497884486,0.06635238688295854,26,3
2021-04-27_2021-04-27T09:05:29-04:00,2021-04-27,0.41024789028571423,0.4168871252204567,0.08615331925306034,0.11421872880206238,14,3
2021-04-27_2021-04-27T09:05:35-04:00,2021-04-27,0.43970366569568825,0.52966199458463,0.07087712625202346,0.03950012256422752,619,1
2021-04-27_2021-04-27T09:09:03-04:00,2021-04-27,0.597647488,0.75,0.19776434414360988,0.25,4,0
2021-04-27_2021-04-27T09:09:08-04:00,2021-04-27,0.4988631893333333,0.658956916099775,0.10109178382216938,0.32580190352785277,3,0
2021-04-27_2021-04-27T09:09:10-04:00,2021-04-27,0.6229486080000001,0.4751243781094466,0.006343131470390893,0.13536793643721526,6,3
2021-04-27_2021-04-27T09:09:13-04:00,2021-04-27,0.5073249493333333,0.5536111111111205,0.18972324344108477,0.23257118201777008,8,0
2021-04-27_2021-04-27T09:09:21-04:00,2021-04-27,0.5025778346666666,0.5481876332622578,0.0948136579600156,0.11092049819606302,28,3
2021-04-27_2021-04-27T09:09:35-04:00,2021-04-27,0.4087624106666667,0.3759259259259277,0.12663922923469612,0.13192181069958206,6,3
2021-04-27_2021-04-27T09:09:42-04:00,2021-04-27,0.635530112,0.7498648648648988,0.13475127293546763,0.24990998295595146,4,0
2021-04-27_2021-04-27T09:09:47-04:00,2021-04-27,0.517037184,0.4455128205128317,0.048560520655907526,0.23639875082183318,4,3
2021-04-27_2021-04-27T09:09:50-04:00,2021-04-27,0.35328324923076926,0.4090909090909022,0.08890366827973893,0.16253443526170513,13,3
2021-04-27_2021-04-27T09:09:57-04:00,2021-04-27,0.23120448,0.5,0.054237023388336136,0.5,2,0
2021-04-27_2021-04-27T09:09:59-04:00,2021-04-27,0.900949248,0.0,,,1,5
2021-04-27_2021-04-27T09:10:01-04:00,2021-04-27,0.345256576,0.43666666666665793,0.04227539683001631,0.2152666666666588,6,3
2021-04-27_2021-04-27T09:10:03-04:00,2021-04-27,0.182243584,0.0,,,1,2
2021-04-27_2021-04-27T09:10:06-04:00,2021-04-27,0.5565755306666667,0.2905982905982915,0.07287052083720137,0.1829498137190489,6,3
2021-04-27_2021-04-27T09:10:08-04:00,2021-04-27,0.203325568,0.4871794871794983,0.01998506948088955,0.16173570019724276,6,3
2021-04-27_2021-04-27T09:10:10-04:00,2021-04-27,0.532932032,0.5705128205128317,0.08108074563580178,0.17329607714223308,4,3
2021-04-27_2021-04-27T09:10:17-04:00,2021-04-27,0.5482290240000001,0.43199999999999933,0.1171316354304257,0.16597333333332945,10,3
2021-04-27_2021-04-27T09:10:25-04:00,2021-04-27,0.86761856,0.0,,,1,5
2021-04-27_2021-04-27T09:10:30-04:00,2021-04-27,0.642902112,0.5150862068965615,0.061870962734206385,0.19572256667232094,8,3
2021-04-27_2021-04-27T09:10:34-04:00,2021-04-27,0.44624046933333333,0.5833333333333334,0.01627325785509505,0.14166666666666666,6,3
2021-04-27_2021-04-27T09:10:36-04:00,2021-04-27,0.6184276479999999,0.5,0.006778786553004027,0.5,2,0
2021-04-27_2021-04-27T09:10:38-04:00,2021-04-27,0.3112203946666667,0.6666666666666666,0.015878327263712595,0.33333333333333337,3,0
2021-04-27_2021-04-27T09:10:44-04:00,2021-04-27,0.45696778666666665,0.6878735632183909,0.06710338446335193,0.12597212913918898,12,3
2021-04-27_2021-04-27T09:10:51-04:00,2021-04-27,0.788608512,0.4938271604938154,0.03350819505261773,0.2501143118427073,3,3
2021-04-27_2021-04-27T09:10:53-04:00,2021-04-27,0.5659607146666666,0.6333333333333254,0.09446941352680897,0.18237373737374207,12,3
2021-04-27_2021-04-27T09:11:01-04:00,2021-04-27,0.447637952,0.5,0.0010393823445073907,0.5,2,0
2021-04-27_2021-04-27T09:11:06-04:00,2021-04-27,0.4419876266666667,0.3055555555555503,0.16103642318313663,0.16018518518518485,6,3
2021-04-27_2021-04-27T09:11:11-04:00,2021-04-27,0.575352704,0.5,0.10667818472207156,0.5,2,0
2021-04-27_2021-04-27T09:11:14-04:00,2021-04-27,0.47886552888888895,0.6488095238095147,0.07415873376155774,0.1129019789734112,12,3
2021-04-27_2021-04-27T09:11:21-04:00,2021-04-27,0.175641568,0.75,0.01773707447902072,0.25,4,3
2021-04-27_2021-04-27T09:11:25-04:00,2021-04-27,0.653908864,0.5380952380952291,0.07321505163931101,0.21312169312170162,7,3
2021-04-27_2021-04-27T09:11:32-04:00,2021-04-27,0.31280780799999996,0.5,0.015229277440857428,0.3333333333333333,4,3
2021-04-27_2021-04-27T09:11:37-04:00,2021-04-27,0.404768992,0.75,0.0845196855277145,0.25,4,0
2021-04-27_2021-04-27T09:12:01-04:00,2021-04-27,0.16889873066666664,0.6666666666666666,0.005590212401845589,0.33333333333333337,3,0
2021-04-27_2021-04-27T09:12:04-04:00,2021-04-27,0.456498304,0.5,0.07089558385541121,0.5,2,0
2021-04-27_2021-04-27T09:12:07-04:00,2021-04-27,0.378635264,0.0,,,1,2
2021-04-27_2021-04-27T09:12:10-04:00,2021-04-27,0.359706272,0.49137931034483606,0.005054046849230165,0.16676575505350755,4,3
2021-04-27_2021-04-27T09:12:16-04:00,2021-04-27,0.313607552,0.6666666666666666,0.08839908726336718,0.33333333333333337,3,0
2021-04-27_2021-04-27T09:12:22-04:00,2021-04-27,0.205649024,0.0,0.08325905423011022,0.0,2,2
2021-04-27_2021-04-27T09:12:30-04:00,2021-04-27,0.4824917632,0.5166666666666698,0.1233202514893772,0.15092592592592344,10,3
2021-04-27_2021-04-27T09:12:34-04:00,2021-04-27,0.45226897066666666,0.46666666666665907,0.06802653511983651,0.25333333333333485,3,3
2021-04-27_2021-04-27T09:12:36-04:00,2021-04-27,0.809116928,0.0,,,1,5
2021-04-27_2021-04-27T09:12:38-04:00,2021-04-27,0.35600546133333333,0.6749499999999955,0.07929377408326457,0.2163914485714291,8,0
2021-04-27_2021-04-27T09:12:50-04:00,2021-04-27,0.430075392,0.0,,,1,2
2021-04-27_2021-04-27T09:12:54-04:00,2021-04-27,0.5509440995555556,0.5611111111111006,0.0653655349995312,0.24462962962963916,6,3
2021-04-27_2021-04-27T09:13:00-04:00,2021-04-27,0.599485776,0.590820312499997,0.08322756965265521,0.12091827392578385,8,3
2021-04-27_2021-04-27T09:13:08-04:00,2021-04-27,0.5373848198750248,0.5846748400852857,0.07503617996514907,0.07489380758767716,134,3
2021-04-27_2021-04-27T09:14:25-04:00,2021-04-27,0.5521637251282051,0.5813953488372153,0.10538517264284493,0.10284838651523182,13,3
2021-04-27_2021-04-27T09:14:33-04:00,2021-04-27,0.628056635054661,0.5514959454610693,0.10867652815406673,0.05372505474436905,2787,1
2021-04-27_2021-04-27T09:30:24-04:00,2021-04-27,0.49585604266666666,0.22890217391304704,0.06729745505810293,0.05362474270567835,24,3
2021-04-27_2021-04-27T09:30:29-04:00,2021-04-27,0.6394079771428572,0.14724498132586386,0.07266472247703933,0.021779337198188677,56,5
2021-04-27_2021-04-27T09:30:35-04:00,2021-04-27,0.4624316741818182,0.1251324908275623,0.07397598895069706,0.026689561434337435,33,3
2021-04-27_2021-04-27T09:30:39-04:00,2021-04-27,0.4725034589090909,0.1157170026626118,0.09214659193793254,0.053339142135573926,33,3
2021-04-27_2021-04-27T09:30:41-04:00,2021-04-27,0.3893936836923077,0.21550194597069663,0.08831171845224213,0.07593611647190816,39,3
2021-04-27_2021-04-27T09:30:43-04:00,2021-04-27,0.5652108844137931,0.09800105229075555,0.1027447975249999,0.02081418865887888,58,3
2021-04-27_2021-04-27T09:36:10-04:00,2021-04-27,0.48065468633654007,0.5117934482065171,0.08930565192920735,0.026008350915018942,2400,1
2021-04-27_2021-04-27T09:37:41-04:00,2021-04-27,0.45957473214078637,0.6562459969282248,0.0697585381802859,0.059790515099146076,5000,4
2021-04-27_2021-04-27T10:27:56-04:00,2021-04-27,0.535937373090909,0.11409624100240184,0.13338671639550062,0.08656153933242386,11,3
2021-04-28_2021-04-28T08:00:00-04:00,2021-04-28,0.7682771220083644,0.5048537578415773,0.06930315131372698,0.0640016678310571,1929,1
2021-04-28_2021-04-28T09:30:13-04:00,2021-04-28,0.3169912768,0.5423299418604571,0.06066078374399734,0.051092314173202334,40,3
2021-04-28_2021-04-28T09:30:15-04:00,2021-04-28,0.41821097353846154,0.28409288824382517,0.09143919305737869,0.11851403192222078,13,3
2021-04-28_2021-04-28T09:30:29-04:00,2021-04-28,0.48689150628571426,0.5687669968919958,0.07411337194677589,0.0826503914579986,72,3
2021-04-28_2021-04-28T09:30:40-04:00,2021-04-28,0.44655521476923077,0.34549339549340224,0.11265629601405754,0.06457504767959209,13,3
2021-04-28_2021-04-28T09:30:56-04:00,2021-04-28,0.6744245684705883,0.5410689437065197,0.06514481684350316,0.0650048693253573,34,3
2021-04-28_2021-04-28T09:30:58-04:00,2021-04-28,0.48340608825301756,0.481785179731331,0.08837105340221645,0.03725531466233942,374,3
2021-04-28_2021-04-28T09:33:07-04:00,2021-04-28,0.5157778688,0.6677627118644089,0.044586024372346725,0.11252416341267087,10,3
2021-04-28_2021-04-28T09:33:09-04:00,2021-04-28,0.49102673408,0.6188715789473674,0.12352001768544923,0.05890527841181816,25,3
2021-04-28_2021-04-28T09:33:34-04:00,2021-04-28,0.5255887189333334,0.644152718520942,0.10371124079927967,0.09204972145510507,15,3
2021-04-28_2021-04-28T09:33:36-04:00,2021-04-28,0.5177714951952663,0.6882805429864259,0.07445054155710752,0.04303429589666679,169,3
2021-04-28_2021-04-28T09:34:10-04:00,2021-04-28,0.604540928,0.43886315666039555,0.07141277426073817,0.10873234061882446,16,3
2021-04-28_2021-04-28T09:34:13-04:00,2021-04-28,0.4949320675555556,0.622072926946527,0.08826693547571174,0.05915558146786386,45,3
2021-04-28_2021-04-28T09:34:19-04:00,2021-04-28,0.5570098461138211,0.5631152300984488,0.06652227409172064,0.031908103106281914,123,3
2021-04-28_2021-04-28T09:34:35-04:00,2021-04-28,0.553254528,0.5531249999999864,0.11791609118273702,0.15149299375000186,6,3
2021-04-28_2021-04-28T09:34:37-04:00,2021-04-28,0.5066202365186814,0.4575670840787307,0.08505298119866848,0.07518707253401011,65,3
2021-04-28_2021-04-28T09:34:46-04:00,2021-04-28,0.4642697903027886,0.6236844160651359,0.08018050062468247,0.03253683500587003,1656,1
2021-04-28_2021-04-28T09:37:57-04:00,2021-04-28,0.34638630400000003,0.6908746556473639,0.06989984539608857,0.1239012245018884,10,3
2021-04-28_2021-04-28T09:38:01-04:00,2021-04-28,0.6683651413333332,0.44414500105684906,0.04224217369266531,0.18785680719742087,6,3
2021-04-28_2021-04-28T09:38:04-04:00,2021-04-28,0.45661930666666667,0.3960952380952248,0.11282397782585368,0.10619323685838061,12,3
2021-04-28_2021-04-28T09:38:19-04:00,2021-04-28,0.39187689600000003,0.6331135186057393,0.07368107123191696,0.07047853616732215,60,3
2021-04-28_2021-04-28T09:38:34-04:00,2021-04-28,0.5065189487968442,0.5852946423221115,0.088689559242602,0.04457514982483391,169,3
2021-04-28_2021-04-28T09:39:10-04:00,2021-04-28,0.38757821155555555,0.5843503021850185,0.08175359159029666,0.1301423374952953,9,3
2021-04-29_2021-04-29T08:00:00-04:00,2021-04-29,0.691818496,0.0,,,1,5
2021-04-29_2021-04-29T08:00:02-04:00,2021-04-29,0.5361012309333333,0.5380633333333336,0.050028793323615706,0.05937564567816043,30,3
2021-04-29_2021-04-29T08:44:46-04:00,2021-04-29,0.820065536,0.0,,,1,5
2021-04-29_2021-04-29T08:45:28-04:00,2021-04-29,0.7699480810066865,0.4426413057124874,0.045952114838202565,0.03436637316910489,177,5
2021-04-29_2021-04-29T09:06:51-04:00,2021-04-29,0.5025392639999999,0.5,0.04775464088698877,0.5,2,0
2021-04-29_2021-04-29T09:06:55-04:00,2021-04-29,0.5149020862464,0.5411826086956482,0.07315326437040452,0.13809134404536674,25,3
2021-04-29_2021-04-29T09:07:48-04:00,2021-04-29,0.966817024,0.0,,,1,5
2021-04-29_2021-04-29T09:07:55-04:00,2021-04-29,0.206747904,0.0,,,1,2
2021-04-29_2021-04-29T09:08:09-04:00,2021-04-29,0.45489325227394095,0.48625273224043547,0.08019254743254403,0.030093944143622948,488,3
2021-04-29_2021-04-29T09:30:06-04:00,2021-04-29,0.45765648564705885,0.5564113562091515,0.0977527858713619,0.025671471287115624,34,3
2021-04-29_2021-04-29T09:30:08-04:00,2021-04-29,0.253584365037037,0.07004668534080374,0.05099530807776643,0.06391802911209861,27,2
2021-04-29_2021-04-29T09:30:12-04:00,2021-04-29,0.4370140118032787,0.3354014977333547,0.013767542882822816,0.0366503458545073,61,3
2021-04-29_2021-04-29T09:30:14-04:00,2021-04-29,0.41064428799999997,0.6953124999999992,0.12712236446586744,0.2255045572916665,4,0
2021-04-29_2021-04-29T09:30:16-04:00,2021-04-29,0.505188422244898,0.7676463700234192,0.0877626647306181,0.01919652129846777,336,1
2021-04-29_2021-04-29T09:31:19-04:00,2021-04-29,0.5180214044444444,0.37285879629630214,0.09476537407313416,0.11763430748456863,9,3
2021-04-29_2021-04-29T09:31:28-04:00,2021-04-29,0.6250708992,0.4016296296296346,0.11428548974067786,0.1294092560415939,10,3
2021-04-29_2021-04-29T09:31:30-04:00,2021-04-29,0.529604864,0.4555631321741089,0.12141051939252753,0.12046486944484537,8,3
2021-04-29_2021-04-29T09:31:34-04:00,2021-04-29,0.7955923199999999,0.5,0.03899583024632083,0.16666666666666666,4,3
2021-04-29_2021-04-29T09:31:37-04:00,2021-04-29,0.43053288,0.5340131578947375,0.10770475147239074,0.06641192751615986,16,3
2021-04-29_2021-04-29T09:33:06-04:00,2021-04-29,0.501604802567679,0.6301073045027543,0.09656919598545366,0.035821585446358176,127,3
2021-04-29_2021-04-29T09:33:30-04:00,2021-04-29,0.622802144,0.4425048953931715,0.09932906269136103,0.09099141103505635,16,3
2021-04-29_2021-04-29T09:33:35-04:00,2021-04-29,0.33759611361672476,0.4666993389560079,0.06477425523597762,0.05121596927199927,41,3
2021-04-29_2021-04-29T09:33:44-04:00,2021-04-29,0.5433955324631579,0.6631906999193109,0.07288026671405962,0.029520897675742903,114,3
2021-04-29_2021-04-29T09:34:19-04:00,2021-04-29,0.4874181557918816,0.5857613168724279,0.0784954931766378,0.04386428260937044,729,1
2021-04-29_2021-04-29T09:37:09-04:00,2021-04-29,0.738955456,0.3808179990722136,0.02481718097352569,0.20578054458255116,4,3
2021-04-29_2021-04-29T09:37:11-04:00,2021-04-29,0.541438528,0.43498333333333034,0.10377627600824847,0.1340161926984103,8,3
2021-04-30_2021-04-30T09:48:55-04:00,2021-04-30,0.4774941479278764,0.5588487925938707,0.07601913229058022,0.07386571448854985,2070,1
2021-04-30_2021-04-30T09:51:53-04:00,2021-04-30,0.647403072,0.6576056338028068,0.10252753276645728,0.12819059710374872,8,3
2021-04-30_2021-04-30T09:51:59-04:00,2021-04-30,0.6884146688,0.567416666666652,0.08388721977764743,0.18339089843749248,5,3
2021-04-30_2021-04-30T09:52:02-04:00,2021-04-30,0.5902710784,0.4840040753947948,0.06294592475740898,0.19802731064685483,5,3
2021-04-30_2021-04-30T09:52:05-04:00,2021-04-30,0.4884334982945736,0.6225638116846239,0.07546693949406612,0.11716096533268343,43,3
2021-04-30_2021-04-30T09:52:13-04:00,2021-04-30,0.4536346879681592,0.4673847542947944,0.09166888928454191,0.05021807755999002,268,3
2021-04-30_2021-04-30T09:55:12-04:00,2021-04-30,0.7442354036363636,0.6717532467532447,0.06627533354423154,0.0775733434048983,22,3
2021-04-30_2021-04-30T09:55:34-04:00,2021-04-30,0.47303431028639054,0.6260827034237535,0.07653734942965527,0.08885133423318434,65,3
2021-04-30_2021-04-30T09:55:49-04:00,2021-04-30,0.564802976,0.5053571428571206,0.09679622980939541,0.19303378056758008,8,3
2021-04-30_2021-04-30T09:55:52-04:00,2021-04-30,0.4515045024,0.5655368589743551,0.07470922351142283,0.07649310453384112,32,3
2021-05-03_2021-05-03T08:00:00-04:00,2021-05-03,0.584486839357265,0.5118380237648548,0.03754727988183046,0.049171370325627184,195,3
2021-05-03_2021-05-03T08:00:09-04:00,2021-05-03,0.32905156835555555,0.0,0.20165247819497836,0.0,2,3
2021-05-03_2021-05-03T08:01:51-04:00,2021-05-03,0.04296651452631579,0.0,,,1,2
2021-05-03_2021-05-03T08:03:19-04:00,2021-05-03,0.86537088,0.0,,,1,5
2021-05-03_2021-05-03T08:03:48-04:00,2021-05-03,0.439853312,0.0,,,1,2
2021-05-03_2021-05-03T08:04:30-04:00,2021-05-03,0.5366575746976744,0.5333333333333649,0.1441877767223822,0.22933333333334854,6,0
2021-05-03_2021-05-03T08:05:26-04:00,2021-05-03,0.20014549721212122,0.5,0.05680120316226526,0.3333333333333333,4,0
2021-05-03_2021-05-03T08:07:09-04:00,2021-05-03,0.070627584,0.0,,,1,2
2021-05-03_2021-05-03T08:07:31-04:00,2021-05-03,0.45641159968507933,0.42499259259259387,0.07926463092552676,0.05472307394431481,75,3
2021-05-03_2021-05-03T08:29:43-04:00,2021-05-03,0.23981656462222223,0.5,0.10212208163912712,0.5,2,0
2021-05-03_2021-05-03T08:30:43-04:00,2021-05-03,0.12016,0.0,,,1,2
2021-05-03_2021-05-03T08:32:03-04:00,2021-05-03,0.6050434768231484,0.3105566824430928,0.09319841414007705,0.07069542683510566,754,1
2021-05-03_2021-05-03T09:03:29-04:00,2021-05-03,0.48893398646153846,0.375,0.11453951921357665,0.2678571428571429,8,0
2021-05-03_2021-05-03T09:03:46-04:00,2021-05-03,0.41425140622222223,0.3333333333333333,0.11798853125492709,0.33333333333333337,3,0
2021-05-03_2021-05-03T09:03:56-04:00,2021-05-03,0.35587698346666663,0.4882352941176495,0.028398247656021468,0.250692041522491,5,3
2021-05-03_2021-05-03T09:04:05-04:00,2021-05-03,0.964861952,0.0,,,1,5
2021-05-03_2021-05-03T09:04:15-04:00,2021-05-03,0.5640831146666666,0.3333333333333333,0.2038846635796944,0.33333333333333337,3,0
2021-05-03_2021-05-03T09:04:21-04:00,2021-05-03,0.058481664,0.0,,,1,2
2021-05-03_2021-05-03T09:04:33-04:00,2021-05-03,0.23643776,0.5,0.060741638422659075,0.5,2,0
2021-05-03_2021-05-03T09:04:35-04:00,2021-05-03,0.6393587199999999,0.5,0.0011944582766919636,0.5,2,0
2021-05-03_2021-05-03T09:04:41-04:00,2021-05-03,0.721624832,0.0,,,1,5
2021-05-03_2021-05-03T09:04:50-04:00,2021-05-03,0.31802252799999997,0.5,0.02852259380186316,0.5,2,0
2021-05-03_2021-05-03T09:04:54-04:00,2021-05-03,0.3063847936,0.0,0.17825254597720014,0.0,2,3
2021-05-03_2021-05-03T09:05:04-04:00,2021-05-03,0.499612288,0.5,0.4124965682600018,0.5,2,0
2021-05-03_2021-05-03T09:05:21-04:00,2021-05-03,0.293796096,0.0,,,1,2
2021-05-03_2021-05-03T09:05:30-04:00,2021-05-03,0.5917370368,0.4153846153846238,0.11884023141113534,0.15562130177514566,5,3
2021-05-03_2021-05-03T09:05:37-04:00,2021-05-03,0.6087506773333333,0.38596491228070434,0.08681723935747823,0.2890120036934424,3,3
2021-05-03_2021-05-03T09:05:43-04:00,2021-05-03,0.44245382720000004,0.4975000000000094,0.07768996274073064,0.1434999999999921,10,3
2021-05-03_2021-05-03T09:05:54-04:00,2021-05-03,0.3867352225185185,0.4420903954802389,0.1668602163785214,0.1201211337738209,6,3
2021-05-03_2021-05-03T09:06:09-04:00,2021-05-03,0.86485888,0.0,,,1,5
2021-05-03_2021-05-03T09:06:14-04:00,2021-05-03,0.179221888,0.0,,,1,2
2021-05-03_2021-05-03T09:06:19-04:00,2021-05-03,0.74985024,0.0,0.07610587073770292,0.0,2,5
2021-05-03_2021-05-03T09:06:30-04:00,2021-05-03,0.436128,0.0,,,1,2
2021-05-03_2021-05-03T09:06:35-04:00,2021-05-03,0.09165636266666666,0.0,,,1,2
2021-05-03_2021-05-03T09:06:41-04:00,2021-05-03,0.432674304,0.5,0.005488274194956287,0.5,2,0
2021-05-03_2021-05-03T09:06:50-04:00,2021-05-03,0.9330184960000001,0.5,0.0035044709774458916,0.5,2,0
2021-05-03_2021-05-03T09:06:58-04:00,2021-05-03,0.075125504,0.0,,,1,2
2021-05-03_2021-05-03T09:07:10-04:00,2021-05-03,0.4868639573333334,0.5698924731183072,0.19667847112198286,0.26465487339577987,3,0
2021-05-03_2021-05-03T09:07:16-04:00,2021-05-03,0.020583606857142858,0.0,,,1,2
2021-05-03_2021-05-03T09:07:27-04:00,2021-05-03,0.429251072,0.49230769230768445,0.04942186188158567,0.15792241946088897,5,3
2021-05-03_2021-05-03T09:07:35-04:00,2021-05-03,0.6208965120000001,0.5,0.0011173421699563583,0.5,2,0
2021-05-03_2021-05-03T09:07:38-04:00,2021-05-03,0.829059072,0.5,0.002380442592346112,0.5,2,0
2021-05-03_2021-05-03T09:07:42-04:00,2021-05-03,0.164841984,0.0,,,1,2
2021-05-03_2021-05-03T09:07:46-04:00,2021-05-03,0.22425826133333335,0.5555555555555718,0.018494589970519382,0.25925925925926463,3,3
2021-05-03_2021-05-03T09:07:51-04:00,2021-05-03,0.746124288,0.5,0.11415690890654515,0.5,2,0
2021-05-03_2021-05-03T09:07:53-04:00,2021-05-03,0.45250796800000004,0.0,0.21781799461166287,0.0,2,3
2021-05-03_2021-05-03T09:07:57-04:00,2021-05-03,0.274964992,0.0,,,1,2
2021-05-03_2021-05-03T09:08:03-04:00,2021-05-03,0.854797312,0.0,,,1,5
2021-05-03_2021-05-03T09:08:07-04:00,2021-05-03,0.161713152,0.0,,,1,2
2021-05-03_2021-05-03T09:09:11-04:00,2021-05-03,0.498635648,0.5,0.13268507960194664,0.3333333333333333,4,0
2021-05-03_2021-05-03T09:09:21-04:00,2021-05-03,0.541706624,0.5,0.05054649296515893,0.5,2,0
2021-05-03_2021-05-03T09:09:31-04:00,2021-05-03,0.6537582681286161,0.5419151743806372,0.11622829094385112,0.01819033327901758,1369,1
2021-05-04_2021-05-04T08:00:00-04:00,2021-05-04,0.3513561451967722,0.5246562519184808,0.13026121799578783,0.1177081434528713,377,3
2021-05-04_2021-05-04T08:50:50-04:00,2021-05-04,0.3260527318486487,0.3919999999999959,0.08500845112456974,0.2883199999999942,5,3
2021-05-04_2021-05-04T08:52:18-04:00,2021-05-04,0.367289728,0.0,0.16469825404564276,0.0,2,3
2021-05-04_2021-05-04T08:52:46-04:00,2021-05-04,0.59769088,0.0,,,1,5
2021-05-04_2021-05-04T08:53:47-04:00,2021-05-04,0.17386282666666666,0.0,,,1,2
2021-05-04_2021-05-04T08:53:58-04:00,2021-05-04,0.971968,0.0,,,1,5
2021-05-04_2021-05-04T08:54:04-04:00,2021-05-04,0.06314258285714286,0.0,,,1,2
2021-05-04_2021-05-04T08:54:24-04:00,2021-05-04,0.6542743893333334,0.6586666666666664,0.24104014989982112,0.325525333333333,3,0
2021-05-04_2021-05-04T08:54:49-04:00,2021-05-04,0.25361858715151514,0.6666666666666666,0.058568149139881884,0.33333333333333337,3,0
2021-05-04_2021-05-04T08:55:46-04:00,2021-05-04,0.550278144,0.0,,,1,5
2021-05-04_2021-05-04T08:55:55-04:00,2021-05-04,0.682519296,0.0,,,1,5
2021-05-04_2021-05-04T08:56:29-04:00,2021-05-04,0.45302849855072463,0.44444444444443393,0.16546046906151543,0.2592592592592628,3,0
2021-05-04_2021-05-04T08:57:35-04:00,2021-05-04,0.468131072,0.0,,,1,2
2021-05-04_2021-05-04T08:57:47-04:00,2021-05-04,0.16204599466666667,0.0,,,1,2
2021-05-04_2021-05-04T08:57:59-04:00,2021-05-04,0.13552112831600832,0.8648648648648649,0.010335205653948578,0.10623123123123121,37,3
2021-05-04_2021-05-04T08:58:30-04:00,2021-05-04,0.664347392,0.0,,,1,5
2021-05-04_2021-05-04T08:58:34-04:00,2021-05-04,0.3123822894545455,0.0,0.04153204141104581,0.0,4,2
2021-05-04_2021-05-04T09:00:03-04:00,2021-05-04,0.7521167360000001,0.0,3.6248865996807127e-07,0.0,2,5
2021-05-04_2021-05-04T09:00:11-04:00,2021-05-04,0.651272704,0.0,,,1,5
2021-05-04_2021-05-04T09:00:15-04:00,2021-05-04,0.02726912,0.0,,,1,2
2021-05-04_2021-05-04T09:00:19-04:00,2021-05-04,0.42896832,0.0,0.001671718671515649,0.0,2,2
2021-05-04_2021-05-04T09:00:24-04:00,2021-05-04,0.881443584,0.0,,,1,5
2021-05-04_2021-05-04T09:00:27-04:00,2021-05-04,0.44825856,0.0,,,1,2
2021-05-04_2021-05-04T09:00:32-04:00,2021-05-04,0.42320127999999996,0.0,0.22425173809501886,0.0,2,3
2021-05-04_2021-05-04T09:00:38-04:00,2021-05-04,0.57424512,0.0,,,1,5
2021-05-04_2021-05-04T09:00:40-04:00,2021-05-04,0.711731968,0.0,,,1,5
2021-05-04_2021-05-04T09:00:43-04:00,2021-05-04,0.44741107199999997,0.5,0.001947087672737789,0.5,2,0
2021-05-04_2021-05-04T09:00:47-04:00,2021-05-04,0.47385427199999997,0.5744949494949528,0.19236429688980003,0.17407024793388495,4,0
2021-05-04_2021-05-04T09:01:51-04:00,2021-05-04,0.322399488,0.5,0.01725096360266957,0.5,2,0
2021-05-04_2021-05-04T09:01:53-04:00,2021-05-04,0.546480128,0.0,,,1,5
2021-05-04_2021-05-04T09:01:55-04:00,2021-05-04,0.3323211093333333,0.3333333333333333,0.03734392837644834,0.33333333333333337,3,3
2021-05-04_2021-05-04T09:02:05-04:00,2021-05-04,0.6745622186666665,0.3333333333333333,0.07204120541608894,0.33333333333333337,3,3
2021-05-04_2021-05-04T09:02:12-04:00,2021-05-04,0.7388537051428571,0.42857142857142855,0.09345066299406486,0.2857142857142857,7,0
2021-05-04_2021-05-04T09:02:28-04:00,2021-05-04,0.65030912,0.0,,,1,5
2021-05-04_2021-05-04T09:02:35-04:00,2021-05-04,0.324910208,0.5,0.15806424949066955,0.5,2,0
2021-05-04_2021-05-04T09:02:39-04:00,2021-05-04,0.581422848,0.594202898550705,0.09255205077994702,0.2766225582860632,3,0
2021-05-04_2021-05-04T09:02:43-04:00,2021-05-04,0.596551168,0.0,,,1,5
2021-05-04_2021-05-04T09:02:49-04:00,2021-05-04,0.3778063451428571,0.6204081632653088,0.10424347927813415,0.23720116618075635,7,0
2021-05-04_2021-05-04T09:03:01-04:00,2021-05-04,0.7817768106666666,0.652173913043471,0.09420280905265463,0.17769376181473406,6,3
2021-05-04_2021-05-04T09:03:11-04:00,2021-05-04,0.617897728,0.0,,,1,5
2021-05-04_2021-05-04T09:03:27-04:00,2021-05-04,0.57394176,0.0,,,1,5
2021-05-04_2021-05-04T09:03:35-04:00,2021-05-04,0.74089856,0.5,0.1305971637576008,0.5,2,0
2021-05-04_2021-05-04T09:03:48-04:00,2021-05-04,0.534041856,0.0,,,1,5
2021-05-04_2021-05-04T09:03:52-04:00,2021-05-04,0.11749952,0.5,0.00750022056112947,0.5,2,0
2021-05-04_2021-05-04T09:03:57-04:00,2021-05-04,0.44914867199999997,0.5,0.3885682055782072,0.5,2,0
2021-05-04_2021-05-04T09:06:48-04:00,2021-05-04,0.47890722133333335,0.47500000000001125,0.14557407748825635,0.2518749999999983,3,0
2021-05-04_2021-05-04T09:06:52-04:00,2021-05-04,0.136328576,0.6666666666666666,0.026222219898585086,0.33333333333333337,3,0
2021-05-04_2021-05-04T09:07:03-04:00,2021-05-04,0.847902464,0.0,,,1,5
2021-05-04_2021-05-04T09:07:08-04:00,2021-05-04,0.608011008,0.0,,,1,5
2021-05-04_2021-05-04T09:07:16-04:00,2021-05-04,0.40625056000000004,0.4625000000000169,0.09039000782470623,0.16854166666666495,4,3
2021-05-04_2021-05-04T09:07:21-04:00,2021-05-04,0.6094528,0.0,,,1,5
2021-05-04_2021-05-04T09:07:31-04:00,2021-05-04,0.576315072,0.3845108695652317,0.09705976461758191,0.22001762366099187,4,3
2021-05-04_2021-05-04T09:07:41-04:00,2021-05-04,0.341089792,0.6097560975609807,0.026339875284363944,0.23517747372595446,4,3
2021-05-04_2021-05-04T09:07:53-04:00,2021-05-04,0.5426527573333334,0.4983164983164999,0.027281936864007494,0.25000850253375506,3,3
2021-05-04_2021-05-04T09:08:03-04:00,2021-05-04,0.293527296,0.5,0.1377662756192911,0.25,3,0
2021-05-04_2021-05-04T09:08:17-04:00,2021-05-04,0.5895875584,0.4383838383838376,0.021762631811288263,0.26898275686154527,5,3
2021-05-04_2021-05-04T09:08:27-04:00,2021-05-04,0.665998336,0.0,,,1,5
2021-05-04_2021-05-04T09:08:29-04:00,2021-05-04,0.43451264,0.0,,,1,2
2021-05-04_2021-05-04T09:08:43-04:00,2021-05-04,0.395027584,0.5700917334458009,0.11811124008296991,0.23433149809667,4,0
2021-05-04_2021-05-04T09:09:04-04:00,2021-05-04,0.610704128,0.0,,,1,5
2021-05-04_2021-05-04T09:09:07-04:00,2021-05-04,0.3959760213333334,0.3333333333333333,0.14751306625032737,0.33333333333333337,3,0
2021-05-04_2021-05-04T09:09:19-04:00,2021-05-04,0.64591232,0.0,,,1,5
2021-05-04_2021-05-04T09:09:21-04:00,2021-05-04,0.139026432,0.0,,,1,2
2021-05-04_2021-05-04T09:09:26-04:00,2021-05-04,0.999229696,0.0,,,1,5
2021-05-04_2021-05-04T09:09:28-04:00,2021-05-04,0.91421312,0.0,,,1,5
2021-05-04_2021-05-04T09:09:33-04:00,2021-05-04,0.933838848,0.0,,,1,5
2021-05-04_2021-05-04T09:09:57-04:00,2021-05-04,0.48001024,0.0,,,1,2
2021-05-04_2021-05-04T09:10:07-04:00,2021-05-04,0.42778624,0.0,,,1,2
2021-05-04_2021-05-04T09:10:21-04:00,2021-05-04,0.073033984,0.0,,,1,2
2021-05-04_2021-05-04T09:10:55-04:00,2021-05-04,0.403444992,0.0,,,1,2
2021-05-04_2021-05-04T09:11:03-04:00,2021-05-04,0.291901184,0.0,,,1,2
2021-05-04_2021-05-04T09:15:34-04:00,2021-05-04,0.601138176,0.5,0.1896712336867328,0.5,2,0
2021-05-04_2021-05-04T09:16:50-04:00,2021-05-04,0.962675712,0.0,,,1,5
2021-05-04_2021-05-04T09:17:06-04:00,2021-05-04,0.7309629440000001,0.5,0.002297174818291722,0.5,2,0
2021-05-04_2021-05-04T09:17:09-04:00,2021-05-04,0.116853952,0.0,,,1,2
2021-05-04_2021-05-04T09:17:17-04:00,2021-05-04,0.718861056,0.0,,,1,5
2021-05-04_2021-05-04T09:17:47-04:00,2021-05-04,0.150102528,0.5,0.004864811167383554,0.5,2,0
2021-05-04_2021-05-04T09:17:59-04:00,2021-05-04,0.360403456,0.0,,,1,2
2021-05-04_2021-05-04T09:18:20-04:00,2021-05-04,0.878222336,0.0,,,1,5
2021-05-04_2021-05-04T09:18:28-04:00,2021-05-04,0.248261888,0.0,,,1,2
2021-05-04_2021-05-04T09:18:45-04:00,2021-05-04,0.510161152,0.5,0.01969448771911679,0.5,2,0
2021-05-04_2021-05-04T09:18:48-04:00,2021-05-04,0.18409480533333333,0.3333333333333333,0.01607304729790601,0.33333333333333337,3,3
2021-05-04_2021-05-04T09:18:56-04:00,2021-05-04,0.986530048,0.0,,,1,5
2021-05-04_2021-05-04T09:19:21-04:00,2021-05-04,0.44431492266666667,0.6666666666666666,0.05176856975771785,0.33333333333333337,3,0
2021-05-04_2021-05-04T09:19:35-04:00,2021-05-04,0.5200319146666667,0.5,0.1590856177987966,0.25,3,0
2021-05-04_2021-05-04T09:19:41-04:00,2021-05-04,0.980458752,0.0,,,1,5
2021-05-04_2021-05-04T09:19:45-04:00,2021-05-04,0.084358144,0.0,,,1,2
2021-05-04_2021-05-04T09:19:55-04:00,2021-05-04,0.196243456,0.0,,,1,2
2021-05-04_2021-05-04T09:19:59-04:00,2021-05-04,0.278958208,0.5,0.04527012576523059,0.5,2,0
2021-05-04_2021-05-04T09:20:10-04:00,2021-05-04,0.411602688,0.0,,,1,2
2021-05-04_2021-05-04T09:20:13-04:00,2021-05-04,0.596066048,0.0,0.17143369859071997,0.0,2,3
2021-05-04_2021-05-04T09:20:16-04:00,2021-05-04,0.5608354133333333,0.3333333333333333,0.1744641809586804,0.33333333333333337,3,0
2021-05-04_2021-05-04T09:20:25-04:00,2021-05-04,0.69934208,0.0,,,1,5
2021-05-04_2021-05-04T09:20:33-04:00,2021-05-04,0.136383232,0.0,,,1,2
2021-05-04_2021-05-04T09:20:43-04:00,2021-05-04,0.7157064533333334,0.5407407407407354,0.11463018809506749,0.25497942386831146,3,0
2021-05-04_2021-05-04T09:30:02-04:00,2021-05-04,0.48194323199999994,0.0995833333333368,0.012298269126285783,0.02281326893239416,48,2
2021-05-04_2021-05-04T09:30:51-04:00,2021-05-04,0.5077337134789665,0.6315511936053982,0.0807842301091501,0.04145945623692009,1411,1
2021-05-04_2021-05-04T09:33:41-04:00,2021-05-04,0.494822272,0.445075757575748,0.07294538373359208,0.12566820805456821,8,3
2021-05-06_2021-05-06T08:00:02-04:00,2021-05-06,0.23162832572631578,0.5018591254255031,0.0465982313327925,0.0905143974766056,95,3
2021-05-10_2021-05-10T08:00:00-04:00,2021-05-10,0.8691216422565549,0.5138474108152891,0.03858869559882082,0.06190103791528031,4987,4
2021-05-10_2021-05-10T09:40:45-04:00,2021-05-10,0.2839764627692308,0.059284391636446054,0.05169507243514954,0.018356622284437973,52,2
2021-05-10_2021-05-10T09:41:09-04:00,2021-05-10,0.5370345472,0.22736528221512292,0.08434765128788868,0.1869751466506977,5,3
2021-05-10_2021-05-10T09:41:23-04:00,2021-05-10,0.4108125696,0.2063203285420953,0.15074902965884027,0.19691932217110963,5,3
2021-05-10_2021-05-10T09:41:25-04:00,2021-05-10,0.45390768872727266,0.13826679649464338,0.06623086177494568,0.08231788836753345,11,3
2021-05-10_2021-05-10T09:41:58-04:00,2021-05-10,0.6032094720000001,0.29910951893551674,0.04186130220296874,0.22054638284082181,4,3
2021-05-10_2021-05-10T09:42:00-04:00,2021-05-10,0.47888174933333333,0.18711834014585116,0.14388599058075263,0.15881336513449645,6,3
2021-05-10_2021-05-10T09:42:35-04:00,2021-05-10,0.47487877390366773,0.6658965753424656,0.07397463899648923,0.050227052057156135,146,3
2021-05-10_2021-05-10T09:43:08-04:00,2021-05-10,0.4485978975179487,0.10101533823552254,0.09139188084608002,0.026745888993497165,65,3
2021-05-10_2021-05-10T09:47:51-04:00,2021-05-10,0.5588738047999999,0.6614647887323846,0.11223315595724066,0.17390388414996827,5,0
2021-05-11_2021-05-11T08:00:01-04:00,2021-05-11,0.5916626357468354,0.6088377157240915,0.01911727635906457,0.0957363756559678,237,3
2021-05-11_2021-05-11T08:02:40-04:00,2021-05-11,0.473185664,0.5,0.08966009370053839,0.5,2,0
2021-05-11_2021-05-11T09:59:27-04:00,2021-05-11,0.45737119624801864,0.4683586635586637,0.07546035203075098,0.07034825774995544,858,1
2021-05-11_2021-05-11T10:02:15-04:00,2021-05-11,0.49719295999999996,0.5859677419355019,0.07591111602570201,0.12087324245577634,26,3
2021-05-11_2021-05-11T10:03:15-04:00,2021-05-11,0.509077208888889,0.7173722627737097,0.08802614510013725,0.12766240540020365,24,3
2021-05-11_2021-05-11T10:03:23-04:00,2021-05-11,0.5513112975384615,0.5712814922480697,0.07636299965349565,0.04501273233872451,96,3
2021-05-11_2021-05-11T10:03:51-04:00,2021-05-11,0.4575285004190476,0.7635978835978916,0.07505256455163126,0.09602282774838548,21,3
2021-05-11_2021-05-11T10:04:00-04:00,2021-05-11,0.32258466133333336,0.5,0.04341404890735138,0.25,3,3
2021-05-11_2021-05-11T10:04:07-04:00,2021-05-11,0.6167520995555555,0.5542735042735021,0.08835293695920449,0.11062518080210998,9,3
2021-05-11_2021-05-11T10:04:10-04:00,2021-05-11,0.4202883937103448,0.513304597701125,0.07478952943412995,0.10227994706142576,29,3
2021-05-11_2021-05-11T10:04:17-04:00,2021-05-11,0.163018624,0.5,0.0014098202928414718,0.5,2,0
2021-05-11_2021-05-11T10:04:19-04:00,2021-05-11,0.5145034886376949,0.6140022860257196,0.08305274417686297,0.043067326510512864,409,3
2021-05-11_2021-05-11T10:05:56-04:00,2021-05-11,0.4832462673501656,0.4697819669365725,0.08691770885433249,0.044188074595361344,247,3
2021-05-11_2021-05-11T10:06:53-04:00,2021-05-11,0.303528832,0.5,0.010699321766346758,0.5,2,0
2021-05-11_2021-05-11T10:06:55-04:00,2021-05-11,0.604071296,0.6349107513490969,0.14677279659639872,0.2262559748528489,4,0
2021-05-14_2021-05-14T08:00:01-04:00,2021-05-14,0.7385676786382979,0.5973670212765956,0.04203282392273331,0.08065730739533301,94,3
2021-05-14_2021-05-14T09:13:59-04:00,2021-05-14,0.581654272,0.0,,,1,5
2021-05-14_2021-05-14T09:14:13-04:00,2021-05-14,0.90282368,0.0,,,1,5
2021-05-14_2021-05-14T09:14:20-04:00,2021-05-14,0.49427072,0.5,0.22168347004318514,0.5,2,0
2021-05-14_2021-05-14T09:14:46-04:00,2021-05-14,0.867136,0.0,,,1,5
2021-05-14_2021-05-14T09:14:57-04:00,2021-05-14,0.460256,0.0,,,1,2
2021-05-14_2021-05-14T09:15:03-04:00,2021-05-14,0.672626816,0.5,0.16299393359442738,0.5,2,0
2021-05-14_2021-05-14T09:15:15-04:00,2021-05-14,0.348013056,0.0,,,1,2
2021-05-14_2021-05-14T09:15:43-04:00,2021-05-14,0.39141811200000004,0.5,0.2983417135509013,0.5,2,0
2021-05-14_2021-05-14T09:16:02-04:00,2021-05-14,0.051906816,0.0,,,1,2
2021-05-14_2021-05-14T09:16:32-04:00,2021-05-14,0.133719424,0.5,0.002279112226930687,0.5,2,0
2021-05-14_2021-05-14T09:16:53-04:00,2021-05-14,0.054462208,0.5,0.003691937079099392,0.5,2,0
2021-05-14_2021-05-14T09:17:03-04:00,2021-05-14,0.334357336,0.0,0.059002286882371156,0.0,4,2
2021-05-14_2021-05-14T09:17:30-04:00,2021-05-14,0.2896433737142857,0.0,0.08231079520421511,0.0,2,2
2021-05-14_2021-05-14T09:17:42-04:00,2021-05-14,0.34741346133333334,0.0,0.03123689204150363,0.0,2,2
2021-05-14_2021-05-14T09:17:48-04:00,2021-05-14,0.060144640000000006,0.5,0.0029446992615444483,0.16666666666666666,4,2
2021-05-14_2021-05-14T09:18:00-04:00,2021-05-14,0.40751356159999996,0.625,0.09050878162004672,0.2291666666666667,4,0
2021-05-14_2021-05-14T09:18:13-04:00,2021-05-14,0.391598180173913,0.5,0.06094394917694936,0.3,6,0
2021-05-14_2021-05-14T09:18:44-04:00,2021-05-14,0.227410944,0.0,,,1,2
2021-05-14_2021-05-14T09:18:50-04:00,2021-05-14,0.29102976,0.0,,,1,2
2021-05-14_2021-05-14T09:19:03-04:00,2021-05-14,0.901647104,0.0,,,1,5
2021-05-14_2021-05-14T09:19:06-04:00,2021-05-14,0.632880256,0.5,0.0023828984918507464,0.5,2,0
2021-05-14_2021-05-14T09:19:16-04:00,2021-05-14,0.95273472,0.0,,,1,5
2021-05-14_2021-05-14T09:19:19-04:00,2021-05-14,0.5198645023030304,0.6666666666666666,0.17432026919601235,0.33333333333333337,3,0
2021-05-14_2021-05-14T09:19:48-04:00,2021-05-14,0.80989376,0.5,0.009137028163469323,0.5,2,0
2021-05-14_2021-05-14T09:19:54-04:00,2021-05-14,0.214337472,0.0,,,1,2
2021-05-14_2021-05-14T09:20:05-04:00,2021-05-14,0.29062528,0.0,,,1,2
2021-05-14_2021-05-14T09:20:10-04:00,2021-05-14,0.4797359786666666,0.3333333333333333,0.0952156109205886,0.33333333333333337,3,0
2021-05-14_2021-05-14T09:20:23-04:00,2021-05-14,0.458782464,0.0,,,1,2
2021-05-14_2021-05-14T09:20:33-04:00,2021-05-14,0.210175744,0.0,,,1,2
2021-05-14_2021-05-14T09:20:44-04:00,2021-05-14,0.24450852266666667,0.819727891156456,0.06635812118905934,0.16150215188115868,6,0
2021-05-14_2021-05-14T09:21:01-04:00,2021-05-14,0.7992387413333333,0.3333333333333333,0.01996593771461562,0.33333333333333337,3,3
2021-05-14_2021-05-14T09:21:14-04:00,2021-05-14,0.29131255466666667,0.0,,,1,2
2021-05-14_2021-05-14T10:04:32-04:00,2021-05-14,0.4947438139537501,0.5511876872524095,0.07800666690180748,0.053653269159900735,446,3
2021-05-14_2021-05-14T10:05:25-04:00,2021-05-14,0.6946211271111111,0.6776734649832715,0.04489922785736749,0.1249952708684122,9,3
2021-05-14_2021-05-14T10:05:28-04:00,2021-05-14,0.6228795093333334,0.37388888888889155,0.132986075753722,0.14105893333332853,36,3
2021-05-14_2021-05-14T10:05:47-04:00,2021-05-14,0.3625546186105263,0.6082386845227838,0.12153221075415516,0.089878516037843,19,3
2021-05-14_2021-05-14T10:06:01-04:00,2021-05-14,0.5522734933333333,0.4634634634634327,0.11292811778748141,0.2540047555062638,3,0
2021-05-14_2021-05-14T10:06:03-04:00,2021-05-14,0.541500884,0.7520988164051907,0.12169881579810253,0.089205919113135,16,3
2021-05-14_2021-05-14T10:06:09-04:00,2021-05-14,0.5478749866666667,0.3941593226196676,0.006092840663143781,0.28360674696498284,3,3
2021-05-14_2021-05-14T10:06:12-04:00,2021-05-14,0.4659836586666667,0.5033333333333567,0.11349957815914746,0.1344530307968154,18,3
2021-05-14_2021-05-14T10:06:19-04:00,2021-05-14,0.6998499108571429,0.2634523809523984,0.09826467552001422,0.1328472957084022,7,3
2021-05-14_2021-05-14T10:11:44-04:00,2021-05-14,0.574763264,0.3333333333333333,0.14743450289196236,0.33333333333333337,3,0
2021-05-14_2021-05-14T10:11:54-04:00,2021-05-14,0.662676224,0.5734126984126965,0.09352441853160978,0.2081868858654527,6,3
2021-05-14_2021-05-14T10:11:57-04:00,2021-05-14,0.796971136,0.38141025641025084,0.04786319834089608,0.21525038351962553,4,3
2021-05-14_2021-05-14T10:12:02-04:00,2021-05-14,0.6484368895999999,0.7583888888888953,0.03419000753932203,0.18127686728395356,5,3
2021-05-14_2021-05-14T10:14:24-04:00,2021-05-14,0.7455590400000001,0.5,0.013421772800000025,0.5,2,0
2021-05-14_2021-05-14T10:25:15-04:00,2021-05-14,0.43961492480000003,0.580684410646384,0.03633689459875004,0.12882285702454943,10,3
2021-05-14_2021-05-14T10:25:38-04:00,2021-05-14,0.19122005333333333,0.5274261603375311,0.01681020432803868,0.11226833306627235,6,3
2021-05-14_2021-05-14T10:25:40-04:00,2021-05-14,0.4924027831794872,0.44692846987302265,0.06153498344445479,0.06825445044902625,39,3
2021-05-14_2021-05-14T10:25:52-04:00,2021-05-14,0.5602334245925926,0.3285995425775241,0.07726624197371516,0.11892592470802354,9,3
2021-05-14_2021-05-14T10:26:41-04:00,2021-05-14,0.352470528,0.5451601030548415,0.10965843228305003,0.16568551259676875,5,3
2021-05-14_2021-05-14T10:28:21-04:00,2021-05-14,0.3809397333333333,0.6477608142493582,0.023151584324391173,0.15129300545811314,6,3
2021-05-14_2021-05-14T10:28:23-04:00,2021-05-14,0.41045226240000005,0.7035303030303168,0.09779347969917218,0.1375569026119811,10,3
2021-05-14_2021-05-14T10:28:29-04:00,2021-05-14,0.5386172824615385,0.5629293993677476,0.04614342708958343,0.12822047675274834,26,3
2021-05-14_2021-05-14T10:28:35-04:00,2021-05-14,0.5772734702598472,0.6298328031508053,0.07450880547522021,0.05632674640552725,324,3
2021-05-17_2021-05-17T10:05:15-04:00,2021-05-17,0.50569364,0.6484523809523844,0.05569502677112143,0.11010763597883337,16,3
2021-05-17_2021-05-17T10:05:33-04:00,2021-05-17,0.5073798281365853,0.745790407811302,0.06453204411047753,0.051002585568681445,41,3
2021-05-17_2021-05-17T10:05:51-04:00,2021-05-17,0.4833192523723724,0.5609624258404464,0.07092131209170027,0.0984528947464604,111,3
2021-05-17_2021-05-17T10:06:05-04:00,2021-05-17,0.40831222764542335,0.46442116588601556,0.07626203578672255,0.052562314745804785,2265,1
2021-05-17_2021-05-17T10:10:07-04:00,2021-05-17,0.43978489678339416,0.4013658288905806,0.06915785109979884,0.034835979861531426,2424,1
2021-05-18_2021-05-18T08:00:00-04:00,2021-05-18,0.6876189139178563,0.4416112586191608,0.09554121513300738,0.02868812340052804,1337,1
2021-05-18_2021-05-18T09:30:08-04:00,2021-05-18,0.4310407187425474,0.4076307715907338,0.0614651266886835,0.1216167483036451,123,3
2021-05-18_2021-05-18T09:30:14-04:00,2021-05-18,0.5314766947096774,0.5138675899341311,0.06687659405234672,0.06460396159365048,62,3
2021-05-18_2021-05-18T09:30:21-04:00,2021-05-18,0.500923817989418,0.6247636554621896,0.08811538206346103,0.05798885074095349,84,3
2021-05-19_2021-05-19T08:00:00-04:00,2021-05-19,0.43701045284848483,0.5566063013073898,0.022646672936337788,0.09054675084080491,176,3
2021-05-19_2021-05-19T08:31:10-04:00,2021-05-19,0.023686144,0.0,,,1,2
2021-05-19_2021-05-19T08:31:49-04:00,2021-05-19,0.168432704,0.0,,,1,2
2021-05-19_2021-05-19T08:35:11-04:00,2021-05-19,0.206174112,0.0,0.08295943435090763,0.0,2,2
2021-05-19_2021-05-19T08:36:58-04:00,2021-05-19,0.303278848,0.0,,,1,2
2021-05-19_2021-05-19T08:38:03-04:00,2021-05-19,0.035097062400000004,0.0,,,1,2
2021-05-19_2021-05-19T08:40:30-04:00,2021-05-19,0.4128296021333333,0.0,0.22437721837263588,0.0,3,3
2021-05-19_2021-05-19T08:41:21-04:00,2021-05-19,0.161954048,0.0,,,1,2
2021-05-19_2021-05-19T08:42:52-04:00,2021-05-19,0.136901376,0.0,,,1,2
2021-05-19_2021-05-19T08:43:24-04:00,2021-05-19,0.086689024,0.0,,,1,2
2021-05-19_2021-05-19T08:44:11-04:00,2021-05-19,0.631267328,0.0,,,1,5
2021-05-19_2021-05-19T08:45:23-04:00,2021-05-19,0.15495253333333334,0.0,,,1,2
2021-05-19_2021-05-19T08:49:22-04:00,2021-05-19,0.394045952,0.0,,,1,2
2021-05-19_2021-05-19T08:56:15-04:00,2021-05-19,0.853402112,0.0,,,1,5
2021-05-19_2021-05-19T09:31:57-04:00,2021-05-19,0.5067686531331539,0.5422484339294239,0.09191703219619106,0.035734482356603904,619,1
2021-05-19_2021-05-19T09:32:55-04:00,2021-05-19,0.3925382388363637,0.3711017823038697,0.0557569399377114,0.049647284042728675,44,3
2021-05-19_2021-05-19T09:33:02-04:00,2021-05-19,0.5064484693333333,0.4465417664459945,0.11466191654884147,0.1286837468859764,9,3
2021-05-19_2021-05-19T09:33:15-04:00,2021-05-19,0.4925127420150376,0.47909022556390984,0.08286147370523048,0.05721380263516083,76,3
2021-05-19_2021-05-19T09:33:25-04:00,2021-05-19,0.735034992,0.5766381297332905,0.06363451333598659,0.0771831836429105,16,3
2021-05-20_2021-05-20T10:11:51-04:00,2021-05-20,0.54356878464,0.4449017857142875,0.08505225705367174,0.06617383037968988,100,3
2021-05-20_2021-05-20T10:12:20-04:00,2021-05-20,0.43799217515497835,0.5144655344655434,0.09358833530423523,0.08038113090098013,77,3
2021-05-20_2021-05-20T10:12:37-04:00,2021-05-20,0.714171392,0.0,0.008457772666585083,0.0,2,5
2021-05-20_2021-05-20T10:13:27-04:00,2021-05-20,0.6279225315555556,0.6861333333333496,0.08819634989908771,0.14138342787879016,12,3
2021-05-20_2021-05-20T10:13:32-04:00,2021-05-20,0.516812472,0.5523000000000522,0.10328134066144946,0.16880805333333768,16,3
2021-05-20_2021-05-20T10:19:03-04:00,2021-05-20,0.759258048,0.29400000000000326,0.01992485145439436,0.22841066666666568,4,3
2021-05-20_2021-05-20T10:19:06-04:00,2021-05-20,0.49229772800000005,0.5,0.06191199673175247,0.5,2,0
2021-05-20_2021-05-20T10:19:08-04:00,2021-05-20,0.474903232,0.25,0.0432541379101273,0.25000000000000006,4,3
2021-05-20_2021-05-20T10:19:13-04:00,2021-05-20,0.5261568,0.5,0.36413491117870284,0.5,2,0
2021-05-20_2021-05-20T10:19:15-04:00,2021-05-20,0.49415364266666667,0.5776136363636403,0.098654615293727,0.1615771435950446,6,3
2021-05-20_2021-05-20T10:19:28-04:00,2021-05-20,0.14685952,0.0,,,1,2
2021-05-20_2021-05-20T10:19:51-04:00,2021-05-20,0.5348885760000001,0.4879444444444541,0.08970834119472579,0.2743661518518672,6,0
2021-05-20_2021-05-20T10:19:53-04:00,2021-05-20,0.5527961367272728,0.6108327368170119,0.1109813571500878,0.1464307809258908,11,3
2021-05-20_2021-05-20T10:20:00-04:00,2021-05-20,0.5850143952592592,0.5999629629629659,0.0790926162184531,0.1562166790123576,9,3
2021-05-20_2021-05-20T10:20:05-04:00,2021-05-20,0.3813538496,0.5335311572700081,0.07605904486365546,0.16867587649168603,10,3
2021-05-20_2021-05-20T10:20:11-04:00,2021-05-20,0.4409343034379439,0.7100303143978248,0.08742011651095058,0.03461833960428259,1861,1
2021-05-21_2021-05-21T09:55:26-04:00,2021-05-21,0.4466007144416315,0.5865812634591939,0.09084515175238772,0.05126830193219088,720,1
2021-05-21_2021-05-21T09:57:14-04:00,2021-05-21,0.5053450038857144,0.673864864864858,0.08487044344796957,0.1033558846996651,40,3
2021-05-21_2021-05-21T09:57:23-04:00,2021-05-21,0.5442515626666666,0.6561904761904801,0.07638618669806384,0.1114627551020403,9,3
2021-05-21_2021-05-21T09:57:25-04:00,2021-05-21,0.4859374146094433,0.7246249299430456,0.0889155886625734,0.025212002031407933,845,1
2021-05-21_2021-05-21T09:59:54-04:00,2021-05-21,0.4588906658273224,0.4545124747595802,0.07132806097625646,0.07709843939308257,61,3
2021-05-21_2021-05-21T10:00:28-04:00,2021-05-21,0.4764978176,0.4109690913316369,0.13565268369580358,0.13997664374264973,5,3
2021-05-21_2021-05-21T10:00:43-04:00,2021-05-21,0.638979712,0.3221295387634995,0.0638138323021988,0.22272432227327435,4,3
2021-05-21_2021-05-21T10:03:58-04:00,2021-05-21,0.576410368,0.44260869565218863,0.07100281225971848,0.2699866414618906,4,3
2021-05-21_2021-05-21T10:04:10-04:00,2021-05-21,0.18705184914285714,0.6396923705165546,0.025260805477296023,0.09743326387836183,7,3
2021-05-21_2021-05-21T10:04:21-04:00,2021-05-21,0.5924068571428572,0.33445993031358334,0.07535400118892872,0.11753548907962774,7,3
2021-05-21_2021-05-21T10:04:24-04:00,2021-05-21,0.44349977600000007,0.6315789473684027,0.011218664366866433,0.3019390581717307,3,3
2021-05-21_2021-05-21T10:04:26-04:00,2021-05-21,0.5404317207272727,0.5581422924901135,0.058503431695151355,0.1277128956865533,11,3
2021-05-21_2021-05-21T10:04:30-04:00,2021-05-21,0.4240862431495116,0.5749645808736865,0.07847019460811845,0.07003242598370929,121,3
2021-05-21_2021-05-21T10:04:57-04:00,2021-05-21,0.45482218684112147,0.548379088785034,0.08534650045690453,0.03363783006124784,107,3
2021-05-21_2021-05-21T10:05:32-04:00,2021-05-21,0.5759622144,0.37114285714288253,0.0432320069113807,0.1388371428571374,5,3
2021-05-21_2021-05-21T10:05:38-04:00,2021-05-21,0.683335936,0.0,,,1,5
2021-05-24_2021-05-24T09:56:00-04:00,2021-05-24,0.42157028,0.5161420157068041,0.03774559018286108,0.09397696756822416,48,3
2021-05-24_2021-05-24T10:00:07-04:00,2021-05-24,0.190337792,0.38333333333333447,0.024519775291506684,0.2908333333333325,3,3
2021-05-25_2021-05-25T09:45:54-04:00,2021-05-25,0.463614334926484,0.5285335172942801,0.11246264738462462,0.042918071368501655,587,1
2021-05-25_2021-05-25T09:46:24-04:00,2021-05-25,0.4729584707214612,0.5643705112543572,0.08003095430636623,0.03242621786374697,292,3
2021-05-25_2021-05-25T09:46:56-04:00,2021-05-25,0.4180919893333333,0.4756899641577015,0.07490674399953591,0.10988627683354424,12,3
2021-05-25_2021-05-25T09:46:58-04:00,2021-05-25,0.4525989464615385,0.5372129070353997,0.09231396682490123,0.1147935265574635,26,3
2021-05-25_2021-05-25T10:24:32-04:00,2021-05-25,0.590336544,0.75334380088393,0.052385472185077164,0.10258936132601439,8,3
2021-05-25_2021-05-25T10:24:34-04:00,2021-05-25,0.4470002491011609,0.6455828002842822,0.0886804174843768,0.091763944347522,67,3
2021-05-25_2021-05-25T10:24:45-04:00,2021-05-25,0.4086439917166765,0.5390236665600495,0.08758136437927261,0.060789716104077816,2856,1
2021-05-26_2021-05-26T09:05:48-04:00,2021-05-26,0.459636739835206,0.7516048907022888,0.07672596983094232,0.04777085601586557,89,3
2021-05-26_2021-05-26T09:06:18-04:00,2021-05-26,0.4920557614545455,0.610181818181812,0.07590940138703184,0.20133236363635892,11,3
2021-05-26_2021-05-26T09:06:23-04:00,2021-05-26,0.5065382784410696,0.5956909459708618,0.08115221271622033,0.05151889222212334,187,3
2021-05-26_2021-05-26T09:06:50-04:00,2021-05-26,0.44940149434920634,0.7076190476190564,0.08093102425362045,0.12863904761904682,21,3
2021-05-26_2021-05-26T09:06:55-04:00,2021-05-26,0.5010018161465202,0.706698063840927,0.09240037951097338,0.09032814150199177,39,3
2021-05-26_2021-05-26T09:07:05-04:00,2021-05-26,0.5975111168,0.4927710843373559,0.030342461082481433,0.12509798229060803,5,3
2021-05-26_2021-05-26T09:07:10-04:00,2021-05-26,0.714159872,0.5,0.0865510046648238,0.5,2,0
2021-05-26_2021-05-26T09:07:12-04:00,2021-05-26,0.32404626285714283,0.7142857142857143,0.05474894627040383,0.15476190476190477,7,3
2021-05-26_2021-05-26T09:07:15-04:00,2021-05-26,0.4950002669308996,0.538815254237288,0.0862046144482102,0.06089084821157212,59,3
2021-05-26_2021-05-26T09:32:44-04:00,2021-05-26,0.46579610484912337,0.687629360943617,0.07815152718072843,0.019357067810739384,3329,4
2021-05-26_2021-05-26T09:33:27-04:00,2021-05-26,0.5274921592024869,0.5788231361528523,0.07803818699736774,0.040576312912077715,5000,4
2021-05-26_2021-05-26T09:35:15-04:00,2021-05-26,0.5277656481259843,0.3889167263182976,0.07307025258799879,0.09443526938896288,127,3
2021-05-26_2021-05-26T09:35:32-04:00,2021-05-26,0.5514016886153846,0.10965277468311523,0.08233737838292791,0.046985826170363516,39,3
2021-05-26_2021-05-26T09:36:10-04:00,2021-05-26,0.4720607176915423,0.6980727509991075,0.07260072272335392,0.03202165523697316,268,3
2021-05-26_2021-05-26T09:36:19-04:00,2021-05-26,0.5709724714666666,0.4187731239092545,0.08940687748117548,0.04596669010119973,60,3
2021-05-26_2021-05-26T09:37:42-04:00,2021-05-26,0.45333680383999997,0.5711811440678023,0.08002132489950399,0.10398734456840125,160,3
2021-05-26_2021-05-26T09:41:31-04:00,2021-05-26,0.5406541044363636,0.6935210871602739,0.07537034511595937,0.049663042155883165,110,3
2021-05-26_2021-05-26T09:44:47-04:00,2021-05-26,0.5543568896,0.6247648136835755,0.08519840152734376,0.10252374380652658,25,3
2021-05-26_2021-05-26T10:05:07-04:00,2021-05-26,0.40792456388342185,0.6172843819247468,0.08633634315854444,0.03811827756524419,565,1
2021-05-26_2021-05-26T10:21:34-04:00,2021-05-26,0.49483660163855425,0.6182229725440014,0.09342745791943306,0.038996078233592094,166,3
2021-05-26_2021-05-26T10:21:50-04:00,2021-05-26,0.49719793529985884,0.5671562071412696,0.09248334877867,0.04922632948773057,261,3
2021-05-26_2021-05-26T10:22:12-04:00,2021-05-26,0.46190409414193545,0.6298043976643035,0.08780363529675783,0.04048019387590222,155,3
2021-05-26_2021-05-26T10:24:06-04:00,2021-05-26,0.45136785531667895,0.6908964443349002,0.07837915265866516,0.03469606097244031,5000,4
2021-05-27_2021-05-27T08:11:21-04:00,2021-05-27,0.451767552,0.0,,,1,2
2021-05-27_2021-05-27T09:59:02-04:00,2021-05-27,0.2349499284210526,0.2726173541962968,0.06627884948451976,0.13758336216728959,19,3
2021-05-27_2021-05-27T09:59:06-04:00,2021-05-27,0.4566759787308979,0.5553790537268954,0.08630471967804894,0.046546223076833836,636,1
2021-05-27_2021-05-27T10:00:02-04:00,2021-05-27,0.4951345481227318,0.5407144836687534,0.07905577871539951,0.04802625341076956,433,3
2021-05-27_2021-05-27T10:00:40-04:00,2021-05-27,0.6518689645714285,0.6227876984127061,0.06345400144539821,0.08944007141585297,14,3
2021-05-27_2021-05-27T10:00:47-04:00,2021-05-27,0.60205124,0.6962923405553935,0.0839069282000584,0.07066581467260664,16,3
2021-05-27_2021-05-27T10:01:38-04:00,2021-05-27,0.43133902821052633,0.5891493268053939,0.1207659048223908,0.10178596246113915,19,3
2021-05-27_2021-05-27T10:01:42-04:00,2021-05-27,0.4935952128,0.34354838709677554,0.06354290732500395,0.08927268744180851,20,3
2021-05-27_2021-05-27T10:01:59-04:00,2021-05-27,0.4434054292158454,0.485217834960073,0.08917548175963487,0.06191135868420252,345,3
2021-05-27_2021-05-27T10:04:46-04:00,2021-05-27,0.4501732719617261,0.5736613511507169,0.09416918983336456,0.026768968973391684,5000,4
2021-05-28_2021-05-28T08:00:00-04:00,2021-05-28,0.7770694575818023,0.6279231256918923,0.04227675828023267,0.0548998077494147,381,3
2021-05-28_2021-05-28T09:09:32-04:00,2021-05-28,0.5937105066666667,0.47941567065068674,0.17348615224959518,0.251271143844283,3,0
2021-05-28_2021-05-28T09:09:38-04:00,2021-05-28,0.084644928,0.5272727272727284,0.0018864854925762565,0.12639462809917368,5,2
2021-05-28_2021-05-28T09:09:45-04:00,2021-05-28,0.59836736,0.5,0.060197771164024846,0.5,2,0
2021-05-28_2021-05-28T09:09:47-04:00,2021-05-28,0.691096384,0.6477272727272683,0.10319683747473544,0.22365702479338914,4,0
2021-05-28_2021-05-28T09:09:54-04:00,2021-05-28,0.6868530346666667,0.5747126436781603,0.2247026523201427,0.2667459373761393,3,0
2021-05-28_2021-05-28T09:09:57-04:00,2021-05-28,0.488456576,0.6666666666666666,0.20061945111119464,0.33333333333333337,3,0
2021-05-28_2021-05-28T09:10:39-04:00,2021-05-28,0.6198656,0.6666666666666666,0.026327203045441533,0.33333333333333337,3,0
2021-05-28_2021-05-28T09:10:44-04:00,2021-05-28,0.624383872,0.5,0.021115999617056767,0.5,2,0
2021-05-28_2021-05-28T09:10:47-04:00,2021-05-28,0.527818334117647,0.5664961636828697,0.07811156923336823,0.138890433299976,17,3
2021-05-28_2021-05-28T09:10:57-04:00,2021-05-28,0.46384259901634933,0.7620175307162167,0.06780897212381169,0.04186442346103553,188,3
2021-05-28_2021-05-28T09:12:38-04:00,2021-05-28,0.35628940800000003,0.0,0.08857068754570446,0.0,2,2
2021-05-28_2021-05-28T09:12:42-04:00,2021-05-28,0.595957248,0.0,,,1,5
2021-05-28_2021-05-28T09:12:46-04:00,2021-05-28,0.6319179093333332,0.592039800995038,0.06849380533797157,0.22033117992129486,6,3
2021-05-28_2021-05-28T09:12:51-04:00,2021-05-28,0.384470784,0.7218468468468472,0.10255767225123909,0.23440163136109096,4,0
2021-05-28_2021-05-28T09:12:56-04:00,2021-05-28,0.400166144,0.0,,,1,2
2021-05-28_2021-05-28T09:13:01-04:00,2021-05-28,0.303166016,0.7499444444444584,0.06508064633683423,0.2499629753086513,4,0
2021-05-28_2021-05-28T09:13:06-04:00,2021-05-28,0.37645224888888884,0.5752525252525298,0.05782092844379464,0.07576503673094567,9,3
2021-05-28_2021-05-28T09:13:16-04:00,2021-05-28,0.50638209408,0.586771929824558,0.08777033795083036,0.08330792017638036,50,3
2021-05-28_2021-05-28T09:13:50-04:00,2021-05-28,0.4777340605517576,0.5645089951032686,0.08043047768754942,0.03175591456128506,616,1
2021-05-28_2021-05-28T09:20:07-04:00,2021-05-28,0.5053377421691432,0.4422319902319863,0.08840104095805107,0.08260369539029705,819,1
2021-05-28_2021-05-28T09:28:21-04:00,2021-05-28,0.46580599699451447,0.5546674996095565,0.0821535069589344,0.020270782702774912,95,3
2021-05-28_2021-05-28T09:29:35-04:00,2021-05-28,0.7268922519365079,0.5434001655405262,0.019265449775571552,0.05144130215017377,636,1
2021-05-28_2021-05-28T09:30:19-04:00,2021-05-28,0.529470336,0.15251308044473616,0.12859931268166297,0.048502013636217436,22,3
2021-05-28_2021-05-28T09:30:21-04:00,2021-05-28,0.5247002267826086,0.31205352927355606,0.06341529558104154,0.0671314495574832,23,3
2021-05-28_2021-05-28T09:30:24-04:00,2021-05-28,0.4628329192727273,0.21277540106952034,0.08076688370721732,0.04336120626598737,22,3
2021-05-28_2021-05-28T09:30:26-04:00,2021-05-28,0.5781981103157895,0.2764122120864066,0.09346850113102519,0.06332176382308807,19,3
2021-05-28_2021-05-28T09:30:31-04:00,2021-05-28,0.48932807314285715,0.2671647861917742,0.05989009601709545,0.04484818467372911,28,3
2021-05-28_2021-05-28T09:30:34-04:00,2021-05-28,0.4970373942857143,0.22741171749598932,0.08943022570609793,0.044629657536826635,28,3
2021-05-28_2021-05-28T09:30:55-04:00,2021-05-28,0.428947968,0.14938836198157382,0.057826979115785763,0.042955836270152634,20,3
2021-05-28_2021-05-28T09:31:10-04:00,2021-05-28,0.4389388109770569,0.5452362985349469,0.08268966019626978,0.02931937406656514,5000,4
2021-05-28_2021-05-28T09:41:11-04:00,2021-05-28,0.3906554925714286,0.5708398161244616,0.07943265286286698,0.12013762607626245,56,3
2021-05-28_2021-05-28T09:41:26-04:00,2021-05-28,0.47719997999284275,0.5291124849591358,0.09239580370910476,0.051936514176952484,693,1
2021-05-28_2021-05-28T09:43:10-04:00,2021-05-28,0.4280254016,0.5409054772110846,0.09078790454336776,0.048914844087132064,520,3
2021-05-28_2021-05-28T09:44:51-04:00,2021-05-28,0.5438181802666666,0.5828809679529229,0.0849030848584457,0.0688885116871862,40,3
2021-05-28_2021-05-28T09:44:57-04:00,2021-05-28,0.4855704513450995,0.5888353933761127,0.0841617237621165,0.04927418256898198,577,1
2021-05-28_2021-05-28T09:46:27-04:00,2021-05-28,0.46473185558671587,0.6030996045076444,0.09047597242143463,0.013838763564383554,271,3
2021-05-28_2021-05-28T09:46:59-04:00,2021-05-28,0.48162303260444445,0.6904730949801351,0.06674188325340316,0.04634640622883655,75,3
2021-05-28_2021-05-28T09:50:34-04:00,2021-05-28,0.45159439789824796,0.5781628053875013,0.09379864367859579,0.01715656905009748,1642,1
2021-05-28_2021-05-28T09:53:08-04:00,2021-05-28,0.498324816,0.22184679427326537,0.11095845539237262,0.08279014450531245,16,3
2021-05-28_2021-05-28T09:55:48-04:00,2021-05-28,0.4397714512599371,0.6168001577109323,0.07231569551765135,0.03691488141763393,269,3
2021-05-28_2021-05-28T10:03:00-04:00,2021-05-28,0.48132322595966703,0.585096212803155,0.08064260147065698,0.04263555712962024,459,3
2021-05-28_2021-05-28T10:03:41-04:00,2021-05-28,0.4347874844444444,0.6029375737734387,0.10186819270071866,0.11712704373151314,18,3
2021-05-28_2021-05-28T10:03:54-04:00,2021-05-28,0.50235743488,0.556071846934799,0.08020784469575759,0.08464695882637288,60,3
2021-05-28_2021-05-28T10:05:07-04:00,2021-05-28,0.4910431099419034,0.5129440707840952,0.08798819570486222,0.02777895301632461,402,3
2021-06-01_2021-06-01T09:21:32-04:00,2021-06-01,0.12482073599999999,0.5,0.005734125482803198,0.5,2,0
2021-06-01_2021-06-01T09:21:36-04:00,2021-06-01,0.426605344,0.5,0.0977591753370979,0.3333333333333333,4,0
2021-06-01_2021-06-01T09:21:40-04:00,2021-06-01,0.780159232,0.0,,,1,5
2021-06-01_2021-06-01T09:21:48-04:00,2021-06-01,0.204224768,0.0,,,1,2
2021-06-01_2021-06-01T09:21:55-04:00,2021-06-01,0.580812005877551,0.6428571428571429,0.1038290598795173,0.14285714285714285,7,3
2021-06-01_2021-06-01T09:22:05-04:00,2021-06-01,0.5498779969586777,0.5647149460708737,0.08318291866293352,0.13661608907227799,22,3
2021-06-01_2021-06-01T09:22:38-04:00,2021-06-01,0.41369664,0.0,,,1,2
2021-06-01_2021-06-01T10:06:38-04:00,2021-06-01,0.40238144080503147,0.5988662092624362,0.06544069151578319,0.061088423268839336,53,3
2021-06-01_2021-06-01T10:07:26-04:00,2021-06-01,0.44159788680166157,0.5017989281957168,0.07412020354659635,0.04338879907554747,5000,4
2021-06-01_2021-06-01T10:27:17-04:00,2021-06-01,0.4579968449855073,0.5558687451607163,0.06468874359251782,0.031164039584705223,92,3
2021-06-01_2021-06-01T10:27:27-04:00,2021-06-01,0.6171791786666666,0.42816091954025354,0.07161987751203089,0.10694133967499057,6,3
2021-06-01_2021-06-01T10:27:29-04:00,2021-06-01,0.6329109888000001,0.5263378315495328,0.097832151509152,0.18131540590997125,10,3
2021-06-01_2021-06-01T10:29:13-04:00,2021-06-01,0.496506496,0.5547316384180613,0.11048874689860257,0.09684480249883576,12,3
2021-06-01_2021-06-01T10:29:15-04:00,2021-06-01,0.408763392,0.5837479270315818,0.03852618427446067,0.27104114584626143,3,3
2021-06-01_2021-06-01T10:29:17-04:00,2021-06-01,0.43668986168888885,0.5780658436214062,0.10779102903086231,0.06674442791484397,72,3
2021-06-02_2021-06-02T08:00:01-04:00,2021-06-02,0.1873604305882353,0.5869316476590631,0.01190281041723531,0.05170261590238368,272,2
2021-06-02_2021-06-02T09:02:36-04:00,2021-06-02,0.518987776,0.5,0.004835052553437188,0.25,3,3
2021-06-02_2021-06-02T09:02:43-04:00,2021-06-02,0.4277694293333334,0.0,0.08219620195888878,0.0,3,2
2021-06-02_2021-06-02T09:02:56-04:00,2021-06-02,0.43225261056,0.7763157894736875,0.06563259517011041,0.11453524161280464,10,3
2021-06-02_2021-06-02T09:03:13-04:00,2021-06-02,0.163884032,0.0,,,1,2
2021-06-02_2021-06-02T09:03:17-04:00,2021-06-02,0.310516992,0.5000479616306936,0.07188306242981068,0.25000000690095403,3,3
2021-06-02_2021-06-02T09:06:51-04:00,2021-06-02,0.4727557184,0.6123456790123485,0.04987485219260131,0.21609510745313465,5,3
2021-06-02_2021-06-02T09:07:03-04:00,2021-06-02,0.4787761664847833,0.7382874493927082,0.08724792263790343,0.04508815743068594,152,3
2021-06-02_2021-06-02T09:09:32-04:00,2021-06-02,0.508867328,0.0,,,1,5
2021-06-02_2021-06-02T09:09:35-04:00,2021-06-02,0.38785318399999996,0.3333333333333333,0.013703924300136453,0.33333333333333337,3,3
2021-06-02_2021-06-02T09:09:43-04:00,2021-06-02,0.653547264,0.7315789473684301,0.11144621328136056,0.2383379501385098,4,0
2021-06-02_2021-06-02T09:09:46-04:00,2021-06-02,0.284999872,0.5,0.00010602848492748774,0.5,2,0
2021-06-02_2021-06-02T09:09:58-04:00,2021-06-02,0.447323552,0.607812500000002,0.12555834510684294,0.23607747395833245,4,0
2021-06-02_2021-06-02T09:14:40-04:00,2021-06-02,0.381546752,0.0,,,1,2
2021-06-02_2021-06-02T09:14:50-04:00,2021-06-02,0.37882252800000005,0.5,0.0039144005018910705,0.5,2,0
2021-06-02_2021-06-02T09:15:02-04:00,2021-06-02,0.6882836480000001,0.5,0.007930405529321463,0.5,2,0
2021-06-02_2021-06-02T09:15:23-04:00,2021-06-02,0.879780352,0.0,,,1,5
2021-06-02_2021-06-02T09:15:42-04:00,2021-06-02,0.548100864,0.0,,,1,5
2021-06-02_2021-06-02T09:41:24-04:00,2021-06-02,0.4667044251010068,0.5630415696881842,0.09322648307451009,0.0502813736866609,839,1
2021-06-02_2021-06-02T09:42:13-04:00,2021-06-02,0.3833274311111111,0.4625222401776059,0.10354684576609506,0.10069190492379282,18,3
2021-06-02_2021-06-02T09:42:17-04:00,2021-06-02,0.6443953152,0.6791816091953997,0.06165114995885625,0.07082997375006984,15,3
2021-06-02_2021-06-02T09:42:19-04:00,2021-06-02,0.41709024345945944,0.495696465696471,0.05729682361625917,0.09430938485329438,37,3
2021-06-02_2021-06-02T09:42:25-04:00,2021-06-02,0.40269092977777776,0.5419482496194767,0.06700940680719747,0.13987797324909196,9,3
2021-06-02_2021-06-02T09:42:28-04:00,2021-06-02,0.49113998935317826,0.47620301855766894,0.08590728271472146,0.05038174907179164,258,3
2021-06-02_2021-06-02T09:43:11-04:00,2021-06-02,0.5471414271999999,0.5689537387688455,0.10147571784870134,0.0686367371442063,15,3
2021-06-02_2021-06-02T09:43:15-04:00,2021-06-02,0.3480899128888889,0.43750831669992046,0.035701498845278665,0.1383607510527886,9,3
2021-06-02_2021-06-02T09:43:33-04:00,2021-06-02,0.5412945408,0.49452806800070537,0.09156717242169427,0.22469808262881302,5,3
2021-06-02_2021-06-02T09:43:35-04:00,2021-06-02,0.5190579495384615,0.5989478827700294,0.09210517505713717,0.10880255834943231,26,3
2021-06-02_2021-06-02T09:43:40-04:00,2021-06-02,0.6051110684444444,0.5819483224748369,0.05392746166287473,0.11644480063366376,9,3
2021-06-02_2021-06-02T09:43:52-04:00,2021-06-02,0.73249024,0.0,,,1,5
2021-06-02_2021-06-02T09:43:54-04:00,2021-06-02,0.322888768,0.5150273224043699,0.07079778220556138,0.11728736522046872,12,3
2021-06-02_2021-06-02T09:44:18-04:00,2021-06-02,0.4910712390523416,0.5106187232556082,0.08948520994827584,0.02540160010130236,726,1
2021-06-02_2021-06-02T09:45:31-04:00,2021-06-02,0.6429529234285714,0.6159411806027126,0.0833998066507105,0.1398805552325388,7,3
2021-06-02_2021-06-02T09:46:51-04:00,2021-06-02,0.4655156337777778,0.5654864891477,0.08454827680590742,0.05960644164116573,18,3
2021-06-02_2021-06-02T09:46:54-04:00,2021-06-02,0.5505439857777777,0.46678819444443664,0.06804307421958458,0.12008764425041199,18,3
2021-06-02_2021-06-02T09:48:02-04:00,2021-06-02,0.48456621912267067,0.49642189606223314,0.07987361939155552,0.040949348607009,4338,4
2021-06-02_2021-06-02T09:56:09-04:00,2021-06-02,0.6052979694035088,0.5889684210526321,0.09127757886178155,0.13426613450292071,19,3
2021-06-02_2021-06-02T09:56:14-04:00,2021-06-02,0.48902446168368036,0.46461018195746007,0.09073321444064258,0.04416811073024488,486,3
2021-06-02_2021-06-02T09:57:23-04:00,2021-06-02,0.5267643611428572,0.534355624728906,0.08919056186590876,0.12363884890938845,14,3
2021-06-02_2021-06-02T09:57:27-04:00,2021-06-02,0.5137447545396826,0.5335769656699763,0.08093139601291102,0.0777253675445027,84,3
2021-06-02_2021-06-02T09:57:48-04:00,2021-06-02,0.5213861846685148,0.6182755936915537,0.08226762165888238,0.03673200073583774,404,3
2021-06-02_2021-06-02T09:58:40-04:00,2021-06-02,0.505175243655866,0.42219106145251434,0.08393164324326456,0.0619851776724622,179,3
2021-06-02_2021-06-02T09:59:18-04:00,2021-06-02,0.4886525440000001,0.5049833887043238,0.19122538946470435,0.10586159828993531,7,0
2021-06-02_2021-06-02T09:59:20-04:00,2021-06-02,0.426423496,0.5185294117647017,0.12104826458813009,0.05255542099192566,16,3
2021-06-02_2021-06-02T09:59:24-04:00,2021-06-02,0.44548080484848485,0.553965183752409,0.05521159746222064,0.1352668834108425,11,3
2021-06-02_2021-06-02T09:59:29-04:00,2021-06-02,0.5352648777142858,0.4704691950232403,0.11927442387225494,0.1096930391100982,7,3
2021-06-02_2021-06-02T09:59:40-04:00,2021-06-02,0.5148844988715138,0.6101823446493765,0.08116296801938212,0.060709461957063934,1251,1
2021-06-02_2021-06-02T10:02:46-04:00,2021-06-02,0.42797555756521743,0.5465562072927262,0.09267347945564106,0.0946153054580586,23,3
2021-06-02_2021-06-02T10:02:51-04:00,2021-06-02,0.5835331413333333,0.28489247311828714,0.05492479112945773,0.20324039195283464,6,3
2021-06-02_2021-06-02T10:02:54-04:00,2021-06-02,0.6035588388571428,0.4498043052837617,0.08599392379932323,0.12125284204130161,7,3
2021-06-02_2021-06-02T10:03:42-04:00,2021-06-02,0.407200896,0.5613636363636326,0.1393704004543884,0.1916322695603713,4,0
2021-06-02_2021-06-02T10:03:45-04:00,2021-06-02,0.6380584594285714,0.4543421317751438,0.08954217012584838,0.11058382761158346,7,3
2021-06-03_2021-06-03T08:00:01-04:00,2021-06-03,0.8692948550011649,0.3181909082256647,0.03609287921138004,0.01477985075179376,5000,4
2021-06-03_2021-06-03T09:42:23-04:00,2021-06-03,0.46694753066666667,0.30527897668190307,0.06682716321172959,0.06224583293529163,24,3
2021-06-03_2021-06-03T09:43:18-04:00,2021-06-03,0.5374529355294118,0.5895950900685439,0.0651492708988344,0.0536206812185657,34,3
2021-06-03_2021-06-03T09:43:22-04:00,2021-06-03,0.49679568,0.401201171875004,0.1169846867004251,0.08807700925765208,32,3
2021-06-03_2021-06-03T10:04:56-04:00,2021-06-03,0.46038359040000004,0.5091835159746809,0.05325820689155102,0.08244268361511613,55,3
2021-06-03_2021-06-03T10:09:01-04:00,2021-06-03,0.49078146089574043,0.6416334433066383,0.09198072306725319,0.036407513691702725,501,1
2021-06-03_2021-06-03T10:09:57-04:00,2021-06-03,0.465892368,0.5513728776770154,0.09293279814380247,0.10086097443141627,32,3
2021-06-03_2021-06-03T10:11:02-04:00,2021-06-03,0.28879408,0.4919923031379426,0.09844904253451585,0.11908326897122304,8,3
2021-06-03_2021-06-03T10:11:05-04:00,2021-06-03,0.49164805333333333,0.5204217721096968,0.10206323223885921,0.09328960298604173,12,3
2021-06-03_2021-06-03T10:12:31-04:00,2021-06-03,0.23483517155555556,0.5694362729075004,0.09786256964245003,0.1839977074354457,9,3
2021-06-03_2021-06-03T10:29:46-04:00,2021-06-03,0.3754414592,0.3883428571428573,0.025529363428356915,0.27065495510204063,5,3
2021-06-03_2021-06-03T10:29:52-04:00,2021-06-03,0.28119488,0.3342331625183001,0.022200120928337924,0.23367404814877837,6,3
2021-06-03_2021-06-03T10:29:56-04:00,2021-06-03,0.533751296,0.34200429448086855,0.1020541539485745,0.2284648811586462,6,3
2021-06-04_2021-06-04T08:54:08-04:00,2021-06-04,0.3185588,0.6666666666666666,0.09617125106047819,0.33333333333333337,3,0
2021-06-04_2021-06-04T08:55:15-04:00,2021-06-04,0.0011460715789473684,0.0,,,1,2
2021-06-04_2021-06-04T09:05:54-04:00,2021-06-04,0.29093680355555557,0.6666666666666666,0.09260302952750982,0.33333333333333337,3,0
2021-06-04_2021-06-04T09:06:14-04:00,2021-06-04,0.073442304,0.0,,,1,2
2021-06-04_2021-06-04T09:06:23-04:00,2021-06-04,0.986173184,0.0,,,1,5
2021-06-04_2021-06-04T09:06:53-04:00,2021-06-04,0.766432256,0.0,,,1,5
2021-06-04_2021-06-04T09:07:00-04:00,2021-06-04,0.279069696,0.49999999999999595,0.0018633818345963522,0.25,3,3
2021-06-04_2021-06-04T09:07:20-04:00,2021-06-04,0.5421507839999999,0.5,0.008876866645557261,0.5,2,0
2021-06-04_2021-06-04T09:07:40-04:00,2021-06-04,0.07959936,0.0,,,1,2
2021-06-04_2021-06-04T09:07:48-04:00,2021-06-04,0.5303975183185042,0.38476721235341704,0.07624613840309112,0.04782489109537338,99,3
2021-06-04_2021-06-04T09:11:00-04:00,2021-06-04,0.4565097764338118,0.44248726655348736,0.08073085998380004,0.05708001305292451,19,3
2021-06-04_2021-06-04T09:30:40-04:00,2021-06-04,0.5930984704,0.4954172185430374,0.06345540095417386,0.06906294441276865,10,3
2021-06-04_2021-06-04T09:30:43-04:00,2021-06-04,0.5457943466666667,0.3389659367396564,0.08802710490839558,0.14294500594952625,6,3
2021-06-04_2021-06-04T09:30:45-04:00,2021-06-04,0.5303777200987655,0.8574027893229856,0.08335943285807679,0.038596194696700725,54,3
2021-06-04_2021-06-04T09:31:12-04:00,2021-06-04,0.4274652935683478,0.5513818056388812,0.07735833476697523,0.0465089202342457,2140,1
2021-06-04_2021-06-04T09:35:01-04:00,2021-06-04,0.4744712458180577,0.3826001511715831,0.07927157154272502,0.07263963882985497,189,3
2021-06-04_2021-06-04T09:36:01-04:00,2021-06-04,0.5286567501575757,0.4654352373290416,0.09595545344049766,0.1073630351693529,55,3
2021-06-04_2021-06-04T09:36:13-04:00,2021-06-04,0.4377328355555556,0.34629629629629455,0.12000511720956632,0.14291859567901208,9,3
2021-06-04_2021-06-04T09:36:15-04:00,2021-06-04,0.6072899413333334,0.40078988941548616,0.11474967297887217,0.1284639153502523,6,3
2021-06-04_2021-06-04T09:36:17-04:00,2021-06-04,0.38726838153846155,0.5096710473732885,0.10419408926047752,0.061273733721799055,13,3
2021-06-04_2021-06-04T09:36:23-04:00,2021-06-04,0.6021529965714285,0.4465861344537733,0.08064618653293888,0.10233684374485418,7,3
2021-06-04_2021-06-04T09:36:26-04:00,2021-06-04,0.40969866971428576,0.4703213453213476,0.05810137543066379,0.13660485521827423,7,3
2021-06-04_2021-06-04T09:36:31-04:00,2021-06-04,0.4443833417142857,0.31357399333164543,0.021272875822194285,0.22250549683287635,7,3
2021-06-04_2021-06-04T09:36:33-04:00,2021-06-04,0.5449221973333334,0.42805333333334,0.19203488495680443,0.26552896853333047,3,0
2021-06-04_2021-06-04T09:37:32-04:00,2021-06-04,0.4381733638095238,0.5233983236151655,0.1223581825736405,0.10760389504744763,28,3
2021-06-04_2021-06-04T09:37:41-04:00,2021-06-04,0.55853056,0.6666666666666666,0.14696196578482587,0.33333333333333337,3,0
2021-06-04_2021-06-04T09:37:43-04:00,2021-06-04,0.4960199631238095,0.6729100529100421,0.08187555291986577,0.08704311868478086,21,3
2021-06-04_2021-06-04T09:37:50-04:00,2021-06-04,0.4677839543375228,0.5896022000666918,0.07597479106314128,0.04349514370920077,4146,4
2021-06-04_2021-06-04T09:51:10-04:00,2021-06-04,0.33461338584615385,0.28601551362455163,0.07088331217562956,0.084393236542521,13,3
2021-06-04_2021-06-04T09:51:15-04:00,2021-06-04,0.43066146666666666,0.3910290404040323,0.08608670879272913,0.07769650065469727,16,3
2021-06-04_2021-06-04T09:51:20-04:00,2021-06-04,0.49264002947878793,0.4574284188034071,0.08953018267871007,0.052323048575788636,90,3
2021-06-04_2021-06-04T09:51:44-04:00,2021-06-04,0.387752896,0.6709183673469482,0.18463442508772696,0.20561745106206178,4,0
2021-06-04_2021-06-04T09:51:46-04:00,2021-06-04,0.3064820906666667,0.33712207319845056,0.009143230408250711,0.3295876571175127,3,3
2021-06-04_2021-06-04T09:51:49-04:00,2021-06-04,0.49202858050859105,0.575869151467086,0.09671279565867578,0.06444747795425813,97,3
2021-06-04_2021-06-04T09:52:16-04:00,2021-06-04,0.49841110832432434,0.4782364864865,0.062060744823670806,0.07522823013638881,37,3
2021-06-04_2021-06-04T09:52:41-04:00,2021-06-04,0.455870578,0.5460427689594456,0.0793635734574602,0.04073068312022707,48,3
2021-06-04_2021-06-04T09:52:59-04:00,2021-06-04,0.651052288,0.0,,,1,5
2021-06-04_2021-06-04T09:53:02-04:00,2021-06-04,0.5608217600000001,0.5,0.16429049248481278,0.5,2,0
2021-06-04_2021-06-04T09:53:04-04:00,2021-06-04,0.507691008,0.0,0.03888952600494079,0.0,2,5
2021-06-07_2021-06-07T09:50:13-04:00,2021-06-07,0.46261423542857144,0.36081685138692127,0.0903828955699595,0.13028844586763252,14,3
2021-06-07_2021-06-07T09:50:15-04:00,2021-06-07,0.44142691093149805,0.5336913104783501,0.08905858519510595,0.032403606685230166,1692,1
2021-06-07_2021-06-07T09:53:07-04:00,2021-06-07,0.4703082156190476,0.6388392857142858,0.09426582447376369,0.06824163876832733,112,3
2021-06-07_2021-06-07T09:53:24-04:00,2021-06-07,0.6731898745263157,0.4187075565854167,0.05774774050878241,0.11333368649545905,19,3
2021-06-07_2021-06-07T09:53:29-04:00,2021-06-07,0.48913947962764875,0.45930750082973554,0.07710903125265878,0.0422682437166204,3275,4
2021-06-07_2021-06-07T10:00:38-04:00,2021-06-07,0.4692553299622641,0.4080488850771927,0.08773342335384117,0.08193900798875976,106,3
2021-06-07_2021-06-07T10:00:56-04:00,2021-06-07,0.28570132723809527,0.3610573422905844,0.05770123804218239,0.06625072443485835,21,3
2021-06-07_2021-06-07T10:01:08-04:00,2021-06-07,0.6050587694545455,0.5285345997286313,0.07689144703696,0.08331124334230829,11,3
2021-06-07_2021-06-07T10:01:24-04:00,2021-06-07,0.5105935764210526,0.5432610241820842,0.08970246529582863,0.08494551367690578,19,3
2021-06-07_2021-06-07T10:01:50-04:00,2021-06-07,0.603441408,0.41834586466166707,0.12902821472352338,0.1465834812595336,6,3
2021-06-07_2021-06-07T10:04:24-04:00,2021-06-07,0.48897775473777777,0.6771194444444539,0.0855043496021911,0.0433318892686642,225,3
2021-06-07_2021-06-07T10:05:21-04:00,2021-06-07,0.504671616,0.6081696428571262,0.13421079508624997,0.099060309352101,14,3
2021-06-07_2021-06-07T10:05:26-04:00,2021-06-07,0.543322274765432,0.5875046296296252,0.11875522351530221,0.10677052221332119,27,3
2021-06-07_2021-06-07T10:05:34-04:00,2021-06-07,0.5030474016853924,0.6679307412481744,0.08289165050918222,0.03863155468141824,347,3
2021-06-07_2021-06-07T10:06:53-04:00,2021-06-07,0.5156037546666666,0.6768166666666673,0.07316688672134014,0.07959480970588151,18,3
2021-06-07_2021-06-07T10:07:10-04:00,2021-06-07,0.5028746426531555,0.5757205895966835,0.09025811953168518,0.04597528922251387,509,3
2021-06-07_2021-06-07T10:09:06-04:00,2021-06-07,0.3748771328,0.2735757830565547,0.08321455072154091,0.17646940443674627,5,3
2021-06-07_2021-06-07T10:09:10-04:00,2021-06-07,0.5027734215913979,0.44495616211745614,0.08094102972277387,0.050264887782360795,93,3
2021-06-07_2021-06-07T10:09:41-04:00,2021-06-07,0.5456164378947368,0.48002770083101254,0.0905455182269687,0.1421771938824189,19,3
2021-06-07_2021-06-07T10:09:46-04:00,2021-06-07,0.415829056,0.49500000000000643,0.1844945058389634,0.23850220385674356,4,0
2021-06-07_2021-06-07T10:09:48-04:00,2021-06-07,0.5021621217391304,0.5433516251582965,0.07723483957560474,0.0710406951812458,23,3
2021-06-07_2021-06-07T10:10:39-04:00,2021-06-07,0.21144399360000002,0.40217391304348843,0.03217361231689155,0.09480676328502266,10,2
2021-06-07_2021-06-07T10:10:44-04:00,2021-06-07,0.7454111232,0.5105550590805199,0.08514975438285702,0.1358838563348507,5,3
2021-06-07_2021-06-07T10:10:48-04:00,2021-06-07,0.5980284672,0.6092675635275394,0.04531434427113143,0.2865280933773758,5,0
2021-06-07_2021-06-07T10:10:52-04:00,2021-06-07,0.444613088,0.5172635681717732,0.15343990341638433,0.11274374471790445,8,3
2021-06-08_2021-06-08T09:51:59-04:00,2021-06-08,0.4638433420936524,0.47530772683059286,0.07557666555012453,0.05091645027541093,5000,4
2021-06-08_2021-06-08T09:53:06-04:00,2021-06-08,0.47487990531506846,0.3663047180781139,0.09742165348163483,0.02893867698183886,219,3
2021-06-08_2021-06-08T09:53:31-04:00,2021-06-08,0.47000236357653685,0.5601037005713606,0.0865871400985168,0.04504118311090056,5000,4
2021-06-08_2021-06-08T09:55:50-04:00,2021-06-08,0.4942872278974359,0.7325586881982977,0.08031894082589634,0.03926018294414054,208,3
2021-06-08_2021-06-08T09:56:01-04:00,2021-06-08,0.4652333777144721,0.4489720714652706,0.08627660508967028,0.031235346753735113,3228,4
2021-06-08_2021-06-08T09:57:23-04:00,2021-06-08,0.5000123818666666,0.4443250000000016,0.09199280700814236,0.1322020728879312,30,3
2021-06-08_2021-06-08T09:58:05-04:00,2021-06-08,0.4547378774839975,0.5795017076739534,0.07601664337375114,0.05284303655740026,939,1
2021-06-08_2021-06-08T09:58:34-04:00,2021-06-08,0.4821646478688525,0.39324560840838746,0.06810303033713984,0.09203210656227027,61,3
2021-06-08_2021-06-08T09:58:45-04:00,2021-06-08,0.5045884219275167,0.6484181235672666,0.08554070687211927,0.035635714021293195,298,3
2021-06-08_2021-06-08T09:59:04-04:00,2021-06-08,0.482807642600823,0.615453939818977,0.09201429045856072,0.05511421046543583,81,3
2021-06-08_2021-06-08T09:59:36-04:00,2021-06-08,0.5162085040000001,0.34984935006015955,0.0862855245131573,0.07348079374824622,48,3
2021-06-08_2021-06-08T10:00:25-04:00,2021-06-08,0.5123200908387097,0.4302173890535914,0.08080399179963672,0.08460267051283336,31,3
2021-06-08_2021-06-08T10:00:34-04:00,2021-06-08,0.4254137197714286,0.10286451182336526,0.07479256653043713,0.026901878473416605,35,3
2021-06-08_2021-06-08T10:01:45-04:00,2021-06-08,0.5197985388244646,0.5366180556761573,0.09563543821875414,0.03721627290091811,647,1
2021-06-08_2021-06-08T10:02:01-04:00,2021-06-08,0.4406280704,0.4555325555137323,0.06914226938875605,0.12877951995377784,40,3
2021-06-08_2021-06-08T10:02:04-04:00,2021-06-08,0.5531938117138686,0.47768577240635474,0.09940395005228032,0.07836657623272507,137,3
2021-06-08_2021-06-08T10:06:14-04:00,2021-06-08,0.46722191196281837,0.5004333735027733,0.09088352113347316,0.04985355304729746,489,3
2021-06-08_2021-06-08T10:11:58-04:00,2021-06-08,0.48824485695309533,0.5812461375012629,0.10635143577814447,0.03202790995269799,939,1
2021-06-08_2021-06-08T10:12:26-04:00,2021-06-08,0.4197612923870968,0.29720430107527773,0.06354727487867383,0.08261994550698507,31,3
2021-06-08_2021-06-08T10:14:50-04:00,2021-06-08,0.4736842848618538,0.6886786720335667,0.08476229971489509,0.040327958153359794,1135,1
2021-06-08_2021-06-08T10:16:02-04:00,2021-06-08,0.4405075089405195,0.5636967105271479,0.07018892700634852,0.045278986409702585,1406,1
2021-06-08_2021-06-08T10:19:34-04:00,2021-06-08,0.5051375375058823,0.589123774509777,0.068735171578326,0.07426851924252509,68,3
2021-06-08_2021-06-08T10:19:53-04:00,2021-06-08,0.39326285695626817,0.46471412992679384,0.10280260813271451,0.08501416206385179,98,3
2021-06-08_2021-06-08T10:20:02-04:00,2021-06-08,0.5311046749090909,0.40618058094087944,0.048823307744539746,0.12703932945774105,11,3
2021-06-08_2021-06-08T10:23:46-04:00,2021-06-08,0.3761845053060741,0.5766395769283728,0.09275645299922611,0.04827985272986965,675,1
2021-06-08_2021-06-08T10:26:57-04:00,2021-06-08,0.4943389790654148,0.6093052547813501,0.08531756910767088,0.029696310160380157,5000,4
2021-06-09_2021-06-09T08:00:00-04:00,2021-06-09,0.03584787272525618,0.4914216003853946,0.007976155839264283,0.07290192694167123,316,2
2021-06-09_2021-06-09T08:02:11-04:00,2021-06-09,0.10060122763636364,0.0,0.0018649322569581756,0.0,2,2
2021-06-09_2021-06-09T08:02:56-04:00,2021-06-09,0.6171970191861138,0.46029411764706113,0.07526159645629672,0.0316290354525637,34,3
2021-06-09_2021-06-09T08:07:23-04:00,2021-06-09,0.3179059521235521,0.7125124999999883,0.06415886478023311,0.1598143358333456,16,3
2021-06-09_2021-06-09T08:12:32-04:00,2021-06-09,0.603119616,0.0,,,1,5
2021-06-09_2021-06-09T08:16:34-04:00,2021-06-09,0.4908349427544174,0.42034612176815017,0.08826980322647662,0.07906657362641782,22,3
2021-06-09_2021-06-09T08:23:43-04:00,2021-06-09,0.123053568,0.0,,,1,2
2021-06-09_2021-06-09T08:27:52-04:00,2021-06-09,0.7295196040188209,0.44115999526728633,0.03763179065457965,0.03142098338324829,1084,1
2021-06-09_2021-06-09T09:20:31-04:00,2021-06-09,0.4947563292444444,0.32466666666665184,0.11630916111436558,0.10873551515151729,12,3
2021-06-09_2021-06-09T09:20:51-04:00,2021-06-09,0.5605336064,0.6,0.11570149879987261,0.07857142857142856,15,3
2021-06-09_2021-06-09T09:21:08-04:00,2021-06-09,0.487548032,0.5,0.39849221096161286,0.5,2,0
2021-06-09_2021-06-09T09:21:21-04:00,2021-06-09,0.993550848,0.0,,,1,5
2021-06-09_2021-06-09T09:21:24-04:00,2021-06-09,0.34209689856000003,0.5014999999999986,0.08914815057727345,0.055561388888888875,10,3
2021-06-09_2021-06-09T09:21:39-04:00,2021-06-09,0.544010496,0.0,,,1,5
2021-06-09_2021-06-09T09:21:41-04:00,2021-06-09,0.23956160000000004,0.0,0.0840517318489211,0.0,2,2
2021-06-09_2021-06-09T09:21:49-04:00,2021-06-09,0.2039796053333333,0.6240601503759364,0.023545049012834756,0.13782576742608327,5,3
2021-06-09_2021-06-09T09:22:02-04:00,2021-06-09,0.408836096,0.5,0.16282837174570186,0.5,2,0
2021-06-09_2021-06-09T09:22:06-04:00,2021-06-09,0.29463594361904766,0.7142857142857143,0.09165144101964422,0.2380952380952381,7,0
2021-06-09_2021-06-09T09:22:21-04:00,2021-06-09,0.413521664,0.0,,,1,2
2021-06-09_2021-06-09T09:22:28-04:00,2021-06-09,0.34121853781333333,0.7282051282051327,0.1082936524563748,0.11146801916032922,15,3
2021-06-09_2021-06-09T09:23:00-04:00,2021-06-09,0.42668869214814814,0.0,0.08078192687071865,0.0,3,2
2021-06-09_2021-06-09T09:23:11-04:00,2021-06-09,0.854558678580794,0.6612474960320216,0.03772452951171854,0.05972747544313226,1917,1
2021-06-09_2021-06-09T09:31:22-04:00,2021-06-09,0.594818971826087,0.3814519276025421,0.08204105675378012,0.07112247633134068,23,3
2021-06-09_2021-06-09T10:02:53-04:00,2021-06-09,0.37793387349333335,0.5766710144927605,0.09626152095933342,0.08245327413851723,50,3
2021-06-09_2021-06-09T10:02:58-04:00,2021-06-09,0.5016017773065088,0.594085507643364,0.08405321637347354,0.042817561809728205,260,3
2021-06-09_2021-06-09T10:03:55-04:00,2021-06-09,0.6730294783999999,0.5431420832307279,0.028720113857449166,0.21505746428768918,5,3
2021-06-09_2021-06-09T10:03:59-04:00,2021-06-09,0.39219647999999996,0.38800000000000556,0.022127790355007775,0.09029203527336814,8,3
2021-06-09_2021-06-09T10:04:01-04:00,2021-06-09,0.47245234251851853,0.48804826188002487,0.10152928942927422,0.05795435215920762,27,3
2021-06-09_2021-06-09T10:04:07-04:00,2021-06-09,0.5071305178965787,0.5220694352316794,0.08277072129250046,0.06411499964210396,346,3
2021-06-09_2021-06-09T10:04:46-04:00,2021-06-09,0.47350120626086956,0.4761523662947134,0.10441980784512056,0.09325901997705387,23,3
2021-06-09_2021-06-09T10:05:09-04:00,2021-06-09,0.4367228041265142,0.6326983857968076,0.09285735226864675,0.02529906788440188,5000,4
2021-06-09_2021-06-09T10:17:59-04:00,2021-06-09,0.4787499853913043,0.6519097413318788,0.05972892522898333,0.08156460344793541,23,3
2021-06-09_2021-06-09T10:18:33-04:00,2021-06-09,0.5324180267428572,0.5475746264317745,0.0969115345423195,0.03192260625471196,210,3
2021-06-09_2021-06-09T10:19:07-04:00,2021-06-09,0.48306610666666666,0.4329566210045453,0.07197485357847948,0.11180477276373552,24,3
2021-06-09_2021-06-09T10:19:59-04:00,2021-06-09,0.3668319396571429,0.5346518305814761,0.0675411415533604,0.08687082846774694,35,3
2021-06-09_2021-06-09T10:20:09-04:00,2021-06-09,0.5107113712941176,0.5676821773485533,0.11362264960340414,0.10321601725786952,17,3
2021-06-09_2021-06-09T10:20:14-04:00,2021-06-09,0.4834924996341558,0.6008097217031967,0.08300385750457294,0.04622509763679355,671,1
2021-06-09_2021-06-09T10:22:07-04:00,2021-06-09,0.4515175781052632,0.5304805491990671,0.0776246423727547,0.13540101516986663,19,3
2021-06-09_2021-06-09T10:22:32-04:00,2021-06-09,0.47838861743502753,0.44868949779426975,0.07614473934544308,0.043431484759645325,948,1
2021-06-09_2021-06-09T10:25:51-04:00,2021-06-09,0.5105416167619048,0.5345261908425394,0.10327574629770216,0.09562612950978812,35,3
2021-06-09_2021-06-09T10:25:59-04:00,2021-06-09,0.6322929454545455,0.47565656565659575,0.05384223486867631,0.17043271168475074,11,3
2021-06-09_2021-06-09T10:26:04-04:00,2021-06-09,0.48660836894117643,0.5950309339094649,0.07718770335468085,0.08548661907789087,17,3
2021-06-09_2021-06-09T10:26:11-04:00,2021-06-09,0.4757885418015938,0.5798801370199919,0.09115610468736642,0.036521039100811135,1213,1
2021-06-10_2021-06-10T08:00:00-04:00,2021-06-10,0.1648255188593039,0.5620961087202698,0.09347898554519922,0.06197360715078828,625,3
2021-06-10_2021-06-10T08:25:51-04:00,2021-06-10,0.12700938239999998,0.0,,,1,2
2021-06-10_2021-06-10T08:26:03-04:00,2021-06-10,0.07249992533333333,0.5,0.0028023678085903805,0.5,2,0
2021-06-10_2021-06-10T08:26:30-04:00,2021-06-10,0.599548672,0.0,,,1,5
2021-06-10_2021-06-10T08:26:44-04:00,2021-06-10,0.847368704,0.0,,,1,5
2021-06-10_2021-06-10T08:27:03-04:00,2021-06-10,0.469451776,0.0,,,1,2
2021-06-10_2021-06-10T08:27:24-04:00,2021-06-10,0.574285824,0.0,,,1,5
2021-06-10_2021-06-10T08:28:22-04:00,2021-06-10,0.419191808,0.0,,,1,2
2021-06-10_2021-06-10T08:28:29-04:00,2021-06-10,0.18528178742857143,0.5,0.04608355715902941,0.5,2,0
2021-06-10_2021-06-10T08:29:12-04:00,2021-06-10,0.493456672,0.5,0.16491809232855242,0.5,2,0
2021-06-10_2021-06-10T08:29:41-04:00,2021-06-10,0.5222905899976388,0.4694334650856403,0.08252531995168208,0.0510108771406571,121,3
2021-06-10_2021-06-10T08:39:24-04:00,2021-06-10,0.799153152,0.0,,,1,5
2021-06-10_2021-06-10T08:39:38-04:00,2021-06-10,0.2502447093333333,0.5974999999999966,0.045404364853719605,0.17934166666666576,4,3
2021-06-10_2021-06-10T08:39:55-04:00,2021-06-10,0.45257307219288306,0.41875000000000795,0.09467813544499043,0.05727764423076982,27,3
2021-06-10_2021-06-10T08:44:20-04:00,2021-06-10,0.54742579968,0.3660051546391777,0.11370425536307593,0.12471592805880143,20,3
2021-06-10_2021-06-10T08:46:06-04:00,2021-06-10,0.5633131934117647,0.7945512820512777,0.09698944935415277,0.11227658025734759,8,3
2021-06-10_2021-06-10T08:46:25-04:00,2021-06-10,0.2696523392,0.6340180360721376,0.05959440638590894,0.17501356850546337,8,3
2021-06-10_2021-06-10T08:47:45-04:00,2021-06-10,0.629332864,0.5,0.03815387985507126,0.5,2,0
2021-06-10_2021-06-10T08:48:16-04:00,2021-06-10,0.02346873295238095,0.5,7.288804264815572e-05,0.5,2,0
2021-06-10_2021-06-10T08:48:59-04:00,2021-06-10,0.62374016,0.0,,,1,5
2021-06-10_2021-06-10T08:49:09-04:00,2021-06-10,0.8284957407409239,0.5360783414916336,0.060379581399761455,0.05615749037047762,5000,4
2021-06-10_2021-06-10T09:32:07-04:00,2021-06-10,0.4961614329350649,0.27066876779189464,0.03890785025289069,0.06698625524807734,154,3
2021-06-10_2021-06-10T09:32:25-04:00,2021-06-10,0.46382267502169044,0.5337025407140422,0.08408589506093038,0.04237754250239536,5000,4
2021-06-10_2021-06-10T09:43:10-04:00,2021-06-10,0.46287419429978455,0.7250370986755422,0.08422539339434354,0.03726898356444682,342,3
2021-06-10_2021-06-10T09:44:44-04:00,2021-06-10,0.42266575732632194,0.5871646505785799,0.09543676783502293,0.04646683038155613,1141,1
2021-06-10_2021-06-10T10:11:18-04:00,2021-06-10,0.524274176,0.22538554650851209,0.09782276967953203,0.1678775326068993,9,3
2021-06-10_2021-06-10T10:11:39-04:00,2021-06-10,0.827252096,0.32290150412421187,0.03135070580338194,0.23334562227603955,6,5
2021-06-10_2021-06-10T10:12:06-04:00,2021-06-10,0.412524288,0.25753441192062965,0.10951601788648536,0.1849276054504718,8,3
2021-06-10_2021-06-10T10:12:35-04:00,2021-06-10,0.538338624,0.4772616882065548,0.014071550389403645,0.30249865152661987,4,3
2021-06-11_2021-06-11T08:00:01-04:00,2021-06-11,0.8081491160000001,0.7282780088062614,0.03146973427827898,0.05085041871596151,160,3
2021-06-11_2021-06-11T08:14:28-04:00,2021-06-11,0.57279232,0.0,,,1,5
2021-06-11_2021-06-11T08:25:18-04:00,2021-06-11,0.0261756928,0.0,,,1,2
2021-06-11_2021-06-11T08:26:14-04:00,2021-06-11,0.617300416,0.5493421052631622,0.0896617147964042,0.08124422899353625,16,3
2021-06-11_2021-06-11T08:27:30-04:00,2021-06-11,0.3797032789333333,0.5,0.04921731536997931,0.25,3,3
2021-06-11_2021-06-11T08:27:38-04:00,2021-06-11,0.5709722054353791,0.3601901658767787,0.08067144328318407,0.062485318434210325,80,3
2021-06-11_2021-06-11T08:42:02-04:00,2021-06-11,0.46134667545098046,0.6666666666666666,0.16559288521760077,0.33333333333333337,3,0
2021-06-11_2021-06-11T08:45:05-04:00,2021-06-11,0.269176192,0.0,,,1,2
2021-06-11_2021-06-11T08:57:25-04:00,2021-06-11,0.307851008,0.0,,,1,2
2021-06-11_2021-06-11T08:57:32-04:00,2021-06-11,0.09579587368421054,0.5,0.017276700906558612,0.5,2,0
2021-06-11_2021-06-11T08:58:00-04:00,2021-06-11,0.06954482392145862,0.884452670544685,0.01870330585915447,0.08071465931519185,31,3
2021-06-11_2021-06-11T08:58:35-04:00,2021-06-11,0.42132652800000003,0.5,0.00022987171471360005,0.16666666666666666,4,3
2021-06-11_2021-06-11T08:59:06-04:00,2021-06-11,0.5399515776,0.0,0.13231240146843695,0.0,4,3
2021-06-11_2021-06-11T08:59:32-04:00,2021-06-11,0.355074048,0.0,,,1,2
2021-06-11_2021-06-11T08:59:49-04:00,2021-06-11,0.6370216975648791,0.562014889909713,0.0673588129402421,0.13779085547937728,59,3
2021-06-11_2021-06-11T09:36:16-04:00,2021-06-11,0.5205558090322581,0.6928825182223018,0.0897598999422527,0.056224569790313136,93,3
2021-06-11_2021-06-11T09:37:33-04:00,2021-06-11,0.4931724555385445,0.5675339362246777,0.08070819493932642,0.06759987958004955,530,3
2021-06-11_2021-06-11T09:37:58-04:00,2021-06-11,0.7275715394782608,0.485060074523414,0.08856808883054203,0.03671870193403967,46,3
2021-06-11_2021-06-11T09:40:24-04:00,2021-06-11,0.4900151635968,0.607734091577609,0.08751720232930492,0.07620324669510087,125,3
2021-06-11_2021-06-11T09:40:33-04:00,2021-06-11,0.568000318745098,0.48131788760174843,0.08148908440113209,0.09567072630852481,51,3
2021-06-11_2021-06-11T09:40:39-04:00,2021-06-11,0.48762420048770055,0.7281876060077196,0.08309510822334251,0.02920942038776893,510,1
2021-06-11_2021-06-11T09:41:04-04:00,2021-06-11,0.5395669790538149,0.64631841814159,0.07966139331639414,0.0458425991039181,904,1
2021-06-11_2021-06-11T09:41:47-04:00,2021-06-11,0.5080345017025706,0.7964539539966846,0.09057690783080521,0.04817249281085379,373,1
2021-06-11_2021-06-11T09:57:29-04:00,2021-06-11,0.4077848220876888,0.46743241224522736,0.07321540160713068,0.02834851844681675,5000,4
2021-06-11_2021-06-11T10:05:31-04:00,2021-06-11,0.48354703618585854,0.5586341096919548,0.07743056329448622,0.07618499635108983,110,3
2021-06-11_2021-06-11T10:06:37-04:00,2021-06-11,0.6877286632727272,0.4193825998035782,0.05989312101484403,0.18256872989674433,11,3
2021-06-11_2021-06-11T10:07:11-04:00,2021-06-11,0.4627932692386333,0.6825417159374556,0.07676016212600147,0.03925537709794999,177,3
2021-06-11_2021-06-11T10:07:34-04:00,2021-06-11,0.5269906218666667,0.6912425861214899,0.08123304494495703,0.05641778046474003,90,3
2021-06-11_2021-06-11T10:07:47-04:00,2021-06-11,0.5011393970604651,0.6439471864000392,0.07999591219227144,0.051044575434814124,215,3
2021-06-11_2021-06-11T10:10:30-04:00,2021-06-11,0.41434295466666665,0.565040650406501,0.034336934722310405,0.11877850485821657,6,3
2021-06-11_2021-06-11T10:10:34-04:00,2021-06-11,0.36787666075151515,0.6659663267206255,0.07059922155225433,0.07618395832934832,55,3
2021-06-11_2021-06-11T10:17:15-04:00,2021-06-11,0.4763022506666667,0.5096193415637695,0.09050510004672702,0.18951800093989563,6,3
2021-06-11_2021-06-11T10:17:54-04:00,2021-06-11,0.12423820799999999,0.5680851063829975,0.0031880123206205445,0.25904330768067596,4,3
2021-06-11_2021-06-11T10:17:57-04:00,2021-06-11,0.4660696685714286,0.7891260004762705,0.12774209583326682,0.07276447175238239,21,3
2021-06-14_2021-06-14T08:00:01-04:00,2021-06-14,0.8259179852525738,0.5336571354216372,0.06861352807415354,0.04845135691727933,5000,4
2021-06-14_2021-06-14T09:34:33-04:00,2021-06-14,0.464325824,0.4786379179331338,0.07426498142158632,0.05660796115073484,16,3
2021-06-14_2021-06-14T09:34:37-04:00,2021-06-14,0.4595760213199119,0.5199548975341292,0.09195733342874357,0.05862309420313748,289,3
2021-06-14_2021-06-14T09:35:04-04:00,2021-06-14,0.49419491661261267,0.3566362870409972,0.08260910360835898,0.059199668473147726,148,3
2021-06-14_2021-06-14T09:35:19-04:00,2021-06-14,0.43221201683692306,0.5414445648248465,0.0937915277877518,0.13746286130369864,65,3
2021-06-14_2021-06-14T09:35:26-04:00,2021-06-14,0.4703693088627451,0.4425266110789053,0.09912095594654766,0.046880722550505904,51,3
2021-06-14_2021-06-14T09:35:32-04:00,2021-06-14,0.5325481814703049,0.3726571257667255,0.08034876691294283,0.04165479879247324,89,3
2021-06-14_2021-06-14T09:35:47-04:00,2021-06-14,0.4907077074285714,0.41988149350649057,0.09399751039597237,0.053925596369540404,56,3
2021-06-14_2021-06-14T09:35:55-04:00,2021-06-14,0.5796507946666667,0.5317849586458822,0.08222754808019452,0.11527711364898091,12,3
2021-06-14_2021-06-14T10:07:57-04:00,2021-06-14,0.560468352,0.5352000000000032,0.02806876426694164,0.19000279999999364,6,3
2021-06-14_2021-06-14T10:08:01-04:00,2021-06-14,0.5566513093245902,0.5529782455403084,0.09441441181234861,0.06230214810219041,122,3
2021-06-14_2021-06-14T10:08:13-04:00,2021-06-14,0.47661384509295773,0.4766753150481757,0.09056614224746924,0.053961250968416224,71,3
2021-06-14_2021-06-14T10:08:30-04:00,2021-06-14,0.49887813138738735,0.5101464236311544,0.09747010870919663,0.04233501750924606,288,3
2021-06-14_2021-06-14T10:09:16-04:00,2021-06-14,0.43288340375510204,0.5586010188828959,0.09227374817303192,0.1214667916395636,49,3
2021-06-14_2021-06-14T10:12:55-04:00,2021-06-14,0.6123154371764706,0.4189215686274541,0.04192676891105063,0.05807122741253256,17,3
2021-06-14_2021-06-14T10:13:05-04:00,2021-06-14,0.3706073173333333,0.5773690078037916,0.08532615170867609,0.137035407881344,9,3
2021-06-14_2021-06-14T10:13:11-04:00,2021-06-14,0.5148538683508772,0.6394565861536164,0.11865760639885733,0.06441861281605012,57,3
2021-06-14_2021-06-14T10:13:22-04:00,2021-06-14,0.4400144725333333,0.5823688202247197,0.0668749377658281,0.05675228594612707,200,3
2021-06-14_2021-06-14T10:13:52-04:00,2021-06-14,0.5451532101818182,0.4351967286690365,0.1121755268201066,0.10686083278106095,11,3
2021-06-14_2021-06-14T10:14:03-04:00,2021-06-14,0.45664613816666666,0.600619459219856,0.07336476196958269,0.08570487860541652,96,3
2021-06-15_2021-06-15T08:00:00-04:00,2021-06-15,0.5636652,0.46593853820598136,0.01064313408136419,0.05245613813999497,112,3
2021-06-15_2021-06-15T08:06:46-04:00,2021-06-15,0.009536512,0.0,,,1,2
2021-06-15_2021-06-15T08:08:31-04:00,2021-06-15,0.04417092266666667,0.0,,,1,2
2021-06-15_2021-06-15T08:09:10-04:00,2021-06-15,0.35294157579130436,0.8,0.044211255999465834,0.2,5,0
2021-06-15_2021-06-15T08:11:42-04:00,2021-06-15,0.36837736480000005,0.75,0.14676783915831929,0.25,4,0
2021-06-15_2021-06-15T08:13:26-04:00,2021-06-15,0.3955237902410596,0.2604634146341229,0.13246829533067953,0.08075376363276059,10,3
2021-06-15_2021-06-15T08:19:24-04:00,2021-06-15,0.2702529901920904,0.46446078431372734,0.08099985860377774,0.1488411908881247,6,3
2021-06-15_2021-06-15T08:27:37-04:00,2021-06-15,0.324114944,0.0,,,1,2
2021-06-15_2021-06-15T08:29:29-04:00,2021-06-15,0.0027738258285714286,0.0,,,1,2
2021-06-15_2021-06-15T08:32:54-04:00,2021-06-15,0.558356992,0.0,,,1,5
2021-06-15_2021-06-15T08:41:10-04:00,2021-06-15,0.153708544,0.0,,,1,2
2021-06-15_2021-06-15T08:42:06-04:00,2021-06-15,0.3283836531612903,0.0,0.08036187735692644,0.0,4,2
2021-06-15_2021-06-15T08:44:10-04:00,2021-06-15,0.3735366142337663,0.25,0.1753724859724047,0.25000000000000006,4,0
2021-06-15_2021-06-15T08:47:21-04:00,2021-06-15,0.265606912,0.0,,,1,2
2021-06-15_2021-06-15T08:48:31-04:00,2021-06-15,0.6830932228478314,0.5672115384614874,0.10862983156004814,0.06929899839745537,13,3
2021-06-15_2021-06-15T08:57:55-04:00,2021-06-15,0.17505767943262412,0.7706279069767449,0.027286131261692076,0.12626882938313172,18,3
2021-06-15_2021-06-15T08:59:04-04:00,2021-06-15,0.5147913796266667,0.2,0.10044076196300328,0.20000000000000004,5,3
2021-06-15_2021-06-15T09:00:18-04:00,2021-06-15,0.329024,0.0,,,1,2
2021-06-15_2021-06-15T09:00:31-04:00,2021-06-15,0.2736047303111111,0.7384229050500206,0.06703881243046998,0.1647344529410273,6,3
2021-06-15_2021-06-15T09:00:48-04:00,2021-06-15,0.53227008,0.5,0.1078066615721438,0.3333333333333333,4,0
2021-06-15_2021-06-15T09:00:56-04:00,2021-06-15,0.197230208,0.5833333333333294,0.037200031423365115,0.2500000000000026,4,3
2021-06-15_2021-06-15T09:01:02-04:00,2021-06-15,0.601304576,0.0,0.004500645715509245,0.0,2,5
2021-06-15_2021-06-15T09:01:04-04:00,2021-06-15,0.97756288,0.0,,,1,5
2021-06-15_2021-06-15T09:01:07-04:00,2021-06-15,0.5090206320941177,0.6077627772420513,0.08807001263034983,0.10455599281502333,17,3
2021-06-15_2021-06-15T09:01:50-04:00,2021-06-15,0.5592524122352941,0.6426375711574955,0.10659525659919217,0.08684816252983932,17,3
2021-06-15_2021-06-15T09:02:54-04:00,2021-06-15,0.5204953446837607,0.7222222222222222,0.06792881542522498,0.13194444444444445,9,3
2021-06-15_2021-06-15T09:03:15-04:00,2021-06-15,0.72083584,0.0,,,1,5
2021-06-15_2021-06-15T09:03:22-04:00,2021-06-15,0.007285504,0.0,,,1,2
2021-06-15_2021-06-15T09:03:29-04:00,2021-06-15,0.7099808000000001,0.5,0.046523334230835184,0.5,2,0
2021-06-15_2021-06-15T09:03:45-04:00,2021-06-15,0.380544256,0.0,0.09581489161253687,0.0,2,2
2021-06-15_2021-06-15T09:03:52-04:00,2021-06-15,0.7761277440000001,0.5,0.019461769905963003,0.5,2,0
2021-06-15_2021-06-15T09:04:02-04:00,2021-06-15,0.2335616,0.0,,,1,2
2021-06-15_2021-06-15T09:04:11-04:00,2021-06-15,0.23709994666666664,0.5,0.00047462624248172027,0.5,2,0
2021-06-15_2021-06-15T09:04:18-04:00,2021-06-15,0.31217598745098035,0.43627450980392374,0.07640582175826163,0.1139850057670122,6,3
2021-06-15_2021-06-15T09:04:37-04:00,2021-06-15,0.737522688,0.0,,,1,5
2021-06-15_2021-06-15T09:04:45-04:00,2021-06-15,0.5897216948148148,0.5825925925926003,0.0781697184402249,0.08988474016051982,27,3
2021-06-15_2021-06-15T09:05:32-04:00,2021-06-15,0.5796073244444445,0.4047619047619144,0.24704601091299377,0.277210884353736,3,0
2021-06-15_2021-06-15T09:09:09-04:00,2021-06-15,0.883532032,0.0,,,1,5
2021-06-15_2021-06-15T09:09:26-04:00,2021-06-15,0.68459648,0.0,,,1,5
2021-06-15_2021-06-15T09:09:33-04:00,2021-06-15,0.087664896,0.0,,,1,2
2021-06-15_2021-06-15T09:09:49-04:00,2021-06-15,0.837603584,0.0,,,1,5
2021-06-15_2021-06-15T09:09:57-04:00,2021-06-15,0.47932051781818186,0.0,0.07131390930298849,0.0,6,5
2021-06-15_2021-06-15T09:10:12-04:00,2021-06-15,0.558381906008658,0.5714285714285714,0.11848044685825972,0.28571428571428575,7,0
2021-06-15_2021-06-15T09:10:52-04:00,2021-06-15,0.55895975910559,0.501096618357477,0.1063357483699956,0.08771586117210761,23,3
2021-06-15_2021-06-15T09:12:01-04:00,2021-06-15,0.534645288,0.4972527472527342,0.1967527849958073,0.3225355230849635,4,0
2021-06-15_2021-06-15T09:12:22-04:00,2021-06-15,0.49192453849584883,0.7515603402445492,0.08054929710545679,0.03389679475080912,342,3
2021-06-15_2021-06-15T09:29:36-04:00,2021-06-15,0.297529088,0.0,,,1,2
2021-06-15_2021-06-15T09:29:46-04:00,2021-06-15,0.5053006725289256,0.47440961117925096,0.08233591365003735,0.07329711716411928,1155,1
2021-06-15_2021-06-15T09:32:14-04:00,2021-06-15,0.5334250014117647,0.38555697641375225,0.053147631770124784,0.0718153155901082,17,3
2021-06-15_2021-06-15T09:32:22-04:00,2021-06-15,0.3096025173333333,0.2910188091588186,0.05171276739304269,0.1345696741497614,6,3
2021-06-15_2021-06-15T09:32:26-04:00,2021-06-15,0.62683648,0.5778309887259259,0.0946527215062876,0.2397798323359423,5,0
2021-06-15_2021-06-15T09:32:28-04:00,2021-06-15,0.5177380305454545,0.4500845665961886,0.08171404567366622,0.10386597013947015,11,3
2021-06-15_2021-06-15T09:32:31-04:00,2021-06-15,0.3769214464,0.4633673469387782,0.16591287915055025,0.2522636922115751,5,0
2021-06-15_2021-06-15T09:32:35-04:00,2021-06-15,0.5199945749781659,0.5569590811510606,0.08656784891447354,0.06411698848392948,458,3
2021-06-15_2021-06-15T10:00:07-04:00,2021-06-15,0.3771910291525424,0.4596356407365231,0.05252154821167486,0.0731273609850189,59,3
2021-06-16_2021-06-16T08:00:00-04:00,2021-06-16,0.20883664260807633,0.5126280991735527,0.09375947888029598,0.10694109456502614,242,3
2021-06-16_2021-06-16T08:33:11-04:00,2021-06-16,0.34039052583050844,0.6437500000000043,0.06877928678502433,0.17531250000000137,8,3
2021-06-16_2021-06-16T08:35:32-04:00,2021-06-16,0.027991197538461538,0.0,,,1,2
2021-06-16_2021-06-16T08:37:37-04:00,2021-06-16,0.4219259231372549,0.5,0.32930524873622913,0.5,2,0
2021-06-16_2021-06-16T08:39:05-04:00,2021-06-16,0.3287363053037037,0.20010000000000333,0.07617775713548264,0.19995004999999835,5,3
2021-06-16_2021-06-16T08:40:54-04:00,2021-06-16,0.120096768,0.0,,,1,2
2021-06-16_2021-06-16T08:41:01-04:00,2021-06-16,0.875370752,0.0,,,1,5
2021-06-16_2021-06-16T08:41:18-04:00,2021-06-16,0.6412953434074075,0.0,0.3032798677152164,0.0,3,3
2021-06-16_2021-06-16T08:42:49-04:00,2021-06-16,0.58826816,0.5,0.11054573529625397,0.5,2,0
2021-06-16_2021-06-16T08:42:54-04:00,2021-06-16,0.520344064,0.0,,,1,5
2021-06-16_2021-06-16T09:32:08-04:00,2021-06-16,0.5125962236456079,0.6503218108059945,0.07854987454029086,0.04481406700776967,274,3
2021-06-16_2021-06-16T09:34:33-04:00,2021-06-16,0.48647043238290594,0.6079297303203626,0.08416505665744066,0.029635265986855067,450,3
2021-06-16_2021-06-16T09:35:33-04:00,2021-06-16,0.513699392,0.630809541876127,0.027692944398740905,0.11578182879298933,8,3
2021-06-16_2021-06-16T09:35:37-04:00,2021-06-16,0.524096384,0.7083184523809519,0.09574193631264769,0.12501391495586306,8,3
2021-06-16_2021-06-16T09:35:39-04:00,2021-06-16,0.5296111531850783,0.7350721959604657,0.08712690721321377,0.041544296600093726,179,3
2021-06-16_2021-06-16T09:36:12-04:00,2021-06-16,0.5737978749387755,0.6692117117117158,0.08256345697299934,0.08448342983722086,42,3
2021-06-16_2021-06-16T09:40:28-04:00,2021-06-16,0.32416872228571425,0.5804248768472953,0.021280179923869966,0.06417814239491139,14,3
2021-06-16_2021-06-16T09:40:30-04:00,2021-06-16,0.4697428,0.49351923076921245,0.0856035044619384,0.11884487869822553,8,3
2021-06-16_2021-06-16T10:13:41-04:00,2021-06-16,0.43385179398347107,0.6586989390762916,0.10541415004017646,0.04441040610852104,99,3
2021-06-16_2021-06-16T10:13:59-04:00,2021-06-16,0.5346120843636364,0.490571198712785,0.07242643541918173,0.15816861518307956,11,3
2021-06-16_2021-06-16T10:14:11-04:00,2021-06-16,0.33135342933333334,0.5352941176470548,0.06505789948980974,0.2537370242214525,3,3
2021-06-16_2021-06-16T10:17:34-04:00,2021-06-16,0.4795366542273107,0.6588323807171025,0.08668576367193696,0.03305200143674462,215,3
2021-06-16_2021-06-16T10:19:10-04:00,2021-06-16,0.4536112472936468,0.5027564457274563,0.08432129769017309,0.04413552926471978,3001,4
2021-06-17_2021-06-17T10:06:35-04:00,2021-06-17,0.5278100060783842,0.5966927487450745,0.08818350749775439,0.051234813629480416,1359,1
2021-06-17_2021-06-17T10:09:02-04:00,2021-06-17,0.41797032,0.6354583333333276,0.11029038731569152,0.1339253652592594,16,3
2021-06-17_2021-06-17T10:09:06-04:00,2021-06-17,0.5034571027692307,0.5207682607430374,0.08400629716219095,0.13273828689297068,13,3
2021-06-17_2021-06-17T10:09:37-04:00,2021-06-17,0.6269321984,0.4580490797545929,0.043983037310602074,0.1557386509758673,10,3
2021-06-18_2021-06-18T08:00:00-04:00,2021-06-18,0.25289051088431896,0.4722743926953165,0.11498828003002903,0.048142656879134986,181,3
2021-06-18_2021-06-18T08:40:03-04:00,2021-06-18,0.4804673437318436,0.5937500000000056,0.19283193381859376,0.17838541666666807,4,0
2021-06-18_2021-06-18T08:43:23-04:00,2021-06-18,0.608963072,0.0,,,1,5
2021-06-18_2021-06-18T08:44:03-04:00,2021-06-18,0.08815175680000001,0.0,,,1,2
2021-06-18_2021-06-18T08:47:52-04:00,2021-06-18,0.7447633986048,0.6154502824858769,0.07167584371678055,0.034666660945777174,75,3
2021-06-18_2021-06-18T09:01:14-04:00,2021-06-18,0.34101399893333334,0.3333333333333333,0.02280316048128694,0.33333333333333337,3,3
2021-06-18_2021-06-18T09:01:21-04:00,2021-06-18,0.48275977955555555,0.0,0.4626757157032455,0.0,2,0
2021-06-18_2021-06-18T09:01:37-04:00,2021-06-18,0.952078592,0.5,0.0021160582971392005,0.5,2,0
2021-06-18_2021-06-18T09:01:42-04:00,2021-06-18,0.76554688,0.5,0.08748494191070412,0.5,2,0
2021-06-18_2021-06-18T09:01:48-04:00,2021-06-18,0.6354267136,0.698684210526317,0.16176933168122298,0.2006665512465368,5,0
2021-06-18_2021-06-18T09:02:03-04:00,2021-06-18,0.204525568,0.0,,,1,2
2021-06-18_2021-06-18T09:02:05-04:00,2021-06-18,0.27589265066666663,0.6666666666666666,0.04616307709576595,0.26666666666666666,6,0
2021-06-18_2021-06-18T09:02:25-04:00,2021-06-18,0.29654924800000004,0.5,0.0020513600970751998,0.5,2,0
2021-06-18_2021-06-18T09:05:45-04:00,2021-06-18,0.256698368,0.0,,,1,2
2021-06-18_2021-06-18T09:05:50-04:00,2021-06-18,0.6393128960000001,0.5,0.004110578126815231,0.5,2,0
2021-06-18_2021-06-18T09:05:56-04:00,2021-06-18,0.995771392,0.0,,,1,5
2021-06-18_2021-06-18T09:06:05-04:00,2021-06-18,0.284505088,0.0,0.0018013980313518081,0.0,2,2
2021-06-18_2021-06-18T09:06:22-04:00,2021-06-18,0.02535296,0.5,7.028910194687995e-06,0.5,2,0
2021-06-18_2021-06-18T09:06:44-04:00,2021-06-18,0.531094656,0.5,0.041124807277314046,0.5,2,0
2021-06-18_2021-06-18T09:07:03-04:00,2021-06-18,0.247130752,0.0,,,1,2
2021-06-18_2021-06-18T09:07:10-04:00,2021-06-18,0.359648512,0.5,0.11960178298703052,0.5,2,0
2021-06-18_2021-06-18T09:07:18-04:00,2021-06-18,0.44715655111111113,0.5841750841750833,0.14879863881005478,0.14150256776519415,6,0
2021-06-18_2021-06-18T09:07:46-04:00,2021-06-18,0.269800704,0.0,,,1,2
2021-06-18_2021-06-18T09:07:57-04:00,2021-06-18,0.502221568,0.0,,,1,5
2021-06-18_2021-06-18T09:08:06-04:00,2021-06-18,0.44061977599999996,0.5,0.0295970323646382,0.5,2,0
2021-06-18_2021-06-18T09:08:11-04:00,2021-06-18,0.260697088,0.5,0.014835050542006269,0.5,2,0
2021-06-18_2021-06-18T09:08:17-04:00,2021-06-18,0.15501696,0.5,0.003547884733810604,0.5,2,0
2021-06-18_2021-06-18T09:08:35-04:00,2021-06-18,0.3951156764444444,0.0,0.27148758888866253,0.0,2,3
2021-06-18_2021-06-18T09:08:50-04:00,2021-06-18,0.164210624,0.5,0.003794724176076799,0.5,2,0
2021-06-18_2021-06-18T09:09:06-04:00,2021-06-18,0.181328224,0.5,0.009093709057230849,0.5,2,0
2021-06-18_2021-06-18T09:09:35-04:00,2021-06-18,0.425115296,0.7499615384615372,0.03260833346531466,0.24997436489151792,4,0
2021-06-18_2021-06-18T09:09:39-04:00,2021-06-18,0.320282368,0.5,0.19943155119738057,0.5,2,0
2021-06-18_2021-06-18T09:09:58-04:00,2021-06-18,0.29789309155555554,0.49484536082474206,0.0333507333488373,0.2500797109150813,3,3
2021-06-18_2021-06-18T09:10:05-04:00,2021-06-18,0.40259164444444445,0.5,0.09457784638668047,0.1,6,3
2021-06-18_2021-06-18T09:10:14-04:00,2021-06-18,0.4990051952,0.6,0.09411449191543092,0.09999999999999999,10,3
2021-06-18_2021-06-18T09:10:32-04:00,2021-06-18,0.08457088,0.0,,,1,2
2021-06-18_2021-06-18T09:10:35-04:00,2021-06-18,0.944113152,0.0,,,1,5
2021-06-18_2021-06-18T09:10:47-04:00,2021-06-18,0.6646951746206897,0.71875,0.07798433483531984,0.13281249999999997,8,3
2021-06-18_2021-06-18T09:11:19-04:00,2021-06-18,0.5528354116094276,0.753780303030294,0.08789727971521984,0.08761333700096652,22,3
2021-06-18_2021-06-18T09:11:49-04:00,2021-06-18,0.47195865350736843,0.6312814465408764,0.08539786261756781,0.10141650407116365,40,3
2021-06-18_2021-06-18T09:13:35-04:00,2021-06-18,0.379726336,0.0,0.14516705671059865,0.0,3,3
2021-06-18_2021-06-18T09:13:43-04:00,2021-06-18,0.2209231238095238,0.5000000000000059,0.0926917798392362,0.2546874999999967,6,0
2021-06-18_2021-06-18T09:14:02-04:00,2021-06-18,0.4963350856183206,0.5272254521963797,0.09106105364558499,0.07729346033944746,96,3
2021-06-18_2021-06-18T09:19:30-04:00,2021-06-18,0.165709824,0.0,,,1,2
2021-06-18_2021-06-18T09:19:39-04:00,2021-06-18,0.13851485866666666,0.0,,,1,2
2021-06-18_2021-06-18T09:19:56-04:00,2021-06-18,0.5276642986666666,0.6666666666666666,0.14715199480400012,0.33333333333333337,3,0
2021-06-18_2021-06-18T09:20:09-04:00,2021-06-18,0.15148450133333333,0.0,,,1,2
2021-06-18_2021-06-18T09:20:15-04:00,2021-06-18,0.4630382933333333,0.6666666666666666,0.03923156271761544,0.33333333333333337,3,0
2021-06-18_2021-06-18T09:20:19-04:00,2021-06-18,0.38624324266666665,0.0,0.04599407342039157,0.0,3,2
2021-06-18_2021-06-18T09:20:36-04:00,2021-06-18,0.11966041599999999,0.5,0.008425739678154751,0.5,2,0
2021-06-18_2021-06-18T09:20:46-04:00,2021-06-18,0.018399658666666666,0.0,,,1,2
2021-06-18_2021-06-18T09:20:59-04:00,2021-06-18,0.04922528914285714,0.0,,,1,2
2021-06-18_2021-06-18T09:21:11-04:00,2021-06-18,0.40049181538461537,0.5714285714285685,0.055477441220195454,0.25850340136054645,4,3
2021-06-18_2021-06-18T09:21:29-04:00,2021-06-18,0.37131884288,0.6,0.17303736357445507,0.3,5,0
2021-06-18_2021-06-18T09:21:54-04:00,2021-06-18,0.5209486933333333,0.0,0.23763587114890034,0.0,2,3
2021-06-18_2021-06-18T09:22:04-04:00,2021-06-18,0.133390336,0.0,,,1,2
2021-06-18_2021-06-18T09:22:44-04:00,2021-06-18,0.053623936,0.0,,,1,2
2021-06-18_2021-06-18T09:22:56-04:00,2021-06-18,0.632699392,0.0,,,1,5
2021-06-18_2021-06-18T09:23:30-04:00,2021-06-18,0.727318528,0.0,,,1,5
2021-06-18_2021-06-18T09:23:46-04:00,2021-06-18,0.90320384,0.0,,,1,5
2021-06-18_2021-06-18T09:25:16-04:00,2021-06-18,0.555657472,0.0,,,1,5
2021-06-18_2021-06-18T09:25:52-04:00,2021-06-18,0.48281156266666664,0.3333333333333333,0.06722994268696303,0.33333333333333337,3,3
2021-06-18_2021-06-18T09:27:24-04:00,2021-06-18,0.35091827200000003,0.5,0.014005156089724918,0.5,2,0
2021-06-18_2021-06-18T09:27:30-04:00,2021-06-18,0.062467328,0.0,,,1,2
2021-06-18_2021-06-18T09:27:39-04:00,2021-06-18,0.8219927039999999,0.5,0.007856618109796359,0.5,2,0
2021-06-18_2021-06-18T09:29:36-04:00,2021-06-18,0.25177536,0.5,0.0055879870717952,0.5,2,0
2021-06-18_2021-06-18T09:29:52-04:00,2021-06-18,0.043714048,0.5,0.003050762268704768,0.5,2,0
2021-06-18_2021-06-18T09:30:53-04:00,2021-06-18,0.2780960568888889,0.4880259562841535,0.014471703926242781,0.11422438672196368,12,3
2021-06-18_2021-06-18T09:30:58-04:00,2021-06-18,0.354607104,0.4047924528301869,0.046179602951995385,0.14293897472409925,5,3
2021-06-18_2021-06-18T09:31:01-04:00,2021-06-18,0.49155640570967557,0.4968294575361908,0.08523847095426063,0.036101118984432044,1142,1
2021-06-18_2021-06-18T09:34:01-04:00,2021-06-18,0.5760241152795031,0.6770410628019403,0.07875273102443059,0.05452670186335384,92,3
2021-06-18_2021-06-18T09:34:45-04:00,2021-06-18,0.447715264,0.6867451690821101,0.07140851042190717,0.13377009192188052,8,3
2021-06-18_2021-06-18T09:34:53-04:00,2021-06-18,0.5215388342857142,0.5275770070337189,0.12121976381417843,0.13977003165976856,7,3
2021-06-18_2021-06-18T09:34:59-04:00,2021-06-18,0.3185662464,0.40392079207921433,0.06657777017151817,0.29601000686209067,5,3
2021-06-18_2021-06-18T09:35:04-04:00,2021-06-18,0.5469265351111111,0.7318832327373576,0.11538323195826222,0.14736969152748502,9,0
2021-06-18_2021-06-18T09:35:08-04:00,2021-06-18,0.4321510568228571,0.5422957983193261,0.07357704326777449,0.06685010310129265,70,3
2021-06-18_2021-06-18T09:35:20-04:00,2021-06-18,0.5034909798190226,0.6759044746103604,0.08049747264848475,0.04529531834703728,255,3
2021-06-18_2021-06-18T09:36:29-04:00,2021-06-18,0.5122788357120001,0.515627480916039,0.07944665476513507,0.07216539663142163,50,3
2021-06-18_2021-06-18T09:36:41-04:00,2021-06-18,0.4667795493333333,0.6455182926829308,0.1028716449817,0.09953117741768679,24,3
2021-06-18_2021-06-18T09:36:49-04:00,2021-06-18,0.501020672,0.46496116504855334,0.13344949101899867,0.11578928257977944,10,3
2021-06-18_2021-06-18T09:36:55-04:00,2021-06-18,0.55610256,0.6304220779220827,0.06064334079065995,0.11563745150952884,8,3
2021-06-18_2021-06-18T09:36:59-04:00,2021-06-18,0.5052904439376061,0.6380055555555546,0.08920411723984248,0.0505360443139812,700,1
2021-06-18_2021-06-18T09:39:29-04:00,2021-06-18,0.5297058819047619,0.5757692307692336,0.08568678827244594,0.08581603214528562,42,3
2021-06-18_2021-06-18T09:39:39-04:00,2021-06-18,0.5689663390476191,0.6491860465116265,0.08585450196426853,0.0912773566792899,21,3
2021-06-18_2021-06-18T09:39:45-04:00,2021-06-18,0.543570658024609,0.5366346546150735,0.0828043757170048,0.028012817492073253,247,3
2021-06-18_2021-06-18T09:40:48-04:00,2021-06-18,0.40714116114285714,0.4937126245847119,0.09119954455531734,0.07612719069112613,28,3
2021-06-18_2021-06-18T09:40:57-04:00,2021-06-18,0.389927808,0.5181068613562881,0.0621332349507939,0.12020524896960234,7,3
2021-06-18_2021-06-18T09:41:03-04:00,2021-06-18,0.5505538961568627,0.574897832817342,0.09378779036818195,0.09248639518864493,34,3
2021-06-18_2021-06-18T09:41:14-04:00,2021-06-18,0.7267920213333333,0.43902439024389966,0.0016197602223281499,0.26115407495538473,3,3
2021-06-18_2021-06-18T09:41:17-04:00,2021-06-18,0.47762062347537193,0.5541841356107713,0.08001425673690069,0.04163196685847107,483,3
2021-06-18_2021-06-18T09:43:29-04:00,2021-06-18,0.458340931047619,0.29822220128847415,0.08977674673214114,0.09921066050858116,21,3
2021-06-18_2021-06-18T09:43:35-04:00,2021-06-18,0.5127384971063383,0.6656939446096011,0.07882455659471904,0.06964611664119959,83,3
2021-06-18_2021-06-18T09:44:26-04:00,2021-06-18,0.3929397061818181,0.5919676214196813,0.07308671948994179,0.11422590832324157,11,3
2021-06-18_2021-06-18T09:44:31-04:00,2021-06-18,0.526388544,0.7447741147741251,0.09620470195340629,0.1071619612897435,13,3
2021-06-18_2021-06-18T09:44:37-04:00,2021-06-18,0.689633792,0.5,0.17376291591933135,0.5,2,0
2021-06-18_2021-06-18T09:44:39-04:00,2021-06-18,0.5775658788571428,0.5695064935064887,0.026644106739530996,0.234072613931523,7,3
2021-06-18_2021-06-18T09:44:42-04:00,2021-06-18,0.16958105600000004,0.6062295081967298,0.016973713376477188,0.28385412523515724,3,3
2021-06-18_2021-06-18T09:44:45-04:00,2021-06-18,0.46563097600000003,0.5416666666666551,0.07381136813094775,0.16976643598615768,4,3
2021-06-18_2021-06-18T09:44:47-04:00,2021-06-18,0.469718912,0.5895273583055558,0.09069133752352113,0.15766302211312833,6,3
2021-06-18_2021-06-18T09:44:52-04:00,2021-06-18,0.38116497066666666,0.3900000000000028,0.00021797564162594188,0.28629999999999817,3,3
2021-06-18_2021-06-18T09:45:30-04:00,2021-06-18,0.3743070354285714,0.24122270742358237,0.11142569285428683,0.11550850161769045,7,3
2021-06-18_2021-06-18T09:46:19-04:00,2021-06-18,0.5342115518511628,0.6108463198273747,0.05802895946922741,0.08322229605805014,43,3
2021-06-18_2021-06-18T09:46:26-04:00,2021-06-18,0.315085568,0.4584873199949001,0.09211280984659287,0.16951251188603553,4,3
2021-06-21_2021-06-21T08:00:00-04:00,2021-06-21,0.22619269766320746,0.48131583888035506,0.10431452382251159,0.040776434473259786,420,3
2021-06-21_2021-06-21T08:47:19-04:00,2021-06-21,0.7561720759845267,0.5837168174303391,0.07230198637476735,0.03735368439071983,2301,1
2021-06-21_2021-06-21T09:31:40-04:00,2021-06-21,0.5058217337269603,0.6163027178582712,0.08279305320533369,0.05410540754369368,567,1
2021-06-21_2021-06-21T09:32:41-04:00,2021-06-21,0.5033162530264417,0.6121996511747224,0.08140467822358305,0.043691175407438165,361,3
2021-06-21_2021-06-21T09:33:28-04:00,2021-06-21,0.5079023995859094,0.5181240578836354,0.0669980873490503,0.06661733187918936,107,3
2021-06-21_2021-06-21T09:33:43-04:00,2021-06-21,0.4579045087041877,0.6142734657039686,0.08275443561560009,0.03434662904917529,3144,4
2021-06-21_2021-06-21T09:43:31-04:00,2021-06-21,0.4837963337142857,0.3417425431711156,0.08767793396995101,0.20248684308888187,7,3
2021-06-22_2021-06-22T08:00:02-04:00,2021-06-22,0.6179336086199262,0.49055741306663847,0.060676673610256256,0.0711414745648912,271,3
2021-06-22_2021-06-22T08:02:15-04:00,2021-06-22,0.0736636416,0.0,,,1,2
2021-06-22_2021-06-22T08:26:48-04:00,2021-06-22,0.7435324968110599,0.7894548872180437,0.11595235160341556,0.15234533950006615,7,0
2021-06-22_2021-06-22T08:27:43-04:00,2021-06-22,0.0732500288,0.24347826086957705,0.0007159019207160831,0.18771266540642645,5,2
2021-06-22_2021-06-22T08:28:10-04:00,2021-06-22,0.02607632290909091,0.0,,,1,2
2021-06-22_2021-06-22T10:03:29-04:00,2021-06-22,0.5064099333455099,0.6703334717033297,0.08470919557300935,0.06515616250118517,219,3
2021-06-22_2021-06-22T10:13:05-04:00,2021-06-22,0.4140687207298246,0.6349548084871923,0.08811511957445231,0.04821720245363718,570,1
2021-06-22_2021-06-22T10:13:44-04:00,2021-06-22,0.4675913843809524,0.5373437395547825,0.11212813997049179,0.056703758087260914,28,3
2021-06-22_2021-06-22T10:13:52-04:00,2021-06-22,0.5637701546666667,0.5987672880336773,0.11364545722663348,0.114164200929358,6,3
2021-06-22_2021-06-22T10:14:05-04:00,2021-06-22,0.40602128735565957,0.6064540626300801,0.06925326829703209,0.02603959837064568,5000,4
2021-06-23_2021-06-23T08:00:00-04:00,2021-06-23,0.14609465124542395,0.5157933539235866,0.09042874375599363,0.042259922913050925,376,3
2021-06-23_2021-06-23T08:28:54-04:00,2021-06-23,0.7152746413679875,0.6426258043949016,0.06594150421484592,0.037296418829068104,1237,1
2021-06-23_2021-06-23T09:30:14-04:00,2021-06-23,0.4959609673163391,0.7089035781736531,0.08124460388514654,0.05816907524998749,685,1
2021-06-23_2021-06-23T09:31:35-04:00,2021-06-23,0.48737100800000005,0.32288640401295216,0.11413898257570934,0.11933335370242343,10,3
2021-06-23_2021-06-23T09:31:38-04:00,2021-06-23,0.5630499607272728,0.31317479899605644,0.04917387886431377,0.07346926475310436,11,3
2021-06-23_2021-06-23T09:31:41-04:00,2021-06-23,0.594475168,0.3151408450704152,0.08575134102317465,0.1119923767959861,8,3
2021-06-23_2021-06-23T09:31:44-04:00,2021-06-23,0.6494192497777778,0.459488430546315,0.06951382191380864,0.06768383054380894,18,3
2021-06-23_2021-06-23T10:05:30-04:00,2021-06-23,0.7831881216000001,0.38544423440453607,0.08192097799574652,0.24941279154948726,5,3
2021-06-23_2021-06-23T10:06:06-04:00,2021-06-23,0.532027392,0.23882603815937223,0.08672087300211419,0.1302510919338733,10,3
2021-06-23_2021-06-23T10:26:15-04:00,2021-06-23,0.864897408,0.5,0.026213333705719825,0.5,2,0
2021-06-23_2021-06-23T10:26:18-04:00,2021-06-23,0.402115328,0.3599428571428585,0.06982169901360741,0.24793715918367498,5,3
2021-06-23_2021-06-23T10:26:29-04:00,2021-06-23,0.3950720170666667,0.7043018867924364,0.09449376404795243,0.08520612419264655,15,3
2021-06-23_2021-06-23T10:26:35-04:00,2021-06-23,0.372430848,0.7333950617283927,0.0993458196099163,0.10480625597539078,12,3
2021-06-23_2021-06-23T10:26:41-04:00,2021-06-23,0.526716253219413,0.738453988497123,0.0994663235300715,0.04001005720671184,186,3
2021-06-23_2021-06-23T10:27:21-04:00,2021-06-23,0.41182267733333333,0.6721874999999904,0.09048374771076738,0.23249089843749618,6,0
2021-06-23_2021-06-23T10:27:25-04:00,2021-06-23,0.6440898868148148,0.5670925925926067,0.07220608876349831,0.09091382752359532,18,3
2021-06-23_2021-06-23T10:27:33-04:00,2021-06-23,0.390958312,0.6738333333333302,0.08889395681381107,0.2155719365079342,8,0
2021-06-23_2021-06-23T10:27:56-04:00,2021-06-23,0.46331642093568004,0.7103865600000004,0.07976704149399659,0.05016818619210359,125,3
2021-06-23_2021-06-23T10:28:23-04:00,2021-06-23,0.141719552,0.5,0.004424463546318847,0.5,2,0
2021-06-23_2021-06-23T10:28:25-04:00,2021-06-23,0.5002140159999999,0.25655102040815436,0.1078555309119606,0.1268032065343116,10,3
2021-06-23_2021-06-23T10:28:27-04:00,2021-06-23,0.5205049230222222,0.553755704672479,0.09327159349705619,0.06809630418963794,54,3
2021-06-23_2021-06-23T10:28:40-04:00,2021-06-23,0.73664736,0.28678160919540285,0.14563907036007082,0.23089047430307816,4,3
2021-06-23_2021-06-23T10:28:43-04:00,2021-06-23,0.5907473493333334,0.6293456032719936,0.057922888587553435,0.11289629518110089,6,3
2021-06-23_2021-06-23T10:28:45-04:00,2021-06-23,0.521051904,0.5,0.05103710896455679,0.5,2,0
2021-06-23_2021-06-23T10:28:51-04:00,2021-06-23,0.6575580891428572,0.33211361737676803,0.06394470616082491,0.1021950177588234,7,3
2021-06-23_2021-06-23T10:28:58-04:00,2021-06-23,0.3757919085714286,0.3226078619367247,0.05399864019354537,0.10478454037891853,7,3
2021-06-23_2021-06-23T10:29:17-04:00,2021-06-23,0.4998014902857143,0.41076923076923355,0.0873356420077291,0.1202666543392447,7,3
2021-06-23_2021-06-23T10:29:32-04:00,2021-06-23,0.4250250056691358,0.7123506597282941,0.07935654424364635,0.04822140024571036,90,3
2021-06-24_2021-06-24T09:40:17-04:00,2021-06-24,0.583044992,0.25457190357439713,0.09984340511094648,0.24697993402012675,4,3
2021-06-24_2021-06-24T09:43:48-04:00,2021-06-24,0.43806721462295084,0.5636149932710027,0.0836761866747673,0.038278348423171224,244,3
2021-06-24_2021-06-24T09:44:09-04:00,2021-06-24,0.5112852221414141,0.6423348873348669,0.0879398422463258,0.06224023232821284,33,3
2021-06-24_2021-06-24T09:45:51-04:00,2021-06-24,0.41699808914285713,0.8270609670088529,0.03214531067836627,0.06948654457474887,14,3
2021-06-24_2021-06-24T09:45:54-04:00,2021-06-24,0.3799387273846154,0.6193920595533436,0.04888472215184051,0.11448469366845551,26,3
2021-06-24_2021-06-24T09:45:58-04:00,2021-06-24,0.45250261942857145,0.4946848190973375,0.05161131424395186,0.16269290842969164,14,3
2021-06-24_2021-06-24T09:52:58-04:00,2021-06-24,0.4468098463886072,0.601527882055839,0.0833936723770814,0.07464248068429204,299,3
2021-06-24_2021-06-24T09:53:31-04:00,2021-06-24,0.49651375526737695,0.61250866812177,0.08296841400305364,0.029048716112860796,432,3
2021-06-24_2021-06-24T09:54:46-04:00,2021-06-24,0.5313041869803922,0.45433292533660474,0.07695315436868777,0.0275706959354873,323,3
2021-06-24_2021-06-24T09:55:42-04:00,2021-06-24,0.432530688,0.3684210526315724,0.23011660519093047,0.3019390581717503,3,0
2021-06-24_2021-06-24T09:55:46-04:00,2021-06-24,0.511020644173913,0.6209713228492059,0.09492222127250251,0.0665217038811756,23,3
2021-06-24_2021-06-24T09:55:52-04:00,2021-06-24,0.471288768,0.5183900629133646,0.09607681785433837,0.1671307124619442,4,3
2021-06-24_2021-06-24T09:55:54-04:00,2021-06-24,0.6117164032,0.28571428571429036,0.059223494834041664,0.19387755102040985,5,3
2021-06-24_2021-06-24T09:55:56-04:00,2021-06-24,0.5730386285714285,0.411209662200422,0.11818177913272028,0.1353230077806803,7,3
2021-06-25_2021-06-25T08:00:00-04:00,2021-06-25,0.8322541332921587,0.49318461325392976,0.0868964314992944,0.03889915270855961,2063,1
2021-06-25_2021-06-25T09:33:04-04:00,2021-06-25,0.5939844654545454,0.21408380681817293,0.0673641941577344,0.07433231456409899,11,3
2021-06-25_2021-06-25T09:33:13-04:00,2021-06-25,0.4881519655384615,0.37896000000000024,0.08085544023420115,0.11923063091200028,26,3
2021-06-25_2021-06-25T09:33:45-04:00,2021-06-25,0.42397078086274514,0.47210398766248035,0.08915242133640992,0.08958493981993987,51,3
2021-06-25_2021-06-25T09:34:01-04:00,2021-06-25,0.5977956571428571,0.41542171398427985,0.08932015963213476,0.10148752057271014,7,3
2021-06-25_2021-06-25T09:34:04-04:00,2021-06-25,0.4847787621125541,0.6369117647058806,0.08993703770776057,0.06272124692265786,132,3
2021-06-25_2021-06-25T09:34:21-04:00,2021-06-25,0.6966247509333333,0.6376255707762619,0.04668366191296948,0.09041662511505162,15,3
2021-06-25_2021-06-25T09:35:02-04:00,2021-06-25,0.59586784,0.3448963657013093,0.07706848269803286,0.17165780460632424,8,3
2021-06-28_2021-06-28T09:38:05-04:00,2021-06-28,0.572364032,0.38063581773225214,0.1186418963640047,0.10738435474299216,19,3
2021-06-28_2021-06-28T09:38:08-04:00,2021-06-28,0.5364539579837397,0.5439174828756121,0.09039301104132436,0.03809277693175156,246,3
2021-06-28_2021-06-28T09:46:08-04:00,2021-06-28,0.4332401042580645,0.5851001112347051,0.0879428579198037,0.08250766512600236,93,3
2021-06-28_2021-06-28T09:46:20-04:00,2021-06-28,0.43866349659033227,0.5221004381720886,0.08630716292507166,0.025368502986053393,5000,4
2021-06-28_2021-06-28T09:58:02-04:00,2021-06-28,0.48469704738500274,0.5395022066180175,0.09165519778530767,0.03107203313104314,827,1
2021-06-28_2021-06-28T10:00:30-04:00,2021-06-28,0.5295470714636388,0.3972273284400225,0.10041837062464236,0.05494135624592289,137,3
2021-06-28_2021-06-28T10:01:00-04:00,2021-06-28,0.5987098331428572,0.5104368190612031,0.0667979964058766,0.12316925811174029,7,3
2021-06-28_2021-06-28T10:01:17-04:00,2021-06-28,0.442712544,0.5151484375000097,0.06774942530215063,0.11240890670572541,16,3
2021-06-28_2021-06-28T10:01:21-04:00,2021-06-28,0.4717054780952381,0.4168274582560372,0.08276056211672461,0.09466093704069578,21,3
2021-06-28_2021-06-28T10:01:32-04:00,2021-06-28,0.5361339537777778,0.5819787545004053,0.11652230500044433,0.03982578084909284,54,3
2021-06-28_2021-06-28T10:01:42-04:00,2021-06-28,0.20411287090196079,0.5870707070706987,0.06802678484271538,0.10084173043566633,17,3
2021-06-28_2021-06-28T10:01:47-04:00,2021-06-28,0.5223408763508771,0.47336842105263155,0.06450566826502799,0.14180446816500458,38,3
2021-06-28_2021-06-28T10:01:55-04:00,2021-06-28,0.6556726613333334,0.5491730981256898,0.08157452824893632,0.1267920729253867,6,3
2021-06-28_2021-06-28T10:02:05-04:00,2021-06-28,0.558903292865306,0.6352097505668921,0.1146060241822849,0.06581108147058863,49,3
2021-06-28_2021-06-28T10:02:35-04:00,2021-06-28,0.45865724061538465,0.35702479338845,0.10202090131380953,0.057318594925730895,66,3
2021-06-29_2021-06-29T08:00:00-04:00,2021-06-29,0.03776027152381713,0.48864271857649605,0.012073321099528356,0.043045700755183144,151,2
2021-06-29_2021-06-29T08:05:22-04:00,2021-06-29,0.7991537299472068,0.6099699743763228,0.05383432703466867,0.05114513782879383,927,1
2021-06-29_2021-06-29T09:30:43-04:00,2021-06-29,0.4753788851809524,0.5650258976923226,0.09398611316498556,0.03388410861564982,791,1
2021-06-29_2021-06-29T09:32:46-04:00,2021-06-29,0.5109020308148148,0.5977270599251,0.06838198557474967,0.09044663243120954,48,3
2021-06-29_2021-06-29T09:33:03-04:00,2021-06-29,0.4030165504,0.4614638581603268,0.1303736395576312,0.20691803974302958,5,0
2021-06-29_2021-06-29T09:33:23-04:00,2021-06-29,0.5026725872941177,0.47344267579409327,0.08142623642671519,0.056013108393083676,17,3
2021-06-29_2021-06-29T09:33:28-04:00,2021-06-29,0.6117961728,0.5072359086805125,0.049032534621520615,0.1306280106309291,10,3
2021-06-29_2021-06-29T09:33:31-04:00,2021-06-29,0.3094470144,0.36271604938271357,0.1177900495583511,0.1919176954732541,5,3
2021-06-29_2021-06-29T09:33:35-04:00,2021-06-29,0.7317591608888889,0.4721771771771757,0.010999275666371013,0.11430103380407387,9,3
2021-06-29_2021-06-29T09:33:38-04:00,2021-06-29,0.5435386452131051,0.4140260545905729,0.08981094011186598,0.03249074554751004,403,3
2021-06-29_2021-06-29T09:34:39-04:00,2021-06-29,0.5395439597714285,0.5072446808510607,0.08340845623159296,0.053689297121670754,80,3
2021-06-29_2021-06-29T09:34:55-04:00,2021-06-29,0.5090080706666666,0.6387819792486116,0.10378120409540972,0.08282990692296223,48,3
2021-07-01_2021-07-01T10:23:10-04:00,2021-07-01,0.426023612751439,0.519687666370889,0.1035820830547013,0.038133640702809196,147,3
2021-07-01_2021-07-01T10:23:43-04:00,2021-07-01,0.5202812416,0.43073583677015315,0.046931046557764824,0.13317013789144566,5,3
2021-07-02_2021-07-02T08:00:00-04:00,2021-07-02,0.5771642310428298,0.3470478134110789,0.12842532313372,0.05042841876358159,686,1
2021-07-02_2021-07-02T09:27:14-04:00,2021-07-02,0.3478986089411765,0.44562146892655125,0.1159897583798042,0.17849476523348962,4,3
2021-07-02_2021-07-02T09:27:56-04:00,2021-07-02,0.6720563894619079,0.4653857169990507,0.03245102320133062,0.023531649359299994,1053,1
2021-07-02_2021-07-02T09:32:38-04:00,2021-07-02,0.5652995072,0.2624849987999069,0.08616705085851128,0.0945578071150793,10,3
2021-07-02_2021-07-02T09:32:42-04:00,2021-07-02,0.29104618666666665,0.409085592303416,0.05903262557768034,0.12945770754802352,6,3
2021-07-02_2021-07-02T09:32:46-04:00,2021-07-02,0.6679677074285715,0.3192660550458731,0.07939687900711982,0.22203865415368873,7,3
2021-07-02_2021-07-02T09:32:48-04:00,2021-07-02,0.49347471360000006,0.4266666666666793,0.04809117627343176,0.27565432098764253,5,3
2021-07-02_2021-07-02T09:32:53-04:00,2021-07-02,0.5009656024615384,0.5096495726495662,0.0916430037113355,0.07858702849002748,13,3
2021-07-02_2021-07-02T09:32:57-04:00,2021-07-02,0.50929824,0.3286488238562435,0.10720944527330979,0.12725522966674993,8,3
2021-07-02_2021-07-02T09:38:50-04:00,2021-07-02,0.3650002346666667,0.500026881720431,0.03830142775353451,0.19996774627124414,6,3
2021-07-02_2021-07-02T09:43:26-04:00,2021-07-02,0.45192382786544344,0.616652522935769,0.09709313185543916,0.07652372406186066,109,3
2021-07-02_2021-07-02T09:43:53-04:00,2021-07-02,0.6523284906666666,0.7698810850984811,0.07257001912895028,0.0974837724995261,12,3
2021-07-02_2021-07-02T09:43:59-04:00,2021-07-02,0.385032832,0.5664513603444719,0.0846533143418372,0.22585415970596917,6,3
2021-07-02_2021-07-02T09:44:03-04:00,2021-07-02,0.514800896,0.5814039636969651,0.1370460503188701,0.1460647377607369,6,3
2021-07-02_2021-07-02T09:44:06-04:00,2021-07-02,0.2601081782857143,0.40439560439559746,0.06504320590854301,0.24004156100310767,7,3
2021-07-02_2021-07-02T09:44:11-04:00,2021-07-02,0.48052,0.6519999999999868,0.09785138473604983,0.19747199999999468,4,0
2021-07-02_2021-07-02T09:44:41-04:00,2021-07-02,0.49373824,0.5893434343434281,0.04071160358596023,0.17986866354744727,8,3
2021-07-02_2021-07-02T09:44:47-04:00,2021-07-02,0.5869035804444445,0.6083333333333354,0.08752200330344752,0.11160150655897483,12,3
2021-07-06_2021-07-06T08:00:00-04:00,2021-07-06,0.8437357199766318,0.4870733540020404,0.07955066074228408,0.025541334668106076,2656,1
2021-07-06_2021-07-06T09:33:48-04:00,2021-07-06,0.4700936820869565,0.5213893418978514,0.07357687368878293,0.059477294560276284,46,3
2021-07-06_2021-07-06T09:33:56-04:00,2021-07-06,0.5101854440667097,0.6761781376518281,0.0914995384365507,0.07778477718846312,221,3
2021-07-06_2021-07-06T09:34:54-04:00,2021-07-06,0.4201790976,0.5463700000000017,0.09062145148566753,0.1328048134444421,10,3
2021-07-06_2021-07-06T09:35:01-04:00,2021-07-06,0.586861248,0.4569078947368447,0.06720383810555554,0.14205765235456635,8,3
2021-07-06_2021-07-06T09:35:04-04:00,2021-07-06,0.5782508420740741,0.6707487922705389,0.06763817621861128,0.10072264662638938,18,3
2021-07-06_2021-07-06T09:35:09-04:00,2021-07-06,0.5008722060947502,0.5866349448039628,0.08771360562906132,0.09409961032815051,71,3
2021-07-06_2021-07-06T09:35:36-04:00,2021-07-06,0.4327927389090909,0.39354864433811865,0.11662112805923416,0.12242588236940073,11,3
2021-07-06_2021-07-06T09:35:39-04:00,2021-07-06,0.5460717226666667,0.4072105263157846,0.12621599262946534,0.14181178393351881,6,3
2021-07-06_2021-07-06T09:35:46-04:00,2021-07-06,0.18004421719148936,0.450197702880806,0.019854478418517528,0.040134112239481545,47,2
2021-07-06_2021-07-06T09:35:49-04:00,2021-07-06,0.309341376,0.49983870967741395,0.1598079337945443,0.16995347053609397,4,0
2021-07-06_2021-07-06T09:36:09-04:00,2021-07-06,0.5912055808000001,0.5186923634856575,0.11260181104606246,0.08054972094185246,15,3
2021-07-06_2021-07-06T09:36:13-04:00,2021-07-06,0.43570903972881353,0.6837590199697987,0.10881577436846165,0.06624951901518152,118,3
2021-07-06_2021-07-06T09:36:31-04:00,2021-07-06,0.48218771993527443,0.5103025032554186,0.07771432768698398,0.03522195233866171,569,3
2021-07-06_2021-07-06T09:38:38-04:00,2021-07-06,0.771429888,0.4158258258258406,0.05508662220175767,0.115836598084579,9,3
2021-07-06_2021-07-06T09:38:45-04:00,2021-07-06,0.514601536,0.40906779661017423,0.15780080728995158,0.21172179450348919,4,0
2021-07-06_2021-07-06T09:38:49-04:00,2021-07-06,0.43291077485714285,0.7270281507569631,0.0979932272589038,0.13508712155913452,7,3
2021-07-07_2021-07-07T08:00:00-04:00,2021-07-07,0.8839841745731447,0.37285309427414676,0.016467473319222495,0.05863172570863948,5000,4
2021-07-08_2021-07-08T09:56:29-04:00,2021-07-08,0.33933482666666664,0.5374910394265187,0.04730325285688113,0.09724363833969112,9,3
2021-07-08_2021-07-08T09:56:32-04:00,2021-07-08,0.5501948127179488,0.6375009853270672,0.07865876063209565,0.10190723048772145,13,3
2021-07-08_2021-07-08T09:56:44-04:00,2021-07-08,0.46489862460165904,0.5060606593406555,0.0836243200691734,0.055097430156333484,175,3
2021-07-08_2021-07-08T09:57:17-04:00,2021-07-08,0.45373123113513514,0.530222681055191,0.0846792172940994,0.06140844401831966,37,3
2021-07-08_2021-07-08T09:57:26-04:00,2021-07-08,0.44903647731092433,0.4320103425985798,0.06557327540235196,0.0696375525788569,34,3
2021-07-08_2021-07-08T09:57:51-04:00,2021-07-08,0.60139008,0.39338541666666993,0.13229136160217964,0.10483929501487924,8,3
2021-07-08_2021-07-08T09:58:00-04:00,2021-07-08,0.53609728,0.6666666666666666,0.045754838283255814,0.33333333333333337,3,0
2021-07-08_2021-07-08T09:58:06-04:00,2021-07-08,0.5115929369022556,0.6741816870944382,0.09406184549831069,0.05902734424778617,38,3
2021-07-08_2021-07-08T09:58:15-04:00,2021-07-08,0.5017598748181114,0.4698249649150176,0.08212257304785245,0.03527603013579537,583,1
2021-07-08_2021-07-08T10:00:43-04:00,2021-07-08,0.2926338816,0.4446298724520236,0.07394787748445043,0.1785230175598963,10,3
2021-07-08_2021-07-08T10:00:52-04:00,2021-07-08,0.48836088320000004,0.39640404040403593,0.1288915235306799,0.10063289278871679,10,3
2021-07-08_2021-07-08T10:00:54-04:00,2021-07-08,0.369252672,0.425848385331148,0.05694834784565891,0.11514042881936055,8,3
2021-07-08_2021-07-08T10:00:57-04:00,2021-07-08,0.674199552,0.4645486860479927,0.14267610335097652,0.1700615175388159,4,3
2021-07-08_2021-07-08T10:01:00-04:00,2021-07-08,0.514001152,0.6067378048780538,0.11241575935145852,0.21223850262740376,4,0
2021-07-08_2021-07-08T10:01:02-04:00,2021-07-08,0.6602992639999999,0.39987804878049416,0.07458897910331257,0.210119432877252,4,3
2021-07-08_2021-07-08T10:01:04-04:00,2021-07-08,0.481633983,0.7385110803324164,0.11030808622640197,0.06628896157403907,32,3
2021-07-08_2021-07-08T10:01:14-04:00,2021-07-08,0.6122449564444444,0.6001795217028962,0.06170958843714674,0.20972042835556057,9,3
2021-07-08_2021-07-08T10:01:20-04:00,2021-07-08,0.413214192,0.6904090909091004,0.0690079009956088,0.13017609476584233,16,3
2021-07-08_2021-07-08T10:01:26-04:00,2021-07-08,0.764424,0.5058240801219323,0.01057370788403064,0.1667118932123556,4,3
2021-07-08_2021-07-08T10:01:30-04:00,2021-07-08,0.780694016,0.0,,,1,5
2021-07-08_2021-07-08T10:01:35-04:00,2021-07-08,0.4829525805714286,0.5820870535714392,0.0564380031638572,0.16795186025320533,14,3
2021-07-08_2021-07-08T10:03:18-04:00,2021-07-08,0.4994413027272727,0.6415790477945055,0.08271036732780722,0.07922526111432036,64,3
2021-07-08_2021-07-08T10:03:42-04:00,2021-07-08,0.5622256853333333,0.6759806820421782,0.11768030233228359,0.14491920620093784,6,0
2021-07-08_2021-07-08T10:03:46-04:00,2021-07-08,0.456532608,0.34539726448441915,0.07096698577590024,0.12414551892655915,6,3
2021-07-08_2021-07-08T10:03:50-04:00,2021-07-08,0.23097378133333332,0.4437722078171657,0.052529996593386835,0.259484693841268,3,3
2021-07-08_2021-07-08T10:03:55-04:00,2021-07-08,0.118582784,0.0,,,1,2
2021-07-08_2021-07-08T10:03:59-04:00,2021-07-08,0.6803360182857142,0.610685714285702,0.10375071241513574,0.18839609142856437,7,3
2021-07-08_2021-07-08T10:04:04-04:00,2021-07-08,0.585902336,0.3333333333333333,0.1127775555600384,0.33333333333333337,3,0
2021-07-08_2021-07-08T10:04:07-04:00,2021-07-08,0.49207288685714284,0.6500451987286018,0.15186813177086414,0.12221128005195457,7,0
2021-07-08_2021-07-08T10:04:10-04:00,2021-07-08,0.81227072,0.5,0.004589512851750919,0.5,2,0
2021-07-08_2021-07-08T10:04:14-04:00,2021-07-08,0.5607024128,0.5274000000000301,0.039337355596796755,0.22728580000002926,5,3
2021-07-08_2021-07-08T10:04:20-04:00,2021-07-08,0.43977299200000003,0.7377049180327978,0.10287716151867803,0.24204962823614407,4,0
2021-07-08_2021-07-08T10:04:22-04:00,2021-07-08,0.4747067076923077,0.4198647715355178,0.08637927010322845,0.11007766734888742,34,3
2021-07-08_2021-07-08T10:04:37-04:00,2021-07-08,0.5438951643102846,0.6330313306053641,0.0888429232177111,0.0577721971370069,191,3
2021-07-08_2021-07-08T10:06:06-04:00,2021-07-08,0.4882969156363636,0.4567424242424208,0.08305393329530339,0.06984696916308766,44,3
2021-07-08_2021-07-08T10:06:24-04:00,2021-07-08,0.43389561344,0.5396448224112208,0.07271419641056115,0.14983094974200545,10,3
2021-07-08_2021-07-08T10:06:32-04:00,2021-07-08,0.300236928,0.6269841269841135,0.03778224106322876,0.2285210380448518,4,3
2021-07-08_2021-07-08T10:06:35-04:00,2021-07-08,0.49110691840000004,0.4027027027027156,0.14940506665080752,0.29733382030678074,5,0
2021-07-08_2021-07-08T10:06:39-04:00,2021-07-08,0.5490744691572815,0.5739060710636619,0.08064048250177212,0.037897962503016365,103,3
2021-07-08_2021-07-08T10:07:23-04:00,2021-07-08,0.47092224,0.0,,,1,2
2021-07-08_2021-07-08T10:07:26-04:00,2021-07-08,0.6981364053333333,0.3333333333333333,0.0196880531456874,0.33333333333333337,3,3
2021-07-08_2021-07-08T10:07:30-04:00,2021-07-08,0.486640128,0.5,0.0549671838973952,0.5,2,0
2021-07-08_2021-07-08T10:08:42-04:00,2021-07-08,0.39761036800000005,0.5,0.058350702001160215,0.5,2,0
2021-07-08_2021-07-08T10:10:39-04:00,2021-07-08,0.316846912,0.6036228348377574,0.053771489105734295,0.23812032114890944,4,3
2021-07-08_2021-07-08T10:10:42-04:00,2021-07-08,0.48759085679999997,0.628139880952385,0.08263768374804442,0.0643860482219674,56,3
2021-07-08_2021-07-08T10:11:24-04:00,2021-07-08,0.4760283631746031,0.5255908289241673,0.08844116217044135,0.053686279120700925,18,3
2021-07-08_2021-07-08T10:11:35-04:00,2021-07-08,0.21132992,0.6997025419145309,0.02107684252157815,0.226587698435792,4,3
2021-07-08_2021-07-08T10:11:41-04:00,2021-07-08,0.4705297714285715,0.7288110902255663,0.09478236378980608,0.04742157539434183,76,3
2021-07-08_2021-07-08T10:12:12-04:00,2021-07-08,0.480419968,0.6681681681681857,0.030618010440805005,0.20782386138652498,4,3
2021-07-08_2021-07-08T10:12:15-04:00,2021-07-08,0.6180828942222223,0.6097685185185003,0.07761143421631617,0.11890871686637053,18,3
2021-07-08_2021-07-08T10:12:23-04:00,2021-07-08,0.835549696,0.0,,,1,5
2021-07-08_2021-07-08T10:12:26-04:00,2021-07-08,0.151514368,0.0,,,1,2
2021-07-08_2021-07-08T10:12:28-04:00,2021-07-08,0.49487933440000004,0.6054605263157837,0.11919276027521757,0.16388350502078008,5,0
2021-07-08_2021-07-08T10:12:33-04:00,2021-07-08,0.47555230919480523,0.789559765571769,0.10485286408303554,0.09232186578103183,11,3
2021-07-08_2021-07-08T10:12:43-04:00,2021-07-08,0.64132864,0.5995807127882569,0.10157261900583733,0.2797489550782519,3,0
2021-07-08_2021-07-08T10:12:49-04:00,2021-07-08,0.721072384,0.5,0.017765732922163185,0.5,2,0
2021-07-08_2021-07-08T10:12:53-04:00,2021-07-08,0.47004672000000003,0.5,0.0012974890727505933,0.5,2,0
2021-07-08_2021-07-08T10:12:56-04:00,2021-07-08,0.7776461226666666,0.5832107482592669,0.03279141405464767,0.20482526588662647,6,3
2021-07-08_2021-07-08T10:12:58-04:00,2021-07-08,0.509631488,0.731784279976978,0.09750644349196097,0.11277681218487275,7,3
2021-07-08_2021-07-08T10:13:03-04:00,2021-07-08,0.44424188830476197,0.4394358974358853,0.09489535438089163,0.03366006706114512,21,3
2021-07-08_2021-07-08T10:13:15-04:00,2021-07-08,0.3329062798222222,0.5880710859479389,0.051725237208926626,0.13049437699262761,9,3
2021-07-08_2021-07-08T10:13:23-04:00,2021-07-08,0.34784256,0.0,,,1,2
2021-07-08_2021-07-08T10:13:26-04:00,2021-07-08,0.5011773236801409,0.5358197879415266,0.07921523147753137,0.0487445144823448,1155,1
2021-07-08_2021-07-08T10:21:10-04:00,2021-07-08,0.5074931386181819,0.6328683385579802,0.11448073020200986,0.1202070705869644,11,3
2021-07-08_2021-07-08T10:21:17-04:00,2021-07-08,0.4283961374117647,0.5468255578093145,0.08960819881121632,0.10310605328040749,17,3
2021-07-08_2021-07-08T10:21:23-04:00,2021-07-08,0.575796352,0.5,0.23517218795818184,0.5,2,0
2021-07-08_2021-07-08T10:21:25-04:00,2021-07-08,0.6471790933333333,0.6666666666666666,0.22779429488783082,0.33333333333333337,3,0
2021-07-08_2021-07-08T10:21:27-04:00,2021-07-08,0.45028802488888886,0.5975574712643564,0.08628181514726795,0.0914487523606358,18,3
2021-07-08_2021-07-08T10:21:37-04:00,2021-07-08,0.5646857216,0.4758802816901242,0.1604560475800404,0.20466482138132747,5,0
2021-07-08_2021-07-08T10:28:52-04:00,2021-07-08,0.8434464,0.5,0.03361468542382899,0.5,2,0
2021-07-08_2021-07-08T10:28:56-04:00,2021-07-08,0.399571456,0.5,0.1353339518823956,0.5,2,0
2021-07-08_2021-07-08T10:28:58-04:00,2021-07-08,0.5190951189333333,0.31433629253858564,0.0812205337420622,0.06669819487130471,20,3
2021-07-08_2021-07-08T10:29:07-04:00,2021-07-08,0.5453968565239883,0.49256803440404223,0.08305607907299793,0.05093705868477573,94,3
2021-07-09_2021-07-09T08:41:37-04:00,2021-07-09,0.5129430963561079,0.7308054054054043,0.06674355876644528,0.1384324455255259,37,3
2021-07-09_2021-07-09T08:58:43-04:00,2021-07-09,0.013500458666666666,0.0,,,1,2
2021-07-09_2021-07-09T08:59:38-04:00,2021-07-09,0.020907656533333333,0.0,,,1,2
2021-07-09_2021-07-09T09:00:36-04:00,2021-07-09,0.36480384,0.0,,,1,2
2021-07-09_2021-07-09T09:01:14-04:00,2021-07-09,0.08221014755555556,0.5,0.002245548776707818,0.5,2,0
2021-07-09_2021-07-09T09:01:53-04:00,2021-07-09,0.486891264,0.0,,,1,2
2021-07-09_2021-07-09T09:01:59-04:00,2021-07-09,0.255262976,0.0,,,1,2
2021-07-09_2021-07-09T09:02:34-04:00,2021-07-09,0.938220032,0.0,,,1,5
2021-07-09_2021-07-09T09:02:40-04:00,2021-07-09,0.012438694399999999,0.5,5.5961342735155184e-06,0.5,2,0
2021-07-09_2021-07-09T09:03:13-04:00,2021-07-09,0.09929703876923078,0.625,0.008042123648976655,0.22916666666666666,4,3
2021-07-09_2021-07-09T09:05:25-04:00,2021-07-09,0.479215616,0.0,,,1,2
2021-07-09_2021-07-09T09:06:07-04:00,2021-07-09,0.24537889279999997,0.8,0.01671703683470713,0.2,5,3
2021-07-09_2021-07-09T09:06:54-04:00,2021-07-09,0.449351424,0.0,,,1,2
2021-07-09_2021-07-09T09:07:45-04:00,2021-07-09,0.024087552,0.0,,,1,2
2021-07-09_2021-07-09T09:09:25-04:00,2021-07-09,0.20926131199999998,0.0,0.0742572900648413,0.0,2,2
2021-07-09_2021-07-09T09:10:43-04:00,2021-07-09,0.069399808,0.5,0.0003569449992191998,0.5,2,0
2021-07-09_2021-07-09T09:10:57-04:00,2021-07-09,0.282597376,0.0,,,1,2
2021-07-09_2021-07-09T09:13:03-04:00,2021-07-09,0.992091648,0.0,,,1,5
2021-07-09_2021-07-09T09:13:05-04:00,2021-07-09,0.07564394338461539,0.75,0.009009998198796632,0.25,4,3
2021-07-09_2021-07-09T09:13:23-04:00,2021-07-09,0.706390784,0.0,,,1,5
2021-07-09_2021-07-09T09:13:30-04:00,2021-07-09,0.021505220923076922,0.0,,,1,2
2021-07-09_2021-07-09T09:13:58-04:00,2021-07-09,0.132313344,0.0,,,1,2
2021-07-09_2021-07-09T09:14:11-04:00,2021-07-09,0.05260695466666667,0.0,,,1,2
2021-07-09_2021-07-09T09:14:42-04:00,2021-07-09,0.1993025024,0.0,,,1,2
2021-07-09_2021-07-09T09:15:29-04:00,2021-07-09,0.43787648,0.0,,,1,2
2021-07-09_2021-07-09T09:16:17-04:00,2021-07-09,0.175534848,0.0,,,1,2
2021-07-09_2021-07-09T09:16:20-04:00,2021-07-09,0.205492224,0.0,,,1,2
2021-07-09_2021-07-09T09:16:37-04:00,2021-07-09,0.894862848,0.5,0.0026344926123130874,0.5,2,0
2021-07-09_2021-07-09T09:29:52-04:00,2021-07-09,0.766601472,0.0,,,1,5
2021-07-12_2021-07-12T10:26:23-04:00,2021-07-12,0.5626314624,0.601902173913048,0.10790046777451165,0.12084585133675647,8,3
2021-07-12_2021-07-12T10:26:30-04:00,2021-07-12,0.5860008958688422,0.55082670444197,0.08138242948965327,0.06693401885829202,1102,1
2021-07-13_2021-07-13T08:00:00-04:00,2021-07-13,0.3165273578889416,0.4941219225785535,0.13523275090190814,0.0651374525651107,126,3
2021-07-13_2021-07-13T09:00:25-04:00,2021-07-13,0.155012352,0.0,,,1,2
2021-07-13_2021-07-13T09:00:35-04:00,2021-07-13,0.3766885003636364,0.36390186915887857,0.13038055985402533,0.11590180988982215,8,3
2021-07-13_2021-07-13T09:01:17-04:00,2021-07-13,0.112440064,0.0,,,1,2
2021-07-13_2021-07-13T09:01:26-04:00,2021-07-13,0.0017557888000000002,0.0,,,1,2
2021-07-13_2021-07-13T09:01:53-04:00,2021-07-13,0.06747821292307693,0.5,1.6875640276786018e-05,0.5,2,0
2021-07-13_2021-07-13T09:02:38-04:00,2021-07-13,0.989385728,0.0,,,1,5
2021-07-13_2021-07-13T09:02:47-04:00,2021-07-13,0.0427901184,0.0,,,1,2
2021-07-13_2021-07-13T09:03:46-04:00,2021-07-13,0.637430528,0.0,,,1,5
2021-07-13_2021-07-13T09:11:29-04:00,2021-07-13,0.325114112,0.0,,,1,2
2021-07-13_2021-07-13T09:11:38-04:00,2021-07-13,0.310292864,0.0,0.16614570564023093,0.0,2,3
2021-07-13_2021-07-13T09:11:44-04:00,2021-07-13,0.3417436761658986,0.6190238095238065,0.05231992702967058,0.1547500039682577,7,3
2021-07-13_2021-07-13T09:12:50-04:00,2021-07-13,0.600927488,0.0,,,1,5
2021-07-13_2021-07-13T09:13:21-04:00,2021-07-13,0.482390528,0.0,,,1,2
2021-07-13_2021-07-13T09:13:41-04:00,2021-07-13,0.22052349866666665,0.0,0.014582341314551802,0.0,2,2
2021-07-13_2021-07-13T09:14:03-04:00,2021-07-13,0.082432,0.0,,,1,2
2021-07-13_2021-07-13T09:14:37-04:00,2021-07-13,0.2730028672,0.5,0.10718707799950133,0.5,2,0
2021-07-13_2021-07-13T09:15:24-04:00,2021-07-13,0.335030272,0.0,0.0027218740543488,0.0,2,2
2021-07-13_2021-07-13T09:15:53-04:00,2021-07-13,0.84074112,0.0,,,1,5
2021-07-13_2021-07-13T09:16:13-04:00,2021-07-13,0.01902144,0.5,0.00014450761610035201,0.5,2,0
2021-07-13_2021-07-13T09:17:05-04:00,2021-07-13,0.0421205376,0.5,0.00021558101747990534,0.5,2,0
2021-07-13_2021-07-13T09:17:39-04:00,2021-07-13,0.063404032,0.0,,,1,2
2021-07-13_2021-07-13T09:18:31-04:00,2021-07-13,0.18418237440000002,0.0,,,1,2
2021-07-13_2021-07-13T09:19:16-04:00,2021-07-13,0.679973632,0.0,,,1,5
2021-07-13_2021-07-13T09:19:44-04:00,2021-07-13,0.285547776,0.0,,,1,2
2021-07-13_2021-07-13T09:20:10-04:00,2021-07-13,0.17759203871604942,0.0,0.04785745998670589,0.0,3,2
2021-07-13_2021-07-13T09:21:20-04:00,2021-07-13,0.947400448,0.0,,,1,5
2021-07-13_2021-07-13T09:21:29-04:00,2021-07-13,0.561164032,0.0,,,1,5
2021-07-13_2021-07-13T09:21:53-04:00,2021-07-13,0.41162496,0.5,0.0861407887228928,0.5,2,0
2021-07-13_2021-07-13T09:22:12-04:00,2021-07-13,0.124303616,0.5,0.0004974090137108478,0.5,2,0
2021-07-13_2021-07-13T09:23:04-04:00,2021-07-13,0.941082368,0.0,,,1,5
2021-07-13_2021-07-13T09:23:31-04:00,2021-07-13,0.610053888,0.0,,,1,5
2021-07-13_2021-07-13T09:23:46-04:00,2021-07-13,0.32182912,0.0,,,1,2
2021-07-13_2021-07-13T09:24:45-04:00,2021-07-13,0.61615744,0.0,,,1,5
2021-07-13_2021-07-13T09:25:29-04:00,2021-07-13,0.116283392,0.0,,,1,2
2021-07-13_2021-07-13T09:26:36-04:00,2021-07-13,0.50959104,0.0,,,1,5
2021-07-13_2021-07-13T09:27:17-04:00,2021-07-13,0.506042624,0.5,0.48195148218368006,0.5,2,0
2021-07-13_2021-07-13T09:27:35-04:00,2021-07-13,0.605025536,0.0,,,1,5
2021-07-13_2021-07-13T09:27:58-04:00,2021-07-13,0.23507072,0.0,,,1,2
2021-07-13_2021-07-13T09:30:00-04:00,2021-07-13,0.32844257026737966,0.3999324276264346,0.05019889728475067,0.03626133143985162,136,3
2021-07-13_2021-07-13T09:30:42-04:00,2021-07-13,0.48771756202666666,0.6404444444444466,0.115480597023335,0.10096354938272097,25,3
2021-07-13_2021-07-13T09:30:50-04:00,2021-07-13,0.42620853333333336,0.638839374133496,0.0944399433263246,0.14708183038545594,6,3
2021-07-13_2021-07-13T09:30:55-04:00,2021-07-13,0.7497106773333333,0.6666666666666666,0.01616298807868349,0.33333333333333337,3,0
2021-07-13_2021-07-13T09:30:58-04:00,2021-07-13,0.4552787812063492,0.44292244753792986,0.08221943304170387,0.06618474231259118,126,3
2021-07-13_2021-07-13T09:31:24-04:00,2021-07-13,0.55691788416,0.6814849999999939,0.07178681476446651,0.09620357593749729,25,3
2021-07-13_2021-07-13T09:46:36-04:00,2021-07-13,0.5243509547323078,0.5432738461538301,0.07413282148938377,0.0932120069615389,65,3
2021-07-13_2021-07-13T09:47:03-04:00,2021-07-13,0.22470553599999998,0.5336583831393539,0.09384243407547849,0.1946829129230735,6,3
2021-07-13_2021-07-13T09:47:08-04:00,2021-07-13,0.3879215424537815,0.636101694915239,0.09101443839855591,0.04054114334961115,56,3
2021-07-14_2021-07-14T09:35:33-04:00,2021-07-14,0.44533694577777777,0.4944444444444357,0.1367474184644872,0.13398308256172647,9,3
2021-07-14_2021-07-14T09:35:39-04:00,2021-07-14,0.523032512,0.3386607142857135,0.08777641430755463,0.2188621067176866,4,3
2021-07-14_2021-07-14T09:35:41-04:00,2021-07-14,0.6181994429629629,0.5856543209876682,0.10081595672161266,0.09716935495844169,18,3
2021-07-14_2021-07-14T09:35:51-04:00,2021-07-14,0.32460620799999995,0.5,0.08685589173947593,0.5,2,0
2021-07-14_2021-07-14T09:35:55-04:00,2021-07-14,0.60254848,0.35359756097562844,0.09882841519349216,0.21758280289509477,4,3
2021-07-14_2021-07-14T09:35:57-04:00,2021-07-14,0.4539707345454545,0.315781250000001,0.0969830699215201,0.10996975097656383,11,3
2021-07-15_2021-07-15T09:50:59-04:00,2021-07-15,0.2779922624927536,0.6535335145512007,0.08637994484453848,0.0554349520831166,69,3
2021-07-15_2021-07-15T09:51:09-04:00,2021-07-15,0.5014006491428572,0.5535732978421161,0.09832438878275097,0.09015336537425651,7,3
2021-07-15_2021-07-15T09:51:19-04:00,2021-07-15,0.5147751172602739,0.75777881971286,0.07463455755724614,0.04137946929909478,146,3
2021-07-15_2021-07-15T09:57:51-04:00,2021-07-15,0.462629942974359,0.787837464569126,0.08023255673498045,0.04555428075301591,104,3
2021-07-15_2021-07-15T09:59:55-04:00,2021-07-15,0.5177390043333333,0.6757519531250067,0.09923071021734745,0.058562995504285044,64,3
2021-07-15_2021-07-15T10:00:10-04:00,2021-07-15,0.498014976,0.5,0.014224992252198908,0.5,2,0
2021-07-15_2021-07-15T10:00:12-04:00,2021-07-15,0.3646163626666667,0.730181159420276,0.11870929239321262,0.16907080182734663,6,0
2021-07-15_2021-07-15T10:00:14-04:00,2021-07-15,0.563734528,0.5879600085088383,0.1373125491338772,0.1310902499122067,6,3
2021-07-15_2021-07-15T10:00:19-04:00,2021-07-15,0.5385624064,0.5234901960784314,0.09742727878690732,0.2125446059207977,5,3
2021-07-15_2021-07-15T10:00:24-04:00,2021-07-15,0.4367152914285714,0.610488721804521,0.058384147162205066,0.13933852394143717,14,3
2021-07-15_2021-07-15T10:00:28-04:00,2021-07-15,0.3882512457142857,0.6600874635568512,0.08201820684639395,0.12584050891493365,7,3
2021-07-15_2021-07-15T10:00:34-04:00,2021-07-15,0.4800447931635042,0.4824897483649832,0.08106898817187734,0.03770020678697736,1412,1
2021-07-15_2021-07-15T10:04:08-04:00,2021-07-15,0.46444154062949894,0.6719486054904539,0.09541420082444872,0.05965455236036959,218,3
2021-07-15_2021-07-15T10:05:02-04:00,2021-07-15,0.3878725973333333,0.574300142177771,0.12369450651478045,0.12006211486519806,6,3
2021-07-15_2021-07-15T10:05:09-04:00,2021-07-15,0.511116288,0.3915104166666748,0.10803901196896393,0.18325119719328467,4,3
2021-07-15_2021-07-15T10:05:11-04:00,2021-07-15,0.37249404556725146,0.5760462130937103,0.05997570985673782,0.05811913760953959,19,3
2021-07-15_2021-07-15T10:05:22-04:00,2021-07-15,0.5070806425007912,0.6254868598382777,0.0886365370244356,0.04018391962293846,265,3
2021-07-15_2021-07-15T10:06:26-04:00,2021-07-15,0.5417915356144719,0.6689323036729703,0.08440038586791664,0.04213041802471362,241,3
2021-07-15_2021-07-15T10:07:25-04:00,2021-07-15,0.47305981623223226,0.684250637578603,0.0848172977108522,0.0538004729673844,108,3
2021-07-15_2021-07-15T10:08:04-04:00,2021-07-15,0.40599035213913043,0.5589016018306717,0.07203451361608192,0.1308425311771244,23,3
2021-07-15_2021-07-15T10:08:17-04:00,2021-07-15,0.49470305230769235,0.7066749379652661,0.07373624418191521,0.0732362852797749,26,3
2021-07-15_2021-07-15T10:08:27-04:00,2021-07-15,0.4671843493533835,0.6282570325427558,0.10067764450054933,0.10059023028131364,49,3
2021-07-15_2021-07-15T10:08:48-04:00,2021-07-15,0.5898393311304347,0.6522858165975431,0.08146056538262259,0.0796880941329528,46,3
2021-07-16_2021-07-16T08:00:00-04:00,2021-07-16,0.05710144361206815,0.5098198410362087,0.03142190179785399,0.07751394682570306,158,2
2021-07-16_2021-07-16T08:05:21-04:00,2021-07-16,0.32919424,0.0,,,1,2
2021-07-16_2021-07-16T08:06:22-04:00,2021-07-16,0.4060365904041344,0.42800788954635144,0.07809912668405995,0.06500205908489985,15,3
2021-07-16_2021-07-16T08:11:06-04:00,2021-07-16,0.4283972879034593,0.3384545454545465,0.10856758194474929,0.0755733733189882,11,3
2021-07-16_2021-07-16T08:17:52-04:00,2021-07-16,0.3045400730890756,0.8,0.03324643386313406,0.2,5,3
2021-07-16_2021-07-16T08:22:39-04:00,2021-07-16,0.16195383927927928,0.0,0.03039598863495311,0.0,3,2
2021-07-16_2021-07-16T08:26:12-04:00,2021-07-16,0.685229824,0.0,6.514606080002771e-08,0.0,2,5
2021-07-16_2021-07-16T08:28:19-04:00,2021-07-16,0.46454883629850746,0.16666666666666666,0.09272979667476129,0.16666666666666669,6,3
2021-07-16_2021-07-16T08:34:13-04:00,2021-07-16,0.4803895018842975,0.36469230769230876,0.06973535629443958,0.0859095343384595,26,3
2021-07-16_2021-07-16T08:45:08-04:00,2021-07-16,0.611160576,0.0,,,1,5
2021-07-16_2021-07-16T08:45:42-04:00,2021-07-16,0.24786996184615384,0.5,0.07297320513663562,0.5,2,0
2021-07-16_2021-07-16T08:46:02-04:00,2021-07-16,0.05297998222222222,0.0,,,1,2
2021-07-16_2021-07-16T08:46:23-04:00,2021-07-16,0.766954496,0.0,,,1,5
2021-07-16_2021-07-16T08:46:34-04:00,2021-07-16,0.458789888,0.0,,,1,2
2021-07-16_2021-07-16T08:46:48-04:00,2021-07-16,0.396678656,0.0,,,1,2
2021-07-16_2021-07-16T08:47:08-04:00,2021-07-16,0.33651449173333337,0.3083333333333371,0.06553106918819034,0.12941666666666546,6,3
2021-07-16_2021-07-16T08:47:44-04:00,2021-07-16,0.3392501408,0.40306122448979886,0.04633241285794238,0.24167013744273388,4,3
2021-07-16_2021-07-16T08:48:15-04:00,2021-07-16,0.44803072,0.0,,,1,2
2021-07-16_2021-07-16T08:48:39-04:00,2021-07-16,0.256736256,0.5,0.08416220817697803,0.5,2,0
2021-07-16_2021-07-16T08:49:16-04:00,2021-07-16,0.835421952,0.0,,,1,5
2021-07-16_2021-07-16T08:49:49-04:00,2021-07-16,0.2734140342857143,0.3818181818181737,0.0813162006829235,0.29190082644628673,3,3
2021-07-16_2021-07-16T08:50:13-04:00,2021-07-16,0.43211100705325445,0.22612732095490573,0.09438968155851664,0.07145701850666222,13,3
2021-07-16_2021-07-16T08:50:55-04:00,2021-07-16,0.5292394511515152,0.5462962962962524,0.11311736547635867,0.18446502057613307,6,3
2021-07-16_2021-07-16T08:51:09-04:00,2021-07-16,0.288188384,0.5,0.0730690481318482,0.5,2,0
2021-07-16_2021-07-16T08:51:34-04:00,2021-07-16,0.5216264460503184,0.5537132237987102,0.07203570208198128,0.04554333423250553,1015,1
2021-07-16_2021-07-16T09:30:01-04:00,2021-07-16,0.7049368221538461,0.2480431848852898,0.046721548310278034,0.13430467757337586,13,5
2021-07-16_2021-07-16T09:30:05-04:00,2021-07-16,0.4985673906086956,0.5530126811594223,0.09113911688049044,0.13345846881862208,23,3
2021-07-16_2021-07-16T09:30:07-04:00,2021-07-16,0.30963683555555555,0.6322093400595968,0.10453453518380143,0.12091919612274407,9,3
2021-07-16_2021-07-16T09:30:10-04:00,2021-07-16,0.38537050497662334,0.5611694915254286,0.07947685744794776,0.060235156830199026,55,3
2021-07-16_2021-07-16T09:30:19-04:00,2021-07-16,0.5451220977371428,0.7506217835639171,0.07328209534513691,0.08474344820733988,35,3
2021-07-16_2021-07-16T09:30:26-04:00,2021-07-16,0.5368114346666667,0.37482993197278347,0.08558878475515766,0.20379226433430458,6,3
2021-07-16_2021-07-16T09:30:28-04:00,2021-07-16,0.3849400685714286,0.75909931205867,0.1177302360784673,0.08660591303152076,21,3
2021-07-16_2021-07-16T09:30:34-04:00,2021-07-16,0.5697826996836403,0.7319321382842457,0.07075684346286183,0.08960655436087443,71,3
2021-07-19_2021-07-19T08:00:00-04:00,2021-07-19,0.7402949354862385,0.5899578730574805,0.026051818188380486,0.06836379175555875,109,3
2021-07-19_2021-07-19T08:24:15-04:00,2021-07-19,0.729298176,0.0,,,1,5
2021-07-19_2021-07-19T10:28:53-04:00,2021-07-19,0.623057408,0.6320588235294057,0.020757800115699714,0.30231859861591215,3,3
2021-07-19_2021-07-19T10:28:56-04:00,2021-07-19,0.554110496,0.6307989690721747,0.055181755295152825,0.19570524232118883,4,3
2021-07-19_2021-07-19T10:29:00-04:00,2021-07-19,0.329007616,0.5,0.035039796234027004,0.5,2,0
2021-07-20_2021-07-20T08:00:01-04:00,2021-07-20,0.7003540923076923,0.6089373626373622,0.07731958889981269,0.060501871805337795,26,3
2021-07-21_2021-07-21T10:05:29-04:00,2021-07-21,0.5673839941818182,0.6482158525884864,0.036867267481955325,0.04536730667726096,22,3
2021-07-21_2021-07-21T10:05:33-04:00,2021-07-21,0.5032276876506372,0.5589372927343904,0.08589989086737898,0.04742703691649995,214,3
2021-07-21_2021-07-21T10:06:30-04:00,2021-07-21,0.5315150607058824,0.6608270825108704,0.10086027190482967,0.07168805078335212,17,3
2021-07-21_2021-07-21T10:06:38-04:00,2021-07-21,0.614615002074074,0.6624372759856347,0.05824374717863276,0.09550830153774623,9,3
2021-07-21_2021-07-21T10:06:45-04:00,2021-07-21,0.38396846933333334,0.4811066126855583,0.14301020630699762,0.2510708802526405,3,0
2021-07-21_2021-07-21T10:07:04-04:00,2021-07-21,0.32278677333333333,0.49981231231231943,0.06823380531241072,0.11747685185185353,6,3
2021-07-21_2021-07-21T10:07:07-04:00,2021-07-21,0.5983488402285715,0.6695299289820704,0.07627233100837641,0.12087897867885312,20,3
2021-07-21_2021-07-21T10:07:16-04:00,2021-07-21,0.4920623573333333,0.5508435136707255,0.09160943294140526,0.10919098424649254,6,3
2021-07-21_2021-07-21T10:07:20-04:00,2021-07-21,0.39557310577777777,0.5979589774679225,0.06893125343056872,0.14048058139179964,9,3
2021-07-21_2021-07-21T10:07:24-04:00,2021-07-21,0.15463295999999999,0.5,0.0029906709786132473,0.5,2,0
2021-07-21_2021-07-21T10:07:26-04:00,2021-07-21,0.5470550674285715,0.6213928571428526,0.08337648748879128,0.09548792139804273,14,3
2021-07-21_2021-07-21T10:07:32-04:00,2021-07-21,0.4872121521032999,0.6299804878048784,0.1161950178987429,0.08094775960975384,41,3
2021-07-21_2021-07-21T10:07:51-04:00,2021-07-21,0.489044926060606,0.6477862560277989,0.06695754333850756,0.0858801259056517,22,3
2021-07-21_2021-07-21T10:08:00-04:00,2021-07-21,0.639622656,0.25,0.056812608607791804,0.25000000000000006,4,3
2021-07-21_2021-07-21T10:22:34-04:00,2021-07-21,0.0160416,0.5,5.2926441390079995e-06,0.5,2,0
2021-07-21_2021-07-21T10:22:38-04:00,2021-07-21,0.526210944,0.5,0.004925425759059973,0.5,2,0
2021-07-21_2021-07-21T10:22:44-04:00,2021-07-21,0.44460433066666666,0.6666666666666666,0.14653179250686907,0.33333333333333337,3,0
2021-07-21_2021-07-21T10:22:49-04:00,2021-07-21,0.014639872,0.0,,,1,2
2021-07-21_2021-07-21T10:23:00-04:00,2021-07-21,0.482111488,0.4375000000000111,0.019254522081749676,0.26562500000000927,4,3
2021-07-21_2021-07-21T10:23:09-04:00,2021-07-21,0.3707735123361345,0.6511677367576273,0.10756229759377937,0.06531544349477274,56,3
2021-07-21_2021-07-21T10:23:28-04:00,2021-07-21,0.574638336,0.5,0.03672190487743693,0.5,2,0
2021-07-21_2021-07-21T10:23:30-04:00,2021-07-21,0.449573232,0.4749570815450782,0.09990573762642632,0.056488170101984966,16,3
2021-07-21_2021-07-21T10:23:41-04:00,2021-07-21,0.369720704,0.5,0.24165080811572426,0.5,2,0
2021-07-21_2021-07-21T10:23:43-04:00,2021-07-21,0.37716424,0.625,0.029083554784631354,0.26785714285714285,8,3
2021-07-21_2021-07-21T10:23:48-04:00,2021-07-21,0.5016527199999999,0.5870314222711965,0.08302980725444462,0.19256654309086046,8,3
2021-07-21_2021-07-21T10:23:54-04:00,2021-07-21,0.97961088,0.0,,,1,5
2021-07-21_2021-07-21T10:23:57-04:00,2021-07-21,0.7651735893333332,0.609523809523811,0.08095235505168932,0.28598639455782415,3,0
2021-07-21_2021-07-21T10:24:01-04:00,2021-07-21,0.508783488,0.5,0.12308762683405104,0.5,2,0
2021-07-21_2021-07-21T10:24:04-04:00,2021-07-21,0.4422885705142857,0.45116355293346844,0.10041019135204528,0.0876997314303534,14,3
2021-07-21_2021-07-21T10:24:13-04:00,2021-07-21,0.4618594816,0.3666666666666746,0.13590429301521117,0.25555555555556475,5,0
2021-07-21_2021-07-21T10:24:17-04:00,2021-07-21,0.3677329256296296,0.5185185185185345,0.04218194005350586,0.14020203040505436,9,3
2021-07-22_2021-07-22T09:37:07-04:00,2021-07-22,0.311496128,0.6559762202753295,0.15919313812588137,0.22252272343975674,4,0
2021-07-22_2021-07-22T09:37:10-04:00,2021-07-22,0.6494099017142857,0.372884832324874,0.07340402353190828,0.23317246972956718,7,3
2021-07-22_2021-07-22T09:37:15-04:00,2021-07-22,0.096577792,0.5,3.0476447252479856e-06,0.5,2,0
2021-07-22_2021-07-22T09:37:18-04:00,2021-07-22,0.4583534814550522,0.5220789779326337,0.07780713807376113,0.04142309811020379,246,3
2021-07-22_2021-07-22T09:38:42-04:00,2021-07-22,0.18250154666666665,0.4583154583154628,0.007446937959290197,0.2552128030463498,3,3
2021-07-22_2021-07-22T09:38:53-04:00,2021-07-22,0.5542982695384615,0.3738310708898706,0.06802644047175999,0.15514201342680042,13,3
2021-07-22_2021-07-22T09:38:57-04:00,2021-07-22,0.412340224,0.5,0.10958353705481011,0.5,2,0
2021-07-22_2021-07-22T09:39:00-04:00,2021-07-22,0.532311232,0.6853685897435942,0.04656700501578105,0.12410629490701519,8,3
2021-07-22_2021-07-22T09:39:07-04:00,2021-07-22,0.559483872,0.6519400730716659,0.091278934174084,0.09915359433868534,14,3
2021-07-22_2021-07-22T09:39:13-04:00,2021-07-22,0.791176384,0.370555555555553,0.07758921859104219,0.18924567901234646,4,3
2021-07-22_2021-07-22T09:39:19-04:00,2021-07-22,0.600929536,0.7535849056604,0.08673228001640446,0.1875205411178473,5,0
2021-07-22_2021-07-22T09:39:21-04:00,2021-07-22,0.6962800640000001,0.6666666666666666,0.03785238380786485,0.33333333333333337,3,0
2021-07-22_2021-07-22T09:39:30-04:00,2021-07-22,0.5369119857777778,0.6077325815545543,0.16340185817804884,0.16102842056551345,9,0
2021-07-22_2021-07-22T09:39:38-04:00,2021-07-22,0.3188602026666667,0.3333333333333333,0.21032022772556325,0.33333333333333337,3,0
2021-07-22_2021-07-22T09:39:41-04:00,2021-07-22,0.5795059138021977,0.488467398427264,0.08036811960245492,0.07123022065488584,112,3
2021-07-22_2021-07-22T09:40:35-04:00,2021-07-22,0.6203962026666666,0.3333333333333333,0.014145695154722138,0.33333333333333337,3,3
2021-07-22_2021-07-22T09:40:37-04:00,2021-07-22,0.91303232,0.5,0.00010002274716876898,0.5,2,0
2021-07-22_2021-07-22T09:40:39-04:00,2021-07-22,0.5665071976296296,0.6514980745749868,0.1325272097899238,0.23895758162045835,9,0
2021-07-22_2021-07-22T09:40:44-04:00,2021-07-22,0.28378201599999997,0.5,0.12076663879398193,0.5,2,0
2021-07-22_2021-07-22T09:40:50-04:00,2021-07-22,0.219394176,0.5542849962302081,0.03771240224795306,0.27274078162257737,4,3
2021-07-22_2021-07-22T09:41:52-04:00,2021-07-22,0.5796345599999999,0.5,0.011207397209833464,0.5,2,0
2021-07-22_2021-07-22T09:42:47-04:00,2021-07-22,0.843865088,0.5,0.0069822691955179605,0.5,2,0
2021-07-23_2021-07-23T08:00:01-04:00,2021-07-23,0.7945642664945352,0.632017512562814,0.09166170455198966,0.022899858257452665,796,1
2021-07-23_2021-07-23T09:31:56-04:00,2021-07-23,0.70299968,0.613168951791243,0.05460625413769352,0.23367024420979074,4,3
2021-07-23_2021-07-23T09:32:03-04:00,2021-07-23,0.340329216,0.484238178633976,0.08020396540946023,0.2507453050383233,3,3
2021-07-23_2021-07-23T09:32:08-04:00,2021-07-23,0.752274432,0.0,,,1,5
2021-07-23_2021-07-23T09:32:15-04:00,2021-07-23,0.38890822399999997,0.7017449664429537,0.0659014175170396,0.22553703586925675,4,0
2021-07-23_2021-07-23T09:32:19-04:00,2021-07-23,0.3094277973333333,0.3333333333333333,0.026805955628193108,0.33333333333333337,3,3
2021-07-23_2021-07-23T09:32:21-04:00,2021-07-23,0.535760832,0.3922463768115901,0.05670026028566708,0.1081896984972615,12,3
2021-07-23_2021-07-23T09:32:28-04:00,2021-07-23,0.29215488,0.5,0.04101409302065972,0.5,2,0
2021-07-23_2021-07-23T09:32:36-04:00,2021-07-23,0.102259008,0.3977272727272683,0.009982128466881193,0.20850550964187334,4,2
2021-07-23_2021-07-23T09:32:47-04:00,2021-07-23,0.37651720320000004,0.6091371942903859,0.07953288649475326,0.06878330521155451,10,3
2021-07-23_2021-07-23T09:32:53-04:00,2021-07-23,0.42244241066666666,0.3402777777778107,0.12726307104340923,0.32653356481478324,3,0
2021-07-23_2021-07-23T09:33:00-04:00,2021-07-23,0.4173898751999999,0.5318451949557935,0.09144801347545986,0.21525174246574552,5,3
2021-07-23_2021-07-23T09:33:03-04:00,2021-07-23,0.49100161784242424,0.6381093750000002,0.0681405099552938,0.11281758502828647,30,3
2021-07-23_2021-07-23T09:33:17-04:00,2021-07-23,0.49521126400000004,0.5156249999999966,0.059224614755762184,0.16699218749999986,4,3
2021-07-23_2021-07-23T09:33:21-04:00,2021-07-23,0.526031168,0.5937187500000012,0.062076785591599105,0.24345573307291424,4,3
2021-07-23_2021-07-23T09:33:25-04:00,2021-07-23,0.518109312,0.36443116423196026,0.11170437941290601,0.2260905225686206,4,3
2021-07-23_2021-07-23T09:33:31-04:00,2021-07-23,0.726923008,0.0,,,1,5
2021-07-23_2021-07-23T09:34:24-04:00,2021-07-23,0.45464096,0.5938888888888975,0.05472151034721621,0.17842098765432313,4,3
2021-07-23_2021-07-23T09:34:26-04:00,2021-07-23,0.54709312,0.5,0.0316019936529285,0.5,2,0
2021-07-23_2021-07-23T09:34:32-04:00,2021-07-23,0.5865767365614035,0.5093980920911173,0.053515038736295574,0.09696687190646565,19,3
2021-07-23_2021-07-23T09:34:46-04:00,2021-07-23,0.5221009407999999,0.2,0.0841908208191865,0.2,5,3
2021-07-23_2021-07-23T09:34:48-04:00,2021-07-23,0.546953728,0.6333771087988739,0.09894969196156972,0.17154965525583676,5,3
2021-07-23_2021-07-23T09:34:53-04:00,2021-07-23,0.558358656,0.5,0.3728714186820485,0.5,2,0
2021-07-23_2021-07-23T09:34:56-04:00,2021-07-23,0.495613376,0.5554553651938701,0.16074714692831674,0.1789013191791188,4,0
2021-07-23_2021-07-23T09:35:01-04:00,2021-07-23,0.2438384,0.5,0.017615326662238213,0.5,2,0
2021-07-23_2021-07-23T09:35:19-04:00,2021-07-23,0.45878135466666664,0.3333333333333333,0.04573566608843299,0.33333333333333337,3,3
2021-07-23_2021-07-23T09:35:23-04:00,2021-07-23,0.42045504,0.646969696969694,0.12462964096720347,0.22377410468319603,4,0
2021-07-23_2021-07-23T09:35:28-04:00,2021-07-23,0.770084864,0.5,0.02973758780355378,0.5,2,0
2021-07-23_2021-07-23T09:35:31-04:00,2021-07-23,0.5250288213333333,0.6370542635658885,0.06281235692871268,0.16543397782585287,9,3
2021-07-23_2021-07-23T09:35:38-04:00,2021-07-23,0.5379063893333333,0.43209261795095477,0.2130873946809675,0.15156207148686074,6,0
2021-07-23_2021-07-23T09:35:47-04:00,2021-07-23,0.42448064,0.5,0.0074395797168128,0.5,2,0
2021-07-23_2021-07-23T09:43:14-04:00,2021-07-23,0.36189948266666666,0.7032386363636323,0.05081886749861124,0.06221774027328777,24,3
2021-07-23_2021-07-23T09:43:21-04:00,2021-07-23,0.3682760704,0.5905161290322367,0.034267564715068616,0.17954045785639106,5,3
2021-07-23_2021-07-23T09:43:27-04:00,2021-07-23,0.298846464,0.31626984126984237,0.0337601694859701,0.21742399428907222,4,3
2021-07-23_2021-07-23T09:43:30-04:00,2021-07-23,0.895053568,0.0,,,1,5
2021-07-23_2021-07-23T09:43:33-04:00,2021-07-23,0.47715786300289853,0.7373607435412719,0.08968915865738832,0.04080056472511194,230,3
2021-07-23_2021-07-23T09:45:37-04:00,2021-07-23,0.575953152,0.0,,,1,5
2021-07-23_2021-07-23T09:45:41-04:00,2021-07-23,0.5238240103434344,0.7574917491749162,0.06610945830956005,0.08149973186019945,18,3
2021-07-23_2021-07-23T09:45:54-04:00,2021-07-23,0.5413672508924485,0.5298973889678384,0.14945399945405896,0.06695646449475942,23,3
2021-07-23_2021-07-23T09:46:15-04:00,2021-07-23,0.775787264,0.0,,,1,5
2021-07-23_2021-07-23T09:46:17-04:00,2021-07-23,0.5174536192,0.7367875000000055,0.05348275090483943,0.12809708516666657,16,3
2021-07-23_2021-07-23T09:46:29-04:00,2021-07-23,0.3779884088888889,0.592592592592594,0.21996206285130837,0.2757201646090543,3,0
2021-07-23_2021-07-23T09:46:40-04:00,2021-07-23,0.3507695177142857,0.5617333333333363,0.22508127700514058,0.2614330133333344,3,0
2021-07-23_2021-07-23T09:47:01-04:00,2021-07-23,0.342082432,0.5,0.1404004133374853,0.5,2,0
2021-07-23_2021-07-23T09:47:04-04:00,2021-07-23,0.331116928,0.0,,,1,2
2021-07-26_2021-07-26T10:10:55-04:00,2021-07-26,0.451906816,0.5901898734177298,0.09306203310098567,0.21578508426284473,4,0
2021-07-26_2021-07-26T10:11:02-04:00,2021-07-26,0.116229888,0.5,0.009562652834004991,0.5,2,0
2021-07-26_2021-07-26T10:11:48-04:00,2021-07-26,0.42925990399999997,0.5,0.2504696280986747,0.5,2,0
2021-07-26_2021-07-26T10:11:50-04:00,2021-07-26,0.18329356800000002,0.5,0.005385526117171203,0.5,2,0
2021-07-26_2021-07-26T10:15:27-04:00,2021-07-26,0.238757632,0.0,,,1,2
2021-07-26_2021-07-26T10:15:29-04:00,2021-07-26,0.49728724114285716,0.5215561224489919,0.15777699075079568,0.11282696337463705,7,3
2021-07-26_2021-07-26T10:15:34-04:00,2021-07-26,0.27931605333333337,0.6524762310202655,0.016940478677013843,0.31974700307843607,3,0
2021-07-26_2021-07-26T10:15:36-04:00,2021-07-26,0.4584698418113979,0.5033345259391792,0.08134956938542738,0.03080554514909039,215,3
2021-07-26_2021-07-26T10:17:09-04:00,2021-07-26,0.435350272,0.0,,,1,2
2021-07-26_2021-07-26T10:17:12-04:00,2021-07-26,0.5131323287171775,0.6227435610302338,0.08969585845288354,0.06386741829408743,209,3
2021-07-26_2021-07-26T10:18:47-04:00,2021-07-26,0.31337154133333334,0.4625850340136015,0.004495239839876437,0.25419963903929005,3,3
2021-07-26_2021-07-26T10:18:55-04:00,2021-07-26,0.4265697792,0.5547060822290005,0.15179665057461658,0.1296286033470566,10,3
2021-07-26_2021-07-26T10:19:13-04:00,2021-07-26,0.6426346666666667,0.5563368277507942,0.09580875283545018,0.2595215144830679,3,0
2021-07-26_2021-07-26T10:19:43-04:00,2021-07-26,0.676516864,0.0,,,1,5
2021-07-26_2021-07-26T10:19:48-04:00,2021-07-26,0.22778948266666665,0.44444444444443487,0.10029316995706608,0.25925925925926246,3,0
2021-07-26_2021-07-26T10:19:51-04:00,2021-07-26,0.7123883337142857,0.655670995670991,0.06969601014402894,0.2090001136910199,7,3
2021-07-26_2021-07-26T10:19:59-04:00,2021-07-26,0.326448448,0.25,0.10705196790685693,0.25000000000000006,4,3
2021-07-26_2021-07-26T10:20:04-04:00,2021-07-26,0.425949964034188,0.4909471017391484,0.09183176276729382,0.06108731732484357,36,3
2021-07-26_2021-07-26T10:20:35-04:00,2021-07-26,0.000279296,0.0,,,1,2
2021-07-26_2021-07-26T10:20:43-04:00,2021-07-26,0.7742532906666667,0.46283618581905256,0.10117382696841488,0.2203921943715573,4,3
2021-07-26_2021-07-26T10:20:48-04:00,2021-07-26,0.2916736,0.5,0.016594607137390586,0.5,2,0
2021-07-26_2021-07-26T10:20:58-04:00,2021-07-26,0.41061625417142855,0.6188092854759532,0.04329051038556419,0.18162394987366884,7,3
2021-07-26_2021-07-26T10:21:07-04:00,2021-07-26,0.509652553429467,0.6129885057471158,0.12057381634825536,0.04408720303120884,29,3
2021-07-26_2021-07-26T10:21:31-04:00,2021-07-26,0.5955395382857143,0.45016666666666344,0.07780457604219458,0.05799555226824544,12,3
2021-07-26_2021-07-26T10:21:40-04:00,2021-07-26,0.6037037782857143,0.5698975946653893,0.06953204479889195,0.14567484650036466,14,3
2021-07-26_2021-07-26T10:21:50-04:00,2021-07-26,0.4097139535238095,0.5447699890471066,0.08449849196554834,0.08860469940918816,12,3
2021-07-26_2021-07-26T10:22:00-04:00,2021-07-26,0.116738432,0.5,0.003972282382057472,0.5,2,0
2021-07-26_2021-07-26T10:22:04-04:00,2021-07-26,0.41022124160000006,0.5542954545454745,0.0712013642364516,0.09395129893432165,20,3
2021-07-26_2021-07-26T10:22:16-04:00,2021-07-26,0.386266752,0.5,0.27511819077632,0.5,2,0
2021-07-26_2021-07-26T10:22:20-04:00,2021-07-26,0.5830144914285714,0.49579831932772267,0.09646143995134887,0.22936233316855745,7,3
2021-07-26_2021-07-26T10:22:26-04:00,2021-07-26,0.8429082880000001,0.5,0.010480554705715215,0.5,2,0
2021-07-26_2021-07-26T10:22:28-04:00,2021-07-26,0.56747008,0.0,,,1,5
2021-07-26_2021-07-26T10:22:34-04:00,2021-07-26,0.3006464768,0.5200652528548517,0.031769232890704685,0.12533551197677428,5,3
2021-07-28_2021-07-28T08:00:00-04:00,2021-07-28,0.8888144238853126,0.4891384691224316,0.03079542484398932,0.04599921608063775,4466,4
2021-07-28_2021-07-28T09:43:24-04:00,2021-07-28,0.43121416533333334,0.6263683304647127,0.08565012802873326,0.061625866287870944,21,3
2021-07-28_2021-07-28T09:43:28-04:00,2021-07-28,0.4988692139599271,0.5738312666145909,0.07996300783022492,0.0609806633085612,61,3
2021-07-28_2021-07-28T09:43:39-04:00,2021-07-28,0.4921192228571428,0.7020299066341547,0.06517572817201175,0.08380519908334204,14,3
2021-07-28_2021-07-28T09:43:44-04:00,2021-07-28,0.43477472937728934,0.5837603121516235,0.07692625860152856,0.042704324687285126,78,3
2021-07-28_2021-07-28T09:44:03-04:00,2021-07-28,0.475220038162963,0.6668176914778825,0.1018392599867032,0.056595196554959606,54,3
2021-07-28_2021-07-28T09:44:16-04:00,2021-07-28,0.4953458215384616,0.6154326923077076,0.1145654446043687,0.09209695791043708,13,3
2021-07-28_2021-07-28T09:44:18-04:00,2021-07-28,0.49214909509173477,0.6035370856264934,0.0829303219865595,0.039272798649423304,367,3
2021-07-28_2021-07-28T09:45:32-04:00,2021-07-28,0.463836192,0.26339687262160083,0.12403826011008322,0.09553714659402457,8,3
2021-07-28_2021-07-28T09:46:33-04:00,2021-07-28,0.5920890816790124,0.6105038470180341,0.09123955202022759,0.09533814653241732,27,3
2021-07-28_2021-07-28T09:46:38-04:00,2021-07-28,0.6844312064,0.23780000000000406,0.08422632833396243,0.18329605185185058,5,3
2021-07-28_2021-07-28T09:48:28-04:00,2021-07-28,0.495211928,0.6998683965340505,0.057886955786087574,0.07513361154271658,16,3
2021-07-28_2021-07-28T09:48:32-04:00,2021-07-28,0.6616956415999999,0.5277663027441888,0.04273517594380209,0.13104525332814104,5,3
2021-07-29_2021-07-29T08:00:00-04:00,2021-07-29,0.7938466903414635,0.4749516479531989,0.0478002187033576,0.12517900656535247,41,3
2021-07-29_2021-07-29T08:00:20-04:00,2021-07-29,0.351506944,0.0,,,1,2
2021-07-30_2021-07-30T09:30:24-04:00,2021-07-30,0.480212136,0.7395772727272729,0.13230852991253597,0.08370578492562064,16,3
2021-08-03_2021-08-03T08:00:01-04:00,2021-08-03,0.8027458276911402,0.7006920293217028,0.09418888063553015,0.05949497342039374,829,1
2021-08-03_2021-08-03T09:30:53-04:00,2021-08-03,0.46453279328671326,0.6724822043627948,0.08795007848578121,0.09953429603561184,65,3
2021-08-03_2021-08-03T09:31:06-04:00,2021-08-03,0.46944254862222223,0.603229166666667,0.08072434153229135,0.17002445126487942,15,3
2021-08-03_2021-08-03T09:31:12-04:00,2021-08-03,0.46056062577777773,0.6061822148134431,0.0881368623063919,0.12400048956554433,9,3
2021-08-03_2021-08-03T09:31:16-04:00,2021-08-03,0.4695698944,0.3651301115241689,0.12297980615283832,0.25377471289783793,5,0
2021-08-03_2021-08-03T09:31:19-04:00,2021-08-03,0.5938977792,0.5666099635480002,0.0899898591108872,0.17672685504385355,10,3
2021-08-03_2021-08-03T09:31:26-04:00,2021-08-03,0.4897117582222222,0.6357622086635516,0.13078026091122052,0.11878371366433724,9,3
2021-08-03_2021-08-03T09:31:28-04:00,2021-08-03,0.5162126847999999,0.5701276302173235,0.05389738817137539,0.14281806206205974,5,3
2021-08-03_2021-08-03T09:31:31-04:00,2021-08-03,0.5999157248,0.5528965517241433,0.06389531445840083,0.15575406130267982,10,3
2021-08-03_2021-08-03T09:58:10-04:00,2021-08-03,0.625391552,0.2667729591836727,0.048162459338122396,0.18591623435919483,8,3
2021-08-03_2021-08-03T10:26:24-04:00,2021-08-03,0.595711488,0.6475252939567939,0.2289454477663929,0.3152911370711154,3,0
2021-08-04_2021-08-04T09:40:50-04:00,2021-08-04,0.5020761206153846,0.6535799002759349,0.06501984811777066,0.1055940453440325,13,3
2021-08-04_2021-08-04T09:40:54-04:00,2021-08-04,0.557801472,0.5569685039370212,0.04798929766468813,0.15538470301940774,5,3
2021-08-04_2021-08-04T09:40:56-04:00,2021-08-04,0.59728542,0.630149253731342,0.1272562138250956,0.08171716046632753,16,3
2021-08-04_2021-08-04T09:41:02-04:00,2021-08-04,0.5467585706666667,0.636000000000008,0.05885452332907452,0.30548800000000653,3,0
2021-08-04_2021-08-04T09:41:05-04:00,2021-08-04,0.694420096,0.45400000000001417,0.01947934448438478,0.28046400000001376,4,3
2021-08-04_2021-08-04T09:41:26-04:00,2021-08-04,0.426963776,0.48979248079773235,0.1435497955831917,0.17937550351068646,4,0
2021-08-05_2021-08-05T09:31:13-04:00,2021-08-05,0.5090737923176178,0.7094554002873283,0.08515806615104084,0.04387102075873846,93,3
2021-08-05_2021-08-05T09:31:29-04:00,2021-08-05,0.3925960817777778,0.6340650406504129,0.06781507385908458,0.11289632422040129,24,3
2021-08-09_2021-08-09T10:11:08-04:00,2021-08-09,0.4056963589412519,0.588879513507502,0.07644075760439539,0.05642474711481633,2026,1
2021-08-09_2021-08-09T10:16:33-04:00,2021-08-09,0.4729806236056706,0.5901134722508778,0.08559447542508725,0.058416359447319106,131,3
2021-08-09_2021-08-09T10:17:17-04:00,2021-08-09,0.5462111573333334,0.5292692020879934,0.04260015098887319,0.1309983117210247,6,3
2021-08-09_2021-08-09T10:17:20-04:00,2021-08-09,0.444042112,0.5833333333333228,0.11186087180800276,0.25000000000000705,4,0
2021-08-09_2021-08-09T10:17:23-04:00,2021-08-09,0.4721250050909091,0.6396032851174988,0.09115539821493798,0.08367504644367901,22,3
2021-08-09_2021-08-09T10:17:35-04:00,2021-08-09,0.125783552,0.0,,,1,2
2021-08-09_2021-08-09T10:17:38-04:00,2021-08-09,0.5606872283554789,0.4561327600107357,0.08874781221794156,0.03866768196457123,61,3
2021-08-09_2021-08-09T10:17:59-04:00,2021-08-09,0.3821978624,0.4,0.05434367888030432,0.3,5,3
2021-08-09_2021-08-09T10:18:02-04:00,2021-08-09,0.387380672,0.5286111111111155,0.0036817124695463256,0.1712533493369904,4,3
2021-08-09_2021-08-09T10:18:05-04:00,2021-08-09,0.6271796906666666,0.33342107572165913,0.006334803343725914,0.3332456140411877,3,3
2021-08-09_2021-08-09T10:18:07-04:00,2021-08-09,0.5107759569454546,0.641314506554843,0.07931911813332487,0.10698675065795071,11,3
2021-08-09_2021-08-09T10:18:20-04:00,2021-08-09,0.35313024,0.5,0.03658217336353588,0.5,2,0
2021-08-13_2021-08-13T08:00:01-04:00,2021-08-13,0.8099408150588235,0.8619281045751653,0.02624572842112792,0.04344590710759043,34,3
2021-08-16_2021-08-16T10:29:00-04:00,2021-08-16,0.2333560064,0.5780112862424545,0.04649365362060188,0.15461649100547312,15,3
2021-08-16_2021-08-16T10:29:06-04:00,2021-08-16,0.196436096,0.5,0.03926001911624501,0.5,2,0
2021-08-16_2021-08-16T10:29:09-04:00,2021-08-16,0.59496064,0.42105263157894346,0.07048728167470424,0.2530009233610314,4,3
2021-08-16_2021-08-16T10:29:12-04:00,2021-08-16,0.4479524768901668,0.6078587925786555,0.07221524404644712,0.04448863198496609,185,3
2021-08-17_2021-08-17T10:27:04-04:00,2021-08-17,0.6798797653333333,0.3333333333333333,0.06465792634259596,0.33333333333333337,3,3
2021-08-17_2021-08-17T10:27:07-04:00,2021-08-17,0.5671712426666666,0.6666666666666666,0.11970171841153157,0.33333333333333337,3,0
2021-08-17_2021-08-17T10:27:12-04:00,2021-08-17,0.08498137600000001,0.5,0.004866907271364609,0.5,2,0
2021-08-18_2021-08-18T08:00:00-04:00,2021-08-18,0.8758136265427859,0.6342979430479435,0.03418543084143495,0.03089129539342443,1716,1
2021-08-18_2021-08-18T09:42:24-04:00,2021-08-18,0.5113340716521739,0.4881289692232525,0.04012628560730897,0.06836389033338318,23,3
2021-08-18_2021-08-18T09:42:41-04:00,2021-08-18,0.481226752,0.49142857142855173,0.18455412708432284,0.24284183673470433,5,0
2021-08-18_2021-08-18T09:42:45-04:00,2021-08-18,0.3615988053333334,0.3930704898446638,0.15879923536660617,0.2843017604261805,3,0
2021-08-18_2021-08-18T09:42:56-04:00,2021-08-18,0.6578791253333333,0.484089723526335,0.0030361515703883047,0.25075941069240537,3,3
2021-08-18_2021-08-18T09:42:59-04:00,2021-08-18,0.5304928640000001,0.34124363087373527,0.04391579402173423,0.06982531834052841,12,3
2021-08-18_2021-08-18T09:43:14-04:00,2021-08-18,0.879512064,0.0,,,1,5
2021-08-25_2021-08-25T08:00:00-04:00,2021-08-25,0.06659406522577818,0.5412383942161342,0.036431406405340365,0.06492855173242354,405,2
2021-08-25_2021-08-25T08:13:17-04:00,2021-08-25,0.45902967836446135,0.5828525016244317,0.07276456640534625,0.06683611073143937,171,3
2021-08-25_2021-08-25T08:58:00-04:00,2021-08-25,0.2172149175652174,0.830220955096222,0.024007120303546705,0.1434501541831275,23,3
2021-08-25_2021-08-25T08:59:28-04:00,2021-08-25,0.6905737208888889,0.42187500000000183,0.13276075615121805,0.11957809744268177,8,3
2021-08-25_2021-08-25T09:00:17-04:00,2021-08-25,0.4433320812457027,0.6906832298136609,0.10732903762970318,0.07253242271875697,23,3
2021-08-25_2021-08-25T09:01:04-04:00,2021-08-25,0.4548823261663837,0.5181970884658464,0.08577702499430404,0.17109085241396876,19,3
2021-08-25_2021-08-25T09:01:38-04:00,2021-08-25,0.32155718034285713,0.45104166666667017,0.05063248965293285,0.11771918402777927,10,3
2021-08-25_2021-08-25T09:01:55-04:00,2021-08-25,0.39639571353204633,0.5291019144144197,0.06530615141109876,0.09742891912094254,37,3
2021-08-25_2021-08-25T09:02:32-04:00,2021-08-25,0.719972352,0.0,,,1,5
2021-08-25_2021-08-25T09:02:37-04:00,2021-08-25,0.6544366933333333,0.3333333333333333,0.16661741403544508,0.33333333333333337,3,0
2021-08-25_2021-08-25T09:02:45-04:00,2021-08-25,0.5148479830804598,0.6220656028368878,0.0910983996367537,0.06463609927437929,24,3
2021-08-25_2021-08-25T09:03:20-04:00,2021-08-25,0.4305257088,0.4999999999999907,0.1626691071687548,0.16666666666666666,4,0
2021-08-25_2021-08-25T09:03:30-04:00,2021-08-25,0.865400704,0.5,0.003981643215306756,0.5,2,0
2021-08-25_2021-08-25T09:03:38-04:00,2021-08-25,0.38244005365656564,0.5400197628458464,0.07317934143706398,0.1476622916308629,11,3
2021-08-25_2021-08-25T09:04:12-04:00,2021-08-25,0.5372472862315789,0.563788316946223,0.08187522375644804,0.06617906367779015,19,3
2021-08-25_2021-08-25T09:04:57-04:00,2021-08-25,0.360509082589372,0.5063306258958518,0.09002117964553959,0.07695287870275944,23,3
2021-08-25_2021-08-25T09:05:46-04:00,2021-08-25,0.5504752765490196,0.6158540042523002,0.11116667245245702,0.12035257849256874,17,3
2021-08-25_2021-08-25T09:06:00-04:00,2021-08-25,0.4481524906666667,0.41967871485943514,0.089854364128242,0.11874969758552423,6,3
2021-08-25_2021-08-25T09:06:11-04:00,2021-08-25,0.3798212728888889,0.5429517734473552,0.057118988143514474,0.13844677749785214,8,3
2021-08-25_2021-08-25T09:06:22-04:00,2021-08-25,0.3923374648888889,0.5205992509363218,0.14289395761808416,0.1268069056937284,9,3
2021-08-25_2021-08-25T09:06:46-04:00,2021-08-25,0.4644468993741496,0.4795345104333869,0.12843593807651013,0.0541239312385639,14,3
2021-08-25_2021-08-25T09:07:13-04:00,2021-08-25,0.91006464,0.0,,,1,5
2021-08-25_2021-08-25T09:07:17-04:00,2021-08-25,0.120035328,0.0,,,1,2
2021-08-25_2021-08-25T09:07:19-04:00,2021-08-25,0.298647296,0.0,,,1,2
2021-08-25_2021-08-25T09:07:22-04:00,2021-08-25,0.4561111424,0.6264705882352865,0.10856856796202516,0.2575259515571082,5,0
2021-08-25_2021-08-25T09:07:33-04:00,2021-08-25,0.5507624106666666,0.5919540229885082,0.08764571658304443,0.2753666270313132,3,0
2021-08-25_2021-08-25T09:07:38-04:00,2021-08-25,0.8238017280000001,0.5,0.021995225738412044,0.5,2,0
2021-08-25_2021-08-25T09:16:04-04:00,2021-08-25,0.933453568,0.0,,,1,5
2021-08-25_2021-08-25T09:21:18-04:00,2021-08-25,0.36817399868235295,0.543964219289697,0.12757008988266955,0.08214746840887693,10,3
2021-08-25_2021-08-25T09:21:41-04:00,2021-08-25,0.520967936,0.0,,,1,5
2021-08-25_2021-08-25T09:21:50-04:00,2021-08-25,0.8042178652018533,0.6291774110256111,0.08712881193768915,0.04923511319989138,941,1
2021-08-25_2021-08-25T09:30:13-04:00,2021-08-25,0.5473283698519347,0.5520876332543967,0.08581753780312729,0.06370211916925325,1074,1
2021-08-25_2021-08-25T09:31:00-04:00,2021-08-25,0.4932731405380442,0.6324146746593761,0.08747127935222215,0.04655080843221789,1027,1
2021-08-25_2021-08-25T09:32:13-04:00,2021-08-25,0.50191982336,0.488383096937392,0.09350541992793945,0.07004145048045556,80,3
2021-08-25_2021-08-25T09:32:23-04:00,2021-08-25,0.458099908338983,0.6012345544013095,0.07441207455117776,0.06490429042414457,59,3
2021-08-25_2021-08-25T09:34:45-04:00,2021-08-25,0.49193483935236865,0.5258858626149522,0.07219758314510442,0.05448541582054572,4404,4
2021-08-25_2021-08-25T09:39:08-04:00,2021-08-25,0.5526977052512656,0.4940129984522731,0.08347739250774389,0.03291643063376606,278,3
2021-08-25_2021-08-25T09:39:37-04:00,2021-08-25,0.675443392,0.17647058823528858,0.08031602277714214,0.11937716262975741,8,3
2021-08-25_2021-08-25T09:39:40-04:00,2021-08-25,0.5041222399999999,0.3882420261730615,0.10471376975785317,0.09572977821127951,12,3
2021-08-25_2021-08-25T09:39:43-04:00,2021-08-25,0.49034990577167903,0.4683337621498035,0.07479686216175624,0.060236653242162014,318,3
2021-08-25_2021-08-25T09:40:18-04:00,2021-08-25,0.4187203488,0.560339673913049,0.08253568749331823,0.06359106919317166,40,3
2021-08-25_2021-08-25T10:23:10-04:00,2021-08-25,0.3614582099337232,0.5907498212742568,0.08891415483025814,0.044885427946827615,114,3
2021-08-25_2021-08-25T10:23:29-04:00,2021-08-25,0.5337717334547395,0.5636516944025031,0.08451237103810952,0.04589675154417246,3536,4
2021-08-26_2021-08-26T09:49:38-04:00,2021-08-26,0.39693971587075394,0.47417232367512907,0.07713283659287173,0.04669032370922398,142,3
2021-08-26_2021-08-26T09:49:57-04:00,2021-08-26,0.4641682944,0.44577358490565927,0.09571711843261481,0.13830346267948868,10,3
2021-08-26_2021-08-26T09:50:20-04:00,2021-08-26,0.5305874299259259,0.4851543209876634,0.10851426731944887,0.08802779610894544,27,3
2021-08-26_2021-08-26T09:50:25-04:00,2021-08-26,0.6990322133333334,0.4054294615042311,0.035455557104845783,0.08143959987539663,12,3
2021-08-26_2021-08-26T09:50:27-04:00,2021-08-26,0.476087776,0.4207727272727214,0.09936409771611517,0.21671523730814188,8,3
2021-08-26_2021-08-26T09:51:34-04:00,2021-08-26,0.4037850902164502,0.5943429752066135,0.0981443831487457,0.06801007954111703,66,3
2021-08-26_2021-08-26T09:51:43-04:00,2021-08-26,0.4503957447379297,0.4592518649932932,0.07786930989591258,0.054530916182259345,3394,4
2021-08-26_2021-08-26T09:58:00-04:00,2021-08-26,0.5715884990877192,0.4283104680222321,0.07509081995976906,0.049891313254886396,38,3
2021-08-26_2021-08-26T09:58:10-04:00,2021-08-26,0.5272283520000001,0.3630360587624307,0.19165979569725441,0.22539433641502685,4,0
2021-08-26_2021-08-26T09:58:12-04:00,2021-08-26,0.4003167817142857,0.5645009784735792,0.03861551420955813,0.1273443136834421,7,3
2021-08-26_2021-08-26T09:58:21-04:00,2021-08-26,0.443640768,0.321770639091369,0.06634267597596728,0.17669246290306018,8,3
2021-08-26_2021-08-26T09:58:24-04:00,2021-08-26,0.436707136,0.3901736832169221,0.07210442067845119,0.19025358734288841,4,3
2021-08-26_2021-08-26T09:58:27-04:00,2021-08-26,0.5171072,0.3386243386243339,0.15441739258101758,0.328126312253301,3,0
2021-08-26_2021-08-26T09:58:31-04:00,2021-08-26,0.880819968,0.5,0.003985184936558585,0.5,2,0
2021-08-26_2021-08-26T09:58:36-04:00,2021-08-26,0.368604896,0.40485800427933216,0.027455789648285107,0.19955509488347903,8,3
2021-08-26_2021-08-26T09:58:43-04:00,2021-08-26,0.404934528,0.4801902868503354,0.008388243590589107,0.16718989964676267,4,3
2021-08-27_2021-08-27T09:39:17-04:00,2021-08-27,0.4157697861818182,0.4955327927159008,0.05389743685002968,0.0730726627512989,11,3
2021-08-27_2021-08-27T09:39:21-04:00,2021-08-27,0.6149013191111111,0.6305555555555649,0.10504370377594514,0.17495307685004802,9,3
2021-08-27_2021-08-27T09:39:26-04:00,2021-08-27,0.5359038530297937,0.4686761828018901,0.06713480725006302,0.07870898100808173,119,3
2021-08-27_2021-08-27T09:39:50-04:00,2021-08-27,0.40259164256016267,0.5151680715578243,0.08682328292561163,0.06080802401092577,586,3
2021-08-27_2021-08-27T09:41:26-04:00,2021-08-27,0.19994099199999998,0.36603107344632135,0.021344990386126847,0.19782088879313317,4,2
2021-08-27_2021-08-27T09:41:29-04:00,2021-08-27,0.5662796206376811,0.5349673143436706,0.11041193951005165,0.12667613375885603,23,3
2021-08-27_2021-08-27T09:41:37-04:00,2021-08-27,0.476303104,0.7416631929970722,0.10764006258626833,0.24454638219122063,4,0
2021-08-27_2021-08-27T09:41:41-04:00,2021-08-27,0.43616881549531117,0.6362814186077065,0.09362757557968251,0.053467021195076576,204,3
2021-08-27_2021-08-27T09:42:29-04:00,2021-08-27,0.6214056960000001,0.5,0.04622590125342722,0.5,2,0
2021-08-27_2021-08-27T09:42:31-04:00,2021-08-27,0.4350798165333333,0.67885185185186,0.08093390927986639,0.1078664365188216,10,3
2021-08-27_2021-08-27T09:42:36-04:00,2021-08-27,0.49395140421818184,0.5396849013870256,0.10240675644346434,0.10255821672752219,11,3
2021-08-27_2021-08-27T09:42:43-04:00,2021-08-27,0.413067136,0.47085056477997517,0.06985986145180204,0.07872757310123389,34,3
2021-08-27_2021-08-27T09:42:57-04:00,2021-08-27,0.7443502848,0.6905882352941635,0.043057135608562405,0.1440058062440899,10,3
2021-08-27_2021-08-27T09:43:01-04:00,2021-08-27,0.5398515591111112,0.5503647058823516,0.08660135173860838,0.06842686092311369,60,3
2021-08-30_2021-08-30T09:58:42-04:00,2021-08-30,0.3317505706666667,0.3669740658960005,0.04214108543630268,0.3030876974327249,3,3
2021-08-30_2021-08-30T09:59:52-04:00,2021-08-30,0.46594503934409404,0.6859868596903216,0.0810244164382613,0.02742650971491956,1326,1
2021-08-30_2021-08-30T10:02:08-04:00,2021-08-30,0.5997894943030303,0.39792207792208284,0.06675801420162683,0.08953920721085819,22,3
2021-08-30_2021-08-30T10:02:13-04:00,2021-08-30,0.3436518793846154,0.37446808510640894,0.08385898605392522,0.10318749811378336,13,3
2021-08-30_2021-08-30T10:02:15-04:00,2021-08-30,0.430191416,0.34727476302286886,0.11322741653275713,0.09078431085720368,16,3
2021-08-30_2021-08-30T10:02:20-04:00,2021-08-30,0.489117248,0.3444501768868157,0.12348442262789437,0.09562008360155065,8,3
2021-08-30_2021-08-30T10:02:23-04:00,2021-08-30,0.48355169745454546,0.34462921191137597,0.12501906328448956,0.13463294623483832,11,3
2021-08-30_2021-08-30T10:04:04-04:00,2021-08-30,0.3796601716363636,0.3238942923111935,0.07049399390916267,0.08971884790427781,11,3
2021-08-30_2021-08-30T10:04:10-04:00,2021-08-30,0.39321757090909093,0.38043417256900813,0.07173243720196824,0.08262229985429935,22,3
2021-08-30_2021-08-30T10:04:18-04:00,2021-08-30,0.30989832533333334,0.3333333333333333,0.06265749014559675,0.33333333333333337,3,3
2021-08-30_2021-08-30T10:04:20-04:00,2021-08-30,0.4348944090194093,0.5139952531645626,0.08627380806050546,0.0460683194883954,79,3
2021-08-30_2021-08-30T10:04:37-04:00,2021-08-30,0.47203123199999997,0.5661333333333308,0.009844391147929597,0.2631208533333323,3,3
2021-08-30_2021-08-30T10:04:41-04:00,2021-08-30,0.13146040320000002,0.5590900176505207,0.030649600415707953,0.16194022792712992,5,3
2021-08-30_2021-08-30T10:04:49-04:00,2021-08-30,0.677291264,0.578045983494064,0.10727223763166278,0.19966968026057985,7,0
2021-08-30_2021-08-30T10:05:01-04:00,2021-08-30,0.38062184763076923,0.47509662003162145,0.05147027486809175,0.08356748425621842,39,3
2021-08-30_2021-08-30T10:28:38-04:00,2021-08-30,0.39967641212121213,0.40803860523038293,0.09134704874542902,0.07762220801966778,22,3
2021-08-30_2021-08-30T10:28:43-04:00,2021-08-30,0.30536260266666665,0.4549549549548511,0.17456582272105403,0.25608716824935845,3,0
2021-08-31_2021-08-31T10:19:25-04:00,2021-08-31,0.37627323237676613,0.5344659486450581,0.09494517999470523,0.07362703934174439,91,3
2021-08-31_2021-08-31T10:19:34-04:00,2021-08-31,0.622387296,0.33512193245634475,0.019615162603479046,0.10737238421159809,8,3
2021-08-31_2021-08-31T10:19:40-04:00,2021-08-31,0.578109664,0.5499467543291073,0.07953006678195639,0.16386201458035599,8,3
2021-08-31_2021-08-31T10:19:45-04:00,2021-08-31,0.6572973568,0.6192307692307704,0.07956132057682411,0.272927400140934,5,0
2021-08-31_2021-08-31T10:19:59-04:00,2021-08-31,0.5882565973333334,0.36945591668163796,0.016974529395390323,0.13671329639768307,6,3
2021-08-31_2021-08-31T10:20:02-04:00,2021-08-31,0.5555830186666667,0.4878787878787733,0.167437698127244,0.10028650137741088,6,3
2021-08-31_2021-08-31T10:20:13-04:00,2021-08-31,0.362871488,0.5937890137328263,0.037969761536156825,0.13703529474371076,8,3
2021-08-31_2021-08-31T10:20:15-04:00,2021-08-31,0.42641392,0.5574124999999981,0.07634383755351712,0.08976432783333169,16,3
2021-08-31_2021-08-31T10:20:19-04:00,2021-08-31,0.4328759182222222,0.416583305546272,0.0612889728998459,0.08074854561390782,9,3
2021-08-31_2021-08-31T10:20:21-04:00,2021-08-31,0.6973210112,0.5404539385847568,0.08498276455476102,0.1356941877108896,5,3
2021-08-31_2021-08-31T10:20:23-04:00,2021-08-31,0.6032652657777777,0.509408851748672,0.06559139324630815,0.15873023909223127,9,3
2021-08-31_2021-08-31T10:21:40-04:00,2021-08-31,0.49652291436149737,0.5724659090909104,0.06627484753305724,0.07091458557259644,275,3
2021-08-31_2021-08-31T10:22:16-04:00,2021-08-31,0.3477618915555556,0.6179693889473219,0.0557944089786356,0.07337452535165861,27,3
2021-08-31_2021-08-31T10:22:33-04:00,2021-08-31,0.5280738360888889,0.582077781500483,0.06957685276545679,0.10733082632668733,35,3
2021-08-31_2021-08-31T10:22:44-04:00,2021-08-31,0.4384397226666667,0.5896511627907038,0.07780756831059749,0.1722583829096796,6,3
2021-08-31_2021-08-31T10:22:48-04:00,2021-08-31,0.49905131199999997,0.45566964285712425,0.09000419331404785,0.15410996386054163,16,3
2021-08-31_2021-08-31T10:22:54-04:00,2021-08-31,0.4495783003218391,0.5383133433283553,0.08311226042484021,0.11360302003500584,29,3
2021-09-01_2021-09-01T09:38:41-04:00,2021-09-01,0.39961429947460386,0.5038631920148188,0.07848099897738817,0.048430686714532746,5000,4
2021-09-02_2021-09-02T08:00:00-04:00,2021-09-02,0.7494992959410789,0.546938886298888,0.12765043504615878,0.03863366805267102,675,1
2021-09-02_2021-09-02T09:31:10-04:00,2021-09-02,0.48466756266666666,0.4878302369183548,0.02439218046198914,0.11690428800412704,10,3
2021-09-02_2021-09-02T09:31:16-04:00,2021-09-02,0.25056691200000003,0.5,0.06913820438036482,0.5,2,0
2021-09-02_2021-09-02T09:31:23-04:00,2021-09-02,0.4986265778025884,0.6415138154027082,0.08329712382398623,0.04710353473788281,243,3
2021-09-02_2021-09-02T09:32:34-04:00,2021-09-02,0.39074540058947366,0.5011562998405104,0.11836607343490933,0.06864936372871298,19,3
2021-09-02_2021-09-02T09:32:41-04:00,2021-09-02,0.6926905552592593,0.5872514619883052,0.06586234000462843,0.10472311480455446,9,3
2021-09-02_2021-09-02T09:33:04-04:00,2021-09-02,0.3312908649411765,0.540688502673796,0.06866686353266666,0.20107237402842304,17,3
2021-09-02_2021-09-02T09:33:21-04:00,2021-09-02,0.362827648,0.4473461538461573,0.0746947981240384,0.10690358974359047,10,3
2021-09-02_2021-09-02T09:33:28-04:00,2021-09-02,0.174957312,0.5232391363336775,0.0017063537152491508,0.25162017237260575,3,3
2021-09-02_2021-09-02T10:22:22-04:00,2021-09-02,0.319091456,0.5,0.012586919204487167,0.5,2,0
2021-09-02_2021-09-02T10:22:25-04:00,2021-09-02,0.117340416,0.0,,,1,2
2021-09-02_2021-09-02T10:26:10-04:00,2021-09-02,0.6108754773333334,0.654265734265725,0.08381053161903684,0.1016368298368265,13,3
2021-09-02_2021-09-02T10:26:15-04:00,2021-09-02,0.3903635968,0.5365825688073222,0.040640326099481414,0.1261494849970534,5,3
2021-09-02_2021-09-02T10:26:19-04:00,2021-09-02,0.6323452245333333,0.5867906976744297,0.08428988483974523,0.2872088263926551,5,0
2021-09-02_2021-09-02T10:26:24-04:00,2021-09-02,0.4245064343703704,0.6074704274290702,0.09764818550802348,0.11393146787952455,9,3
2021-09-02_2021-09-02T10:26:29-04:00,2021-09-02,0.468263936,0.5,0.2922582837422981,0.5,2,0
2021-09-02_2021-09-02T10:26:31-04:00,2021-09-02,0.5183448823194103,0.6955931170199291,0.10826842139831347,0.06415602835277646,37,3
2021-09-02_2021-09-02T10:26:55-04:00,2021-09-02,0.915355136,0.0,,,1,5
2021-09-02_2021-09-02T10:26:58-04:00,2021-09-02,0.26581952,0.5,0.09612141105070078,0.5,2,0
2021-09-02_2021-09-02T10:27:01-04:00,2021-09-02,0.38932983466666665,0.5492573507123382,0.2048226334133671,0.2572788597975948,3,0
2021-09-02_2021-09-02T10:27:03-04:00,2021-09-02,0.429793472,0.5767502966604572,0.129306024713754,0.1745808904508225,4,0
2021-09-02_2021-09-02T10:27:05-04:00,2021-09-02,0.5781951146666667,0.4210526315789684,0.05134740632281635,0.26869806094181825,3,3
2021-09-02_2021-09-02T10:27:09-04:00,2021-09-02,0.921255936,0.0,,,1,5
2021-09-02_2021-09-02T10:27:20-04:00,2021-09-02,0.673565952,0.41666666666660745,0.19034037780801125,0.27083333333336296,3,0
2021-09-02_2021-09-02T10:27:37-04:00,2021-09-02,0.401841664,0.48323320589844904,0.06233771634655229,0.20924964527117906,5,3
2021-09-03_2021-09-03T09:45:05-04:00,2021-09-03,0.240489552,0.35471754807691736,0.014495175413127753,0.14531111213380665,8,2
2021-09-03_2021-09-03T09:45:09-04:00,2021-09-03,0.7474476800000001,0.3353804347826047,0.11691627212966026,0.20424906663516282,4,3
2021-09-08_2021-09-08T09:30:18-04:00,2021-09-08,0.5116271104,0.18831945615514273,0.039682462579704904,0.0836671512687294,10,3
2021-09-08_2021-09-08T09:33:09-04:00,2021-09-08,0.48327679279635655,0.6308531446540879,0.07771920746279896,0.04000318892634643,212,3
2021-09-08_2021-09-08T09:33:40-04:00,2021-09-08,0.43830005342044864,0.5882586383827811,0.07188166053558674,0.04474115883603477,1986,1
2021-09-08_2021-09-08T09:40:59-04:00,2021-09-08,0.5837182293333333,0.4929078014184464,0.007104465366461095,0.17282329862682388,6,3
2021-09-08_2021-09-08T09:41:02-04:00,2021-09-08,0.35892380611764707,0.6617433155080161,0.06872414887973433,0.07272835561497183,17,3
2021-09-08_2021-09-08T09:41:10-04:00,2021-09-08,0.48845448888888887,0.5839749311909651,0.06360135946695837,0.08524961647312668,24,3
2021-09-09_2021-09-09T09:30:26-04:00,2021-09-09,0.658408832,0.3019356093353974,0.08004900395971562,0.06493710425265901,38,3
2021-09-09_2021-09-09T09:33:52-04:00,2021-09-09,0.46180664320000003,0.5789957991598358,0.05793936073819238,0.06082081189192557,15,3
2021-09-09_2021-09-09T09:34:07-04:00,2021-09-09,0.482929896,0.6862090520365318,0.07044283579761318,0.08907830908249852,32,3
2021-09-09_2021-09-09T09:34:44-04:00,2021-09-09,0.5126448765714285,0.6254984301412738,0.07896096161201756,0.06782899296935971,56,3
2021-09-09_2021-09-09T09:49:24-04:00,2021-09-09,0.43555281335439705,0.485429731528129,0.0883787267281538,0.0375128303573485,633,1
2021-09-09_2021-09-09T09:50:14-04:00,2021-09-09,0.5023177600000001,0.5378103378103255,0.06499258387738403,0.1427959351280504,12,3
2021-09-09_2021-09-09T09:50:22-04:00,2021-09-09,0.43340112395870456,0.5217135823943738,0.0726195831965958,0.054873951427060204,1771,1
2021-09-09_2021-09-09T09:54:55-04:00,2021-09-09,0.48544568777142855,0.7017759271122513,0.07121861354044512,0.04079950001260728,126,3
2021-09-09_2021-09-09T09:55:17-04:00,2021-09-09,0.4507462464,0.768535539215684,0.09065124720415506,0.06674513708670292,16,3
2021-09-09_2021-09-09T09:55:24-04:00,2021-09-09,0.5044897405023255,0.6400103359173035,0.06772396364706955,0.06732001164841896,43,3
2021-09-09_2021-09-09T09:55:36-04:00,2021-09-09,0.4160698026666667,0.43589743589744484,0.01692691760941193,0.2623274161735666,3,3
2021-09-09_2021-09-09T09:55:41-04:00,2021-09-09,0.5087503786666666,0.22850234828821922,0.08284323378677458,0.14524656752798587,6,3
2021-09-10_2021-09-10T10:29:22-04:00,2021-09-10,0.5226439614358974,0.6277750172311511,0.039370653593195214,0.13541156885498476,13,3
2021-09-10_2021-09-10T10:29:28-04:00,2021-09-10,0.5972244780243539,0.5578593494330927,0.07779014133520525,0.0558480460098678,151,3
2021-09-13_2021-09-13T10:02:12-04:00,2021-09-13,0.350759104,0.2969166666666636,0.0509674796027467,0.22407047222222476,4,3
2021-09-13_2021-09-13T10:02:14-04:00,2021-09-13,0.4865969371428571,0.41119047619047505,0.09796258142177884,0.0966624669312169,7,3
2021-09-13_2021-09-13T10:02:16-04:00,2021-09-13,0.62587264,0.5,0.09973524099878092,0.5,2,0
2021-09-13_2021-09-13T10:02:19-04:00,2021-09-13,0.5637502834580644,0.5210082130990684,0.08746508010311964,0.05558286330294039,124,3
2021-09-13_2021-09-13T10:02:44-04:00,2021-09-13,0.4428568137142857,0.4875246605547115,0.07890735676343054,0.09705837499478803,7,3
2021-09-13_2021-09-13T10:02:47-04:00,2021-09-13,0.4408013940132336,0.6486293904529781,0.0813358974828038,0.031095323345954027,1282,1
2021-09-13_2021-09-13T10:06:41-04:00,2021-09-13,0.4112261973333334,0.606495601173021,0.10622567702673635,0.13510267375704393,22,3
2021-09-13_2021-09-13T10:06:46-04:00,2021-09-13,0.442252992,0.6819696969697177,0.12714890483515937,0.21461288644017032,4,0
2021-09-14_2021-09-14T09:48:26-04:00,2021-09-14,0.2184344987181467,0.6830128059865316,0.05681723403823312,0.05706921998908568,37,3
2021-09-14_2021-09-14T09:48:40-04:00,2021-09-14,0.469619328,0.5,0.1530277951808799,0.5,2,0
2021-09-14_2021-09-14T09:48:42-04:00,2021-09-14,0.11975943314285713,0.6676384839650165,0.03606573637275296,0.1115804922552086,7,3
2021-09-14_2021-09-14T09:48:44-04:00,2021-09-14,0.40267893475555555,0.5622599343529653,0.0775858690863345,0.05655432005257362,18,3
2021-09-14_2021-09-14T09:48:59-04:00,2021-09-14,0.4432476412839506,0.7901808169856566,0.06648693932980146,0.08779398355292667,18,3
2021-09-14_2021-09-14T09:49:10-04:00,2021-09-14,0.508140928,0.6602708803610714,0.07474007538807528,0.2617322890816508,6,0
2021-09-14_2021-09-14T09:49:17-04:00,2021-09-14,0.494995456,0.5237527804258004,0.1972036392421294,0.2516925837338689,3,0
2021-09-14_2021-09-14T09:49:19-04:00,2021-09-14,0.5368144592592592,0.7081980638179437,0.14513269404740464,0.12782272178951423,9,0
2021-09-14_2021-09-14T09:49:25-04:00,2021-09-14,0.88868608,0.5,0.002792514829549574,0.5,2,0
2021-09-14_2021-09-14T09:49:29-04:00,2021-09-14,0.7613163519999999,0.5367521367521173,0.08956184814243023,0.13000800583218247,5,3
2021-09-14_2021-09-14T09:49:31-04:00,2021-09-14,0.505763712,0.5,0.17411457558855678,0.5,2,0
2021-09-14_2021-09-14T09:49:35-04:00,2021-09-14,0.2615170048,0.32754590984976295,0.02035757887702302,0.19451986539117472,5,3
2021-09-14_2021-09-14T09:50:06-04:00,2021-09-14,0.560154624228164,0.6612603648424505,0.09648583265354106,0.05660483550366796,99,3
2021-09-14_2021-09-14T09:50:45-04:00,2021-09-14,0.5011811927693275,0.5578495366985183,0.08140403596161183,0.07964919504438757,74,3
2021-09-14_2021-09-14T09:51:36-04:00,2021-09-14,0.3353408,0.5,0.08701238082810675,0.5,2,0
2021-09-14_2021-09-14T09:51:46-04:00,2021-09-14,0.45546521599999995,0.4999735407736669,0.1176077417746268,0.250000002100272,3,0
2021-09-15_2021-09-15T10:23:38-04:00,2021-09-15,0.4313473030243902,0.5388398960238775,0.09187072230744005,0.03583493789706009,94,3
2021-09-15_2021-09-15T10:24:26-04:00,2021-09-15,0.16494212266666666,0.5794066317626466,0.03964160110192776,0.2689162395036656,3,3
2021-09-15_2021-09-15T10:24:30-04:00,2021-09-15,0.3816854656,0.43327132606962826,0.022296135581713616,0.12871059660375492,5,3
2021-09-15_2021-09-15T10:24:38-04:00,2021-09-15,0.529156700647619,0.385229640743517,0.14174668757533374,0.13511623598275047,15,3
2021-09-15_2021-09-15T10:24:48-04:00,2021-09-15,0.7001820871111111,0.7430829228243002,0.08866147317831849,0.153204138760142,6,3
2021-09-15_2021-09-15T10:24:53-04:00,2021-09-15,0.971524608,0.0,,,1,5
2021-09-15_2021-09-15T10:24:56-04:00,2021-09-15,0.48935099754960437,0.6586810604391605,0.09493298649930743,0.04681951729687668,267,3
2021-09-16_2021-09-16T10:21:56-04:00,2021-09-16,0.3754782813880679,0.5091868336332425,0.0973082878635796,0.055680331448445496,87,3
2021-09-16_2021-09-16T10:22:21-04:00,2021-09-16,0.578320192,0.6497368421052994,0.10969869448264091,0.19656149584488972,4,0
2021-09-16_2021-09-16T10:22:23-04:00,2021-09-16,0.32102272,0.5906232634318984,0.09092330986396056,0.1437202267623105,9,3
2021-09-16_2021-09-16T10:22:25-04:00,2021-09-16,0.5008801811948053,0.6095085995085883,0.09742011543920936,0.13187467832872415,22,3
2021-09-16_2021-09-16T10:22:36-04:00,2021-09-16,0.546147072,0.5,0.002455387918958591,0.5,2,0
2021-09-20_2021-09-20T08:02:27-04:00,2021-09-20,0.194169472,0.0,0.0017732203519999997,0.0,2,2
2021-09-20_2021-09-20T08:24:02-04:00,2021-09-20,0.131586688,0.0,3.6471603200001585e-08,0.0,2,2
2021-09-20_2021-09-20T10:02:47-04:00,2021-09-20,0.3838846976,0.5353473497992682,0.13662166167392648,0.15975455292863344,15,3
2021-09-20_2021-09-20T10:08:27-04:00,2021-09-20,0.7612208,0.5576080150281819,0.17365666148666026,0.1717450678172268,4,0
2021-09-20_2021-09-20T10:08:38-04:00,2021-09-20,0.761288704,0.0,,,1,5
2021-09-20_2021-09-20T10:08:42-04:00,2021-09-20,0.41606489599999996,0.5,0.04861363107794124,0.5,2,0
2021-09-20_2021-09-20T10:08:45-04:00,2021-09-20,0.46290996184615385,0.5774935400516746,0.0857818922969149,0.09725538581590337,24,3
2021-09-20_2021-09-20T10:10:12-04:00,2021-09-20,0.45986705066666667,0.6021052631578782,0.0024200686144279842,0.2812764542936187,3,3
2021-09-20_2021-09-20T10:10:15-04:00,2021-09-20,0.7439781546666667,0.3333333333333333,0.09499865303445232,0.33333333333333337,3,0
2021-09-20_2021-09-20T10:10:20-04:00,2021-09-20,0.458076928,0.0,,,1,2
2021-09-20_2021-09-20T10:10:22-04:00,2021-09-20,0.4625952,0.0,,,1,2
2021-09-21_2021-09-21T09:29:32-04:00,2021-09-21,0.262573824,0.0,,,1,2
2021-09-21_2021-09-21T09:29:55-04:00,2021-09-21,0.4042389038983382,0.5279472120191819,0.07948670293493218,0.039519678279107816,264,3
2021-09-21_2021-09-21T09:31:06-04:00,2021-09-21,0.28787065679012347,0.6404525162729072,0.05302966357204567,0.11107606583605154,27,3
2021-09-21_2021-09-21T09:31:14-04:00,2021-09-21,0.3835656554534161,0.49140139751553275,0.08679352312289645,0.0897077678823504,23,3
2021-09-21_2021-09-21T09:31:37-04:00,2021-09-21,0.4779914026666667,0.46850490196079186,0.0772790360589292,0.12361914579557032,8,3
2021-09-21_2021-09-21T09:31:43-04:00,2021-09-21,0.288273536,0.5,0.02893883700179763,0.5,2,0
2021-09-21_2021-09-21T09:31:46-04:00,2021-09-21,0.330110144,0.32502467917077893,0.05927684177703185,0.22249835715819397,4,3
2021-09-21_2021-09-21T09:31:49-04:00,2021-09-21,0.25656925866666663,0.3333333333333333,0.17643825434606525,0.33333333333333337,3,0
2021-09-21_2021-09-21T09:31:51-04:00,2021-09-21,0.918854912,0.0,,,1,5
2021-09-21_2021-09-21T09:31:53-04:00,2021-09-21,0.41749951390476187,0.6888046647230236,0.11242002598636897,0.18365870371472315,7,0
2021-09-21_2021-09-21T09:31:58-04:00,2021-09-21,0.697587968,0.5,0.029902762095411213,0.5,2,0
2021-09-21_2021-09-21T09:32:00-04:00,2021-09-21,0.3582542918620689,0.4932965005279618,0.05377846031142332,0.09014474642196028,29,3
2021-09-21_2021-09-21T09:32:08-04:00,2021-09-21,0.331422784,0.49692697035430267,0.035384440583809705,0.16667925801493777,4,3
2021-09-21_2021-09-21T09:32:11-04:00,2021-09-21,0.33229494044444446,0.6655555555555187,0.014989151995533237,0.33222592592588934,3,0
2021-09-21_2021-09-21T09:32:16-04:00,2021-09-21,0.025635669333333333,0.3333333333333333,0.0018110485178832211,0.33333333333333337,3,2
2021-09-21_2021-09-21T09:32:18-04:00,2021-09-21,0.520641408,0.6680440771349806,0.059415021258465546,0.13219845830690286,12,3
2021-09-21_2021-09-21T09:32:24-04:00,2021-09-21,0.669897216,0.4781144781144791,0.15441445510230842,0.25143692820460484,3,0
2021-09-21_2021-09-21T09:32:26-04:00,2021-09-21,0.6547050951111112,0.5719480519480504,0.11191398538679648,0.1605756156181479,9,3
2021-09-21_2021-09-21T09:32:32-04:00,2021-09-21,0.4943435662222222,0.45750445632800035,0.09479798808541551,0.07315696743842218,51,3
2021-09-21_2021-09-21T09:32:50-04:00,2021-09-21,0.578735584,0.25,0.07854786602839108,0.25000000000000006,4,3
2021-09-21_2021-09-21T09:32:54-04:00,2021-09-21,0.45083927299710147,0.4943072289156716,0.07012092401395725,0.06381117705455348,60,3
2021-09-21_2021-09-21T09:33:19-04:00,2021-09-21,0.5118200288234297,0.5523554913294917,0.08374489344556658,0.05002060817010693,173,3
2021-09-21_2021-09-21T09:34:37-04:00,2021-09-21,0.456644608,0.41856886381124486,0.0942303867058258,0.14530634960906672,7,3
2021-09-21_2021-09-21T09:34:46-04:00,2021-09-21,0.5304528118518519,0.49623015873015575,0.059622258266496926,0.16307209112811663,9,3
2021-09-21_2021-09-21T09:34:52-04:00,2021-09-21,0.25092216,0.7000482043866008,0.04501917485372586,0.22388067851653762,4,3
2021-09-21_2021-09-21T09:34:58-04:00,2021-09-21,0.4350047104,0.7342409638554209,0.05792116910345805,0.11595529685004714,10,3
2021-09-21_2021-09-21T09:35:02-04:00,2021-09-21,0.48196342400000003,0.7363423173470709,0.09371727605873169,0.12131389879348665,8,3
2021-09-21_2021-09-21T09:45:25-04:00,2021-09-21,0.3526304,0.36337837837837633,0.03413097567699411,0.1265165031827221,8,3
2021-09-21_2021-09-21T09:45:29-04:00,2021-09-21,0.5301292942222222,0.7213609872348558,0.13590740780089525,0.13532083837468645,9,0
2021-09-21_2021-09-21T09:45:31-04:00,2021-09-21,0.273237248,0.6666666666666666,0.11482679590931662,0.33333333333333337,3,0
2021-09-21_2021-09-21T09:49:05-04:00,2021-09-21,0.580688,0.5,0.03590802084623155,0.5,2,0
2021-09-22_2021-09-22T10:19:02-04:00,2021-09-22,0.5063223302091566,0.5875334375000001,0.08051674187246526,0.04724064191249491,400,3
2021-09-22_2021-09-22T10:21:50-04:00,2021-09-22,0.5177432426666666,0.5966478411368216,0.09720193684316274,0.1298561234874051,8,3
2021-09-22_2021-09-22T10:21:59-04:00,2021-09-22,0.037583104,0.0,,,1,2
2021-09-22_2021-09-22T10:22:02-04:00,2021-09-22,0.3923317504,0.5447562097516189,0.09155771380441724,0.11986521029805851,10,3
2021-09-22_2021-09-22T10:22:07-04:00,2021-09-22,0.5850330437818182,0.5081333333333425,0.07478126259870281,0.09450885590277187,25,3
2021-09-22_2021-09-22T10:22:21-04:00,2021-09-22,0.4766449208888888,0.6666666666666666,0.051371958888339384,0.33333333333333337,3,0
2021-09-22_2021-09-22T10:22:26-04:00,2021-09-22,0.915805696,0.0,,,1,5
2021-09-22_2021-09-22T10:22:29-04:00,2021-09-22,0.5125465877834638,0.4939162027966051,0.07931589117967314,0.04177792126128435,383,3
2021-09-22_2021-09-22T10:27:33-04:00,2021-09-22,0.696926592,0.5,0.0008908656877568003,0.5,2,0
2021-09-22_2021-09-22T10:27:37-04:00,2021-09-22,0.40096882834285713,0.4145868422395897,0.15199343179197392,0.1188692391051059,7,3
2021-09-22_2021-09-22T10:27:47-04:00,2021-09-22,0.5943909376,0.49898762654664797,0.07157769848411258,0.23927404181342327,5,3
2021-09-24_2021-09-24T08:00:02-04:00,2021-09-24,0.5697549312,0.3974618644067761,0.09143246331960986,0.17432551934184026,20,3
2021-09-24_2021-09-24T08:31:18-04:00,2021-09-24,0.69444352,0.0,,,1,5
2021-09-24_2021-09-24T08:38:27-04:00,2021-09-24,0.17776268469535284,0.273333333333342,0.04644947083344117,0.16781481481481156,5,2
2021-09-24_2021-09-24T09:03:39-04:00,2021-09-24,0.07000687542857144,0.0,,,1,2
2021-09-24_2021-09-24T09:30:02-04:00,2021-09-24,0.692196864,0.8133333333333326,0.10176827011355113,0.10007333333333206,21,3
2021-09-24_2021-09-24T09:30:05-04:00,2021-09-24,0.263976128,0.427500000000002,0.0648760925219881,0.1876916666666655,4,3
2021-09-24_2021-09-24T09:30:24-04:00,2021-09-24,0.029785088,0.5,1.2014252982271993e-05,0.5,2,0
2021-09-24_2021-09-24T09:30:37-04:00,2021-09-24,0.003744128,0.0,,,1,2
2021-09-24_2021-09-24T09:30:46-04:00,2021-09-24,0.47578112,0.5,0.0008185588843806731,0.5,2,0
2021-09-24_2021-09-24T09:30:51-04:00,2021-09-24,0.4722064213333333,0.49680170575692445,0.03231072505150395,0.2500306872581959,3,3
2021-09-24_2021-09-24T09:30:55-04:00,2021-09-24,0.6060352,0.0,,,1,5
2021-09-24_2021-09-24T09:31:04-04:00,2021-09-24,0.38766816,0.6070478723404191,0.04883814413567591,0.2110041072506373,4,3
2021-09-24_2021-09-24T09:31:06-04:00,2021-09-24,0.4362431146666667,0.5479999999999946,0.009696165050602834,0.2569119999999985,3,3
2021-09-24_2021-09-24T09:31:09-04:00,2021-09-24,0.487276672,0.5,0.003021258771955714,0.5,2,0
2021-09-24_2021-09-24T09:31:36-04:00,2021-09-24,0.6260964693333333,0.3579465541490839,0.09774283123125999,0.31053754443435744,3,0
2021-09-24_2021-09-24T09:31:45-04:00,2021-09-24,0.254069824,0.7490833333333267,0.026002679342317574,0.24939150925925477,4,0
2021-09-24_2021-09-24T09:32:40-04:00,2021-09-24,0.33740194133333334,0.5000152919228112,0.06150529265607202,0.25000000070152867,3,3
2021-09-24_2021-09-24T09:33:12-04:00,2021-09-24,0.6785885988571428,0.5635714285714387,0.05986227078733745,0.1378809334844987,7,3
2021-09-24_2021-09-24T09:33:23-04:00,2021-09-24,0.54807552,0.5,0.07148511664747315,0.5,2,0
2021-09-24_2021-09-24T09:33:40-04:00,2021-09-24,0.475394304,0.0,,,1,2
2021-09-24_2021-09-24T09:33:46-04:00,2021-09-24,0.477961856,0.5,0.0019759814811648015,0.5,2,0
2021-09-24_2021-09-24T09:34:08-04:00,2021-09-24,0.640780288,0.5,0.0016512211484672,0.5,2,0
2021-09-24_2021-09-24T09:34:12-04:00,2021-09-24,0.5830879857777779,0.5038095238095285,0.24217881051284795,0.2500435374149661,3,0
2021-09-24_2021-09-24T09:34:18-04:00,2021-09-24,0.163744768,0.0,,,1,2
2021-09-24_2021-09-24T09:34:22-04:00,2021-09-24,0.669742592,0.6531531531531746,0.007674899082313725,0.3203676649622792,3,3
2021-09-24_2021-09-24T09:34:48-04:00,2021-09-24,0.4035979946666666,0.47195178488642053,0.21924302085562913,0.2523601071131729,3,0
2021-09-24_2021-09-24T09:34:51-04:00,2021-09-24,0.379620352,0.5,0.2852524592857088,0.5,2,0
2021-09-24_2021-09-24T09:34:54-04:00,2021-09-24,0.22304896,0.0,,,1,2
2021-09-24_2021-09-24T09:34:56-04:00,2021-09-24,0.075423488,0.0,,,1,2
2021-09-24_2021-09-24T09:35:57-04:00,2021-09-24,0.66274817024,0.7194000000000482,0.103468609516012,0.1651178000000179,5,0
2021-09-24_2021-09-24T09:36:04-04:00,2021-09-24,0.991871232,0.0,,,1,5
2021-09-24_2021-09-24T09:36:07-04:00,2021-09-24,0.776475392,0.0,,,1,5
2021-09-24_2021-09-24T09:36:10-04:00,2021-09-24,0.49013297015466667,0.7253333333333252,0.10409648476747513,0.08325627002434668,25,3
2021-09-24_2021-09-24T09:36:27-04:00,2021-09-24,0.426867968,0.5,0.2588020216823808,0.5,2,0
2021-09-24_2021-09-24T09:36:29-04:00,2021-09-24,0.50141184,0.0,0.38836602469036857,0.0,2,0
2021-09-24_2021-09-24T09:36:32-04:00,2021-09-24,0.051480576,0.0,,,1,2
2021-09-24_2021-09-24T09:36:35-04:00,2021-09-24,0.032901632,0.0,,,1,2
2021-09-24_2021-09-24T09:36:37-04:00,2021-09-24,0.6541396479999999,0.5,0.13849997122273275,0.5,2,0
2021-09-24_2021-09-24T09:36:39-04:00,2021-09-24,0.148083072,0.0,,,1,2
2021-09-24_2021-09-24T09:36:45-04:00,2021-09-24,0.6930113024,0.8,0.07623612943117021,0.2,5,0
2021-09-24_2021-09-24T09:36:55-04:00,2021-09-24,0.44017801481481483,0.5267489711933955,0.11157704436332669,0.14013714310599332,9,3
2021-09-24_2021-09-24T09:37:00-04:00,2021-09-24,0.29434272,0.5,0.05837567269294081,0.5,2,0
2021-09-24_2021-09-24T09:37:06-04:00,2021-09-24,0.473125248,0.640552995391713,0.12267149134106897,0.2249499175320476,4,0
2021-09-24_2021-09-24T09:37:08-04:00,2021-09-24,0.46211814399999995,0.5,0.1286906766241009,0.5,2,0
2021-09-24_2021-09-24T09:37:13-04:00,2021-09-24,0.22128995555555556,0.5050505050505146,0.0018128458770774844,0.2500765228037958,3,3
2021-09-24_2021-09-24T09:37:20-04:00,2021-09-24,0.550195968,0.5,6.313355627724815e-05,0.5,2,0
2021-09-24_2021-09-24T09:37:31-04:00,2021-09-24,0.48174062714529914,0.6613630229419721,0.10407180171139892,0.07601106060247016,13,3
2021-09-24_2021-09-24T09:37:48-04:00,2021-09-24,0.142136832,0.0,,,1,2
2021-09-24_2021-09-24T09:38:30-04:00,2021-09-24,0.2358695822222222,0.6653846153846091,0.028318275703496397,0.3320562130177454,3,0
2021-09-24_2021-09-24T09:38:36-04:00,2021-09-24,0.235052544,0.0,,,1,2
2021-09-24_2021-09-24T09:38:45-04:00,2021-09-24,0.539192768,0.6349019607843083,0.09486131428412074,0.19224052287581314,4,0
2021-09-24_2021-09-24T09:38:49-04:00,2021-09-24,0.2916336,0.25,0.04211219770889011,0.25000000000000006,4,3
2021-09-24_2021-09-24T09:38:56-04:00,2021-09-24,0.817571584,0.0,,,1,5
2021-09-24_2021-09-24T09:39:02-04:00,2021-09-24,0.346703872,0.0,,,1,2
2021-09-24_2021-09-24T09:39:06-04:00,2021-09-24,0.22120768000000002,0.5,0.0796568168374272,0.5,2,0
2021-09-24_2021-09-24T09:39:16-04:00,2021-09-24,0.35372646399999996,0.0,0.207147635407061,0.0,2,3
2021-09-24_2021-09-24T09:39:20-04:00,2021-09-24,0.44333580799999994,0.5,0.2103823679045304,0.5,2,0
2021-09-24_2021-09-24T09:39:37-04:00,2021-09-24,0.5685766826666666,0.6651851851851783,0.006863366968251737,0.3318584362139849,3,0
2021-09-24_2021-09-24T09:39:42-04:00,2021-09-24,0.227452304,0.5748221827072466,0.10864876359225202,0.14442602259923,8,3
2021-09-24_2021-09-24T09:39:52-04:00,2021-09-24,0.5100608131171172,0.4965993589743582,0.09166384949995698,0.0698584023563709,48,3
2021-09-24_2021-09-24T09:40:31-04:00,2021-09-24,0.276414976,0.0,,,1,2
2021-09-24_2021-09-24T09:40:33-04:00,2021-09-24,0.3305748992,0.5297999999999945,0.169703308336868,0.2852268266666677,4,0
2021-09-24_2021-09-24T09:40:40-04:00,2021-09-24,0.4914319621900623,0.34366642458974045,0.08578663030530502,0.031230761485306336,158,3
2021-09-24_2021-09-24T09:43:02-04:00,2021-09-24,0.5245264702657343,0.6137573964497042,0.09340194446821776,0.11334510050037179,13,3
2021-09-24_2021-09-24T09:43:19-04:00,2021-09-24,0.205953536,0.5,0.002704210920880356,0.5,2,0
2021-09-24_2021-09-24T09:43:28-04:00,2021-09-24,0.807081216,0.0,,,1,5
2021-09-24_2021-09-24T09:43:31-04:00,2021-09-24,0.82114688,0.0,,,1,5
2021-09-24_2021-09-24T09:43:39-04:00,2021-09-24,0.5105909084812996,0.5754814422864815,0.07945262390506283,0.04520714373388491,141,3
2021-09-27_2021-09-27T10:19:53-04:00,2021-09-27,0.32632060988235295,0.5690620031796616,0.10348643919289453,0.09392575892665725,17,3
2021-09-27_2021-09-27T10:20:31-04:00,2021-09-27,0.4648570961269841,0.6207582264856765,0.08992065041189957,0.055900104033861836,63,3
2021-09-27_2021-09-27T10:20:49-04:00,2021-09-27,0.4719377384701124,0.44105552987973834,0.09177230250067019,0.057040445652943014,178,3
2021-09-27_2021-09-27T10:21:41-04:00,2021-09-27,0.44277547885714286,0.4001549987083405,0.015621156449597494,0.11501810420416436,7,3
2021-09-27_2021-09-27T10:21:46-04:00,2021-09-27,0.5288840376598639,0.5823498964803376,0.05325833443937322,0.11159051332253034,21,3
2021-09-27_2021-09-27T10:21:55-04:00,2021-09-27,0.3931489344,0.5475995635570184,0.047909399331464673,0.07690126951580037,20,3
2021-09-27_2021-09-27T10:22:06-04:00,2021-09-27,0.669890944,0.5,0.14886356514376914,0.5,2,0
2021-09-27_2021-09-27T10:22:11-04:00,2021-09-27,0.48399564800000006,0.5,0.09225817512791246,0.5,2,0
2021-09-27_2021-09-27T10:22:13-04:00,2021-09-27,0.4711992892631579,0.5491900686706932,0.09710354827108159,0.1216796279446443,19,3
2021-09-27_2021-09-27T10:22:20-04:00,2021-09-27,0.37629346666666663,0.5799597953216465,0.08302483677815223,0.0656883966681628,96,3
2021-09-27_2021-09-27T10:22:45-04:00,2021-09-27,0.530158544,0.4484179134654301,0.11716412643876602,0.1254237164239044,8,3
2021-09-27_2021-09-27T10:23:05-04:00,2021-09-27,0.639591168,0.0,,,1,5
2021-09-27_2021-09-27T10:23:07-04:00,2021-09-27,0.4416275456,0.5180487804878068,0.08584972400308095,0.23140273646639214,5,3
2021-09-27_2021-09-27T10:23:12-04:00,2021-09-27,0.37560554223376624,0.5982177709296538,0.08400961188082474,0.066509801639636,33,3
2021-09-27_2021-09-27T10:23:29-04:00,2021-09-27,0.7040853333333333,0.39871382636659797,0.06919639508597691,0.28077666690788694,3,3
2021-09-27_2021-09-27T10:23:32-04:00,2021-09-27,0.4892272064,0.5844687500000006,0.0748972289731365,0.1433575965711692,10,3
2021-09-27_2021-09-27T10:23:38-04:00,2021-09-27,0.5923448746666667,0.6643137254901924,0.1784407208926017,0.330997001153399,3,0
2021-09-28_2021-09-28T09:31:50-04:00,2021-09-28,0.218287104,0.0,,,1,2
2021-09-28_2021-09-28T09:31:59-04:00,2021-09-28,0.45835020800000004,0.378787878787886,0.07132303354864163,0.23048668503214223,4,3
2021-09-28_2021-09-28T09:32:01-04:00,2021-09-28,0.6634245546666667,0.5104042299164226,0.0786665520543673,0.18588487096451317,6,3
2021-09-28_2021-09-28T09:32:23-04:00,2021-09-28,0.5704956431515151,0.5496889165984864,0.08204563964484038,0.14791215184480372,11,3
2021-09-28_2021-09-28T09:32:28-04:00,2021-09-28,0.22795136000000002,0.5,0.09773784849239246,0.5,2,0
2021-09-28_2021-09-28T09:32:32-04:00,2021-09-28,0.4164094021818182,0.6956112054329434,0.09490456540418903,0.10614868112700727,20,3
2021-09-28_2021-09-28T09:32:45-04:00,2021-09-28,0.366160128,0.7424942263279534,0.1107618086109577,0.16957906972719222,6,0
2021-09-28_2021-09-28T09:32:48-04:00,2021-09-28,0.8728687616,0.5020616452337199,0.018654337485589707,0.21002367021843604,5,3
2021-09-28_2021-09-28T09:32:51-04:00,2021-09-28,0.457565696,0.515186746112497,0.08977363263265724,0.1817206022707635,7,3
2021-09-28_2021-09-28T09:32:57-04:00,2021-09-28,0.46187127494644803,0.5519276081616271,0.07779965374816922,0.036769795374511964,366,3
2021-09-28_2021-09-28T09:37:04-04:00,2021-09-28,0.45401602623149906,0.49971260997068495,0.05408153781901441,0.09030575818003937,31,3
2021-09-28_2021-09-28T09:37:24-04:00,2021-09-28,0.562433792,0.0,,,1,5
2021-09-28_2021-09-28T09:37:27-04:00,2021-09-28,0.44725476571428574,0.27272727272728614,0.09493560391281132,0.17355371900826588,7,3
2021-09-28_2021-09-28T09:37:35-04:00,2021-09-28,0.025351423999999997,0.5,2.728867148595199e-05,0.5,2,0
2021-09-28_2021-09-28T09:37:41-04:00,2021-09-28,0.5577003763809524,0.5020512820513294,0.07736660392445778,0.11869077361385648,7,3
2021-09-28_2021-09-28T09:37:46-04:00,2021-09-28,0.4729133972818036,0.6594794701068162,0.057220149003022386,0.05631749854100901,27,3
2021-09-28_2021-09-28T09:38:15-04:00,2021-09-28,0.4729514938181818,0.6245755653789475,0.05782459603937715,0.12363291610327562,11,3
2021-09-28_2021-09-28T09:38:32-04:00,2021-09-28,0.3616788053333333,0.5,0.12662341298713395,0.5,2,0
2021-09-28_2021-09-28T09:38:38-04:00,2021-09-28,0.28471897599999996,0.5,0.06753603971189963,0.5,2,0
2021-09-28_2021-09-28T09:38:43-04:00,2021-09-28,0.875908608,0.0,,,1,5
2021-09-28_2021-09-28T09:38:45-04:00,2021-09-28,0.408757216,0.5969135802468934,0.11634539071127706,0.08059499314129231,9,3
2021-09-28_2021-09-28T09:38:57-04:00,2021-09-28,0.7045181257142857,0.7357071213641014,0.11744751891782801,0.14070526524407687,6,0
2021-09-28_2021-09-28T09:39:09-04:00,2021-09-28,0.4457968986959707,0.5978499278499549,0.07011856575240093,0.07358753815208217,21,3
2021-09-28_2021-09-28T09:39:29-04:00,2021-09-28,0.40715750133333334,0.5159698996655351,0.02659199594556407,0.10786233070404667,12,3
2021-09-28_2021-09-28T09:39:39-04:00,2021-09-28,0.5905897813333333,0.5305864197530743,0.09619356026764678,0.12301101030883768,12,3
2021-09-28_2021-09-28T09:39:49-04:00,2021-09-28,0.43637201066666664,0.4505448005923865,0.060444286792439114,0.25733745024534044,3,3
2021-09-28_2021-09-28T09:39:53-04:00,2021-09-28,0.5213237937502262,0.5541834344946086,0.06950563231469363,0.0450593194068287,633,1
2021-09-30_2021-09-30T08:00:00-04:00,2021-09-30,0.21699505341509828,0.5458625027109104,0.0979605626995142,0.10362555861067835,87,3
2021-09-30_2021-09-30T08:31:00-04:00,2021-09-30,0.7797578720804402,0.5164555848724695,0.06470199104277692,0.04503452296694108,379,3
2021-09-30_2021-09-30T09:30:38-04:00,2021-09-30,0.33758409728,0.4163861543347302,0.027501080617650223,0.1339293848521198,5,3
2021-09-30_2021-09-30T09:30:45-04:00,2021-09-30,0.347610368,0.0,,,1,2
2021-09-30_2021-09-30T09:30:50-04:00,2021-09-30,0.335666432,0.0,,,1,2
2021-09-30_2021-09-30T09:30:53-04:00,2021-09-30,0.483435104,0.4058188021228356,0.014140004762347821,0.1841116924352489,8,3
2021-09-30_2021-09-30T09:30:57-04:00,2021-09-30,0.628375872,0.5851748807631056,0.08383195735262822,0.24196655343269322,4,0
2021-09-30_2021-09-30T09:31:07-04:00,2021-09-30,0.410833984,0.41069856985699077,0.12221411389937531,0.245693118725148,4,0
2021-09-30_2021-09-30T09:31:37-04:00,2021-09-30,0.288047872,0.6055913978494524,0.047618371369500666,0.283448629899404,3,0
2021-09-30_2021-09-30T09:31:56-04:00,2021-09-30,0.364678912,0.0,,,1,2
2021-09-30_2021-09-30T09:31:58-04:00,2021-09-30,0.4949988988717949,0.6800559440559432,0.094304226491797,0.10339791277813092,26,3
2021-09-30_2021-09-30T09:32:14-04:00,2021-09-30,0.782961664,0.6666666666666666,0.030222122399039476,0.33333333333333337,3,0
2021-09-30_2021-09-30T09:32:16-04:00,2021-09-30,0.19474338133333333,0.5373493975903655,0.005994030176294228,0.25418493250108964,3,3
2021-09-30_2021-09-30T09:32:19-04:00,2021-09-30,0.2615161173333333,0.6666666666666666,0.11665974233047588,0.33333333333333337,3,0
2021-09-30_2021-09-30T09:32:22-04:00,2021-09-30,0.6510842880000001,0.5,3.0964042956805283e-07,0.5,2,0
2021-09-30_2021-09-30T09:32:24-04:00,2021-09-30,0.485981824,0.3839285714285799,0.07188866216975841,0.18465372260014853,4,3
2021-09-30_2021-09-30T09:32:29-04:00,2021-09-30,0.23336290986666666,0.6650789473683982,0.054337334586352225,0.12019199830716662,10,3
2021-09-30_2021-09-30T09:32:34-04:00,2021-09-30,0.5105211254441007,0.48580790784557504,0.08678640598815235,0.04169413508725195,73,3
2021-09-30_2021-09-30T09:33:07-04:00,2021-09-30,0.6658724693333333,0.5259967118783412,0.05184315539274685,0.25202748708545647,3,3
2021-09-30_2021-09-30T09:33:10-04:00,2021-09-30,0.30972947017142854,0.5310423935382161,0.04121058607826358,0.17322042516496816,7,3
2021-09-30_2021-09-30T09:33:17-04:00,2021-09-30,0.5942875931428572,0.5776349206349213,0.08474541881469312,0.10418507773707983,14,3
2021-09-30_2021-09-30T09:33:27-04:00,2021-09-30,0.836784768,0.0,0.03510346090181428,0.0,2,5
2021-09-30_2021-09-30T09:41:37-04:00,2021-09-30,0.7141455488,0.5346554424432224,0.012451120595388773,0.09671389555481541,20,3
2021-09-30_2021-09-30T09:41:41-04:00,2021-09-30,0.862724864,0.0,,,1,5
2021-09-30_2021-09-30T09:41:43-04:00,2021-09-30,0.542818304,0.6666666666666666,0.2013640231676805,0.33333333333333337,3,0
2021-09-30_2021-09-30T09:41:45-04:00,2021-09-30,0.771284736,0.0,,,1,5
2021-10-01_2021-10-01T08:00:01-04:00,2021-10-01,0.11402559190588235,0.6903865546218476,0.007087152093338559,0.09427536382911579,68,3
2021-10-01_2021-10-01T08:03:16-04:00,2021-10-01,0.5711175966954248,0.6285714285714402,0.100382817897388,0.2265306122449002,10,0
2021-10-01_2021-10-01T08:09:58-04:00,2021-10-01,0.068874496,0.0,,,1,2
2021-10-01_2021-10-01T08:11:11-04:00,2021-10-01,0.486375168,0.0,,,1,2
2021-10-01_2021-10-01T08:14:32-04:00,2021-10-01,0.6943786082166636,0.5819326011500779,0.08045889879843768,0.0978183636458918,194,3
2021-10-01_2021-10-01T09:06:30-04:00,2021-10-01,0.7280789788866852,0.5429224028184815,0.1117121934340018,0.04835979059166018,486,1
2021-10-01_2021-10-01T09:30:56-04:00,2021-10-01,0.512622656,0.4954318138103469,0.005211369508323326,0.18904786089887357,4,3
2021-10-01_2021-10-01T09:30:59-04:00,2021-10-01,0.5071168,0.5,0.38851449614827516,0.5,2,0
2021-10-01_2021-10-01T09:31:02-04:00,2021-10-01,0.6310209706666666,0.3333333333333333,0.10841347004572194,0.33333333333333337,3,0
2021-10-01_2021-10-01T09:31:06-04:00,2021-10-01,0.31454749257142856,0.4533213265607571,0.07467830571651189,0.11844390289531687,7,3
2021-10-01_2021-10-01T09:31:08-04:00,2021-10-01,0.4803129758273381,0.3343869507830079,0.08639155783857838,0.03127085218582393,278,3
2021-10-01_2021-10-01T09:33:26-04:00,2021-10-01,0.987762432,0.0,,,1,5
2021-10-01_2021-10-01T09:33:28-04:00,2021-10-01,0.41870886399999996,0.5,0.22790793879358667,0.5,2,0
2021-10-01_2021-10-01T09:33:31-04:00,2021-10-01,0.19252288,0.5,0.06832204577246413,0.5,2,0
2021-10-01_2021-10-01T09:33:35-04:00,2021-10-01,0.701736704,0.5,0.16730452431326415,0.5,2,0
2021-10-01_2021-10-01T09:36:01-04:00,2021-10-01,0.47576300373333336,0.5079008438818567,0.06798224916869748,0.0620594243806345,15,3
2021-10-01_2021-10-01T09:36:15-04:00,2021-10-01,0.679782784,0.5,0.0004899842322923515,0.5,2,0
2021-10-01_2021-10-01T09:36:18-04:00,2021-10-01,0.7114379264,0.4694528875380001,0.09888561316631672,0.12577760506647173,5,3
2021-10-01_2021-10-01T09:36:21-04:00,2021-10-01,0.473986736,0.47675898203594397,0.14232566113797587,0.10129077868642336,8,3
2021-10-01_2021-10-01T09:36:28-04:00,2021-10-01,0.328927808,0.7480769230769138,0.11727973729266893,0.24873274161735096,4,0
2021-10-01_2021-10-01T09:36:35-04:00,2021-10-01,0.5987493302857143,0.478338870431902,0.10832244696038022,0.2438090396353274,7,0
2021-10-05_2021-10-05T08:00:01-04:00,2021-10-05,0.01618718987341772,0.3855902777777693,1.6007081182520292e-05,0.06699272217190066,24,2
2021-10-05_2021-10-05T08:04:34-04:00,2021-10-05,0.36236520402234634,0.0,0.06428510323289419,0.0,5,2
2021-10-05_2021-10-05T08:20:01-04:00,2021-10-05,0.5089695762233618,0.4,0.17210794019532605,0.3,5,0
2021-10-05_2021-10-05T08:36:33-04:00,2021-10-05,0.45362937909894735,0.6450000000000011,0.16467294318073522,0.14254687500000035,5,0
2021-10-05_2021-10-05T09:02:35-04:00,2021-10-05,0.813307136,0.0,,,1,5
2021-10-05_2021-10-05T09:05:12-04:00,2021-10-05,0.163054848,0.0,,,1,2
2021-10-05_2021-10-05T09:06:05-04:00,2021-10-05,0.493306368,0.0,,,1,5
2021-10-05_2021-10-05T09:07:01-04:00,2021-10-05,0.132535296,0.0,,,1,2
2021-10-05_2021-10-05T09:07:14-04:00,2021-10-05,0.640502016,0.0,,,1,5
2021-10-05_2021-10-05T09:07:35-04:00,2021-10-05,0.409202688,0.0,,,1,2
2021-10-05_2021-10-05T09:08:05-04:00,2021-10-05,0.21430591999999998,0.5,0.040841021203447805,0.5,2,0
2021-10-05_2021-10-05T09:08:33-04:00,2021-10-05,0.059492288000000004,0.0,,,1,2
2021-10-05_2021-10-05T09:09:00-04:00,2021-10-05,0.047892096,0.0,,,1,2
2021-10-05_2021-10-05T09:11:06-04:00,2021-10-05,0.08907987781818182,0.0,,,1,2
2021-10-05_2021-10-05T09:11:34-04:00,2021-10-05,0.386267136,0.0,,,1,2
2021-10-05_2021-10-05T09:11:42-04:00,2021-10-05,0.483248384,0.0,,,1,2
2021-10-05_2021-10-05T09:13:03-04:00,2021-10-05,0.981270272,0.0,,,1,5
2021-10-05_2021-10-05T09:13:54-04:00,2021-10-05,0.835101952,0.0,,,1,5
2021-10-05_2021-10-05T09:14:06-04:00,2021-10-05,0.9702912,0.0,,,1,5
2021-10-05_2021-10-05T09:14:21-04:00,2021-10-05,0.026774663529411765,0.0,,,1,2
2021-10-05_2021-10-05T09:15:53-04:00,2021-10-05,0.431119616,0.0,,,1,2
2021-10-05_2021-10-05T09:16:28-04:00,2021-10-05,0.480882688,0.0,,,1,2
2021-10-05_2021-10-05T09:17:33-04:00,2021-10-05,0.654577792,0.5,0.026954244276912113,0.5,2,0
2021-10-05_2021-10-05T09:18:07-04:00,2021-10-05,0.8190848,0.0,,,1,5
2021-10-06_2021-10-06T08:00:01-04:00,2021-10-06,0.2834361856,0.45258518518518887,0.07235140545958091,0.0831019789056538,10,3
2021-10-06_2021-10-06T08:00:03-04:00,2021-10-06,0.2981518336,0.2666666666666647,0.018814529439220174,0.12667512061451489,15,2
2021-10-06_2021-10-06T08:59:49-04:00,2021-10-06,0.664623104,0.0,,,1,5
2021-10-06_2021-10-06T09:27:28-04:00,2021-10-06,0.980952576,0.0,,,1,5
2021-10-06_2021-10-06T09:30:07-04:00,2021-10-06,0.295727616,0.0,,,1,2
2021-10-06_2021-10-06T09:30:13-04:00,2021-10-06,0.31960563200000003,0.7496036150309161,0.0680246037674066,0.24973637183811895,4,0
2021-10-06_2021-10-06T09:30:16-04:00,2021-10-06,0.384920512,0.7252898550724672,0.12743338361226372,0.23596893509767022,4,0
2021-10-06_2021-10-06T09:30:27-04:00,2021-10-06,0.9191289600000001,0.5,0.002903273645047813,0.5,2,0
2021-10-06_2021-10-06T09:30:31-04:00,2021-10-06,0.731056896,0.5,0.01027259527449804,0.5,2,0
2021-10-06_2021-10-06T09:30:44-04:00,2021-10-06,0.564468992,0.348717948717939,0.06477014436377396,0.23622616699538818,5,3
2021-10-06_2021-10-06T09:30:51-04:00,2021-10-06,0.6269207893333334,0.5377777777777794,0.01637029825978915,0.2542814814814819,3,3
2021-10-06_2021-10-06T09:30:54-04:00,2021-10-06,0.679675648,0.0,,,1,5
2021-10-06_2021-10-06T09:31:08-04:00,2021-10-06,0.72209408,0.5,0.009331887037349886,0.5,2,0
2021-10-06_2021-10-06T09:31:10-04:00,2021-10-06,0.5659355618461539,0.43677291840768195,0.10698130227004465,0.0922386301098785,13,3
2021-10-06_2021-10-06T09:31:17-04:00,2021-10-06,0.797760128,0.6853990610328675,0.03493558305132816,0.21532800811126732,4,3
2021-10-06_2021-10-06T09:31:24-04:00,2021-10-06,0.36146686293333335,0.6124166666666604,0.053020864866241746,0.17355211805555676,5,3
2021-10-06_2021-10-06T09:31:30-04:00,2021-10-06,0.49263107657142857,0.3882352941176439,0.15773203120122622,0.2276816608996646,7,0
2021-10-06_2021-10-06T09:31:39-04:00,2021-10-06,0.661691648,0.5,0.17956311981149387,0.5,2,0
2021-10-06_2021-10-06T09:31:44-04:00,2021-10-06,0.054541056,0.0,,,1,2
2021-10-06_2021-10-06T09:31:53-04:00,2021-10-06,0.420996032,0.6249364299033653,0.12354749534966099,0.2291313565319089,4,0
2021-10-06_2021-10-06T09:32:00-04:00,2021-10-06,0.29869603840000003,0.3096889952153092,0.028696544891981007,0.1975605812595926,5,3
2021-10-06_2021-10-06T09:32:04-04:00,2021-10-06,0.305866752,0.0,0.0541624306144379,0.0,2,2
2021-10-06_2021-10-06T09:32:08-04:00,2021-10-06,0.185361536,0.5,0.0023274492107489267,0.5,2,0
2021-10-06_2021-10-06T09:32:15-04:00,2021-10-06,0.5002888594285715,0.4469421618204497,0.10033571210801813,0.08873297748523316,7,3
2021-10-06_2021-10-06T09:32:19-04:00,2021-10-06,0.441202432,0.0,0.024926656093977415,0.0,4,2
2021-10-06_2021-10-06T09:32:24-04:00,2021-10-06,0.417662445432967,0.5030263157894677,0.08977604448240831,0.06879671929824409,52,3
2021-10-06_2021-10-06T09:33:03-04:00,2021-10-06,0.270043136,0.5,0.0012766299397816321,0.5,2,0
2021-10-06_2021-10-06T09:33:08-04:00,2021-10-06,0.65020544,0.6665983466557331,0.10643641284211508,0.3332650273252715,3,0
2021-10-11_2021-10-11T10:17:50-04:00,2021-10-11,0.47818043326759,0.693207590431709,0.07466367730777922,0.046245707182166314,95,3
2021-10-11_2021-10-11T10:18:42-04:00,2021-10-11,0.5469897288112675,0.7338427230046976,0.08026122188088178,0.046252795769714604,142,3
2021-10-11_2021-10-11T10:19:53-04:00,2021-10-11,0.2285402168888889,0.5794354838709759,0.038938355331287915,0.15177793728124409,12,3
2021-10-11_2021-10-11T10:19:59-04:00,2021-10-11,0.5422694485333334,0.6522162841873558,0.06507186405887419,0.13286857397308474,10,3
2021-10-11_2021-10-11T10:20:04-04:00,2021-10-11,0.4963019903812223,0.5598505718767595,0.08107136265450089,0.04079749465742451,3225,4
2021-10-13_2021-10-13T08:00:01-04:00,2021-10-13,0.6611219968000001,0.33541346153846197,0.03544193195887544,0.03988971081395537,20,5
2021-10-14_2021-10-14T10:26:50-04:00,2021-10-14,0.5696139702857143,0.2431077694235708,0.000694305884053115,0.14452432250216485,7,5
2021-10-14_2021-10-14T10:26:54-04:00,2021-10-14,0.6591930026666667,0.6666666666666666,0.0005297128499664242,0.33333333333333337,3,0
2021-10-14_2021-10-14T10:26:58-04:00,2021-10-14,0.435758351431399,0.5785174741481198,0.08603908875627221,0.053374363838892804,234,3
2021-10-14_2021-10-14T10:28:16-04:00,2021-10-14,0.33847936,0.5,0.16012301668725554,0.5,2,0
2021-10-14_2021-10-14T10:28:23-04:00,2021-10-14,0.6773239466666666,0.3333333333333333,0.032853290000864586,0.33333333333333337,3,3
2021-10-14_2021-10-14T10:28:25-04:00,2021-10-14,0.724975232,0.625,0.018587142815853233,0.2291666666666667,4,3
2021-10-14_2021-10-14T10:28:27-04:00,2021-10-14,0.692372352,0.4919324400830349,0.1323726987584908,0.16678421725116796,4,3
2021-10-14_2021-10-14T10:28:29-04:00,2021-10-14,0.060968448,0.5,0.0015095200292536324,0.5,2,0
2021-10-19_2021-10-19T09:42:40-04:00,2021-10-19,0.4371180278518519,0.7062423137899897,0.056097417968962296,0.08405231239873191,27,3
2021-10-20_2021-10-20T09:16:48-04:00,2021-10-20,0.739081472,0.0,,,1,5
2021-10-20_2021-10-20T09:32:41-04:00,2021-10-20,0.3108576689230769,0.10346096355064924,0.04775083590195777,0.0733346670664403,13,2
2021-10-21_2021-10-21T09:52:54-04:00,2021-10-21,0.18606866285714285,0.2991945002381354,0.01562967346072157,0.11292533220295882,7,2
2021-10-21_2021-10-21T09:52:56-04:00,2021-10-21,0.45530795115789474,0.5493117408906854,0.04179498748755646,0.06255677589766723,19,3
2021-10-21_2021-10-21T09:52:58-04:00,2021-10-21,0.70592448,0.6216170500676621,0.017832783686139907,0.17233278627159307,8,3
2021-10-22_2021-10-22T08:00:00-04:00,2021-10-22,0.07165430356772545,0.6685477915400787,0.03896520052032834,0.03734478073359286,165,3
2021-10-22_2021-10-22T08:11:29-04:00,2021-10-22,0.4139366170566038,0.304896142433243,0.15631540840765126,0.21742068698323916,4,3
2021-10-22_2021-10-22T08:12:50-04:00,2021-10-22,0.920431104,0.0,,,1,5
2021-10-22_2021-10-22T08:13:06-04:00,2021-10-22,0.45024384,0.0,,,1,2
2021-10-22_2021-10-22T08:13:34-04:00,2021-10-22,0.08328171460465116,0.0,0.013044072969742426,0.0,2,2
2021-10-22_2021-10-22T08:14:45-04:00,2021-10-22,0.016480367094339622,0.0,,,1,2
2021-10-22_2021-10-22T08:16:23-04:00,2021-10-22,0.219197184,0.0,,,1,2
2021-10-22_2021-10-22T08:16:49-04:00,2021-10-22,0.03914544,0.0,,,1,2
2021-10-22_2021-10-22T08:19:13-04:00,2021-10-22,0.472713984,0.0,,,1,2
2021-10-22_2021-10-22T08:19:20-04:00,2021-10-22,0.508729344,0.0,,,1,5
2021-10-22_2021-10-22T08:19:59-04:00,2021-10-22,0.915044352,0.0,,,1,5
2021-10-22_2021-10-22T08:20:31-04:00,2021-10-22,0.420960256,0.0,,,1,2
2021-10-22_2021-10-22T08:21:09-04:00,2021-10-22,0.508427776,0.0,1.8138267647989673e-08,0.0,2,5
2021-10-22_2021-10-22T08:22:46-04:00,2021-10-22,0.3002454690909091,0.5,0.16340778415417295,0.3333333333333333,4,0
2021-10-22_2021-10-22T08:23:41-04:00,2021-10-22,0.174867456,0.0,,,1,2
2021-10-22_2021-10-22T08:25:06-04:00,2021-10-22,0.09272944,0.5,0.0009525655716024316,0.5,2,0
2021-10-22_2021-10-22T08:28:02-04:00,2021-10-22,0.03379719314285714,0.0,,,1,2
2021-10-22_2021-10-22T08:28:35-04:00,2021-10-22,0.37918081155536665,0.3478288043478227,0.06247156086409069,0.08764262607695968,40,3
2021-10-22_2021-10-22T08:47:02-04:00,2021-10-22,0.882199296,0.0,,,1,5
2021-10-22_2021-10-22T08:47:31-04:00,2021-10-22,0.4470758837527273,0.35636363636363266,0.09643776149878168,0.24086545454545302,11,3
2021-10-22_2021-10-22T08:51:36-04:00,2021-10-22,0.218704384,0.0,,,1,2
2021-10-22_2021-10-22T08:52:15-04:00,2021-10-22,0.94738816,0.0,,,1,5
2021-10-22_2021-10-22T08:52:44-04:00,2021-10-22,0.386711296,0.0,,,1,2
2021-10-22_2021-10-22T08:53:12-04:00,2021-10-22,0.6026070712033839,0.32777461163709176,0.0513134686371299,0.057392385451708404,253,3
2021-10-22_2021-10-22T09:10:25-04:00,2021-10-22,0.455179264,0.625,0.1157601024941654,0.2291666666666667,4,0
2021-10-22_2021-10-22T09:10:41-04:00,2021-10-22,0.03922976,0.5,4.06188253152235e-05,0.5,2,0
2021-10-22_2021-10-22T09:11:06-04:00,2021-10-22,0.43052106729411765,0.3848611111111071,0.12885686001080207,0.11732555114638725,8,3
2021-10-22_2021-10-22T09:11:33-04:00,2021-10-22,0.8635936,0.5,0.00673221749273394,0.5,2,0
2021-10-22_2021-10-22T09:11:58-04:00,2021-10-22,0.28999040000000004,0.5,0.14704251051494607,0.5,2,0
2021-10-22_2021-10-22T09:12:25-04:00,2021-10-22,0.71156352,0.5,0.005005812888502264,0.5,2,0
2021-10-22_2021-10-22T09:14:19-04:00,2021-10-22,0.398527232,0.0,,,1,2
2021-10-22_2021-10-22T09:15:35-04:00,2021-10-22,0.24126811110559007,0.3413694581280703,0.049148857167175035,0.1164828697390597,14,3
2021-10-22_2021-10-22T09:16:28-04:00,2021-10-22,0.37851830186666663,0.5,0.08212964577591952,0.25,3,3
2021-10-22_2021-10-22T09:17:10-04:00,2021-10-22,0.10771008000000001,0.5,3.1528216494080177e-06,0.5,2,0
2021-10-22_2021-10-22T09:17:30-04:00,2021-10-22,0.239747328,0.0,,,1,2
2021-10-22_2021-10-22T09:17:33-04:00,2021-10-22,0.6727127110523416,0.5909090909090909,0.08021763843942391,0.1409090909090909,11,3
2021-10-22_2021-10-22T09:18:12-04:00,2021-10-22,0.591807488,0.0,,,1,5
2021-10-22_2021-10-22T09:18:21-04:00,2021-10-22,0.081803776,0.0,,,1,2
2021-10-22_2021-10-22T09:18:33-04:00,2021-10-22,0.0595880448,0.0,,,1,2
2021-10-22_2021-10-22T09:18:46-04:00,2021-10-22,0.18030307839999998,0.0,6.514606079999766e-10,0.0,2,2
2021-10-22_2021-10-22T09:18:59-04:00,2021-10-22,0.40462976,0.0,,,1,2
2021-10-22_2021-10-22T09:19:16-04:00,2021-10-22,0.08567724218181817,0.0,,,1,2
2021-10-22_2021-10-22T09:19:31-04:00,2021-10-22,0.15584256,0.5,0.0026501622839377906,0.5,2,0
2021-10-22_2021-10-22T09:19:34-04:00,2021-10-22,0.951849728,0.0,,,1,5
2021-10-22_2021-10-22T09:19:46-04:00,2021-10-22,0.302962944,0.5,0.18227860266824503,0.5,2,0
2021-10-22_2021-10-22T09:20:07-04:00,2021-10-22,0.4172579917575758,0.0,0.15223780659830188,0.0,3,3
2021-10-22_2021-10-22T09:20:26-04:00,2021-10-22,0.96232064,0.0,,,1,5
2021-10-22_2021-10-22T09:20:31-04:00,2021-10-22,0.357576832,0.5,0.1005370769987666,0.5,2,0
2021-10-22_2021-10-22T09:20:39-04:00,2021-10-22,0.664695552,0.0,,,1,5
2021-10-22_2021-10-22T09:20:48-04:00,2021-10-22,0.019329024,0.0,,,1,2
2021-10-22_2021-10-22T09:21:01-04:00,2021-10-22,0.559004032,0.5,0.08571066555593525,0.5,2,0
2021-10-22_2021-10-22T09:21:08-04:00,2021-10-22,0.5248551488000001,0.5913478260869531,0.10265410051972551,0.2590061100609324,10,0
2021-10-22_2021-10-22T09:21:34-04:00,2021-10-22,0.2537024,0.5,0.015619480936251394,0.5,2,0
2021-10-22_2021-10-22T09:21:37-04:00,2021-10-22,0.007068031999999999,0.0,,,1,2
2021-10-22_2021-10-22T09:21:47-04:00,2021-10-22,0.23308447288888887,0.5,0.12967583066072558,0.25,3,0
2021-10-22_2021-10-22T09:21:53-04:00,2021-10-22,0.370262784,0.0,,,1,2
2021-10-22_2021-10-22T09:22:29-04:00,2021-10-22,0.0401589248,0.0,,,1,2
2021-10-22_2021-10-22T09:22:47-04:00,2021-10-22,0.092173824,0.0,,,1,2
2021-10-22_2021-10-22T09:23:08-04:00,2021-10-22,0.8725248,0.0,,,1,5
2021-10-22_2021-10-22T09:23:12-04:00,2021-10-22,0.052349184,0.0,,,1,2
2021-10-22_2021-10-22T09:23:19-04:00,2021-10-22,0.1660224,0.5,0.0008979937758776892,0.5,2,0
2021-10-22_2021-10-22T09:23:29-04:00,2021-10-22,0.381142208,0.5,0.2680288121910854,0.5,2,0
2021-10-22_2021-10-22T09:24:17-04:00,2021-10-22,0.34269193874285714,0.2920634920634865,0.17756486663430907,0.23398001175779312,7,0
2021-10-22_2021-10-22T09:24:44-04:00,2021-10-22,0.60162304,0.0,,,1,5
2021-10-22_2021-10-22T09:24:48-04:00,2021-10-22,0.1003328,0.5,0.0001973559058625928,0.5,2,0
2021-10-22_2021-10-22T09:25:17-04:00,2021-10-22,0.022746502736842106,0.0,,,1,2
2021-10-22_2021-10-22T09:25:42-04:00,2021-10-22,0.112402688,0.0,,,1,2
2021-10-22_2021-10-22T09:25:46-04:00,2021-10-22,0.052456192,0.0,,,1,2
2021-10-22_2021-10-22T09:26:05-04:00,2021-10-22,0.841900032,0.0,,,1,5
2021-10-22_2021-10-22T09:26:22-04:00,2021-10-22,0.876595968,0.0,,,1,5
2021-10-22_2021-10-22T09:26:40-04:00,2021-10-22,0.485435136,0.5,0.09354970280440626,0.5,2,0
2021-10-22_2021-10-22T09:26:51-04:00,2021-10-22,0.682231808,0.0,,,1,5
2021-10-22_2021-10-22T09:26:58-04:00,2021-10-22,0.06983965866666667,0.5,6.082592043099029e-05,0.5,2,0
2021-10-22_2021-10-22T09:27:10-04:00,2021-10-22,0.101990912,0.0,,,1,2
2021-10-22_2021-10-22T09:27:17-04:00,2021-10-22,0.5039584832219931,0.4787035592309454,0.07662302584261568,0.0721070456168467,30,3
2021-10-22_2021-10-22T09:29:22-04:00,2021-10-22,0.32463584,0.5,0.20653248822326067,0.5,2,0
2021-10-22_2021-10-22T09:29:48-04:00,2021-10-22,0.292514304,0.0,,,1,2
2021-10-22_2021-10-22T09:30:01-04:00,2021-10-22,0.37593866080104626,0.21054122579040171,0.07178038263668612,0.008536821628971368,959,1
2021-10-22_2021-10-22T09:31:03-04:00,2021-10-22,0.4950294026666667,0.26543854166667014,0.10357045349235307,0.05129651173413326,80,3
2021-10-22_2021-10-22T09:31:20-04:00,2021-10-22,0.5838434827906976,0.543934504034174,0.07081775008700994,0.08838997506114396,43,3
2021-10-22_2021-10-22T09:31:35-04:00,2021-10-22,0.500349568,0.6971428571428628,0.13599641513439395,0.2105306122448945,6,0
2021-10-22_2021-10-22T09:31:37-04:00,2021-10-22,0.456424192,0.5521142433234596,0.05094274742803934,0.20330743314637487,4,3
2021-10-22_2021-10-22T09:32:07-04:00,2021-10-22,0.4637427235511387,0.5077769555973274,0.0783296281861805,0.04089351823181813,1029,1
2021-10-22_2021-10-22T09:35:59-04:00,2021-10-22,0.47205516799999997,0.5,0.10077966747647998,0.5,2,0
2021-10-22_2021-10-22T09:36:03-04:00,2021-10-22,0.5167766168115943,0.5428359683794534,0.10216996585217196,0.0984747505144893,23,3
2021-10-22_2021-10-22T09:36:11-04:00,2021-10-22,0.44674919424,0.5206874999999915,0.03174570735186634,0.11017551897321745,15,3
2021-10-22_2021-10-22T09:36:20-04:00,2021-10-22,0.629016384,0.5106458988282451,0.10577108401168385,0.16712407766690504,4,3
2021-10-22_2021-10-22T09:36:26-04:00,2021-10-22,0.481530048,0.48804054054052776,0.20515383472551244,0.17322125030436095,4,0
2021-10-22_2021-10-22T09:36:29-04:00,2021-10-22,0.532592896,0.6665432098765391,0.06523087976287437,0.3332099222679429,3,0
2021-10-26_2021-10-26T09:36:49-04:00,2021-10-26,0.5549879588571429,0.4064603174603144,0.08304242859679667,0.16934441328630345,7,3
2021-10-26_2021-10-26T09:36:53-04:00,2021-10-26,0.5198609264197531,0.5609729376175282,0.08462935337899753,0.0446617755407615,81,3
2021-10-26_2021-10-26T09:37:07-04:00,2021-10-26,0.46675406728205127,0.42543933708567166,0.06892264052125434,0.06143514186016257,104,3
2021-10-26_2021-10-26T09:37:41-04:00,2021-10-26,0.44354854530439125,0.643229047448105,0.08022779905902754,0.0704465970194805,667,1
2021-10-26_2021-10-26T09:38:52-04:00,2021-10-26,0.5080740078933333,0.6170263528901463,0.08345285618839948,0.09596208169216655,30,3
2021-10-26_2021-10-26T09:39:03-04:00,2021-10-26,0.600569984,0.5325708935259568,0.006827542220483237,0.16844644793068628,4,3
2021-10-26_2021-10-26T09:39:14-04:00,2021-10-26,0.131041152,0.44513991163474637,0.010973181899549355,0.1706795057272579,4,2
2021-10-26_2021-10-26T09:39:20-04:00,2021-10-26,0.5290583680000001,0.6371078229894634,0.10196457652240852,0.1786884867504721,8,3
2021-10-26_2021-10-26T09:39:25-04:00,2021-10-26,0.5386138670545454,0.5039474212321932,0.07745778858621517,0.06447155090925986,99,3
2021-10-26_2021-10-26T09:40:09-04:00,2021-10-26,0.4760026763636364,0.4956269592476452,0.09167957189523253,0.08248649792042971,22,3
2021-10-26_2021-10-26T09:40:14-04:00,2021-10-26,0.4947513522555556,0.5849206349206332,0.087617466868799,0.050019417978664354,320,3
2021-10-26_2021-10-26T09:43:41-04:00,2021-10-26,0.6725475555555556,0.27846743295019993,0.08784770459611044,0.11364961025234478,9,3
2021-10-26_2021-10-26T09:44:28-04:00,2021-10-26,0.5797894826666666,0.4671310404875832,0.013424167264605538,0.2532411054982867,3,3
2021-10-26_2021-10-26T09:44:42-04:00,2021-10-26,0.32468111359999996,0.49799783549786125,0.12497009658434684,0.13004770864957615,5,3
2021-10-26_2021-10-26T09:44:45-04:00,2021-10-26,0.47304064,0.5,0.0274605799374848,0.5,2,0
2021-10-26_2021-10-26T09:45:36-04:00,2021-10-26,0.088017664,0.0,,,1,2
2021-11-01_2021-11-01T10:15:25-04:00,2021-11-01,0.5358384853041016,0.61159349250738,0.07955345593261387,0.07223942516586396,979,1
2021-11-01_2021-11-01T10:17:30-04:00,2021-11-01,0.488512959779411,0.5668577853578423,0.07926788662768086,0.0629894537443292,3518,4
2021-11-02_2021-11-02T08:00:01-04:00,2021-11-02,0.1648484122476672,0.5974930182599344,0.09129063574106039,0.05675599885079679,95,3
2021-11-02_2021-11-02T08:32:45-04:00,2021-11-02,0.021889740799999998,0.0,,,1,2
2021-11-02_2021-11-02T08:34:06-04:00,2021-11-02,0.31295268610579347,0.5769230769230876,0.11614360743358366,0.20105699691498946,14,0
2021-11-02_2021-11-02T08:49:00-04:00,2021-11-02,0.921534499972766,0.6905868636918419,0.034162637864170196,0.04534151342101025,1851,1
2021-11-02_2021-11-02T09:31:09-04:00,2021-11-02,0.111379328,0.5,0.0023501051666432,0.5,2,0
2021-11-02_2021-11-02T09:31:15-04:00,2021-11-02,0.41387244925490196,0.49356653104890297,0.08762960070078331,0.22001848352563796,17,3
2021-11-02_2021-11-02T09:31:21-04:00,2021-11-02,0.44778288355555557,0.34711479435236464,0.0885141241465806,0.16950617943421886,9,3
2021-11-02_2021-11-02T09:31:28-04:00,2021-11-02,0.43312317440000003,0.21705426356589186,0.033517672365640926,0.19292710774592864,5,3
2021-11-02_2021-11-02T09:31:35-04:00,2021-11-02,0.574159808,0.14275362318840518,0.08443620689833867,0.12036186875506365,8,3
2021-11-02_2021-11-02T09:31:40-04:00,2021-11-02,0.533925792,0.2249992471920222,0.10286963331928534,0.10633890995708899,8,3
2021-11-02_2021-11-02T09:31:42-04:00,2021-11-02,0.631853888,0.1827614379084944,0.04242956802329806,0.11304125244869263,8,5
2021-11-02_2021-11-02T09:33:35-04:00,2021-11-02,0.742522944,0.3494430543223832,0.061421037508684474,0.2026340897782256,4,3
2021-11-02_2021-11-02T10:18:47-04:00,2021-11-02,0.43767039684729064,0.518569189431265,0.07852202622949385,0.03695874425815565,58,3
2021-11-02_2021-11-02T10:19:05-04:00,2021-11-02,0.39338308266666666,0.47263897948829287,0.06439165716329051,0.1466561699798828,6,3
2021-11-02_2021-11-02T10:19:08-04:00,2021-11-02,0.4873312768,0.5682484298674073,0.056308376614332425,0.18503822302216466,10,3
2021-11-02_2021-11-02T10:19:13-04:00,2021-11-02,0.463397376,0.4396165468375312,0.10472297629283775,0.12375443078801526,6,3
2021-11-02_2021-11-02T10:23:33-04:00,2021-11-02,0.438605696,0.5,0.025138201087999995,0.5,2,0
2021-11-02_2021-11-02T10:23:37-04:00,2021-11-02,0.919295744,0.5,0.0017938152418181094,0.5,2,0
2021-11-02_2021-11-02T10:23:43-04:00,2021-11-02,0.339340288,0.0,,,1,2
2021-11-02_2021-11-02T10:23:46-04:00,2021-11-02,0.32732894933333334,0.438872683596434,0.1446064629645217,0.1683286886598386,8,3
2021-11-02_2021-11-02T10:23:55-04:00,2021-11-02,0.43375655311450334,0.6913537764572464,0.0750804074593773,0.038356258812367275,1141,1
2021-11-03_2021-11-03T09:59:52-04:00,2021-11-03,0.48106863151627904,0.7361033244888361,0.09508599733448485,0.053621547575429314,430,1
2021-11-03_2021-11-03T10:00:09-04:00,2021-11-03,0.45473088388032545,0.4798041448424054,0.07521310808695232,0.0441877853079527,5000,4
2021-11-03_2021-11-03T10:12:28-04:00,2021-11-03,0.5835502542978723,0.46632978723404295,0.07768671639823445,0.12027280462289387,94,3
2021-11-03_2021-11-03T10:15:59-04:00,2021-11-03,0.5220282026666666,0.5366797249760061,0.08786703887157922,0.0828844135917662,106,3
2021-11-03_2021-11-03T10:16:07-04:00,2021-11-03,0.5050142755117415,0.6167094861660102,0.08648365942237939,0.03545237171212204,253,3
2021-11-03_2021-11-03T10:17:04-04:00,2021-11-03,0.4560089362524318,0.6629557605707453,0.10989065469980268,0.056350026610600006,281,3
2021-11-03_2021-11-03T10:17:21-04:00,2021-11-03,0.45813753717892036,0.6067350168707555,0.07984892019750783,0.043889454694498266,2081,1
2021-11-03_2021-11-03T10:19:41-04:00,2021-11-03,0.5033482708099174,0.42174571805006006,0.10335506466445278,0.10417828231251391,88,3
2021-11-03_2021-11-03T10:19:54-04:00,2021-11-03,0.5771259715722327,0.6235302889713691,0.08764230914591639,0.037420181590112664,164,3
2021-11-03_2021-11-03T10:20:09-04:00,2021-11-03,0.6027459310344827,0.44067174205105253,0.10013643586008268,0.07700745858006115,29,3
2021-11-03_2021-11-03T10:20:17-04:00,2021-11-03,0.524168531027027,0.30144236072806374,0.0711242958946294,0.13793384710199902,37,3
2021-11-04_2021-11-04T09:30:01-04:00,2021-11-04,0.3630498029346981,0.45280556679823764,0.09006682534934199,0.05995379100243511,5000,4
2021-11-04_2021-11-04T09:38:41-04:00,2021-11-04,0.441254144,0.47712624584718194,0.06388525564994081,0.08496406487419221,7,3
2021-11-05_2021-11-05T08:00:01-04:00,2021-11-05,0.9044501144820972,0.7356183307235773,0.044712946654955996,0.04366711448319014,1639,1
2021-11-05_2021-11-05T09:32:02-04:00,2021-11-05,0.5490711389090909,0.40091574978301925,0.09664550586980111,0.06504693298391817,33,3
2021-11-05_2021-11-05T09:32:12-04:00,2021-11-05,0.4331758717348074,0.4866309259924145,0.08192260178233954,0.028236102556958544,1363,1
2021-11-05_2021-11-05T09:40:28-04:00,2021-11-05,0.59119808,0.5,0.04992735283409713,0.5,2,0
2021-11-26_2021-11-26T09:24:52-05:00,2021-11-26,0.336498432,0.0,,,1,2
2021-11-26_2021-11-26T09:25:00-05:00,2021-11-26,0.631323392,0.0,,,1,5
2021-11-26_2021-11-26T09:25:05-05:00,2021-11-26,0.987072,0.0,,,1,5
2021-11-26_2021-11-26T09:25:55-05:00,2021-11-26,0.038172672000000005,0.0,,,1,2
2021-11-26_2021-11-26T09:26:17-05:00,2021-11-26,0.37814272,0.0,,,1,2
2021-11-26_2021-11-26T09:26:21-05:00,2021-11-26,0.752020992,0.0,,,1,5
2021-11-26_2021-11-26T09:26:31-05:00,2021-11-26,0.476150016,0.0,,,1,2
2021-11-26_2021-11-26T09:27:12-05:00,2021-11-26,0.49093580800000003,0.5,0.024216166539067396,0.5,2,0
2021-11-26_2021-11-26T09:27:19-05:00,2021-11-26,0.4985143748807917,0.46903508771930236,0.10379027898390035,0.15113547808872274,19,3
2021-11-26_2021-11-26T09:29:28-05:00,2021-11-26,0.07904385219047619,0.5,0.0025115491401968746,0.5,2,0
2021-11-30_2021-11-30T08:00:02-05:00,2021-11-30,0.7184940032,0.38909523809523827,0.05994130546057885,0.12710552333213967,20,3
2021-12-02_2021-12-02T08:00:00-05:00,2021-12-02,0.5287076247272727,0.5757922551216036,0.046986186851354736,0.1323016237276061,22,3
2021-12-02_2021-12-02T09:29:30-05:00,2021-12-02,0.40285166933333333,0.8333333333333334,0.1574182058594968,0.16666666666666669,6,0
2021-12-06_2021-12-06T08:02:35-05:00,2021-12-06,0.867558656,0.0,,,1,5
2021-12-14_2021-12-14T08:22:36-05:00,2021-12-14,0.16642521244444444,0.0,0.05473919428173948,0.0,2,2
2021-12-14_2021-12-14T08:24:36-05:00,2021-12-14,0.265398784,0.0,,,1,2
2021-12-14_2021-12-14T08:25:23-05:00,2021-12-14,0.0013898609777777777,0.0,,,1,2
2021-12-14_2021-12-14T08:27:16-05:00,2021-12-14,0.4377476205013684,0.596153846153846,0.14337494301699583,0.2387204142011841,9,0
2021-12-14_2021-12-14T08:31:40-05:00,2021-12-14,0.1820895837090909,0.0,0.03369959414296262,0.0,3,2
2021-12-14_2021-12-14T08:36:25-05:00,2021-12-14,0.4754213315890985,0.8888888888888888,0.07072351948446785,0.1111111111111111,9,3
2022-01-07_2022-01-07T09:12:01-05:00,2022-01-07,0.4162433498264524,0.5367504445167923,0.0847625651461701,0.040545104112836156,2188,1
2022-01-07_2022-01-07T09:27:10-05:00,2022-01-07,0.4821515136,0.5134831460674165,0.11010055640082758,0.1263350587047087,5,3
2022-01-07_2022-01-07T09:27:17-05:00,2022-01-07,0.43496704,0.0,,,1,2
2022-01-07_2022-01-07T09:27:43-05:00,2022-01-07,0.4019905073548387,0.6158100761145257,0.10143938756924663,0.08817155594289762,31,3
2022-01-07_2022-01-07T09:28:16-05:00,2022-01-07,0.4542443987692308,0.5504326923076933,0.0721565257250933,0.07209227764422979,13,3
2022-01-07_2022-01-07T09:28:28-05:00,2022-01-07,0.44276536064239025,0.7308603896103694,0.06170918738599325,0.08133479020286824,42,3
2022-01-07_2022-01-07T09:29:22-05:00,2022-01-07,0.894186752,0.0,,,1,5
2022-01-07_2022-01-07T09:29:24-05:00,2022-01-07,0.115794944,0.0,,,1,2
2022-01-07_2022-01-07T09:29:26-05:00,2022-01-07,0.140644992,0.5,0.013939081710436353,0.5,2,0
2022-01-07_2022-01-07T09:29:33-05:00,2022-01-07,0.656402176,0.3333333333333333,0.1542366483964232,0.33333333333333337,3,0
2022-01-10_2022-01-10T08:00:00-05:00,2022-01-10,0.725623552,0.4233929539295383,0.055336273751392266,0.14639631193403438,9,3
2022-01-10_2022-01-10T08:00:02-05:00,2022-01-10,0.5872624725333334,0.45202821869488424,0.05947027686698235,0.07357577848161484,30,3
2022-01-11_2022-01-11T08:00:01-05:00,2022-01-11,0.6836856219607843,0.2787128184607157,0.017520613774893955,0.07788914486429432,51,5
2022-01-14_2022-01-14T08:00:00-05:00,2022-01-14,0.6899476832169311,0.3248970453000681,0.06585016612162581,0.10093042454868238,63,3
2022-01-24_2022-01-24T08:00:01-05:00,2022-01-24,0.6229373556363637,0.34308542624690513,0.04642573546364525,0.06892960016189607,22,3
2022-01-25_2022-01-25T09:02:00-05:00,2022-01-25,0.952602112,0.0,,,1,5
2022-02-03_2022-02-03T08:01:24-05:00,2022-02-03,0.183223296,0.0,,,1,2
2022-02-10_2022-02-10T08:00:01-05:00,2022-02-10,0.0007539696941176471,0.5264604486422677,6.768940417899353e-07,0.05892788879405117,55,2
2022-02-10_2022-02-10T08:07:30-05:00,2022-02-10,0.00926528711111111,0.0,,,1,2
2022-02-10_2022-02-10T08:14:51-05:00,2022-02-10,0.050104773238434167,0.5,0.005005411262584673,0.5,2,0
2022-02-10_2022-02-10T08:28:09-05:00,2022-02-10,0.34809271549514564,0.0,0.22965467658253205,0.0,2,3
2022-02-10_2022-02-10T08:32:26-05:00,2022-02-10,0.521044736,0.0,,,1,5
2022-02-24_2022-02-24T08:00:01-05:00,2022-02-24,0.238432256,0.281933794259374,0.038734633956061186,0.0482443976129651,129,2
2022-03-14_2022-03-14T08:00:00-04:00,2022-03-14,0.14247965179269206,0.49055777914613985,0.07833463187010978,0.09193695600201557,87,3
2022-03-14_2022-03-14T08:23:40-04:00,2022-03-14,0.196596992,0.0,,,1,2
2022-03-14_2022-03-14T08:26:58-04:00,2022-03-14,0.3490265379672131,0.75,0.12034225803118753,0.25,4,0
2022-03-14_2022-03-14T08:28:52-04:00,2022-03-14,0.421905152,0.0,,,1,2
2022-03-14_2022-03-14T09:27:59-04:00,2022-03-14,0.7232916258778568,0.5603983605970573,0.008288602651112236,0.024353665212672355,910,1
2022-03-14_2022-03-14T09:31:15-04:00,2022-03-14,0.46836059428571425,0.5846444304594078,0.05881224683829891,0.17595475422577456,7,3
2022-03-14_2022-03-14T09:31:33-04:00,2022-03-14,0.5245555199999999,0.5,0.08128883593366731,0.5,2,0
2022-03-14_2022-03-14T09:31:36-04:00,2022-03-14,0.15536375466666666,0.6087355655408998,0.00241717288169199,0.28547026964049793,3,3
2022-03-14_2022-03-14T09:31:49-04:00,2022-03-14,0.207492864,0.523809523809519,0.008122226931859461,0.2517006802721082,3,3
2022-03-15_2022-03-15T08:00:01-04:00,2022-03-15,0.13985505936410256,0.4976674788258487,0.014079684423227013,0.12982204335979364,195,2
2022-03-15_2022-03-15T09:37:28-04:00,2022-03-15,0.2989266133333333,0.5720370370370566,0.07264235720922009,0.08748782890635151,12,3
2022-03-16_2022-03-16T10:14:23-04:00,2022-03-16,0.39845199753846156,0.5471326415065064,0.06169977657093642,0.130323286655668,13,3
2022-03-16_2022-03-16T10:14:28-04:00,2022-03-16,0.33037132799999996,0.4972531066056309,0.07392984446572953,0.23164447453869283,5,3
2022-03-16_2022-03-16T10:14:30-04:00,2022-03-16,0.5220333847272727,0.43735029086346633,0.06183457577616904,0.17838237278810481,11,3
2022-03-16_2022-03-16T10:14:35-04:00,2022-03-16,0.4583180373333333,0.7601422696454342,0.1733882235134258,0.15411035274141777,6,0
2022-03-16_2022-03-16T10:14:40-04:00,2022-03-16,0.414457856,0.5986486486486308,0.08862844969937796,0.11127847667487181,6,3
2022-03-16_2022-03-16T10:15:34-04:00,2022-03-16,0.4921683237721686,0.7685141659687742,0.08144062640565554,0.02845895690180776,322,3
2022-03-16_2022-03-16T10:17:10-04:00,2022-03-16,0.389573248,0.0,,,1,2
2022-03-16_2022-03-16T10:17:15-04:00,2022-03-16,0.5665392193939394,0.6609502143669649,0.07890464257343152,0.10434959899213027,22,3
2022-03-16_2022-03-16T10:17:24-04:00,2022-03-16,0.6196678684444444,0.7079347826087017,0.0790813914703467,0.1048990161539805,12,3
2022-03-16_2022-03-16T10:17:29-04:00,2022-03-16,0.663176576,0.5,0.007179033525911551,0.5,2,0
2022-03-16_2022-03-16T10:17:31-04:00,2022-03-16,0.399734784,0.4981143022918471,0.2103491721269084,0.2500106675675396,3,0
2022-03-16_2022-03-16T10:17:37-04:00,2022-03-16,0.986922496,0.0,,,1,5
2022-03-16_2022-03-16T10:17:40-04:00,2022-03-16,0.575933184,0.0,,,1,5
2022-03-16_2022-03-16T10:17:43-04:00,2022-03-16,0.4796599808,0.35982392957183656,0.1627893375635751,0.1832746223739585,5,3
2022-03-16_2022-03-16T10:17:47-04:00,2022-03-16,0.5993364764444444,0.39636752136752357,0.08880164225793688,0.14117459730440612,9,3
2022-03-16_2022-03-16T10:17:52-04:00,2022-03-16,0.401352448,0.0,,,1,2
2022-03-16_2022-03-16T10:17:54-04:00,2022-03-16,0.8047781119999999,0.5,0.0071095695838085055,0.5,2,0
2022-03-16_2022-03-16T10:17:56-04:00,2022-03-16,0.48420288,0.0,,,1,2
2022-03-16_2022-03-16T10:18:01-04:00,2022-03-16,0.463572992,0.0,0.27789058805084976,0.0,2,3
2022-03-16_2022-03-16T10:18:05-04:00,2022-03-16,0.5856871936,0.4399176954732454,0.047900647291047115,0.14258939080255278,5,3
2022-03-16_2022-03-16T10:18:11-04:00,2022-03-16,0.0742336,0.5,0.0015995529986047997,0.5,2,0
2022-03-16_2022-03-16T10:18:13-04:00,2022-03-16,0.18837542399999999,0.5,0.026093308637380602,0.5,2,0
2022-03-16_2022-03-16T10:18:19-04:00,2022-03-16,0.659439232,0.5,0.025796486049333236,0.5,2,0
2022-03-16_2022-03-16T10:18:41-04:00,2022-03-16,0.816967488,0.36367781155015333,0.02448976920398506,0.21730727419986348,4,3
2022-03-16_2022-03-16T10:18:45-04:00,2022-03-16,0.4894108416,0.44914089347080466,0.15964469761472433,0.18281786941579412,5,0
2022-03-16_2022-03-16T10:18:49-04:00,2022-03-16,0.2730151424,0.7171989226625592,0.02378002662547784,0.1801630425529896,5,3
2022-03-16_2022-03-16T10:18:53-04:00,2022-03-16,0.5575037546666667,0.48385452073421337,0.13985312162805924,0.12090032097024354,8,3
2022-03-16_2022-03-16T10:18:58-04:00,2022-03-16,0.7063501653333333,0.37271716690487294,0.0964925504320526,0.2986027588021659,3,0
2022-03-16_2022-03-16T10:19:00-04:00,2022-03-16,0.390204928,0.5,0.1337070767314043,0.5,2,0
2022-03-16_2022-03-16T10:19:02-04:00,2022-03-16,0.43238742796604407,0.6547460757156063,0.06944584299246039,0.06682697518804559,76,3
2022-03-16_2022-03-16T10:19:35-04:00,2022-03-16,0.382756352,0.0,,,1,2
2022-03-16_2022-03-16T10:19:38-04:00,2022-03-16,0.44521133675379937,0.607478887070376,0.0560596246571704,0.07424881821061899,47,3
2022-03-16_2022-03-16T10:19:47-04:00,2022-03-16,0.711812992,0.5,0.11991011245454135,0.5,2,0
2022-03-16_2022-03-16T10:20:47-04:00,2022-03-16,0.7075452586666667,0.354990776798525,0.15166769459005575,0.31308302444048564,3,0
2022-03-16_2022-03-16T10:29:32-04:00,2022-03-16,0.6160594560000001,0.588664286146583,0.11336260476703036,0.0869602046366687,26,3
2022-03-16_2022-03-16T10:29:40-04:00,2022-03-16,0.54433088,0.34239130434781795,0.04222615652307762,0.3245215028355464,3,3
2022-03-16_2022-03-16T10:29:44-04:00,2022-03-16,0.5001976768984615,0.5173279999999886,0.1335453824832473,0.10194844960000234,25,3
2022-03-18_2022-03-18T09:58:29-04:00,2022-03-18,0.38124748767580796,0.8192343965609455,0.07741962485851772,0.004819129920239491,5000,4
2022-03-18_2022-03-18T10:11:05-04:00,2022-03-18,0.5098077582222222,0.7453295668549941,0.07113296086494594,0.13678295828146575,9,3
2022-03-18_2022-03-18T10:11:07-04:00,2022-03-18,0.554670848,0.3666213768115895,0.10287115468197067,0.303369571370908,3,0
2022-03-18_2022-03-18T10:11:09-04:00,2022-03-18,0.680766912,0.3170694864048379,0.08219344253285717,0.21132279430332387,4,3
2022-03-18_2022-03-18T10:11:46-04:00,2022-03-18,0.48385536,0.6573526326830319,0.10938998614310913,0.14570655213899159,5,3
2022-03-18_2022-03-18T10:11:50-04:00,2022-03-18,0.5322064639999999,0.5,0.09741316634132478,0.5,2,0
2022-03-18_2022-03-18T10:13:33-04:00,2022-03-18,0.43683148800000005,0.28749531308586745,0.03662985153404381,0.2272150715881157,4,3
2022-03-18_2022-03-18T10:16:06-04:00,2022-03-18,0.4035686172444445,0.6946944809461262,0.05292193460169987,0.0818073115259005,30,3
2022-03-18_2022-03-18T10:16:11-04:00,2022-03-18,0.6588944213333333,0.6447727272727324,0.1529505456740325,0.3128774276859549,3,0
2022-03-18_2022-03-18T10:16:13-04:00,2022-03-18,0.5336822613333333,0.6666666666666666,0.09387090679708604,0.33333333333333337,3,0
2022-03-18_2022-03-18T10:16:49-04:00,2022-03-18,0.6050491733333333,0.6332183908045971,0.033049146828932154,0.24656559651208676,6,3
2022-03-18_2022-03-18T10:16:57-04:00,2022-03-18,0.32682406399999997,0.5,0.006292861862838269,0.5,2,0
2022-03-18_2022-03-18T10:17:00-04:00,2022-03-18,0.280584,0.6613043478261044,0.036672484313284605,0.20135879017013983,4,3
2022-03-18_2022-03-18T10:17:53-04:00,2022-03-18,0.547348329025641,0.49142011834320365,0.12295229196104762,0.11063107457138592,13,3
2022-03-21_2022-03-21T10:11:01-04:00,2022-03-21,0.34966390331173125,0.5711322154622348,0.07661473158867342,0.045413721682455443,879,1
2022-03-21_2022-03-21T10:13:54-04:00,2022-03-21,0.5121850890118577,0.5278382852661716,0.10634947120431675,0.10159767125084569,23,3
2022-03-21_2022-03-21T10:14:52-04:00,2022-03-21,0.4542567154526315,0.5563157894736863,0.10707351331663613,0.10482860051915457,19,3
2022-03-21_2022-03-21T10:15:02-04:00,2022-03-21,0.050253312,0.0,,,1,2
2022-03-21_2022-03-21T10:15:06-04:00,2022-03-21,0.35892898133333334,0.3413754684493083,0.024089792000841055,0.32548522602902924,3,3
2022-03-21_2022-03-21T10:20:00-04:00,2022-03-21,0.190657408,0.5246174210628252,0.041812774967072086,0.3029341749287041,4,3
2022-03-23_2022-03-23T08:00:00-04:00,2022-03-23,0.5886687973420766,0.4753068555423298,0.0662868125032133,0.06752735916955238,732,1
2022-03-23_2022-03-23T08:01:09-04:00,2022-03-23,0.39194542720000003,0.8540201005025139,0.08814194140965004,0.09501085831165901,10,3
2022-03-23_2022-03-23T09:43:20-04:00,2022-03-23,0.5387624354909091,0.38671182412358723,0.06729169939156404,0.055484230483169084,55,3
2022-03-23_2022-03-23T09:43:24-04:00,2022-03-23,0.4665067426722747,0.6011176755253531,0.08488980002939978,0.04837066417841609,1646,1
2022-03-23_2022-03-23T09:44:06-04:00,2022-03-23,0.4907621802666667,0.6107794618001822,0.09582643286613109,0.05426199146946784,100,3
2022-03-23_2022-03-23T09:44:12-04:00,2022-03-23,0.5140823044654546,0.528650525354031,0.0964990686503267,0.05183336139627458,110,3
2022-03-23_2022-03-23T09:44:21-04:00,2022-03-23,0.50372145,0.5926674107142814,0.05996677460357909,0.11856540182789414,64,3
2022-03-23_2022-03-23T09:44:26-04:00,2022-03-23,0.42464850596226417,0.5282417431350209,0.06840715494128571,0.0272157526976282,53,3
2022-03-23_2022-03-23T09:44:35-04:00,2022-03-23,0.457912787106929,0.7392507293106053,0.07253213603750738,0.07316677755916497,167,3
2022-03-23_2022-03-23T09:46:03-04:00,2022-03-23,0.47920380676874985,0.6219672935682995,0.08617216520485756,0.04072247603125059,5000,4
2022-03-23_2022-03-23T10:18:39-04:00,2022-03-23,0.4517837032727273,0.679665856881048,0.06540400184439861,0.13582486298313534,22,3
2022-03-23_2022-03-23T10:19:20-04:00,2022-03-23,0.43803955228121033,0.5659651033043401,0.0835432674268495,0.050312539521310554,3033,4
2022-03-23_2022-03-23T10:24:32-04:00,2022-03-23,0.5056479295187435,0.5656429035634132,0.07959309186320807,0.04327267967911866,1519,1
2022-03-23_2022-03-23T10:27:51-04:00,2022-03-23,0.5163372875294118,0.11674379704488641,0.07712879102132322,0.053327440425502956,17,3
2022-03-24_2022-03-24T08:00:00-04:00,2022-03-24,0.0469867130027898,0.3940858881209774,0.006522473209911444,0.08523336695281192,297,2
2022-03-24_2022-03-24T08:02:17-04:00,2022-03-24,0.057390208,0.0,,,1,2
2022-03-24_2022-03-24T08:02:38-04:00,2022-03-24,0.9536384,0.0,,,1,5
2022-03-24_2022-03-24T08:03:18-04:00,2022-03-24,0.5395237117866667,0.8470588235294226,0.10215831498786335,0.0962706651288035,10,3
2022-03-24_2022-03-24T08:05:28-04:00,2022-03-24,0.03590449852631579,0.0,,,1,2
2022-03-24_2022-03-24T08:23:15-04:00,2022-03-24,0.39649882130331704,0.490004587155959,0.08831744673905559,0.05198395496847333,109,3
2022-03-24_2022-03-24T08:48:03-04:00,2022-03-24,0.805839616,0.0,,,1,5
2022-03-24_2022-03-24T08:48:29-04:00,2022-03-24,0.2461376930909091,0.0,0.06983617852701365,0.0,2,2
2022-03-24_2022-03-24T08:48:59-04:00,2022-03-24,0.5987661658309038,0.5714536340852099,0.0863536987969527,0.09996576572112413,133,3
2022-03-24_2022-03-24T09:04:41-04:00,2022-03-24,0.661639168,0.0,,,1,5
2022-03-24_2022-03-24T09:04:45-04:00,2022-03-24,0.05615744,0.0,,,1,2
2022-03-24_2022-03-24T09:04:57-04:00,2022-03-24,0.9284566336925455,0.33423766199044025,0.02623643147590401,0.0511534669088454,3974,4
2022-03-24_2022-03-24T09:31:09-04:00,2022-03-24,0.5708324538181818,0.46698181818181245,0.0484519827241447,0.17089947563636368,11,3
2022-03-24_2022-03-24T09:31:13-04:00,2022-03-24,0.44648140199999997,0.45044444444445325,0.08054787588260083,0.11618670171245854,32,3
2022-03-24_2022-03-24T09:31:19-04:00,2022-03-24,0.5730294272,0.30949099799957963,0.12010047623589323,0.11522435410514396,10,3
2022-03-24_2022-03-24T09:31:24-04:00,2022-03-24,0.5151551999999999,0.38816249409541,0.09372642015814878,0.07059277046447994,58,3
2022-03-24_2022-03-24T09:31:32-04:00,2022-03-24,0.39864596920430106,0.50189168668063,0.0806655540159878,0.06397872423296408,31,3
2022-03-24_2022-03-24T09:31:39-04:00,2022-03-24,0.48905238692228586,0.6123517894537394,0.09019808738334886,0.048267660618782154,2663,1
2022-03-25_2022-03-25T09:53:38-04:00,2022-03-25,0.4931596695510204,0.2717530722721202,0.11020654508306411,0.041082090631676914,49,3
2022-03-25_2022-03-25T09:54:15-04:00,2022-03-25,0.4294403819281835,0.6383876007339129,0.07149491223940145,0.0206177166713819,2135,1
2022-03-25_2022-03-25T10:00:18-04:00,2022-03-25,0.5322426149925926,0.4412244897959198,0.08303122420564103,0.06305283647537238,54,3
2022-03-25_2022-03-25T10:00:40-04:00,2022-03-25,0.4202973108954703,0.5408417699627783,0.08237900384289717,0.03721393493174608,1447,1
2022-03-25_2022-03-25T10:02:32-04:00,2022-03-25,0.43644519225806455,0.6927174115720356,0.06352134879925894,0.08987542050358312,31,3
2022-03-25_2022-03-25T10:02:42-04:00,2022-03-25,0.38194781440000003,0.49862222222222696,0.07374642546117854,0.11091146250812776,20,3
2022-03-25_2022-03-25T10:03:07-04:00,2022-03-25,0.46508123365517245,0.5076774499348289,0.09098376243534179,0.029484439153775126,87,3
2022-03-25_2022-03-25T10:03:29-04:00,2022-03-25,0.5088727567582609,0.6706914446002779,0.0914557863870686,0.04697699114829948,115,3
2022-03-25_2022-03-25T10:03:41-04:00,2022-03-25,0.4878625410755828,0.4244939438858003,0.07999620303945364,0.027142355016006155,687,1
2022-03-25_2022-03-25T10:04:54-04:00,2022-03-25,0.528758784,0.545316984899553,0.11172397279135104,0.08246942150883473,8,3
2022-03-25_2022-03-25T10:05:49-04:00,2022-03-25,0.5539767751111112,0.5235042735042668,0.08774644627893093,0.1251643655489734,9,3
2022-03-25_2022-03-25T10:05:51-04:00,2022-03-25,0.5535939128888888,0.5621333333333496,0.05910761111179721,0.15788891999999982,9,3
2022-03-25_2022-03-25T10:05:54-04:00,2022-03-25,0.514167552,0.5112573099414995,0.11405263792565552,0.0834855837995452,18,3
2022-03-25_2022-03-25T10:06:00-04:00,2022-03-25,0.5727428096,0.669029629629638,0.09708230190515783,0.07626151486054293,25,3
2022-03-25_2022-03-25T10:06:12-04:00,2022-03-25,0.42056720527580893,0.5917870815884728,0.09029285124694561,0.03331640966711708,649,1
2022-03-25_2022-03-25T10:11:58-04:00,2022-03-25,0.3993936944761905,0.4363591269841376,0.035775632721723225,0.08408245928405769,21,3
2022-03-25_2022-03-25T10:12:01-04:00,2022-03-25,0.5110791226243386,0.5424845305353632,0.08224661505053885,0.045315716707932475,126,3
2022-03-25_2022-03-25T10:22:52-04:00,2022-03-25,0.7750972763773585,0.6986683081522831,0.029172000104750833,0.13946136927186267,53,3
2022-03-25_2022-03-25T10:22:54-04:00,2022-03-25,0.44221595306666667,0.5467960974653061,0.06956982361187448,0.09197844590604395,15,3
2022-03-28_2022-03-28T09:58:04-04:00,2022-03-28,0.5163359413333334,0.572156007751921,0.0795544968925202,0.06796576352849362,48,3
2022-03-28_2022-03-28T10:04:30-04:00,2022-03-28,0.42198009599999997,0.5443421052631677,0.04518466320387425,0.12417131495006034,12,3
2022-03-28_2022-03-28T10:04:34-04:00,2022-03-28,0.4082111692472584,0.5524156077662168,0.08191187202684105,0.04562878278933238,1599,1
2022-03-28_2022-03-28T10:07:04-04:00,2022-03-28,0.47386454745945944,0.49787820287819506,0.07930998867098565,0.06532826784846173,148,3
2022-03-28_2022-03-28T10:07:29-04:00,2022-03-28,0.5199820422702004,0.426285218540858,0.05891043899143434,0.027971526453905524,182,3
2022-03-28_2022-03-28T10:07:48-04:00,2022-03-28,0.4675149653333333,0.6124429223744349,0.060575426771803595,0.19798526513251552,6,3
2022-03-28_2022-03-28T10:07:52-04:00,2022-03-28,0.519658527827027,0.734443746071654,0.08660214952656231,0.056369880968042754,37,3
2022-03-28_2022-03-28T10:08:02-04:00,2022-03-28,0.47715582812026147,0.5663513513513538,0.08443853968035335,0.06875937918115997,102,3
2022-03-28_2022-03-28T10:08:50-04:00,2022-03-28,0.358383068991453,0.4710978157644792,0.07354297926902718,0.051865058307034875,78,3
2022-03-28_2022-03-28T10:09:00-04:00,2022-03-28,0.380110848,0.48997262869776126,0.028807368294268925,0.17105707290853078,4,3
2022-03-28_2022-03-28T10:09:02-04:00,2022-03-28,0.538472576,0.41373626373625755,0.17109804019393057,0.19643239544338512,4,0
2022-03-28_2022-03-28T10:09:04-04:00,2022-03-28,0.497487104,0.3510100019611717,0.10369295264648395,0.16274529178127314,5,3
2022-03-28_2022-03-28T10:09:11-04:00,2022-03-28,0.46390900622222225,0.6185132767219493,0.07409172312538471,0.12687481857893454,18,3
2022-03-28_2022-03-28T10:09:16-04:00,2022-03-28,0.6648672142222222,0.40278975302255626,0.0819493185759496,0.11609394376035077,9,3
2022-03-28_2022-03-28T10:09:19-04:00,2022-03-28,0.386252512,0.6184482758620656,0.08149496041670361,0.1893178444029238,8,3
2022-03-28_2022-03-28T10:09:27-04:00,2022-03-28,0.46134278016581287,0.5659367921555508,0.08845920857053266,0.04313731762442553,3670,4
2022-03-28_2022-03-28T10:16:44-04:00,2022-03-28,0.526797168,0.5136999999999893,0.0681313929488329,0.12113527204811934,40,3
2022-03-28_2022-03-28T10:17:06-04:00,2022-03-28,0.4380954893530655,0.7280323549950283,0.0873952182319928,0.026841030794278336,86,3
2022-03-28_2022-03-28T10:19:23-04:00,2022-03-28,0.538522688,0.48828124999999933,0.030685458668077065,0.16721598307291674,4,3
2022-03-28_2022-03-28T10:19:26-04:00,2022-03-28,0.4542591085714286,0.39141025641026295,0.08209164307992799,0.08206410256410719,28,3
2022-03-28_2022-03-28T10:19:32-04:00,2022-03-28,0.41051087644444445,0.4715308641975395,0.06328719544928578,0.15055946227709185,9,3
2022-03-28_2022-03-28T10:20:11-04:00,2022-03-28,0.643091712,0.37945701658195213,0.03282417832580437,0.12466233330625247,7,3
2022-03-28_2022-03-28T10:20:19-04:00,2022-03-28,0.4572168,0.793464942988591,0.0751109066219469,0.05464786724323961,32,3
2022-03-28_2022-03-28T10:20:25-04:00,2022-03-28,0.47952960459330146,0.6444689849624139,0.07861573553175386,0.04589749194365198,152,3
2022-03-28_2022-03-28T10:22:06-04:00,2022-03-28,0.40712813474909093,0.4458159645232816,0.11491794989650285,0.11768928210320978,55,3
2022-03-28_2022-03-28T10:22:16-04:00,2022-03-28,0.6462476373333333,0.404367669691669,0.04413354880583378,0.13893577311505273,6,3
2022-03-28_2022-03-28T10:22:18-04:00,2022-03-28,0.52167008,0.3859718644739498,0.16617453415464414,0.1912032312025498,4,0
2022-03-28_2022-03-28T10:22:22-04:00,2022-03-28,0.5346994346666667,0.5563918976806734,0.11633733343475572,0.10384664986103105,6,3
2022-03-28_2022-03-28T10:22:25-04:00,2022-03-28,0.486941696,0.48145076574335577,0.022377542812106764,0.2510322222745236,3,3
2022-03-28_2022-03-28T10:22:28-04:00,2022-03-28,0.473494768,0.4353269230769247,0.13442623497335343,0.1546083647506288,8,3
2022-03-28_2022-03-28T10:22:32-04:00,2022-03-28,0.401369024,0.39909090909092204,0.022990939577270265,0.23951845730028232,4,3
2022-03-28_2022-03-28T10:22:38-04:00,2022-03-28,0.609295456,0.5732122093023199,0.07584005227117538,0.14444182931893676,8,3
2022-03-29_2022-03-29T08:00:00-04:00,2022-03-29,0.8727855403414898,0.47327191854753586,0.026758263952453433,0.04587481899621876,5000,4
2022-03-29_2022-03-29T09:43:50-04:00,2022-03-29,0.44908811101090906,0.6367130909090908,0.07489340500967077,0.04357694440829458,275,3
2022-03-29_2022-03-29T09:44:03-04:00,2022-03-29,0.5233810361037553,0.4180027507793893,0.07844369243935853,0.058273512544951014,287,3
2022-03-29_2022-03-29T09:44:14-04:00,2022-03-29,0.477877148063692,0.5649326292447328,0.08753211449323593,0.03612318861923739,381,3
2022-03-29_2022-03-29T09:44:36-04:00,2022-03-29,0.5261792992000001,0.5100375968992247,0.10654381799616298,0.07501355524535666,80,3
2022-03-29_2022-03-29T09:45:00-04:00,2022-03-29,0.4378062603410853,0.45310559947188506,0.0917981141776045,0.02940606019341504,172,3
2022-03-29_2022-03-29T09:45:08-04:00,2022-03-29,0.47247844044520865,0.5724944034813323,0.08641803061104038,0.030682393238841255,3186,4
2022-03-29_2022-03-29T09:48:15-04:00,2022-03-29,0.48073522509268835,0.7967408027195372,0.07570124273366233,0.008362313346136433,311,1
2022-03-29_2022-03-29T09:48:40-04:00,2022-03-29,0.561990528,0.5342342912604826,0.12225787957691264,0.10475119593634333,12,3
2022-03-29_2022-03-29T09:48:57-04:00,2022-03-29,0.508697074543116,0.47397083049951055,0.08222538258050455,0.05364945985867489,401,3
2022-03-29_2022-03-29T09:50:43-04:00,2022-03-29,0.4053232338823529,0.4631218762014577,0.09180838737993631,0.07698944611549695,17,3
2022-03-29_2022-03-29T09:50:52-04:00,2022-03-29,0.6870419763200001,0.35913991399140244,0.06393028155313646,0.10149854326033564,25,3
2022-03-29_2022-03-29T09:50:55-04:00,2022-03-29,0.40914281102812355,0.34417925645044767,0.08069543944476988,0.035279580016554644,241,3
2022-03-29_2022-03-29T09:51:18-04:00,2022-03-29,0.48886055023609226,0.5879927283152633,0.0853122665663981,0.050045709391743694,704,1
2022-03-29_2022-03-29T09:53:13-04:00,2022-03-29,0.44391965013333334,0.6422017079832792,0.05652643691200393,0.1615363992642463,15,3
2022-03-29_2022-03-29T09:53:16-04:00,2022-03-29,0.5303026501818182,0.46371410279861536,0.07136715447112951,0.11043713033873512,11,3
2022-03-29_2022-03-29T09:53:19-04:00,2022-03-29,0.6289795982222223,0.43644052986614273,0.06044346647971611,0.0937734447918625,9,3
2022-03-29_2022-03-29T09:53:21-04:00,2022-03-29,0.5263332722962962,0.4229114351586732,0.0979921213418544,0.042465813085343085,96,3
2022-03-29_2022-03-29T09:55:29-04:00,2022-03-29,0.467610622,0.6647741071428571,0.08135372077217054,0.08179313058477912,112,3
2022-03-29_2022-03-29T09:55:39-04:00,2022-03-29,0.4188515626666667,0.5117400004793067,0.08008148898695491,0.09210050717433046,24,3
2022-03-30_2022-03-30T08:00:01-04:00,2022-03-30,0.14046622014361196,0.3840550819672117,0.07402692576574313,0.03483973227969152,244,2
2022-03-30_2022-03-30T08:18:31-04:00,2022-03-30,0.027245363199999997,0.0,,,1,2
2022-03-30_2022-03-30T08:18:57-04:00,2022-03-30,0.26353441010526313,0.5,0.12378156729509457,0.5,2,0
2022-03-30_2022-03-30T08:21:48-04:00,2022-03-30,0.301496768,0.0,0.12951658380477368,0.0,2,2
2022-03-30_2022-03-30T08:22:19-04:00,2022-03-30,0.026153193739130436,0.0,,,1,2
2022-03-30_2022-03-30T08:35:08-04:00,2022-03-30,0.656424704,0.0,,,1,5
2022-03-30_2022-03-30T09:30:59-04:00,2022-03-30,0.3968687074285714,0.674884541756398,0.08518831465338031,0.04352980497205102,84,3
2022-03-30_2022-03-30T09:33:29-04:00,2022-03-30,0.5161271322597403,0.49783942960180644,0.10133033407827438,0.059546010881953576,126,3
2022-03-30_2022-03-30T10:16:23-04:00,2022-03-30,0.44596411733333335,0.3069924740402225,0.08156289950329516,0.14468022723076976,6,3
2022-03-30_2022-03-30T10:16:25-04:00,2022-03-30,0.249104768,0.4971743010113148,0.0798792145152901,0.2822803898371558,4,0
2022-03-30_2022-03-30T10:16:30-04:00,2022-03-30,0.21968899657142857,0.6698113207547215,0.014784021804120551,0.13006172156156146,7,3
2022-03-30_2022-03-30T10:16:32-04:00,2022-03-30,0.43838782733318526,0.6004524547285249,0.094096121587324,0.024545254352218673,787,1
2022-03-30_2022-03-30T10:18:57-04:00,2022-03-30,0.6285725013333333,0.4877407407407448,0.06209323290383266,0.18223649218106328,6,3
2022-03-30_2022-03-30T10:19:00-04:00,2022-03-30,0.49278293661538464,0.5755863039399914,0.07214800690194018,0.07156673842510985,52,3
2022-03-30_2022-03-30T10:19:30-04:00,2022-03-30,0.4766503778461538,0.6740699149458013,0.07219228170921699,0.0680825053957394,13,3
2022-03-30_2022-03-30T10:19:34-04:00,2022-03-30,0.5811674624000001,0.37356076759061985,0.032439232562777275,0.14128220457262972,5,3
2022-03-30_2022-03-30T10:19:36-04:00,2022-03-30,0.4342495407653175,0.5755148980148976,0.07642676027823798,0.037722456287377984,3108,4
2022-03-31_2022-03-31T09:31:56-04:00,2022-03-31,0.46806509381818184,0.4624492928406935,0.05317119832769286,0.13861260396818248,11,3
2022-03-31_2022-03-31T09:31:59-04:00,2022-03-31,0.4576953742222222,0.39388961363160857,0.10429042983898501,0.12344410697353021,9,3
2022-03-31_2022-03-31T09:32:01-04:00,2022-03-31,0.4440512456507937,0.45485624239377787,0.09008721447861019,0.05576789054515965,192,3
2022-03-31_2022-03-31T09:32:25-04:00,2022-03-31,0.62509624,0.5137792968750047,0.13089352352513145,0.12911995188394831,16,3
2022-03-31_2022-03-31T09:32:39-04:00,2022-03-31,0.47208502093758664,0.5075790792358272,0.08380665734495438,0.05433684379789415,103,3
2022-03-31_2022-03-31T09:32:55-04:00,2022-03-31,0.41585500320623514,0.5256944117370904,0.06815804459667507,0.07401061568978898,3425,4
2022-03-31_2022-03-31T09:41:06-04:00,2022-03-31,0.592492544,0.7490714285714181,0.0714637693950362,0.24938374829931276,4,0
2022-03-31_2022-03-31T09:41:09-04:00,2022-03-31,0.443736576,0.44560783247211333,0.11263093744419905,0.24274421625883966,4,0
2022-03-31_2022-03-31T09:41:14-04:00,2022-03-31,0.501696992,0.5224880800093109,0.08365680390766472,0.10794676062225095,8,3
2022-03-31_2022-03-31T09:41:22-04:00,2022-03-31,0.739996416,0.369406249999992,0.027668191084113343,0.15789039174106564,8,3
2022-03-31_2022-03-31T10:15:19-04:00,2022-03-31,0.5570490683076923,0.4873348548651537,0.028413879410682116,0.07680569536825954,13,3
2022-03-31_2022-03-31T10:15:30-04:00,2022-03-31,0.22159144228571429,0.44217863311128186,0.036746674357854454,0.1339674956159921,14,3
2022-03-31_2022-03-31T10:15:34-04:00,2022-03-31,0.3679965582222222,0.5919379844961268,0.0551170197316176,0.14947683883179413,9,3
2022-03-31_2022-03-31T10:15:38-04:00,2022-03-31,0.48995645439999996,0.6226976744186044,0.04558900060699362,0.16967597620334743,5,3
2022-03-31_2022-03-31T10:15:40-04:00,2022-03-31,0.7360229302857143,0.40317749706991074,0.03769684008291221,0.1943854816569044,7,3
2022-03-31_2022-03-31T10:16:05-04:00,2022-03-31,0.6492368,0.433397683397691,0.046960466078395074,0.21457019623042806,4,3
2022-03-31_2022-03-31T10:16:07-04:00,2022-03-31,0.5716489386666667,0.6557218065946152,0.04778673675956827,0.1368824713254578,6,3
2022-03-31_2022-03-31T10:18:27-04:00,2022-03-31,0.42221773231488574,0.5356459986454538,0.07334919543960187,0.061438376337918356,778,1
2022-03-31_2022-03-31T10:21:08-04:00,2022-03-31,0.312881664,0.0,,,1,2
2022-04-01_2022-04-01T08:00:00-04:00,2022-04-01,0.8391917008422783,0.34326258603310256,0.08327528502147807,0.03156955430863624,5000,4
2022-04-01_2022-04-01T09:36:21-04:00,2022-04-01,0.48756676535958743,0.5939417194092785,0.077468934864469,0.05589776911973314,948,1
2022-04-01_2022-04-01T09:37:09-04:00,2022-04-01,0.4950238074359089,0.6859406205139285,0.08335480577422429,0.045788787153804,721,1
2022-04-01_2022-04-01T09:37:47-04:00,2022-04-01,0.4499700039272727,0.552103448275863,0.08082369992392925,0.04187746746535683,160,3
2022-04-01_2022-04-01T09:38:06-04:00,2022-04-01,0.48259487241945204,0.6721251979252006,0.0762874056404684,0.040669519584726414,1628,1
2022-04-01_2022-04-01T09:39:56-04:00,2022-04-01,0.4221084924444444,0.6084266169154142,0.07880968920499765,0.06927765912135736,72,3
2022-04-04_2022-04-04T08:00:00-04:00,2022-04-04,0.8690941871986929,0.6257686763516698,0.07520433081688747,0.04333559799059209,3391,4
2022-04-04_2022-04-04T09:32:21-04:00,2022-04-04,0.46852916622222224,0.4526222222222237,0.08530343642560646,0.10312888863491944,36,3
2022-04-04_2022-04-04T09:32:28-04:00,2022-04-04,0.47158583669841264,0.6320429322133602,0.08507702124123526,0.07576018374383442,21,3
2022-04-04_2022-04-04T09:32:46-04:00,2022-04-04,0.46873094144,0.5818206896551829,0.08321680359949536,0.09006080330954942,25,3
2022-04-04_2022-04-04T09:32:51-04:00,2022-04-04,0.6792550144,0.35695118008406884,0.061133678646168414,0.11190163783229454,10,3
2022-04-04_2022-04-04T09:32:54-04:00,2022-04-04,0.559829344,0.47025568181819144,0.07476830509905509,0.1776599127435067,8,3
2022-04-04_2022-04-04T09:32:57-04:00,2022-04-04,0.5889628201290323,0.5254215542521902,0.08209113153636488,0.11556168749444838,31,3
2022-04-04_2022-04-04T09:33:03-04:00,2022-04-04,0.5083257437866666,0.5297351598173495,0.08824418136607609,0.11154029879006024,75,3
2022-04-04_2022-04-04T09:33:14-04:00,2022-04-04,0.468835900952381,0.4080536292186747,0.05792153816258907,0.1302206150213883,21,3
2022-04-04_2022-04-04T09:33:20-04:00,2022-04-04,0.28409216,0.5610925925925886,0.036645118344586856,0.2490545699588486,6,3
2022-04-04_2022-04-04T09:34:12-04:00,2022-04-04,0.39924388977777775,0.5348032536438319,0.05626083384295607,0.1172348194765386,9,3
2022-04-04_2022-04-04T09:38:39-04:00,2022-04-04,0.508661042705314,0.4570234863148042,0.09651852547724674,0.0521741647799707,138,3
2022-04-04_2022-04-04T09:39:08-04:00,2022-04-04,0.5183817642666667,0.532489583333335,0.09065020199170279,0.07386392760873924,20,3
2022-04-04_2022-04-04T09:39:17-04:00,2022-04-04,0.5387583184295874,0.5784946907893516,0.09063525434698036,0.06716543110945188,74,3
2022-04-04_2022-04-04T09:39:46-04:00,2022-04-04,0.5125352777142858,0.4572663139329706,0.0756715771366949,0.13852021586095695,14,3
2022-04-04_2022-04-04T09:39:51-04:00,2022-04-04,0.48836324228456923,0.4996346170650446,0.0774450080883416,0.032428324264172734,1245,1
2022-04-04_2022-04-04T09:44:44-04:00,2022-04-04,0.4318791618181818,0.45463373615905955,0.07900224731807272,0.11637136334653064,64,3
2022-04-04_2022-04-04T09:45:09-04:00,2022-04-04,0.5723041168868217,0.502222020348834,0.053003577818430805,0.03966969132075082,86,3
2022-04-04_2022-04-04T09:45:26-04:00,2022-04-04,0.6204126151111111,0.693682170542625,0.05256248176214471,0.16466223296375704,9,3
2022-04-04_2022-04-04T09:45:30-04:00,2022-04-04,0.450194304,0.5,0.014146556553101307,0.5,2,0
2022-04-04_2022-04-04T09:45:33-04:00,2022-04-04,0.34481300945454546,0.491603657464391,0.0424473645101895,0.12490497330264676,11,3
2022-04-04_2022-04-04T09:45:41-04:00,2022-04-04,0.6892425216,0.2563705722070849,0.04669899286588946,0.17695208012532546,5,3
2022-04-04_2022-04-04T09:46:36-04:00,2022-04-04,0.414785024,0.27925074925074755,0.08733811890622738,0.10933662072193562,7,3
2022-04-04_2022-04-04T09:50:18-04:00,2022-04-04,0.0245952,0.0,,,1,2
2022-04-05_2022-04-05T08:00:00-04:00,2022-04-05,0.8274183011182524,0.2639360672564653,0.09605668168358439,0.007672227025067582,1435,1
2022-04-05_2022-04-05T09:30:45-04:00,2022-04-05,0.6130027093333333,0.4818432843596929,0.0482681883854744,0.16099827828607166,6,3
2022-04-05_2022-04-05T09:30:48-04:00,2022-04-05,0.6739396189090909,0.2517148760330629,0.08071425528083463,0.08145436096502212,11,3
2022-04-05_2022-04-05T09:30:54-04:00,2022-04-05,0.460039808,0.5121083118151976,0.08215813125910086,0.0853842274315584,14,3
2022-04-05_2022-04-05T09:30:56-04:00,2022-04-05,0.590248064,0.38247226361981135,0.12229390596660701,0.23188076010101957,4,3
2022-04-05_2022-04-05T09:30:59-04:00,2022-04-05,0.35688755199999994,0.3333333333333333,0.009367078744031226,0.33333333333333337,3,3
2022-04-05_2022-04-05T09:31:01-04:00,2022-04-05,0.5174432901674877,0.4280574712643727,0.08499758468980856,0.08809135769020411,29,3
2022-04-05_2022-04-05T09:31:10-04:00,2022-04-05,0.5163775032888889,0.399933253237212,0.05580874335598391,0.08215821980063888,15,3
2022-04-05_2022-04-05T09:31:15-04:00,2022-04-05,0.50738272,0.5450898898124871,0.1570460185249874,0.28134587290322616,4,0
2022-04-05_2022-04-05T09:32:00-04:00,2022-04-05,0.4579711355053602,0.6173046448469881,0.08575095565298455,0.03548471307606442,191,3
2022-04-05_2022-04-05T09:32:45-04:00,2022-04-05,0.45223966720000003,0.3839120659505427,0.036166140919132984,0.17467380978130734,5,3
2022-04-05_2022-04-05T09:32:49-04:00,2022-04-05,0.4692460688183908,0.4294815546422593,0.08692034113685664,0.07704734618011527,58,3
2022-04-05_2022-04-05T09:33:06-04:00,2022-04-05,0.44736623999999997,0.6260403067885056,0.05393296540215239,0.15116763625445978,8,3
2022-04-05_2022-04-05T09:33:09-04:00,2022-04-05,0.3789411555555555,0.537802147978114,0.09185333603701464,0.12897081842573055,9,3
2022-04-05_2022-04-05T09:33:13-04:00,2022-04-05,0.5384904448000001,0.6401363636363698,0.12891653135171388,0.1300925948882735,10,3
2022-04-05_2022-04-05T09:33:20-04:00,2022-04-05,0.4881056293679654,0.5601809764309869,0.05461022719595996,0.0815712016358614,33,3
2022-04-05_2022-04-05T09:33:29-04:00,2022-04-05,0.6279273472,0.37913962264151263,0.11457002965389801,0.17529617543609843,5,3
2022-04-05_2022-04-05T09:33:39-04:00,2022-04-05,0.473794816,0.5534591194968513,0.02280626406811239,0.2585736323721359,3,3
2022-04-05_2022-04-05T09:34:52-04:00,2022-04-05,0.7340584960000001,0.25103021978022955,0.05212579461171337,0.24931743222436265,4,3
2022-04-05_2022-04-05T09:34:57-04:00,2022-04-05,0.6209980017777778,0.5305164319248962,0.06667063497357902,0.16330352816628338,9,3
2022-04-05_2022-04-05T09:35:02-04:00,2022-04-05,0.5479578399240678,0.5028378378378445,0.07620708726502062,0.05797315524117331,118,3
2022-04-05_2022-04-05T09:35:29-04:00,2022-04-05,0.631721728,0.5734693877551214,0.07293752507614157,0.15454041371650434,13,3
2022-04-05_2022-04-05T09:35:36-04:00,2022-04-05,0.410839808,0.3936756599942191,0.15267673339900723,0.2839145958329947,3,0
2022-04-05_2022-04-05T09:35:39-04:00,2022-04-05,0.561247136,0.2613033326257606,0.120433299080515,0.14770142022208957,8,3
2022-04-05_2022-04-05T09:35:42-04:00,2022-04-05,0.4756035981752066,0.5830866310160412,0.084156640616685,0.07616918721703832,55,3
2022-04-05_2022-04-05T09:35:55-04:00,2022-04-05,0.48893264887394955,0.5922532402791684,0.09890764746456036,0.09609156813073914,34,3
2022-04-05_2022-04-05T09:36:06-04:00,2022-04-05,0.368886016,0.5,0.018212652140986368,0.5,2,0
2022-04-05_2022-04-05T09:37:28-04:00,2022-04-05,0.49795514327326484,0.5877343255660438,0.07841271480973498,0.06080837869859099,652,1
2022-04-05_2022-04-05T09:40:17-04:00,2022-04-05,0.5262542039020716,0.5964523074480016,0.08702543863800338,0.10382699205750755,59,3
2022-04-05_2022-04-05T09:40:46-04:00,2022-04-05,0.639660288,0.6443859649122389,0.00941413413951897,0.3125419205909148,3,3
2022-04-05_2022-04-05T09:40:48-04:00,2022-04-05,0.326665216,0.0,,,1,2
2022-04-05_2022-04-05T09:40:53-04:00,2022-04-05,0.5286205622857143,0.5852481671468449,0.02151153778961847,0.22777618724597015,7,3
2022-04-05_2022-04-05T09:40:57-04:00,2022-04-05,0.683435264,0.5,0.12075921589089075,0.5,2,0
2022-04-05_2022-04-05T09:40:59-04:00,2022-04-05,0.142553472,0.5,0.007852928167084033,0.5,2,0
2022-04-05_2022-04-05T09:41:02-04:00,2022-04-05,0.39857570417777777,0.5073511150847012,0.07561559471187555,0.1271104734571538,18,3
2022-04-05_2022-04-05T09:41:12-04:00,2022-04-05,0.559682816,0.0,,,1,5
2022-04-06_2022-04-06T10:15:13-04:00,2022-04-06,0.44595243550760716,0.6497697268027397,0.08094288217858803,0.030957822977665982,1446,1
2022-04-06_2022-04-06T10:20:03-04:00,2022-04-06,0.5576087817142857,0.5994279120015743,0.11689896023966749,0.07298980142557282,36,3
2022-04-06_2022-04-06T10:20:19-04:00,2022-04-06,0.5134449545846154,0.5823305407463776,0.08771064684307069,0.10397853169749047,26,3
2022-04-06_2022-04-06T10:20:26-04:00,2022-04-06,0.5020673422222222,0.47840936813856594,0.10851394012095875,0.10933781741612633,9,3
2022-04-07_2022-04-07T08:00:00-04:00,2022-04-07,0.9023644926500124,0.3313020330168401,0.04030651355469127,0.03195902385490915,1804,1
2022-04-07_2022-04-07T09:35:27-04:00,2022-04-07,0.4387687111111111,0.3386477987421361,0.09154275546259757,0.13149555595110748,6,3
2022-04-07_2022-04-07T09:35:32-04:00,2022-04-07,0.4735305230986367,0.31908219421267486,0.09363666171692202,0.031703398737063376,129,3
2022-04-07_2022-04-07T09:37:38-04:00,2022-04-07,0.6358094006857142,0.5650125313283216,0.10861942884043291,0.09591617851044962,14,3
2022-04-07_2022-04-07T09:37:45-04:00,2022-04-07,0.31447159466666663,0.5773584905660276,0.04339876299057835,0.19215183492367285,5,3
2022-04-07_2022-04-07T09:37:50-04:00,2022-04-07,0.78558208,0.5,0.0001235984402350076,0.5,2,0
2022-04-07_2022-04-07T09:37:54-04:00,2022-04-07,0.49646965441839075,0.587724827586211,0.07724858807862468,0.04386407750431024,145,3
2022-04-07_2022-04-07T09:39:32-04:00,2022-04-07,0.518506233209549,0.4235707502374285,0.061770704560745314,0.08774707337544385,52,3
2022-04-07_2022-04-07T09:40:05-04:00,2022-04-07,0.21344288426666663,0.5002967359050439,0.01632022637788237,0.220793526402452,5,3
2022-04-07_2022-04-07T09:40:12-04:00,2022-04-07,0.42110630303759394,0.6242214912280767,0.05769022777405578,0.0674175833917128,19,3
2022-04-07_2022-04-07T09:40:21-04:00,2022-04-07,0.818964992,0.0,,,1,5
2022-04-07_2022-04-07T09:43:20-04:00,2022-04-07,0.784001536,0.0,,,1,5
2022-04-07_2022-04-07T09:54:40-04:00,2022-04-07,0.598240128,0.5,0.008828700278423567,0.5,2,0
2022-04-08_2022-04-08T08:00:00-04:00,2022-04-08,0.3171697653001998,0.555382513661202,0.12577335205464185,0.0669989419219294,150,3
2022-04-08_2022-04-08T09:02:24-04:00,2022-04-08,0.3149035014320988,0.6666666666666666,0.08260152709199879,0.33333333333333337,3,0
2022-04-08_2022-04-08T09:03:00-04:00,2022-04-08,0.929234176,0.0,,,1,5
2022-04-08_2022-04-08T09:03:07-04:00,2022-04-08,0.866159616,0.0,,,1,5
2022-04-08_2022-04-08T09:03:55-04:00,2022-04-08,0.008278255252336449,0.0,,,1,2
2022-04-08_2022-04-08T09:06:20-04:00,2022-04-08,0.676421632,0.0,,,1,5
2022-04-08_2022-04-08T09:06:58-04:00,2022-04-08,0.9425903328191415,0.5988438485666612,0.02425115568234497,0.027969156966561694,729,5
2022-04-08_2022-04-08T09:30:34-04:00,2022-04-08,0.2967825777777778,0.45703338806786875,0.03920952660876807,0.1274323443210026,18,3
2022-04-08_2022-04-08T09:30:38-04:00,2022-04-08,0.577904,0.5,0.0197494488524718,0.5,2,0
2022-04-08_2022-04-08T09:30:41-04:00,2022-04-08,0.27317248,0.3333333333333333,0.01864754136796365,0.33333333333333337,3,3
2022-04-08_2022-04-08T09:30:43-04:00,2022-04-08,0.5397706415686274,0.41194367388775815,0.061079503101149235,0.06614608674124026,17,3
2022-04-08_2022-04-08T09:30:52-04:00,2022-04-08,0.4967280213333334,0.5273586343545192,0.10430817780544002,0.18615988468668393,9,3
2022-04-08_2022-04-08T09:30:59-04:00,2022-04-08,0.3957655751111111,0.4473232323232303,0.06000629971768704,0.07732071095986552,18,3
2022-04-08_2022-04-08T09:31:07-04:00,2022-04-08,0.3126245741714286,0.38379831932771724,0.038430813442434035,0.1542739322407708,14,3
2022-04-08_2022-04-08T09:32:03-04:00,2022-04-08,0.744567168,0.4800240217459942,0.015648280246766795,0.10363417293156343,6,3
2022-04-08_2022-04-08T10:28:01-04:00,2022-04-08,0.5205869705539489,0.5420886121664814,0.08361914705339835,0.07785064683604835,62,3
2022-04-08_2022-04-08T10:28:33-04:00,2022-04-08,0.4473171306666666,0.7314285714285725,0.051606329018504704,0.16427346938776513,6,3
2022-04-08_2022-04-08T10:28:53-04:00,2022-04-08,0.288925696,0.0,,,1,2
2022-04-08_2022-04-08T10:28:59-04:00,2022-04-08,0.535117184,0.0,0.00998233406573772,0.0,2,5
2022-04-08_2022-04-08T10:29:18-04:00,2022-04-08,0.3148942506666667,0.44444444444446446,0.01934090107804605,0.2592592592592526,3,3
2022-04-08_2022-04-08T10:29:24-04:00,2022-04-08,0.46671740791979954,0.6362997658079669,0.10392360932302265,0.06818828425538521,21,3
2022-04-08_2022-04-08T10:29:47-04:00,2022-04-08,0.5117559879111111,0.4688194590060968,0.1151909866384236,0.11305867739978227,15,3
2022-04-12_2022-04-12T10:06:00-04:00,2022-04-12,0.4572337721287618,0.5438505287809268,0.08085959466790624,0.027454164530224354,311,3
2022-04-12_2022-04-12T10:07:44-04:00,2022-04-12,0.4955894998214258,0.49813612056392953,0.09131240261638837,0.04714672869893854,340,3
2022-04-12_2022-04-12T10:10:17-04:00,2022-04-12,0.095277312,0.0,,,1,2
2022-04-12_2022-04-12T10:10:19-04:00,2022-04-12,0.4833745386666667,0.6612499999999991,0.09726926167621044,0.18776338951031588,8,0
2022-04-12_2022-04-12T10:10:24-04:00,2022-04-12,0.400919552,0.0,,,1,2
2022-04-12_2022-04-12T10:10:26-04:00,2022-04-12,0.6554953728,0.6233633387888673,0.015397998472114986,0.17196084267962497,5,3
2022-04-12_2022-04-12T10:10:29-04:00,2022-04-12,0.204756736,0.0,,,1,2
2022-04-12_2022-04-12T10:10:31-04:00,2022-04-12,0.46472226445657566,0.5822278225806423,0.08313470266455773,0.04916979109121521,372,3
2022-04-12_2022-04-12T10:13:22-04:00,2022-04-12,0.47313432064000005,0.7037866666666779,0.08701157861166993,0.13393908222222067,25,3
2022-04-12_2022-04-12T10:13:42-04:00,2022-04-12,0.7823200768,0.537703869523505,0.01937894228110215,0.18765177878099668,5,3
2022-04-12_2022-04-12T10:13:45-04:00,2022-04-12,0.4568116761565453,0.6143019943019932,0.11818387546855046,0.03833405820783133,39,3
2022-04-12_2022-04-12T10:14:07-04:00,2022-04-12,0.665856256,0.0,,,1,5
2022-04-12_2022-04-12T10:14:10-04:00,2022-04-12,0.5012275995654363,0.5575670458698843,0.07850034333191687,0.029872256521258248,512,1
2022-04-12_2022-04-12T10:19:30-04:00,2022-04-12,0.639555904,0.32831090306221455,0.03104538900554819,0.20597349080954677,4,3
2022-04-12_2022-04-12T10:20:57-04:00,2022-04-12,0.670270208,0.0,,,1,5
2022-04-12_2022-04-12T10:20:59-04:00,2022-04-12,0.387979264,0.0,,,1,2
2022-04-12_2022-04-12T10:21:03-04:00,2022-04-12,0.47220360533333333,0.4999999999999902,0.09439855977577402,0.25,3,0
2022-04-12_2022-04-12T10:21:14-04:00,2022-04-12,0.47078493866666665,0.649983316649997,0.09702706666355645,0.3174849858199998,3,0
2022-04-12_2022-04-12T10:21:18-04:00,2022-04-12,0.5689386217739131,0.5485991405180934,0.09708818024707111,0.046209052345486674,23,3
2022-04-12_2022-04-12T10:21:50-04:00,2022-04-12,0.2960335659220779,0.5794212165385635,0.060989801580704155,0.10374028959153003,22,3
2022-04-12_2022-04-12T10:22:14-04:00,2022-04-12,0.6923776,0.0,,,1,5
2022-04-12_2022-04-12T10:22:20-04:00,2022-04-12,0.788290816,0.6227536231883878,0.007634523679948797,0.29520535601763004,3,3
2022-04-12_2022-04-12T10:22:23-04:00,2022-04-12,0.49362483199999996,0.748586956521723,0.03524171770953729,0.24906444549463336,4,0
2022-04-12_2022-04-12T10:24:59-04:00,2022-04-12,0.578545408,0.580811949444637,0.04452570132392182,0.14172797496259867,6,3
2022-04-12_2022-04-12T10:25:03-04:00,2022-04-12,0.5300660165149425,0.5526860254083443,0.09484034004982735,0.11488183804566206,29,3
2022-04-12_2022-04-12T10:25:38-04:00,2022-04-12,0.41492508207407414,0.3888888888888796,0.1242470583945426,0.19610246059208247,9,3
2022-04-12_2022-04-12T10:25:53-04:00,2022-04-12,0.580666176,0.4717105263157849,0.11261392342875688,0.13094808072814496,8,3
2022-04-12_2022-04-12T10:25:59-04:00,2022-04-12,0.4477561685333334,0.3246211180124204,0.12074016036453161,0.18564458469966583,5,3
2022-04-12_2022-04-12T10:26:05-04:00,2022-04-12,0.160844288,0.0,,,1,2
2022-04-12_2022-04-12T10:26:11-04:00,2022-04-12,0.6037050495999999,0.49206349206347666,0.13737101983108277,0.16675065087763538,4,3
2022-04-12_2022-04-12T10:26:38-04:00,2022-04-12,0.96257536,0.0,,,1,5
2022-04-12_2022-04-12T10:26:42-04:00,2022-04-12,0.13450758399999999,0.5,0.02757585968300851,0.5,2,0
2022-04-12_2022-04-12T10:26:48-04:00,2022-04-12,0.154617664,0.5,0.018002801455013887,0.5,2,0
2022-04-12_2022-04-12T10:26:53-04:00,2022-04-12,0.841371136,0.0,,,1,5
2022-04-12_2022-04-12T10:26:56-04:00,2022-04-12,0.4469771946666667,0.4607843137254844,0.025368108661101917,0.25461361014994366,3,3
2022-04-12_2022-04-12T10:27:00-04:00,2022-04-12,0.696887552,0.0,,,1,5
2022-04-12_2022-04-12T10:27:03-04:00,2022-04-12,0.43887552,0.5,0.20144448861716482,0.5,2,0
2022-04-12_2022-04-12T10:27:07-04:00,2022-04-12,0.6260411769263158,0.7165846560846626,0.07548294384082276,0.05333198618748097,35,3
2022-04-12_2022-04-12T10:27:28-04:00,2022-04-12,0.4940840618666667,0.6379746835442827,0.0856279948790173,0.2307002082999375,5,0
2022-04-12_2022-04-12T10:27:35-04:00,2022-04-12,0.150945024,0.0,,,1,2
2022-04-12_2022-04-12T10:27:38-04:00,2022-04-12,0.5056442869485882,0.6891726495726583,0.0810910239143729,0.06241371645912257,135,3
2022-04-12_2022-04-12T10:29:21-04:00,2022-04-12,0.4191058057142857,0.4513432964754718,0.1465184960302334,0.19000878591446807,8,0
2022-04-12_2022-04-12T10:29:32-04:00,2022-04-12,0.46837252740740737,0.6603636363636383,0.05532888783516218,0.1326225935386917,12,3
2022-04-12_2022-04-12T10:29:44-04:00,2022-04-12,0.433332224,0.36560097506094236,0.042231474198544394,0.2245050163516363,4,3
2022-04-12_2022-04-12T10:29:48-04:00,2022-04-12,0.36207806933333336,0.5833333333333391,0.09323241920257586,0.13078028951021087,6,3
2022-04-13_2022-04-13T10:15:49-04:00,2022-04-13,0.829078272,0.0,,,1,5
2022-04-13_2022-04-13T10:16:02-04:00,2022-04-13,0.49177536,0.0,0.33209606980321277,0.0,2,3
2022-04-13_2022-04-13T10:16:05-04:00,2022-04-13,0.7594548480000001,0.5,0.015216387294003196,0.5,2,0
2022-04-13_2022-04-13T10:16:09-04:00,2022-04-13,0.700952576,0.0,,,1,5
2022-04-13_2022-04-13T10:16:11-04:00,2022-04-13,0.368455936,0.0,,,1,2
2022-04-13_2022-04-13T10:16:15-04:00,2022-04-13,0.3548358656,0.34384377232674634,0.08244324801575648,0.1703788668992663,5,3
2022-04-14_2022-04-14T10:23:48-04:00,2022-04-14,0.4292781470476191,0.28936355311354933,0.0038784934272427956,0.12990475265920426,21,3
2022-04-14_2022-04-14T10:24:33-04:00,2022-04-14,0.22283229866666665,0.4924242424242493,0.12109918543756219,0.2501721763085396,3,0
2022-04-14_2022-04-14T10:24:35-04:00,2022-04-14,0.3293566293333333,0.6000000000000095,0.09331475719627297,0.2800000000000057,3,0
2022-04-14_2022-04-14T10:24:44-04:00,2022-04-14,0.5991864705641026,0.5199141483516369,0.09101563426652708,0.06752364006900761,52,3
2022-04-14_2022-04-14T10:25:39-04:00,2022-04-14,0.69446784,0.0,,,1,5
2022-04-14_2022-04-14T10:25:41-04:00,2022-04-14,0.62755008,0.5,0.13202491519955764,0.5,2,0
2022-04-14_2022-04-14T10:29:45-04:00,2022-04-14,0.4019508283763066,0.5868085106382749,0.1302345876353382,0.05872246717971754,41,3
2022-04-18_2022-04-18T08:00:00-04:00,2022-04-18,0.9399233397680404,0.5897706296105705,0.023817848873342887,0.03283091314701713,2412,1
2022-04-18_2022-04-18T09:33:32-04:00,2022-04-18,0.4565767491270918,0.3841657653474021,0.0886986740947705,0.06290421566462842,67,3
2022-04-18_2022-04-18T09:34:07-04:00,2022-04-18,0.4740876451929824,0.5100619195046479,0.10034564621418159,0.10373670779457049,19,3
2022-04-18_2022-04-18T09:34:21-04:00,2022-04-18,0.45415569066666667,0.4370748299319762,0.13462035552903714,0.2618787310842691,3,0
2022-04-18_2022-04-18T09:34:23-04:00,2022-04-18,0.5628934528,0.4110508474576326,0.04702083776558494,0.2067046174470915,10,3
2022-04-18_2022-04-18T09:34:29-04:00,2022-04-18,0.4278875514074074,0.5391340636410992,0.09478959698917949,0.10929606565196533,27,3
2022-04-18_2022-04-18T09:38:37-04:00,2022-04-18,0.659860224,0.23549164208456,0.058703167676533954,0.141989210124057,6,3
2022-04-20_2022-04-20T08:00:00-04:00,2022-04-20,0.016768056443373494,0.5552180555555583,6.966575375830046e-06,0.13412601202722943,60,2
2022-04-20_2022-04-20T08:02:31-04:00,2022-04-20,0.5897921877107285,0.2,0.13238544670355062,0.2,5,3
2022-04-20_2022-04-20T08:16:52-04:00,2022-04-20,0.9318350777504247,0.36406934385471895,0.036654496665426806,0.07718434228692157,638,5
2022-04-20_2022-04-20T09:30:14-04:00,2022-04-20,0.5524175498461538,0.7223905835543817,0.07196942822437981,0.11656974765825488,312,3
2022-04-20_2022-04-20T09:30:25-04:00,2022-04-20,0.511623168,0.35099337748342774,0.21647061512696633,0.3166089206613888,3,0
2022-04-20_2022-04-20T09:30:28-04:00,2022-04-20,0.4005958968888889,0.446610305958125,0.057310891645606446,0.07798810622095213,27,3
2022-04-20_2022-04-20T09:30:35-04:00,2022-04-20,0.4174589963636363,0.48502673796791423,0.13185024182231017,0.14301289713746418,11,3
2022-04-20_2022-04-20T09:31:14-04:00,2022-04-20,0.489171568,0.5806943914536374,0.07597534915710831,0.21165847156870501,8,3
2022-04-20_2022-04-20T09:31:18-04:00,2022-04-20,0.4166842842763636,0.5410833333333314,0.1144340643501449,0.08201475694444031,25,3
2022-04-21_2022-04-21T09:37:07-04:00,2022-04-21,0.6930576128,0.3481149012567319,0.11037104571700636,0.10972285526286464,10,3
2022-04-21_2022-04-21T09:37:10-04:00,2022-04-21,0.5196075398095238,0.6071130704158331,0.06852556908004716,0.10330480924094906,14,3
2022-04-21_2022-04-21T09:37:18-04:00,2022-04-21,0.440052474323725,0.6702026266416543,0.07476635880806173,0.09913182537162467,41,3
2022-04-21_2022-04-21T09:37:31-04:00,2022-04-21,0.4261516458666667,0.4624310344827488,0.09575958871390525,0.08653068873262136,30,3
2022-04-21_2022-04-21T09:37:48-04:00,2022-04-21,0.5488412048290909,0.48211666666667774,0.08799278351621276,0.13279507624421852,25,3
2022-04-21_2022-04-21T09:38:01-04:00,2022-04-21,0.3326174227692308,0.46401337792641323,0.04151612143816852,0.17481856187290437,13,3
2022-04-21_2022-04-21T09:38:07-04:00,2022-04-21,0.5126436701090908,0.5719309566058963,0.09078821458879678,0.07876152516411017,20,3
2022-04-21_2022-04-21T09:38:22-04:00,2022-04-21,0.3788745216,0.32821276595745824,0.11619287598820885,0.18264340425531753,5,3
2022-04-21_2022-04-21T09:38:25-04:00,2022-04-21,0.897830272,0.5,0.015907800023859213,0.5,2,0
2022-04-22_2022-04-22T10:01:21-04:00,2022-04-22,0.61464352,0.3858163265306086,0.0953463454850253,0.23235711509092447,4,3
2022-04-22_2022-04-22T10:01:28-04:00,2022-04-22,0.6003595776,0.6203802733214505,0.056932837929635036,0.1446979317483661,5,3
2022-04-22_2022-04-22T10:01:33-04:00,2022-04-22,0.40948898133333334,0.5555555555555387,0.07166067216501963,0.14928888888888722,9,3
2022-04-26_2022-04-26T08:00:00-04:00,2022-04-26,0.8487551704791566,0.3306266847289494,0.08663902373435434,0.02947741293970073,970,1
2022-04-26_2022-04-26T09:32:43-04:00,2022-04-26,0.44226831466666666,0.4742373078714401,0.10476841760074822,0.08011631770671308,12,3
2022-04-26_2022-04-26T09:32:53-04:00,2022-04-26,0.641138432,0.5,0.023221731795795952,0.5,2,0
2022-04-26_2022-04-26T09:32:59-04:00,2022-04-26,0.839849088,0.5,0.04175996361772237,0.5,2,0
2022-04-27_2022-04-27T10:00:16-04:00,2022-04-27,0.541286144,0.5,0.01837473331793101,0.5,2,0
2022-04-28_2022-04-28T08:00:00-04:00,2022-04-28,0.03692192407703704,0.5979714285714312,2.2476992417345852e-05,0.06967633281990475,50,2
2022-04-28_2022-04-28T08:05:57-04:00,2022-04-28,0.3777158462528736,0.23487049140644534,0.13903965591121437,0.15061962644243365,6,3
2022-04-28_2022-04-28T08:08:11-04:00,2022-04-28,0.717851136,0.0,,,1,5
2022-04-28_2022-04-28T08:12:15-04:00,2022-04-28,0.107796736,0.0,,,1,2
2022-04-28_2022-04-28T08:15:37-04:00,2022-04-28,0.780215552,0.0,,,1,5
2022-04-28_2022-04-28T08:26:43-04:00,2022-04-28,0.5738633802147316,0.4895104895104891,0.10715421695471351,0.10456399660945022,13,3
2022-04-28_2022-04-28T08:42:18-04:00,2022-04-28,0.39006179742528735,0.54330084546735,0.07873667602212582,0.061931655849206325,16,3
2022-04-28_2022-04-28T08:55:20-04:00,2022-04-28,0.011472766144927536,0.0,,,1,2
2022-04-28_2022-04-28T08:58:27-04:00,2022-04-28,0.2629860685128205,0.6666666666666666,0.048416628403302193,0.33333333333333337,3,0
2022-04-28_2022-04-28T09:02:36-04:00,2022-04-28,0.46978562277756286,0.3000000000001421,0.18134132173065065,0.20000000000007107,5,0
2022-04-28_2022-04-28T09:14:10-04:00,2022-04-28,0.277133568,0.0,,,1,2
2022-04-28_2022-04-28T09:17:51-04:00,2022-04-28,0.353740032,0.0,,,1,2
2022-04-28_2022-04-28T09:22:09-04:00,2022-04-28,0.010248704,0.0,,,1,2
2022-04-28_2022-04-28T09:23:28-04:00,2022-04-28,0.016348780606060605,0.0,,,1,2
2022-04-28_2022-04-28T09:25:18-04:00,2022-04-28,0.12583192177777777,0.0,0.03157314473950955,0.0,2,2
2022-04-28_2022-04-28T09:28:27-04:00,2022-04-28,0.91238912,0.0,,,1,5
2022-04-28_2022-04-28T09:29:01-04:00,2022-04-28,0.525956352,0.0,,,1,5
2022-04-28_2022-04-28T09:30:01-04:00,2022-04-28,0.503011657620915,0.3248863313441403,0.05974027565809198,0.13139489561670778,153,3
2022-04-28_2022-04-28T09:31:15-04:00,2022-04-28,0.788707072,0.5,0.03836838253022415,0.5,2,0
2022-04-28_2022-04-28T09:31:22-04:00,2022-04-28,0.699866624,0.8027719298245687,0.040100243966394354,0.10043345166033989,10,3
2022-04-28_2022-04-28T09:31:28-04:00,2022-04-28,0.44122289143340376,0.6136490208078265,0.06011261461039103,0.09409738188992922,43,3
2022-04-28_2022-04-28T09:32:04-04:00,2022-04-28,0.5184145603950617,0.45216931216930983,0.08863204515751391,0.17729580448475213,9,3
2022-04-28_2022-04-28T09:32:16-04:00,2022-04-28,0.6924759893333333,0.6577777777777628,0.04922163212401599,0.32468148148146736,3,0
2022-04-28_2022-04-28T09:32:21-04:00,2022-04-28,0.418952448,0.0,,,1,2
2022-04-28_2022-04-28T09:32:25-04:00,2022-04-28,0.5166963931428572,0.6316789396170917,0.06683945945033172,0.14357114363653842,7,3
2022-04-28_2022-04-28T09:32:32-04:00,2022-04-28,0.43481472,0.0,,,1,2
2022-04-28_2022-04-28T09:32:37-04:00,2022-04-28,0.4559714986666667,0.3333333333333333,0.14935952516647044,0.33333333333333337,3,0
2022-04-28_2022-04-28T09:32:46-04:00,2022-04-28,0.39490944,0.0,,,1,2
2022-04-28_2022-04-28T09:32:52-04:00,2022-04-28,0.442782976,0.0,,,1,2
2022-04-28_2022-04-28T09:32:58-04:00,2022-04-28,0.63165696,0.0,,,1,5
2022-04-28_2022-04-28T09:33:04-04:00,2022-04-28,0.320647936,0.47201722017219855,0.11365734204786608,0.1730077356124088,6,3
2022-04-28_2022-04-28T09:33:06-04:00,2022-04-28,0.12338176000000001,0.3333789954337915,0.011846419088867327,0.3332876774879574,3,2
2022-04-28_2022-04-28T09:33:16-04:00,2022-04-28,0.361575584,0.23445512820512177,0.06440577811699315,0.17721021766695014,8,3
2022-04-28_2022-04-28T09:33:25-04:00,2022-04-28,0.446535168,0.6256163708086815,0.09878867847224433,0.18775009417789434,4,0
2022-04-28_2022-04-28T09:33:34-04:00,2022-04-28,0.5055771022222222,0.5607094133697125,0.09604156141706592,0.26105689861508385,3,0
2022-04-28_2022-04-28T09:33:39-04:00,2022-04-28,0.451053312,0.5,0.350676030723326,0.5,2,0
2022-04-28_2022-04-28T09:33:46-04:00,2022-04-28,0.436451072,0.0,,,1,2
2022-05-05_2022-05-05T08:00:00-04:00,2022-05-05,0.22029537770212768,0.599326241134751,0.014284919862555548,0.1350153672571675,47,3
2022-05-05_2022-05-05T08:01:11-04:00,2022-05-05,0.37148940799999997,0.5,0.0006950328179425283,0.5,2,0
2022-05-05_2022-05-05T08:13:04-04:00,2022-05-05,0.06251003345454545,0.0,,,1,2
2022-05-05_2022-05-05T08:13:58-04:00,2022-05-05,0.18140610683870967,0.0,0.06096619635566209,0.0,2,2
2022-05-05_2022-05-05T08:19:47-04:00,2022-05-05,0.736380416,0.0,,,1,5
2022-05-05_2022-05-05T08:25:05-04:00,2022-05-05,0.874095872,0.0,,,1,5
2022-05-05_2022-05-05T08:27:09-04:00,2022-05-05,0.673592832,0.0,,,1,5
2022-05-05_2022-05-05T08:29:11-04:00,2022-05-05,0.260297472,0.0,,,1,2
2022-05-05_2022-05-05T08:29:24-04:00,2022-05-05,0.283476224,0.0,,,1,2
2022-05-05_2022-05-05T08:30:21-04:00,2022-05-05,0.484115712,0.0,,,1,2
2022-05-05_2022-05-05T08:31:48-04:00,2022-05-05,0.317670144,0.0,,,1,2
2022-05-05_2022-05-05T08:32:56-04:00,2022-05-05,0.0393858048,0.0,,,1,2
2022-05-05_2022-05-05T08:35:02-04:00,2022-05-05,0.25259712847386756,0.0,0.12428395143706542,0.0,2,2
2022-05-05_2022-05-05T08:53:16-04:00,2022-05-05,0.494724096,0.0,,,1,5
2022-05-05_2022-05-05T08:56:59-04:00,2022-05-05,0.32325771851851853,0.5,0.20668316930206124,0.5,2,0
2022-05-06_2022-05-06T08:00:00-04:00,2022-05-06,0.6801914216296296,0.5360022835938067,0.07326804878355105,0.10229212994174677,27,3
2022-05-06_2022-05-06T08:01:51-04:00,2022-05-06,0.03183908072727273,0.0,,,1,2
2022-05-06_2022-05-06T08:05:46-04:00,2022-05-06,0.3869179013333333,0.39285714285712836,0.1374671711595741,0.1819727891156504,4,3
2022-05-06_2022-05-06T08:10:50-04:00,2022-05-06,0.4942631662702702,0.0,0.47701381423656725,0.0,2,0
2022-05-06_2022-05-06T08:12:56-04:00,2022-05-06,0.792374784,0.0,,,1,5
2022-05-06_2022-05-06T08:15:01-04:00,2022-05-06,0.5055909478399999,0.8,0.12971235810483378,0.2,5,0
2022-05-06_2022-05-06T08:18:56-04:00,2022-05-06,0.24776265987878787,0.4,0.030124740927295522,0.3,5,3
2022-05-06_2022-05-06T08:23:40-04:00,2022-05-06,0.894862592,0.0,,,1,5
2022-05-06_2022-05-06T08:27:25-04:00,2022-05-06,0.3327796068481262,0.0,0.19223700920828013,0.0,3,3
2022-05-06_2022-05-06T08:35:53-04:00,2022-05-06,0.36829418090931193,0.52385304659498,0.1088648491253442,0.16463293733379583,9,3
2022-05-06_2022-05-06T08:44:10-04:00,2022-05-06,0.34236921417142857,0.5972529411764707,0.11005806360963233,0.1818230376470584,17,0
2022-05-06_2022-05-06T08:58:47-04:00,2022-05-06,0.48274067576470586,0.0,0.46314751817486105,0.0,2,0
2022-05-06_2022-05-06T09:02:03-04:00,2022-05-06,0.44735279792491467,0.37425000000000175,0.07244897376439494,0.1966073571428581,8,3
2022-05-06_2022-05-06T09:08:52-04:00,2022-05-06,0.246543616,0.0,,,1,2
2022-05-06_2022-05-06T09:13:47-04:00,2022-05-06,0.0113635328,0.0,,,1,2
2022-05-06_2022-05-06T09:14:43-04:00,2022-05-06,0.155998976,0.0,,,1,2
2022-05-06_2022-05-06T09:15:16-04:00,2022-05-06,0.492044032,0.0,,,1,5
2022-05-06_2022-05-06T09:16:15-04:00,2022-05-06,0.47009400637398374,0.6666666666666666,0.14953960678601336,0.26666666666666666,6,0
2022-05-06_2022-05-06T09:19:30-04:00,2022-05-06,0.32922204635051544,0.48529411764705144,0.14857841137795827,0.31459054209918363,4,0
2022-05-06_2022-05-06T09:30:03-04:00,2022-05-06,0.199770416120393,0.3730223408989788,0.054753657477838204,0.051368237950855086,321,2
2022-05-06_2022-05-06T09:31:10-04:00,2022-05-06,0.527779472,0.4397671294223028,0.07141783355050015,0.10017410695991302,8,3
2022-05-06_2022-05-06T09:31:18-04:00,2022-05-06,0.519698688,0.0,,,1,5
2022-05-06_2022-05-06T09:31:21-04:00,2022-05-06,0.37805504,0.5532891585502204,0.09480023463191074,0.17045297922532068,4,3
2022-05-06_2022-05-06T09:31:27-04:00,2022-05-06,0.55070976,0.3797285590528526,0.018791698420088827,0.2933956585225095,3,3
2022-05-06_2022-05-06T09:31:33-04:00,2022-05-06,0.47304562181314885,0.4947164756660274,0.10599613111541624,0.10168734003336373,17,3
2022-05-06_2022-05-06T09:32:00-04:00,2022-05-06,0.555633152,0.5,0.19496989038005452,0.5,2,0
2022-05-06_2022-05-06T09:32:07-04:00,2022-05-06,0.133190656,0.0,,,1,2
2022-05-09_2022-05-09T08:00:00-04:00,2022-05-09,0.8133968737560506,0.23804910148446362,0.10639642772426103,0.010067314276741372,1506,1
2022-05-09_2022-05-09T09:33:09-04:00,2022-05-09,0.555543168,0.5,0.2826694183826555,0.5,2,0
2022-05-09_2022-05-09T09:33:12-04:00,2022-05-09,0.634363392,0.5,0.13357975462753077,0.5,2,0
2022-05-09_2022-05-09T09:33:17-04:00,2022-05-09,0.7636064,0.5,0.020843714917411507,0.3333333333333333,4,3
2022-05-09_2022-05-09T09:35:02-04:00,2022-05-09,0.4444596224,0.2330971659919014,0.02261451761787206,0.18546606739260757,5,3
2022-05-09_2022-05-09T09:35:52-04:00,2022-05-09,0.110199616,0.48793706293706796,0.0054539866237556045,0.1989702792674831,4,2
2022-05-09_2022-05-09T09:35:55-04:00,2022-05-09,0.5267272452063493,0.5550691244239669,0.07323509337877972,0.10349280511372873,35,3
2022-05-09_2022-05-09T09:36:10-04:00,2022-05-09,0.5491660989629629,0.6488126361655839,0.08181064076692533,0.14554666277269807,27,3
2022-05-09_2022-05-09T09:36:24-04:00,2022-05-09,0.0882304,0.0,,,1,2
2022-05-09_2022-05-09T09:36:27-04:00,2022-05-09,0.359794944,0.41397916149838637,0.11247296274239761,0.1778473661587756,4,3
2022-05-09_2022-05-09T09:36:51-04:00,2022-05-09,0.5177082026666667,0.7024647008930883,0.03930370894733492,0.11810555470310438,9,3
2022-05-09_2022-05-09T09:36:58-04:00,2022-05-09,0.6037393777777778,0.598362573099424,0.12051434206392503,0.18614404432132842,9,0
2022-05-09_2022-05-09T09:37:05-04:00,2022-05-09,0.344019456,0.0,,,1,2
2022-05-11_2022-05-11T08:00:01-04:00,2022-05-11,0.021863410670226967,0.562071651090344,0.012470528484140667,0.03312797583329534,107,2
2022-05-11_2022-05-11T08:01:45-04:00,2022-05-11,0.103670272,0.0,,,1,2
2022-05-11_2022-05-11T08:03:19-04:00,2022-05-11,0.47373171686059024,0.7426356589147283,0.11121023124157182,0.06530221246602112,35,3
2022-05-12_2022-05-12T09:30:59-04:00,2022-05-12,0.47183891711661313,0.6735679537853463,0.09109790214947379,0.03394698989716939,286,3
2022-05-12_2022-05-12T10:07:37-04:00,2022-05-12,0.5736764160000001,0.7699603174603096,0.05183197422199663,0.07392702785876426,36,3
2022-05-12_2022-05-12T10:07:45-04:00,2022-05-12,0.620196096,0.5924504158668994,0.0467425959887372,0.13969984883148,6,3
2022-05-12_2022-05-12T10:07:49-04:00,2022-05-12,0.5849063497142858,0.6341172731606581,0.14371916271925889,0.13599632894245553,7,0
2022-05-12_2022-05-12T10:07:52-04:00,2022-05-12,0.4159535339351085,0.37874510651506443,0.1138767185462486,0.07180055834583977,5000,4
2022-05-13_2022-05-13T09:44:04-04:00,2022-05-13,0.534187894317991,0.5220696709305737,0.09059787205865802,0.059190605733389384,1463,1
2022-05-13_2022-05-13T10:28:47-04:00,2022-05-13,0.4362231182222222,0.6510354857475311,0.0634164429888557,0.08182172493139633,45,3
2022-05-13_2022-05-13T10:28:52-04:00,2022-05-13,0.54656512,0.39885892116181726,0.10751690646508887,0.11000450878944805,7,3
2022-05-16_2022-05-16T08:00:00-04:00,2022-05-16,0.6644742475294118,0.5900892364229626,0.06075192874159409,0.062022816924807336,17,3
2022-05-16_2022-05-16T08:00:02-04:00,2022-05-16,0.6435919288888888,0.41917438271605134,0.04964070059287014,0.06901932212272195,72,3
2022-05-16_2022-05-16T08:00:10-04:00,2022-05-16,0.10981286400000001,0.0,0.00014587303824588812,0.0,2,2
2022-05-16_2022-05-16T08:42:38-04:00,2022-05-16,0.5358787945025641,0.6405517241379337,0.20177055218990853,0.1608072294887026,5,0
2022-05-16_2022-05-16T08:44:09-04:00,2022-05-16,0.971246848,0.0,,,1,5
2022-05-16_2022-05-16T08:55:38-04:00,2022-05-16,0.151664384,0.0,,,1,2
2022-05-16_2022-05-16T08:57:32-04:00,2022-05-16,0.612557312,0.0,,,1,5
2022-05-16_2022-05-16T08:58:10-04:00,2022-05-16,0.458778112,0.0,,,1,2
2022-05-18_2022-05-18T08:00:00-04:00,2022-05-18,0.17192058790022674,0.3013771966173593,0.027161059936547192,0.03145375372139087,196,2
2022-05-18_2022-05-18T08:00:12-04:00,2022-05-18,0.057442560000000004,0.0,7.238451200000435e-09,0.0,2,2
2022-05-18_2022-05-18T10:22:09-04:00,2022-05-18,0.368432156137931,0.5939996504008578,0.08627857731481187,0.0662412881859882,58,3
2022-05-18_2022-05-18T10:22:19-04:00,2022-05-18,0.5930737451162791,0.4396104651162713,0.10272575531766337,0.12233226578072888,43,3
2022-05-18_2022-05-18T10:22:29-04:00,2022-05-18,0.3446585895384615,0.5671757164404203,0.07555779002984273,0.11197469639823858,52,3
2022-05-18_2022-05-18T10:22:44-04:00,2022-05-18,0.631764096,0.5,0.03921584288042191,0.5,2,0
2022-05-18_2022-05-18T10:22:47-04:00,2022-05-18,0.5518068053333334,0.4170517883651297,0.08811357686824958,0.1417388900690439,9,3
2022-05-18_2022-05-18T10:23:29-04:00,2022-05-18,0.42983795199999997,0.5,0.021202577523507196,0.5,2,0
2022-05-18_2022-05-18T10:23:32-04:00,2022-05-18,0.66388544,0.5,0.08253668564143311,0.5,2,0
2022-05-18_2022-05-18T10:23:35-04:00,2022-05-18,0.650601728,0.5,0.024813275657535484,0.5,2,0
2022-05-18_2022-05-18T10:23:37-04:00,2022-05-18,0.5315837941960784,0.6207389657571358,0.10723396744441153,0.12664557535859075,17,3
2022-05-18_2022-05-18T10:23:45-04:00,2022-05-18,0.5461703637333334,0.7057996877091194,0.14713425440814296,0.09512627908282578,10,0
2022-05-23_2022-05-23T08:00:00-04:00,2022-05-23,0.03628870746842336,0.7002293123543122,0.0005677118924691688,0.029641005170869327,165,2
2022-05-23_2022-05-23T08:01:44-04:00,2022-05-23,0.0016214613333333334,0.0,,,1,2
2022-05-23_2022-05-23T08:04:00-04:00,2022-05-23,0.052265984,0.0,,,1,2
2022-05-23_2022-05-23T08:05:15-04:00,2022-05-23,0.4947170499806362,0.5,0.15084038967206437,0.2727272727272727,12,0
2022-05-23_2022-05-23T08:09:47-04:00,2022-05-23,0.5435615607504485,0.638798076923083,0.08850921605769844,0.07939539978562249,52,3
2022-05-23_2022-05-23T08:35:14-04:00,2022-05-23,0.398528,0.0,,,1,2
2022-05-23_2022-05-23T08:37:39-04:00,2022-05-23,0.42541154086956523,0.4531249999999972,0.1490915747880988,0.16378348214285884,8,3
2022-05-23_2022-05-23T08:42:36-04:00,2022-05-23,0.24065064228571428,0.7894736842105284,0.1064812943718685,0.1952908587257626,5,0
2022-05-23_2022-05-23T08:44:06-04:00,2022-05-23,0.48291412967619046,0.6344827586206886,0.13516470437160402,0.2542211652794304,5,0
2022-05-23_2022-05-23T08:46:06-04:00,2022-05-23,0.34872648320000005,0.0,0.21013507241594795,0.0,2,3
2022-05-23_2022-05-23T08:47:59-04:00,2022-05-23,0.802566656,0.0,,,1,5
2022-05-23_2022-05-23T08:48:48-04:00,2022-05-23,0.463463168,0.0,,,1,2
2022-05-23_2022-05-23T08:49:40-04:00,2022-05-23,0.4483721349565218,0.7107142857142839,0.19555456872113064,0.15663690476190575,7,0
2022-05-23_2022-05-23T08:51:44-04:00,2022-05-23,0.3907125506976744,0.5,0.302818502470242,0.5,2,0
2022-05-23_2022-05-23T08:53:30-04:00,2022-05-23,0.975642112,0.0,,,1,5
2022-05-23_2022-05-23T08:53:43-04:00,2022-05-23,0.83372544,0.0,,,1,5
2022-05-23_2022-05-23T09:05:56-04:00,2022-05-23,0.85276288,0.0,,,1,5
2022-05-23_2022-05-23T09:06:21-04:00,2022-05-23,0.4234146359351351,0.0,0.07074623931742727,0.0,5,2
2022-05-23_2022-05-23T09:08:05-04:00,2022-05-23,0.38163147496296296,0.0,0.1307023055854916,0.0,4,3
2022-05-23_2022-05-23T09:09:45-04:00,2022-05-23,0.43325990901960787,0.8333333333333334,0.1304844598827842,0.16666666666666669,6,0
2022-05-23_2022-05-23T09:30:17-04:00,2022-05-23,0.4452249884444444,0.15310488058151597,0.08677377009741734,0.10458049781155075,9,3
2022-05-24_2022-05-24T08:00:00-04:00,2022-05-24,0.8373739620121178,0.552284712087461,0.100131866201447,0.04978589110161327,831,1
2022-05-24_2022-05-24T09:31:33-04:00,2022-05-24,0.4288754062222222,0.46774193548386994,0.02215483110545696,0.2531217481789804,3,3
2022-05-24_2022-05-24T09:31:38-04:00,2022-05-24,0.49848628036036036,0.35298269340490257,0.08434592870721735,0.08945232187949564,37,3
2022-05-24_2022-05-24T09:32:04-04:00,2022-05-24,0.7232467199999999,0.5,0.03705532256357579,0.5,2,0
2022-05-24_2022-05-24T09:32:06-04:00,2022-05-24,0.42835755733333336,0.49962103986659345,0.1026044123850792,0.17192151847653764,6,3
2022-05-24_2022-05-24T09:32:12-04:00,2022-05-24,0.5980307968,0.7490476190476044,0.10101718757085983,0.13966097883597137,7,0
2022-05-24_2022-05-24T09:32:19-04:00,2022-05-24,0.4103695803733334,0.4129549549549611,0.09503385195870978,0.08081995382148281,30,3
2022-05-24_2022-05-24T09:32:31-04:00,2022-05-24,0.5249147707076923,0.6013348416289538,0.029604979412220848,0.07635379398456678,26,3
2022-05-24_2022-05-24T09:32:39-04:00,2022-05-24,0.6528914346666667,0.5849673202614305,0.05697298149510788,0.21637417939030543,6,3
2022-05-24_2022-05-24T09:32:45-04:00,2022-05-24,0.31990041599999997,0.5,0.07717739748864817,0.5,2,0
2022-05-24_2022-05-24T09:32:48-04:00,2022-05-24,0.440289152,0.7434999999999278,0.09675618236168056,0.2458036666666209,4,0
2022-05-24_2022-05-24T09:32:54-04:00,2022-05-24,0.5841818453333333,0.5253107002121779,0.2234617031282088,0.2519218946356922,3,0
2022-05-24_2022-05-24T09:42:16-04:00,2022-05-24,0.40942011733333333,0.5550376479024738,0.06052109062192061,0.2590874280599101,3,3
2022-05-25_2022-05-25T10:14:53-04:00,2022-05-25,0.6550122007272727,0.6007905138339945,0.07293938896335936,0.08991836661469146,11,3
2022-05-25_2022-05-25T10:15:02-04:00,2022-05-25,0.5554005333333333,0.6666666666666666,0.05589744008674238,0.33333333333333337,3,0
2022-05-25_2022-05-25T10:15:05-04:00,2022-05-25,0.592264448,0.646296296296283,0.09653713826568602,0.1549827262104323,5,3
2022-05-25_2022-05-25T10:15:08-04:00,2022-05-25,0.856955904,0.5,0.00033260042662707417,0.5,2,0
2022-05-25_2022-05-25T10:15:12-04:00,2022-05-25,0.4545424259668175,0.6158326858326844,0.08142207341810957,0.052729593594223086,117,3
2022-05-25_2022-05-25T10:15:48-04:00,2022-05-25,0.4350131594879871,0.6253745826771665,0.09172251143950835,0.0759645581487062,127,3
2022-05-25_2022-05-25T10:16:40-04:00,2022-05-25,0.5487022933333333,0.6553846153846777,0.1770389563340445,0.3224331360947327,3,0
2022-05-25_2022-05-25T10:16:42-04:00,2022-05-25,0.4196533333333334,0.6450435270991294,0.010292093713536335,0.3131128742600677,3,3
2022-05-25_2022-05-25T10:17:34-04:00,2022-05-25,0.471553216,0.6299999999999978,0.13366756362692744,0.22560554016621015,4,0
2022-05-25_2022-05-25T10:18:33-04:00,2022-05-25,0.4855980102729162,0.40954547974862915,0.08917410970186569,0.033219061505088215,1560,1
2022-05-26_2022-05-26T10:02:08-04:00,2022-05-26,0.47811940296693944,0.6212385833782775,0.08537070812394873,0.06460098759586273,235,3
2022-05-26_2022-05-26T10:09:31-04:00,2022-05-26,0.5203903657837601,0.5530066953330672,0.07875510289501143,0.03183484916034755,723,1
2022-05-26_2022-05-26T10:11:23-04:00,2022-05-26,0.5007565312,0.62418699186992,0.08931857839259841,0.11298875173507807,15,3
2022-05-26_2022-05-26T10:11:25-04:00,2022-05-26,0.484663744127272,0.5859241925837533,0.0686736232075626,0.04260897735914364,5000,4
2022-05-27_2022-05-27T09:02:18-04:00,2022-05-27,0.5218191624777768,0.6175827044414185,0.08293107895044004,0.045885899072889334,295,3
2022-05-27_2022-05-27T09:17:34-04:00,2022-05-27,0.36053504000000003,0.4666666666666477,0.0994539409416593,0.2533333333333371,3,0
2022-05-27_2022-05-27T09:17:47-04:00,2022-05-27,0.8275648,0.0,,,1,5
2022-05-27_2022-05-27T09:17:50-04:00,2022-05-27,0.915803904,0.0,,,1,5
2022-05-27_2022-05-27T09:18:00-04:00,2022-05-27,0.453705216,0.0,,,1,2
2022-05-27_2022-05-27T09:18:04-04:00,2022-05-27,0.518680576,0.0,,,1,5
2022-05-27_2022-05-27T09:18:12-04:00,2022-05-27,0.592044544,0.0,,,1,5
2022-05-27_2022-05-27T09:18:17-04:00,2022-05-27,0.524951552,0.0,,,1,5
2022-05-27_2022-05-27T09:18:23-04:00,2022-05-27,0.67738496,0.0,,,1,5
2022-05-27_2022-05-27T09:18:42-04:00,2022-05-27,0.07497435428571429,0.6666666666666666,0.005598332896622671,0.33333333333333337,3,0
2022-05-27_2022-05-27T09:19:08-04:00,2022-05-27,0.38747639808,0.33999999999999775,0.0911729389925271,0.18119999999999784,5,3
2022-05-27_2022-05-27T09:19:21-04:00,2022-05-27,0.24476032,0.0,,,1,2
2022-05-27_2022-05-27T09:19:24-04:00,2022-05-27,0.038726272,0.0,,,1,2
2022-05-27_2022-05-27T09:19:38-04:00,2022-05-27,0.036577792,0.0,,,1,2
2022-05-27_2022-05-27T09:19:51-04:00,2022-05-27,0.47412940900195694,0.4286000000000009,0.12238434744289811,0.26370989538461453,14,0
2022-05-27_2022-05-27T09:21:12-04:00,2022-05-27,0.032653909333333335,0.0,,,1,2
2022-05-27_2022-05-27T09:21:28-04:00,2022-05-27,0.9524718526126056,0.6648341479416104,0.02141988486010152,0.034235010999411834,1300,1
2022-05-27_2022-05-27T09:30:18-04:00,2022-05-27,0.35533862113747644,0.2711370880071182,0.07613697109825754,0.039537056501090226,472,3
2022-05-27_2022-05-27T09:30:52-04:00,2022-05-27,0.5027619244549086,0.6413811681746769,0.08283718538650936,0.05725393263042363,3352,4
2022-05-27_2022-05-27T09:34:16-04:00,2022-05-27,0.449554784,0.3741840980227512,0.09354077969641089,0.07203125580893173,16,3
2022-05-31_2022-05-31T08:00:00-04:00,2022-05-31,0.8477048305519773,0.5612721009200772,0.05952466948339701,0.06243099934641297,5000,4
2022-05-31_2022-05-31T09:39:50-04:00,2022-05-31,0.5917914112,0.41756358768407403,0.057479785536271144,0.25949914248694883,5,3
2022-05-31_2022-05-31T09:39:53-04:00,2022-05-31,0.553167633723077,0.4820650658255331,0.09136374760978222,0.12008772190507236,26,3
2022-05-31_2022-05-31T09:40:00-04:00,2022-05-31,0.5960813866666667,0.4227898550724661,0.06765211517826987,0.14404376897519533,12,3
2022-05-31_2022-05-31T09:48:13-04:00,2022-05-31,0.47409644697326203,0.43466319542171195,0.1127556120036212,0.04855417538250549,102,3
2022-05-31_2022-05-31T09:48:37-04:00,2022-05-31,0.5253896106666667,0.5651612903225735,0.11431917629911643,0.14344478668053245,6,3
2022-06-01_2022-06-01T08:01:08-04:00,2022-06-01,0.936251392,0.0,,,1,5
2022-06-01_2022-06-01T09:45:53-04:00,2022-06-01,0.4413879645485362,0.5640977068793632,0.10314545761095548,0.06653044271091514,59,3
2022-06-01_2022-06-01T09:46:06-04:00,2022-06-01,0.43670404608267194,0.43096419233599703,0.06229495835542414,0.07094034513962619,986,1
2022-06-01_2022-06-01T09:49:34-04:00,2022-06-01,0.5212132906666667,0.6727951388888801,0.07130618966744662,0.11367204127092967,18,3
2022-06-01_2022-06-01T09:49:40-04:00,2022-06-01,0.521333650407619,0.5868238747553806,0.09532719463215576,0.07085873973301977,70,3
2022-06-01_2022-06-01T09:50:13-04:00,2022-06-01,0.5856337188571429,0.4092997198879565,0.11647782686795834,0.11779083502682164,7,3
2022-06-01_2022-06-01T09:50:15-04:00,2022-06-01,0.525504034705314,0.38336885828278083,0.07332676422138164,0.0675311484190862,138,3
2022-06-01_2022-06-01T09:51:41-04:00,2022-06-01,0.368596672,0.31391256020747527,0.08806956051103199,0.22373088793744644,4,3
2022-06-01_2022-06-01T09:51:45-04:00,2022-06-01,0.3705672874666666,0.5865954362077646,0.05543871877329756,0.12761281149492548,12,3
2022-06-02_2022-06-02T09:45:11-04:00,2022-06-02,0.531805348864,0.64062384838115,0.08661706875565839,0.06331101535541449,50,3
2022-06-02_2022-06-02T09:45:23-04:00,2022-06-02,0.3789681188571428,0.4006613547615303,0.04411328855302954,0.08791858111764388,14,3
2022-06-02_2022-06-02T09:45:27-04:00,2022-06-02,0.5815602688,0.34557757370709713,0.0747609256176976,0.15283917976266725,5,3
2022-06-02_2022-06-02T09:45:30-04:00,2022-06-02,0.5221716788292683,0.5166535758578009,0.06282036926314483,0.06694860481483277,82,3
2022-06-02_2022-06-02T09:47:25-04:00,2022-06-02,0.4461137021094793,0.5871516762411053,0.06504148080435307,0.07319222563744347,107,3
2022-06-02_2022-06-02T09:49:35-04:00,2022-06-02,0.5051458673548387,0.49235270942066484,0.06714249627866568,0.05981517970201823,31,3
2022-06-02_2022-06-02T09:49:46-04:00,2022-06-02,0.6459263634285713,0.6779120879120881,0.11855176653768563,0.13355352133621334,7,3
2022-06-02_2022-06-02T09:49:51-04:00,2022-06-02,0.67987968,0.5436955135020206,0.03419392472087266,0.18412197841154207,6,3
2022-06-02_2022-06-02T09:49:56-04:00,2022-06-02,0.48580264339393936,0.6443411003314862,0.04236007517230215,0.10124688703795168,11,3
2022-06-02_2022-06-02T09:50:01-04:00,2022-06-02,0.38315456,0.5353310502283094,0.07557345064380934,0.12626053824983074,12,3
2022-06-02_2022-06-02T09:50:06-04:00,2022-06-02,0.32273318399999995,0.5,0.0756335898172129,0.5,2,0
2022-06-02_2022-06-02T09:50:08-04:00,2022-06-02,0.33050013866666667,0.5496153846153818,0.19797819128414756,0.2573850591715968,3,0
2022-06-02_2022-06-02T09:50:15-04:00,2022-06-02,0.5657736320000001,0.32696078431372994,0.06245205293012956,0.15717529970989885,12,3
2022-06-02_2022-06-02T10:12:57-04:00,2022-06-02,0.3591549219137255,0.8081096028154842,0.06294345125398576,0.06138767313815649,51,3
2022-06-02_2022-06-02T10:13:04-04:00,2022-06-02,0.2724281344,0.7261090909090955,0.013858984993672403,0.18877027438016786,5,3
2022-06-02_2022-06-02T10:13:08-04:00,2022-06-02,0.68002688,0.3076987799747565,0.05365217200393424,0.15624834406435753,5,3
2022-06-02_2022-06-02T10:13:10-04:00,2022-06-02,0.5849453866666666,0.5922108843537411,0.09387051608888614,0.19287813284868244,12,3
2022-06-02_2022-06-02T10:13:15-04:00,2022-06-02,0.286224,0.5,0.14981409623982078,0.5,2,0
2022-06-02_2022-06-02T10:13:18-04:00,2022-06-02,0.48354221669135805,0.6791593180482096,0.08524859030861057,0.06633064785084726,27,3
2022-06-02_2022-06-02T10:13:26-04:00,2022-06-02,0.6157865813333333,0.6165833333333176,0.09586606113666281,0.2212080416666648,6,0
2022-06-02_2022-06-02T10:13:30-04:00,2022-06-02,0.6958684159999999,0.5,0.08744992918588619,0.5,2,0
2022-06-02_2022-06-02T10:13:38-04:00,2022-06-02,0.516995712,0.5,0.17258942398493496,0.5,2,0
2022-06-03_2022-06-03T08:00:00-04:00,2022-06-03,0.2996477099584807,0.23943661867079152,0.11279876005223118,0.01459125689921059,343,3
2022-06-03_2022-06-03T09:27:11-04:00,2022-06-03,0.46980058453333334,0.45500948166877564,0.16005381684303918,0.2796185233236532,4,0
2022-06-03_2022-06-03T09:30:01-04:00,2022-06-03,0.4671709357037037,0.8132877453045219,0.06412628741050286,0.026872937526441848,468,1
2022-06-06_2022-06-06T08:00:00-04:00,2022-06-06,0.5578102765714286,0.5989351014667462,0.0036324320637772436,0.0787227985950581,126,3
2022-06-07_2022-06-07T10:28:40-04:00,2022-06-07,0.22309612791633987,0.6627480577136557,0.05886442944403564,0.03899891288804759,85,3
2022-06-07_2022-06-07T10:28:53-04:00,2022-06-07,0.5032123513310105,0.5449384847830743,0.1117587631267678,0.0763752365962526,41,3
2022-06-07_2022-06-07T10:29:15-04:00,2022-06-07,0.5398688696587796,0.6736775736234526,0.09104279844775208,0.045477371671491386,73,3
2022-06-07_2022-06-07T10:29:51-04:00,2022-06-07,0.3862081340952381,0.31428571428569885,0.07915939546052801,0.16988662131519486,7,3
2022-06-07_2022-06-07T10:29:57-04:00,2022-06-07,0.327423104,0.5,0.012913422636449796,0.5,2,0
2022-06-08_2022-06-08T09:47:19-04:00,2022-06-08,0.48702578904412375,0.5215544437208114,0.07564577077882574,0.054128926610348384,194,3
2022-06-08_2022-06-08T09:47:48-04:00,2022-06-08,0.5227495679999999,0.25735438321238807,0.0705419104410883,0.2453134256681466,4,3
2022-06-08_2022-06-08T09:48:15-04:00,2022-06-08,0.6943486720000001,0.51587546239211,0.013502543506767892,0.17369405746002708,4,3
2022-06-08_2022-06-08T09:48:33-04:00,2022-06-08,0.598312192,0.6510859728506871,0.08639322737060198,0.161104141739913,17,3
2022-06-08_2022-06-08T09:48:40-04:00,2022-06-08,0.493219968,0.5,5.623632130867235e-05,0.5,2,0
2022-06-08_2022-06-08T09:48:42-04:00,2022-06-08,0.7577565866666666,0.6666666666666666,0.017896155672761687,0.33333333333333337,3,0
2022-06-08_2022-06-08T09:57:35-04:00,2022-06-08,0.553895264,0.4266391165439596,0.11231919595690273,0.12874003518894656,8,3
2022-06-08_2022-06-08T09:57:37-04:00,2022-06-08,0.6730928,0.455759803921576,0.04246155844008111,0.13011079186576766,8,3
2022-06-08_2022-06-08T09:57:39-04:00,2022-06-08,0.587820288,0.34237168141590735,0.10314254038089726,0.17332454538336065,5,3
2022-06-08_2022-06-08T09:57:41-04:00,2022-06-08,0.2477897088,0.7322000000000086,0.14259312556792747,0.11914864691358622,10,0
2022-06-08_2022-06-08T09:57:45-04:00,2022-06-08,0.628924416,0.5478260869565175,0.13925167417534054,0.134014650283554,5,3
2022-06-08_2022-06-08T09:57:49-04:00,2022-06-08,0.6626037938924731,0.6790136578625527,0.08603860442570606,0.10787906696114595,31,3
2022-06-08_2022-06-08T09:57:57-04:00,2022-06-08,0.2101630293333333,0.39036213287709104,0.04114293982765602,0.2860613857217819,3,3
2022-06-08_2022-06-08T09:57:59-04:00,2022-06-08,0.6006378767227835,0.6476392961876819,0.09270913737908816,0.06127520995059486,99,3
2022-06-08_2022-06-08T09:58:19-04:00,2022-06-08,0.5725586090666667,0.5783871639925029,0.04155329071500857,0.14416413736493203,25,3
2022-06-08_2022-06-08T09:58:31-04:00,2022-06-08,0.42701799923809525,0.7741286969788391,0.0825615033831106,0.037462571705859635,56,3
2022-06-08_2022-06-08T10:07:08-04:00,2022-06-08,0.43449353472834934,0.5458333182395041,0.08354355652856911,0.03612300998958657,522,3
2022-06-08_2022-06-08T10:09:12-04:00,2022-06-08,0.5627594653670992,0.7474435549415276,0.07862565799271415,0.019344725891133254,203,3
2022-06-08_2022-06-08T10:10:25-04:00,2022-06-08,0.4048129212631579,0.6678018575851382,0.0996328183642876,0.14049965511746404,19,3
2022-06-08_2022-06-08T10:10:33-04:00,2022-06-08,0.501302801317647,0.6839285714285722,0.1002127475473672,0.0503347892222163,68,3
2022-06-08_2022-06-08T10:11:00-04:00,2022-06-08,0.908736512,0.0,,,1,5
2022-06-08_2022-06-08T10:11:04-04:00,2022-06-08,0.47128342601142853,0.6288500000000031,0.07845569630529321,0.09830297091484348,50,3
2022-06-08_2022-06-08T10:11:34-04:00,2022-06-08,0.5957410133333333,0.3333333333333333,0.04402026317095457,0.33333333333333337,3,3
2022-06-09_2022-06-09T08:00:00-04:00,2022-06-09,0.6198166627399267,0.7484896857528448,0.10994255773022539,0.024370169554039468,91,3
2022-06-10_2022-06-10T09:45:11-04:00,2022-06-10,0.4348689180444445,0.4697589219917827,0.09645681711594596,0.1018217132121413,25,3
2022-06-10_2022-06-10T09:45:23-04:00,2022-06-10,0.410718208,0.5,0.25509389067734217,0.5,2,0
2022-06-10_2022-06-10T09:45:26-04:00,2022-06-10,0.625193408,0.7177995509287879,0.05655690476394741,0.14254520201727383,6,3
2022-06-10_2022-06-10T09:45:30-04:00,2022-06-10,0.4638875909774436,0.47886877192982397,0.08657368803915955,0.0752610159293267,95,3
2022-06-10_2022-06-10T09:46:15-04:00,2022-06-10,0.8900117211428571,0.39086242821567113,0.057800358736138834,0.13618108064837917,7,5
2022-06-10_2022-06-10T09:46:17-04:00,2022-06-10,0.421420352,0.52651635439822,0.12321593368503364,0.29871701874537127,4,0
2022-06-10_2022-06-10T09:46:21-04:00,2022-06-10,0.49924183551999995,0.5057317751808502,0.11351548415607073,0.08548960829106993,25,3
2022-06-10_2022-06-10T09:46:33-04:00,2022-06-10,0.5332208173333334,0.47998000446668476,0.07444457797214782,0.053740823914673955,308,3
2022-06-10_2022-06-10T09:48:11-04:00,2022-06-10,0.217645376,0.7027797162130758,0.008934929529716739,0.2270925375192041,4,3
2022-06-10_2022-06-10T09:48:14-04:00,2022-06-10,0.508353664,0.4825928812678601,0.05838507981536627,0.11868627192494682,6,3
2022-06-10_2022-06-10T09:48:36-04:00,2022-06-10,0.4646916266666667,0.3749345304900839,0.16197364577582005,0.29692411499120724,3,0
2022-06-10_2022-06-10T09:48:40-04:00,2022-06-10,0.4063417173333333,0.6651851851851712,0.21431886417701,0.33185843621397787,3,0
2022-06-10_2022-06-10T09:48:44-04:00,2022-06-10,0.197569472,0.5,0.05039858358230221,0.5,2,0
2022-06-10_2022-06-10T09:48:54-04:00,2022-06-10,0.36385446874074073,0.7600034346556476,0.0335909903353048,0.08560152659030802,9,3
2022-06-10_2022-06-10T09:49:12-04:00,2022-06-10,0.3531733930666666,0.34563200385588344,0.11202293899978917,0.09145756251789779,10,3
2022-06-10_2022-06-10T09:49:17-04:00,2022-06-10,0.5360941190243903,0.5648292682926807,0.07458112972775309,0.06483511055404845,41,3
2022-06-10_2022-06-10T09:49:39-04:00,2022-06-10,0.569300736,0.0,,,1,5
2022-06-10_2022-06-10T09:49:43-04:00,2022-06-10,0.207177728,0.0,,,1,2
2022-06-10_2022-06-10T09:49:47-04:00,2022-06-10,0.4402004864,0.661716417910453,0.08992043525978997,0.13330077968367476,8,3
2022-06-10_2022-06-10T09:49:58-04:00,2022-06-10,0.452367616,0.6211177474402714,0.03913759645155327,0.22096392539517085,5,3
2022-06-10_2022-06-10T09:50:19-04:00,2022-06-10,0.3529806506666667,0.3333333333333333,0.14183502680354543,0.33333333333333337,3,0
2022-06-10_2022-06-10T09:50:23-04:00,2022-06-10,0.471295488,0.5,0.32712779335414577,0.5,2,0
2022-06-10_2022-06-10T09:50:27-04:00,2022-06-10,0.4978214227899159,0.6376781789638946,0.10155805025044619,0.049312322897799354,49,3
2022-06-10_2022-06-10T09:50:46-04:00,2022-06-10,0.497437696,0.0,,,1,5
2022-06-10_2022-06-10T09:50:49-04:00,2022-06-10,0.641674368,0.4635787806809178,0.052804966411894784,0.1760236932771138,6,3
2022-06-13_2022-06-13T08:00:01-04:00,2022-06-13,0.8251449390453648,0.3794483192748345,0.041406267055178636,0.055780344475921,169,5
2022-06-13_2022-06-13T08:04:50-04:00,2022-06-13,0.269221632,0.0,,,1,2
2022-06-13_2022-06-13T08:06:51-04:00,2022-06-13,0.20994759680000002,0.4057971014492742,0.0010636873063596037,0.23240915773997445,5,2
2022-06-13_2022-06-13T08:12:35-04:00,2022-06-13,0.3562753608,0.0,0.12065145842884464,0.0,5,2
2022-06-13_2022-06-13T08:15:39-04:00,2022-06-13,0.21492078933333333,0.0,,,1,2
2022-06-13_2022-06-13T08:15:57-04:00,2022-06-13,0.709473792,0.0,,,1,5
2022-06-13_2022-06-13T08:17:11-04:00,2022-06-13,0.45214241198173516,0.0,0.12442570849021603,0.0,6,3
2022-06-13_2022-06-13T08:19:16-04:00,2022-06-13,0.51638016,0.0,,,1,5
2022-06-13_2022-06-13T08:19:35-04:00,2022-06-13,0.4747098316440281,0.7142857142857143,0.12553715787214176,0.2380952380952381,7,0
2022-06-13_2022-06-13T08:23:31-04:00,2022-06-13,0.27421274714714716,0.0,0.1621617146964764,0.0,3,3
2022-06-13_2022-06-13T08:26:44-04:00,2022-06-13,0.23983616,0.0,,,1,2
2022-06-13_2022-06-13T08:27:09-04:00,2022-06-13,0.042391776,0.0,,,1,2
2022-06-13_2022-06-13T08:32:48-04:00,2022-06-13,0.0865544071111111,0.0,0.013039647568069239,0.0,2,2
2022-06-13_2022-06-13T08:35:24-04:00,2022-06-13,0.30779904,0.0,,,1,2
2022-06-13_2022-06-13T08:37:20-04:00,2022-06-13,0.5296355432087912,0.0,0.1588186648507028,0.0,4,3
2022-06-13_2022-06-13T08:40:25-04:00,2022-06-13,0.3456568150588235,0.42287234042553384,0.11984859720994676,0.16794121451206032,8,3
2022-06-13_2022-06-13T08:45:46-04:00,2022-06-13,0.4985450549894737,0.8,0.11463383672537723,0.2,5,0
2022-06-13_2022-06-13T08:47:40-04:00,2022-06-13,0.661362688,0.0,,,1,5
2022-06-13_2022-06-13T08:48:50-04:00,2022-06-13,0.06773239466666667,0.0,,,1,2
2022-06-13_2022-06-13T08:49:28-04:00,2022-06-13,0.048719872,0.0,,,1,2
2022-06-13_2022-06-13T09:21:22-04:00,2022-06-13,0.89275648,0.0,,,1,5
2022-06-13_2022-06-13T09:28:33-04:00,2022-06-13,0.985285376,0.0,,,1,5
2022-06-13_2022-06-13T09:30:00-04:00,2022-06-13,0.36268280227213306,0.17075602240896454,0.05390780526254041,0.09797645460961338,714,3
2022-06-13_2022-06-13T09:30:35-04:00,2022-06-13,0.35508169809692647,0.5564748263990422,0.09164164310234026,0.10910126097090198,2002,1
2022-06-13_2022-06-13T09:38:29-04:00,2022-06-13,0.17061184000000001,0.5,0.0063572428183633935,0.5,2,0
2022-06-13_2022-06-13T09:38:40-04:00,2022-06-13,0.354943424,0.3853721129170229,0.03381294021333811,0.19773725323532487,4,3
2022-06-13_2022-06-13T09:39:03-04:00,2022-06-13,0.6496598341818182,0.7025605221711679,0.05870400459065821,0.15156506478654425,11,3
2022-06-13_2022-06-13T09:39:08-04:00,2022-06-13,0.223454208,0.0,,,1,2
2022-06-13_2022-06-13T09:39:11-04:00,2022-06-13,0.392419584,0.3704181402121959,0.07686059679439258,0.16930383188409914,5,3
2022-06-14_2022-06-14T09:59:43-04:00,2022-06-14,0.9362688,0.0,,,1,5
2022-06-14_2022-06-14T09:59:50-04:00,2022-06-14,0.4733306453333333,0.6478703009085585,0.08341283398246505,0.17629939909750406,6,3
2022-06-14_2022-06-14T09:59:53-04:00,2022-06-14,0.562344448,0.0,,,1,5
2022-06-14_2022-06-14T09:59:56-04:00,2022-06-14,0.465730048,0.0,,,1,2
2022-06-14_2022-06-14T10:00:01-04:00,2022-06-14,0.444063007846124,0.6073517724835585,0.08785700457550259,0.040264992003328844,700,1
2022-06-14_2022-06-14T10:04:31-04:00,2022-06-14,0.556162816,0.0,,,1,5
2022-06-14_2022-06-14T10:04:36-04:00,2022-06-14,0.592922624,0.4817548175481748,0.034035695672885266,0.2509986600481012,3,3
2022-06-14_2022-06-14T10:04:38-04:00,2022-06-14,0.44933133784615387,0.5636367545255181,0.04624383924161321,0.16147948235895923,13,3
2022-06-14_2022-06-14T10:04:44-04:00,2022-06-14,0.6197876906666667,0.4743316268486935,0.17306786834221197,0.2519765961407041,3,0
2022-06-14_2022-06-14T10:04:48-04:00,2022-06-14,0.284108288,0.0,,,1,2
2022-06-14_2022-06-14T10:04:52-04:00,2022-06-14,0.68813568,0.47641963426371947,0.16243648160242075,0.16743216821781728,4,0
2022-06-14_2022-06-14T10:05:11-04:00,2022-06-14,0.6743123200000001,0.5,0.07190690158611665,0.5,2,0
2022-06-14_2022-06-14T10:05:14-04:00,2022-06-14,0.57980032,0.0,,,1,5
2022-06-14_2022-06-14T10:05:44-04:00,2022-06-14,0.808969984,0.0,,,1,5
2022-06-15_2022-06-15T09:42:09-04:00,2022-06-15,0.4234654671004785,0.4844672285126405,0.09812434622424815,0.10049517580977092,57,3
2022-06-16_2022-06-16T09:31:12-04:00,2022-06-16,0.42671088220689657,0.6901621534623575,0.08161635674261239,0.04894941149608976,29,3
2022-06-16_2022-06-16T09:31:22-04:00,2022-06-16,0.5262899931428572,0.35936019770714767,0.1277724636077471,0.15762986959756226,7,3
2022-06-16_2022-06-16T09:31:25-04:00,2022-06-16,0.972032512,0.0,,,1,5
2022-06-16_2022-06-16T09:31:27-04:00,2022-06-16,0.619588608,0.0,,,1,5
2022-06-16_2022-06-16T09:31:31-04:00,2022-06-16,0.41289664000000004,0.7873737373737456,0.05247032477858946,0.0801433063416545,12,3
2022-06-16_2022-06-16T09:31:36-04:00,2022-06-16,0.4733946453333333,0.6047755814608275,0.04394820950927496,0.28293376741136356,3,0
2022-06-16_2022-06-16T09:31:48-04:00,2022-06-16,0.34278591999999997,0.5,0.019375651018539,0.5,2,0
2022-06-16_2022-06-16T09:42:34-04:00,2022-06-16,0.1536864,0.0,0.02576230631869645,0.0,2,2
2022-06-16_2022-06-16T09:45:01-04:00,2022-06-16,0.36358336,0.5,0.026732520660303873,0.5,2,0
2022-06-16_2022-06-16T09:45:05-04:00,2022-06-16,0.428289408,0.44159861420440855,0.02707270179220355,0.24569794719198673,6,3
2022-06-16_2022-06-16T09:45:13-04:00,2022-06-16,0.18698694400000002,0.527526565679409,0.057999340312390325,0.19967491831105996,4,3
2022-06-16_2022-06-16T09:45:16-04:00,2022-06-16,0.601373952,0.6648073022312238,0.13085231925500318,0.33148434060620174,3,0
2022-06-16_2022-06-16T09:45:19-04:00,2022-06-16,0.5603046233043478,0.4927387588257089,0.09817765682347047,0.13369614851889125,23,3
2022-06-16_2022-06-16T09:45:36-04:00,2022-06-16,0.28802229527272727,0.7238277511961848,0.023646564601636257,0.12604847533506702,11,3
2022-06-16_2022-06-16T09:45:46-04:00,2022-06-16,0.786433664,0.5,0.000756703342395396,0.5,2,0
2022-06-16_2022-06-16T09:45:51-04:00,2022-06-16,0.40582817475591615,0.6161917703921181,0.0961750803080706,0.07619506693060678,51,3
2022-06-16_2022-06-16T09:46:50-04:00,2022-06-16,0.42399533220797175,0.5519446798244012,0.09990715385482168,0.05757524194156389,324,3
2022-06-16_2022-06-16T09:49:48-04:00,2022-06-16,0.775148032,0.0,,,1,5
2022-06-16_2022-06-16T09:49:55-04:00,2022-06-16,0.15856361955555556,0.2256192498230677,0.044068381819237494,0.13076906748527273,9,2
2022-06-16_2022-06-16T09:50:07-04:00,2022-06-16,0.260172608,0.5,0.021627820233924615,0.5,2,0
2022-06-16_2022-06-16T09:50:13-04:00,2022-06-16,0.454436608,0.5,0.35854455002680524,0.5,2,0
2022-06-16_2022-06-16T09:50:28-04:00,2022-06-16,0.021014784,0.0,,,1,2
2022-06-16_2022-06-16T09:50:32-04:00,2022-06-16,0.932267776,0.0,,,1,5
2022-06-16_2022-06-16T09:50:39-04:00,2022-06-16,0.5050123859591837,0.5179499072356226,0.14102722357219016,0.13199110027263752,14,3
2022-06-16_2022-06-16T09:50:52-04:00,2022-06-16,0.2571625813333333,0.6666666666666666,0.1879936859465537,0.33333333333333337,3,0
2022-06-16_2022-06-16T09:50:58-04:00,2022-06-16,0.7203630957037036,0.620921985815606,0.07640169363152184,0.1257556552395818,12,3
2022-06-16_2022-06-16T09:51:13-04:00,2022-06-16,0.39272467200000005,0.5,1.2597790515200137e-05,0.5,2,0
2022-06-16_2022-06-16T09:51:17-04:00,2022-06-16,0.081952256,0.0,,,1,2
2022-06-16_2022-06-16T09:51:34-04:00,2022-06-16,0.5476896,0.5,0.026368778608607233,0.5,2,0
2022-06-16_2022-06-16T09:52:10-04:00,2022-06-16,0.33846592,0.5,0.024610496731185153,0.5,2,0
2022-06-16_2022-06-16T09:52:13-04:00,2022-06-16,0.875730432,0.0,,,1,5
2022-06-16_2022-06-16T09:52:16-04:00,2022-06-16,0.6487912106666666,0.6382978723404311,0.06353966603077768,0.30737890448167055,3,0
2022-06-16_2022-06-16T09:52:19-04:00,2022-06-16,0.561146112,0.5,0.15551584071109836,0.5,2,0
2022-06-16_2022-06-16T09:52:23-04:00,2022-06-16,0.424804608,0.0,,,1,2
2022-06-17_2022-06-17T09:46:20-04:00,2022-06-17,0.3602954395410749,0.6695535023296212,0.09114717532998097,0.029663338864559286,189,3
2022-06-17_2022-06-17T09:47:00-04:00,2022-06-17,0.5520073216,0.40168926428095697,0.03916396985160827,0.1595976503336009,5,3
2022-06-17_2022-06-17T09:47:02-04:00,2022-06-17,0.43733301971002975,0.5657365110890324,0.07672330479553736,0.09732885335713487,53,3
2022-06-17_2022-06-17T09:47:24-04:00,2022-06-17,0.49906269866666664,0.6625409922775521,0.0655318538446351,0.22026980565595117,6,3
2022-06-17_2022-06-17T09:47:26-04:00,2022-06-17,0.47759915979487183,0.5143429487179446,0.12047514591770107,0.1419691539797042,13,3
2022-06-17_2022-06-17T09:47:32-04:00,2022-06-17,0.6416835994725274,0.6559819163075523,0.08285028950097495,0.04864047280517949,56,3
2022-06-17_2022-06-17T09:48:42-04:00,2022-06-17,0.43290342400000004,0.3611304347826042,0.12206552417920612,0.15633663516068103,5,3
2022-06-17_2022-06-17T09:49:04-04:00,2022-06-17,0.4355421789090909,0.5007773768664386,0.039146387197754866,0.1187515954265439,11,3
2022-06-17_2022-06-17T09:50:29-04:00,2022-06-17,0.32919232,0.0,,,1,2
2022-06-17_2022-06-17T09:50:33-04:00,2022-06-17,0.5082806992592592,0.545636583775718,0.07171477519740856,0.14970924116423426,9,3
2022-06-17_2022-06-17T09:50:38-04:00,2022-06-17,0.616822912,0.5,0.20071718099435518,0.5,2,0
2022-06-17_2022-06-17T09:51:33-04:00,2022-06-17,0.4582036224,0.5628942486085342,0.06063726015337377,0.1117936110183701,10,3
2022-06-17_2022-06-17T09:51:41-04:00,2022-06-17,0.729953024,0.0,,,1,5
2022-06-17_2022-06-17T09:51:44-04:00,2022-06-17,0.472539264,0.6245238095238022,0.05572563779511913,0.20005510204081145,4,3
2022-06-17_2022-06-17T09:51:51-04:00,2022-06-17,0.574187584,0.6891117478510056,0.08368645825369003,0.1169490228857604,8,3
2022-06-17_2022-06-17T09:51:57-04:00,2022-06-17,0.4380252416,0.5540211847783331,0.09345979394018016,0.24135037994423264,5,0
2022-06-17_2022-06-17T09:52:04-04:00,2022-06-17,0.4387435398095238,0.6494195688225379,0.14187754510237185,0.0797463156852499,9,3
2022-06-17_2022-06-17T09:52:17-04:00,2022-06-17,0.09945984,0.0,,,1,2
2022-06-17_2022-06-17T09:52:23-04:00,2022-06-17,0.322903808,0.5,0.06509340016312322,0.5,2,0
2022-06-17_2022-06-17T09:52:53-04:00,2022-06-17,0.41467330559999993,0.5371249999999875,0.022532359899860178,0.13672205729166614,5,3
2022-06-17_2022-06-17T09:52:59-04:00,2022-06-17,0.862998528,0.0,,,1,5
2022-06-17_2022-06-17T09:53:02-04:00,2022-06-17,0.597764314074074,0.6702226468168795,0.08098554085509502,0.16682293457050312,9,3
2022-06-17_2022-06-17T09:53:12-04:00,2022-06-17,0.31382848,0.5,0.02066015628561613,0.5,2,0
2022-06-17_2022-06-17T09:53:15-04:00,2022-06-17,0.72387024,0.73295238095239,0.103281099094725,0.1494185034013616,6,0
2022-06-17_2022-06-17T09:53:24-04:00,2022-06-17,0.344423936,0.0,,,1,2
2022-06-17_2022-06-17T09:53:30-04:00,2022-06-17,0.26490922666666666,0.42222222222224753,0.01849610155493513,0.26814814814813637,3,3
2022-06-17_2022-06-17T09:53:50-04:00,2022-06-17,0.25070016,0.5,0.0005241379136798715,0.5,2,0
2022-06-17_2022-06-17T09:53:52-04:00,2022-06-17,0.685324544,0.0,,,1,5
2022-06-17_2022-06-17T09:54:10-04:00,2022-06-17,0.25921376,0.588942307692307,0.14304905169585766,0.19609066814595202,4,0
2022-06-17_2022-06-17T09:54:19-04:00,2022-06-17,0.532316416,0.5,0.008955048159608838,0.5,2,0
2022-06-17_2022-06-17T09:54:21-04:00,2022-06-17,0.24939943822222221,0.6574854787333853,0.030148467702135622,0.3244050280356506,3,0
2022-06-17_2022-06-17T09:55:13-04:00,2022-06-17,0.97266816,0.0,,,1,5
2022-06-17_2022-06-17T09:55:19-04:00,2022-06-17,0.515246592,0.0,,,1,5
2022-06-17_2022-06-17T09:55:24-04:00,2022-06-17,0.133342208,0.0,,,1,2
2022-06-17_2022-06-17T09:55:26-04:00,2022-06-17,0.6531997610666667,0.784586206896541,0.052588221557158206,0.11164463073060496,10,3
2022-06-17_2022-06-17T09:55:31-04:00,2022-06-17,0.700838336,0.5010387811634447,0.06699180833118072,0.1666681054217407,4,3
2022-06-17_2022-06-17T09:55:34-04:00,2022-06-17,0.300408448,0.3949962797618814,0.09162814559676007,0.2101480912189084,4,3
2022-06-17_2022-06-17T09:55:36-04:00,2022-06-17,0.6482738944,0.5736081497275654,0.13712925203591494,0.2479976781518143,5,0
2022-06-17_2022-06-17T09:55:49-04:00,2022-06-17,0.5520310613333334,0.5051379748297032,0.08399272715461155,0.25007919635605197,3,3
2022-06-17_2022-06-17T09:55:56-04:00,2022-06-17,0.3752014102857143,0.5708333333333457,0.07744502361461553,0.11649176954732961,16,3
2022-06-17_2022-06-17T09:56:07-04:00,2022-06-17,0.5115175253333334,0.5549731983323365,0.0669172930208909,0.2095867708202863,5,3
2022-06-17_2022-06-17T09:56:13-04:00,2022-06-17,0.5136832853333333,0.4446491228070119,0.11500365859178852,0.1997784395198519,6,3
2022-06-17_2022-06-17T09:56:18-04:00,2022-06-17,0.5477628703999999,0.5811731610752215,0.08801599755919624,0.09779662645405234,20,3
2022-06-17_2022-06-17T09:56:29-04:00,2022-06-17,0.5278278115555556,0.5228486013239707,0.06604059664359363,0.16029991396909618,6,3
2022-06-17_2022-06-17T09:56:37-04:00,2022-06-17,0.474628224,0.3571428571428797,0.15382258461329001,0.31122448979589906,3,0
2022-06-17_2022-06-17T09:56:42-04:00,2022-06-17,0.5802077866666667,0.4339005235602003,0.014719249955832897,0.15404487096022706,6,3
2022-06-21_2022-06-21T09:58:40-04:00,2022-06-21,0.44684092030239275,0.5120246019489826,0.09723314210927445,0.035352813312664294,211,3
2022-06-21_2022-06-21T09:59:25-04:00,2022-06-21,0.474862848,0.5,0.0327883193090048,0.5,2,0
2022-06-21_2022-06-21T09:59:39-04:00,2022-06-21,0.5337720649790659,0.784347077279857,0.10222439173669255,0.029627320817769316,81,3
2022-06-21_2022-06-21T10:04:45-04:00,2022-06-21,0.7852020224,0.2,3.276203805900899e-06,0.20000000000000004,5,5
2022-06-21_2022-06-21T10:04:47-04:00,2022-06-21,0.43294582133343157,0.4501022933271698,0.07052150615199695,0.07116241043138347,981,1
2022-06-21_2022-06-21T10:10:27-04:00,2022-06-21,0.4507114584615385,0.38903181545322657,0.11250920152069295,0.09092947690215626,13,3
2022-06-21_2022-06-21T10:10:33-04:00,2022-06-21,0.42881062918918916,0.3196896896896925,0.07875014525648386,0.08913656084067026,37,3
2022-06-21_2022-06-21T10:10:54-04:00,2022-06-21,0.5000888788587577,0.5198923797656222,0.08573224447852548,0.05702450839585166,1838,1
2022-06-21_2022-06-21T10:27:54-04:00,2022-06-21,0.3499797376,0.44603846153846105,0.06916529112344186,0.12426913379355792,10,3
2022-06-21_2022-06-21T10:28:28-04:00,2022-06-21,0.362074464,0.3666735537190048,0.020061530135762246,0.08285632903034998,16,3
2022-06-21_2022-06-21T10:28:34-04:00,2022-06-21,0.524178432,0.4765151515151655,0.1758172952614666,0.16740205081114087,4,0
2022-06-21_2022-06-21T10:28:42-04:00,2022-06-21,0.633649152,0.3333333333333333,0.15453810808986007,0.33333333333333337,3,0
2022-06-21_2022-06-21T10:28:45-04:00,2022-06-21,0.762155008,0.0,,,1,5
2022-06-21_2022-06-21T10:28:50-04:00,2022-06-21,0.4730240213333334,0.5,0.41896903060161333,0.5,2,0
2022-06-21_2022-06-21T10:28:59-04:00,2022-06-21,0.47730111004006165,0.3658679013118032,0.08342520321641227,0.05939348866194192,88,3
2022-06-22_2022-06-22T10:24:21-04:00,2022-06-22,0.35130922666666664,0.6666666666666666,0.06486534868646843,0.33333333333333337,3,0
2022-06-22_2022-06-22T10:24:23-04:00,2022-06-22,0.36155328,0.5,0.10364384371805388,0.5,2,0
2022-06-22_2022-06-22T10:24:37-04:00,2022-06-22,0.31954432,0.6919999999999953,0.0453806233930083,0.21759829629629113,4,3
2022-06-24_2022-06-24T09:46:26-04:00,2022-06-24,0.822282064,0.38498697916666846,0.07349145301840666,0.04637789623119205,16,5
2022-06-27_2022-06-27T08:00:00-04:00,2022-06-27,0.8773688562764819,0.6208171937570228,0.05436282056949835,0.041594584288312315,1993,1
2022-06-27_2022-06-27T09:36:38-04:00,2022-06-27,0.271616704,0.453737113402065,0.020745887499261265,0.278536574024857,4,3
2022-06-27_2022-06-27T09:36:42-04:00,2022-06-27,0.517264128,0.5,0.020450819441819642,0.5,2,0
2022-06-27_2022-06-27T09:36:45-04:00,2022-06-27,0.20626282057142856,0.6758826826078834,0.012887898599813229,0.18628706467430564,7,3
2022-06-27_2022-06-27T09:36:50-04:00,2022-06-27,0.19486109866666668,0.5,0.020832691864822672,0.5,2,0
2022-06-27_2022-06-27T09:36:55-04:00,2022-06-27,0.7779752959999999,0.5,0.005520398827519998,0.5,2,0
2022-06-27_2022-06-27T09:36:57-04:00,2022-06-27,0.7117411840000001,0.4874916525401898,0.040024938693787655,0.250469376268526,3,3
2022-06-27_2022-06-27T09:36:59-04:00,2022-06-27,0.605041024,0.5,0.07067481354302259,0.5,2,0
2022-06-27_2022-06-27T09:37:03-04:00,2022-06-27,0.7026708891428571,0.5047115384615037,0.10650222530800554,0.23327560228234917,8,0
2022-06-27_2022-06-27T09:37:13-04:00,2022-06-27,0.92416256,0.0,,,1,5
2022-06-27_2022-06-27T09:37:16-04:00,2022-06-27,0.3528836053333333,0.6090816326530551,0.09870423715911301,0.23457008191030929,4,0
2022-06-27_2022-06-27T09:37:21-04:00,2022-06-27,0.519118592,0.6655555555555449,0.1186463961413714,0.33222592592591543,3,0
2022-06-27_2022-06-27T09:37:24-04:00,2022-06-27,0.870732032,0.0,,,1,5
2022-06-27_2022-06-27T09:37:32-04:00,2022-06-27,0.349884416,0.0,,,1,2
2022-06-27_2022-06-27T09:37:34-04:00,2022-06-27,0.598958016,0.6448196908986769,0.19281714125752236,0.17207038871772243,6,0
2022-06-27_2022-06-27T09:37:41-04:00,2022-06-27,0.48310570666666663,0.6600148367952471,0.1575008461435809,0.16624610583042446,5,0
2022-06-27_2022-06-27T09:38:01-04:00,2022-06-27,0.49089298066666665,0.6758284818629712,0.10807232775346401,0.08824649096120252,32,3
2022-06-27_2022-06-27T09:39:44-04:00,2022-06-27,0.730048512,0.5,0.06049579851893967,0.5,2,0
2022-06-27_2022-06-27T09:39:53-04:00,2022-06-27,0.44679837866666666,0.71367283950617,0.06970588331954997,0.13902642318244335,9,3
2022-06-27_2022-06-27T09:39:57-04:00,2022-06-27,0.5754707919238096,0.7101666666666869,0.09134594572534775,0.09577831746032217,15,3
2022-06-27_2022-06-27T09:40:06-04:00,2022-06-27,0.4703886461901639,0.49023679417122146,0.1045217903925265,0.07827191637362595,61,3
2022-06-27_2022-06-27T09:40:33-04:00,2022-06-27,0.11221273600000001,0.5,0.0017766878130594716,0.5,2,0
2022-06-27_2022-06-27T09:40:42-04:00,2022-06-27,0.3520951466666667,0.48156383175835193,0.1544895965745739,0.25101967689830307,3,0
2022-06-29_2022-06-29T08:01:12-04:00,2022-06-29,0.336857856,0.0,,,1,2
2022-06-29_2022-06-29T10:12:03-04:00,2022-06-29,0.483256704,0.5,0.326543914358571,0.5,2,0
2022-06-29_2022-06-29T10:12:14-04:00,2022-06-29,0.25085255466666667,0.7536979704162312,0.0022947215292390072,0.14358739784364433,6,3
2022-06-29_2022-06-29T10:12:36-04:00,2022-06-29,0.10587904000000001,0.704178814382892,0.0020136023714037755,0.16341360244099049,5,3
2022-06-29_2022-06-29T10:12:38-04:00,2022-06-29,0.2044936106666667,0.5029024006296717,0.02070739601690242,0.16013237973967923,6,3
2022-06-29_2022-06-29T10:12:44-04:00,2022-06-29,0.36869888,0.0,,,1,2
2022-06-29_2022-06-29T10:12:46-04:00,2022-06-29,0.401044736,0.5800865800865953,0.0017206452164362255,0.26924158092989997,3,3
2022-06-29_2022-06-29T10:12:48-04:00,2022-06-29,0.736764672,0.0,,,1,5
2022-06-29_2022-06-29T10:12:52-04:00,2022-06-29,0.813693952,0.0,,,1,5
2022-06-29_2022-06-29T10:12:59-04:00,2022-06-29,0.29650343314285715,0.6981494019408647,0.07703779712775705,0.1559096830048851,7,3
2022-06-29_2022-06-29T10:13:12-04:00,2022-06-29,0.063601664,0.0,,,1,2
2022-06-30_2022-06-30T08:02:52-04:00,2022-06-30,0.045916927999999996,0.0,,,1,2
2022-06-30_2022-06-30T09:30:23-04:00,2022-06-30,0.3588915712,0.3708648648648647,0.07256657525726905,0.1710657280704128,5,3
2022-06-30_2022-06-30T09:30:26-04:00,2022-06-30,0.650507392,0.5,0.15932360396272438,0.5,2,0
2022-06-30_2022-06-30T09:34:10-04:00,2022-06-30,0.710516736,0.5,0.021598679592992755,0.5,2,0
2022-06-30_2022-06-30T09:34:14-04:00,2022-06-30,0.5865280975238096,0.6530285714285762,0.06761186218492134,0.222175085714288,7,3
2022-06-30_2022-06-30T09:34:20-04:00,2022-06-30,0.503171584,0.0,,,1,5
2022-06-30_2022-06-30T09:34:23-04:00,2022-06-30,0.5293782015999999,0.6193784277879526,0.14222608567166892,0.27280997563573567,5,0
2022-07-05_2022-07-05T08:00:01-04:00,2022-07-05,0.5080122729411765,0.40875952453520387,0.05061948417328571,0.09469793485465579,34,3
2022-07-06_2022-07-06T09:25:01-04:00,2022-07-06,0.032602473411764706,0.0,,,1,2
2022-07-06_2022-07-06T09:30:01-04:00,2022-07-06,0.5183831491764707,0.6722242647058883,0.09818227045593991,0.033904242215351495,34,3
2022-07-06_2022-07-06T09:30:05-04:00,2022-07-06,0.006882048,0.0,,,1,2
2022-07-06_2022-07-06T09:30:07-04:00,2022-07-06,0.555387056,0.03125,0.0017057300718738698,0.03125,32,5
2022-07-06_2022-07-06T09:30:09-04:00,2022-07-06,0.5937907321904762,0.0486635599121514,0.010978288174789276,0.04751530134741537,21,5
2022-07-06_2022-07-06T09:30:11-04:00,2022-07-06,0.3986140305454546,0.012721839913071832,0.06122487174383992,0.011336020739880832,88,2
2022-07-06_2022-07-06T09:30:15-04:00,2022-07-06,0.49180262399999997,0.5,0.41641149517332476,0.5,2,0
2022-07-06_2022-07-06T09:30:19-04:00,2022-07-06,0.43458109440000003,0.5506248183667539,0.07125420728741394,0.22271179903924782,5,3
2022-07-06_2022-07-06T09:30:24-04:00,2022-07-06,0.7125135872,0.23272527472527277,0.10642509726515638,0.09571924432100339,10,3
2022-07-06_2022-07-06T09:30:27-04:00,2022-07-06,0.23133203733333332,0.45681721459729513,0.01324687571871071,0.11557780687017234,8,2
2022-07-06_2022-07-06T09:30:35-04:00,2022-07-06,0.4671213796806295,0.5582480415843022,0.08988611550959331,0.04308920455904336,174,3
2022-07-06_2022-07-06T09:33:06-04:00,2022-07-06,0.522630656,0.5827612836794207,0.004023646367034027,0.24299813972437032,4,3
2022-07-06_2022-07-06T09:33:08-04:00,2022-07-06,0.39303967061333334,0.4887418546365866,0.07268428897547606,0.08622734343915739,15,3
2022-07-06_2022-07-06T09:33:40-04:00,2022-07-06,0.079203392,0.0,,,1,2
2022-07-06_2022-07-06T09:33:46-04:00,2022-07-06,0.5674310292022933,0.4895454545454559,0.06861522500407073,0.13332525189721375,33,3
2022-07-06_2022-07-06T09:34:25-04:00,2022-07-06,0.580743168,0.0,,,1,5
2022-07-06_2022-07-06T09:34:32-04:00,2022-07-06,0.436074112,0.5,0.009913076955250682,0.5,2,0
2022-07-06_2022-07-06T09:34:37-04:00,2022-07-06,0.44095616,0.0,,,1,2
2022-07-06_2022-07-06T09:35:03-04:00,2022-07-06,0.555238912,0.5,0.3429707123105464,0.5,2,0
2022-07-06_2022-07-06T09:35:09-04:00,2022-07-06,0.5332475264,0.25,0.11296152543559568,0.25000000000000006,4,3
2022-07-06_2022-07-06T09:35:37-04:00,2022-07-06,0.5264084053333333,0.6119900587985727,0.11662342043773063,0.28762531980912337,3,0
2022-07-06_2022-07-06T09:35:42-04:00,2022-07-06,0.206196352,0.5,0.0010128197052334089,0.5,2,0
2022-07-06_2022-07-06T09:35:47-04:00,2022-07-06,0.832873216,0.0,,,1,5
2022-07-07_2022-07-07T09:34:16-04:00,2022-07-07,0.47108045037037033,0.513543091168088,0.0896835419549235,0.053704126778718914,432,3
2022-07-08_2022-07-08T08:01:11-04:00,2022-07-08,0.162714496,0.0,0.0042851104892190715,0.0,2,2
2022-07-08_2022-07-08T08:56:44-04:00,2022-07-08,0.6550574933333334,0.6511024643320357,0.03570869162621883,0.31849586418164233,3,0
2022-07-08_2022-07-08T08:56:53-04:00,2022-07-08,0.3527520853333333,0.5263157894736805,0.09117730935636516,0.25207756232686923,3,0
2022-07-08_2022-07-08T09:13:55-04:00,2022-07-08,0.377161813641714,0.9076923076923121,0.06465293248875441,0.07743589743589642,13,3
2022-07-08_2022-07-08T09:16:36-04:00,2022-07-08,0.46505984,0.0,,,1,2
2022-07-08_2022-07-08T09:16:39-04:00,2022-07-08,0.018801536,0.0,,,1,2
2022-07-08_2022-07-08T09:17:04-04:00,2022-07-08,0.28571035269565215,0.5,0.1626615989326492,0.5,2,0
2022-07-08_2022-07-08T09:17:42-04:00,2022-07-08,0.102477568,0.0,,,1,2
2022-07-08_2022-07-08T09:18:07-04:00,2022-07-08,0.026659691789473684,0.0,,,1,2
2022-07-08_2022-07-08T09:18:30-04:00,2022-07-08,0.43887808814545454,0.8,0.09134961234629747,0.2,5,0
2022-07-08_2022-07-08T09:19:24-04:00,2022-07-08,0.13735880533333333,0.0,0.033604301868246915,0.0,2,2
2022-07-08_2022-07-08T09:21:27-04:00,2022-07-08,0.049767424,0.0,,,1,2
2022-07-08_2022-07-08T09:21:33-04:00,2022-07-08,0.285038592,0.0,,,1,2
2022-07-08_2022-07-08T09:21:56-04:00,2022-07-08,0.49354043733333336,0.0,0.14288227459682215,0.0,3,3
2022-07-08_2022-07-08T09:22:32-04:00,2022-07-08,0.532176718618793,0.8585858585858458,0.13374025903386805,0.0841750841750833,11,0
2022-07-08_2022-07-08T09:25:26-04:00,2022-07-08,0.526303232,0.0,,,1,5
2022-07-12_2022-07-12T09:37:14-04:00,2022-07-12,0.600836736,0.5,0.004573731278323715,0.5,2,0
2022-07-12_2022-07-12T09:37:19-04:00,2022-07-12,0.4853289142857143,0.630429379233214,0.06117328722565762,0.11595464743806838,7,3
2022-07-13_2022-07-13T09:42:31-04:00,2022-07-13,0.8176803643076924,0.7931913617276598,0.044975474415539125,0.08545130730902595,13,3
2022-07-13_2022-07-13T09:42:34-04:00,2022-07-13,0.5282309205883872,0.45093237125071134,0.08481751496878837,0.042771503016950776,93,3
2022-07-15_2022-07-15T09:30:01-04:00,2022-07-15,0.46459859989610386,0.6328146574614971,0.08992935193913233,0.030903634215164635,154,3
2022-07-15_2022-07-15T09:31:41-04:00,2022-07-15,0.6395658240000001,0.3448957189901022,0.04916723885037976,0.15375008250450992,5,3
2022-07-15_2022-07-15T09:31:43-04:00,2022-07-15,0.4003239030724638,0.5399468357448941,0.09351152285178112,0.1083232981994724,23,3
2022-07-15_2022-07-15T09:32:23-04:00,2022-07-15,0.5723980509090909,0.6171320723525638,0.07939438837057156,0.10944229572058521,11,3
2022-07-15_2022-07-15T09:32:32-04:00,2022-07-15,0.5060886674285714,0.6681001877118709,0.06137336646772999,0.15231286167946265,14,3
2022-07-15_2022-07-15T09:32:38-04:00,2022-07-15,0.4914909063529412,0.5356127450980568,0.12350219487017941,0.17096224213643227,17,3
2022-07-15_2022-07-15T09:32:46-04:00,2022-07-15,0.487440384,0.65022870211549,0.1548262534837371,0.2232270437309416,4,0
2022-07-15_2022-07-15T09:32:50-04:00,2022-07-15,0.5441843541333333,0.6028967729760275,0.12278044432600414,0.126669004667008,20,3
2022-07-15_2022-07-15T09:33:01-04:00,2022-07-15,0.3745197742222222,0.5289386792452817,0.07597048818154009,0.130343809069923,32,3
2022-07-15_2022-07-15T09:33:14-04:00,2022-07-15,0.480106816,0.4616508400292421,0.07403411398715531,0.2676073898311612,4,3
2022-07-15_2022-07-15T09:33:19-04:00,2022-07-15,0.34116595200000005,0.716946597760539,0.03706673936829646,0.17243094643528298,6,3
2022-07-15_2022-07-15T09:33:21-04:00,2022-07-15,0.45215337066666667,0.619602254111772,0.05083772544857069,0.15689783799969148,12,3
2022-07-15_2022-07-15T09:33:29-04:00,2022-07-15,0.4423888213333333,0.6649275362318677,0.07369916070457072,0.331603276622542,3,0
2022-07-15_2022-07-15T09:33:32-04:00,2022-07-15,0.5030799872,0.7357391304347882,0.03645870553842975,0.17509531190926603,5,3
2022-07-15_2022-07-15T09:33:34-04:00,2022-07-15,0.8126155093333334,0.4952081147254286,0.01948192407141308,0.250068886493454,3,3
2022-07-15_2022-07-15T09:33:36-04:00,2022-07-15,0.67848064,0.5,0.005168122791329792,0.5,2,0
2022-07-15_2022-07-15T09:33:39-04:00,2022-07-15,0.7061543424,0.4148128624143362,0.08213236229310382,0.1356136635016487,5,3
2022-07-18_2022-07-18T09:56:07-04:00,2022-07-18,0.429103872,0.381009615384617,0.06587122258222403,0.17659368924345936,8,3
2022-07-18_2022-07-18T09:56:15-04:00,2022-07-18,0.5861639168,0.7844368013757258,0.04075754398267474,0.1930950103099981,5,3
2022-07-18_2022-07-18T09:56:18-04:00,2022-07-18,0.5988891306666667,0.549692908989395,0.08279662253895406,0.2574081556114849,3,0
2022-07-18_2022-07-18T09:56:29-04:00,2022-07-18,0.6856188928,0.6680689655172684,0.04786902888973599,0.2195942687277307,5,3
2022-07-18_2022-07-18T09:56:32-04:00,2022-07-18,0.529707456,0.25,0.09106860696265796,0.25,4,3
2022-07-18_2022-07-18T09:56:34-04:00,2022-07-18,0.572858432,0.6797222222222604,0.06102132803394492,0.2226966049382689,4,3
2022-07-18_2022-07-18T09:56:37-04:00,2022-07-18,0.6758723946666666,0.7771839080459899,0.08226075495852504,0.11320831982129544,12,3
2022-07-19_2022-07-19T10:26:19-04:00,2022-07-19,0.3192381247311828,0.5398717691845374,0.007141701367505581,0.09491470956119487,93,3
2022-07-19_2022-07-19T10:26:36-04:00,2022-07-19,0.40832577110001067,0.6153549969095446,0.0879143513971263,0.038559184950990255,491,3
2022-07-19_2022-07-19T10:28:51-04:00,2022-07-19,0.48867408292019077,0.5808967894068682,0.08660315348067407,0.05441776420018063,185,3
2022-07-20_2022-07-20T10:29:34-04:00,2022-07-20,0.44778113422222227,0.42820216049382964,0.008314048550525735,0.04144482926822874,72,3
2022-07-21_2022-07-21T08:00:00-04:00,2022-07-21,0.4111925471180758,0.8841994594430435,0.12416369922798426,0.007437926491641313,447,1
2022-07-21_2022-07-21T09:25:49-04:00,2022-07-21,0.74640446977424,0.6546381593190096,0.021814552187912655,0.07520437666249813,846,1
2022-07-21_2022-07-21T09:33:08-04:00,2022-07-21,0.36482319360000004,0.5410298324478953,0.030707323279592656,0.12838624278095723,5,3
2022-07-21_2022-07-21T09:33:13-04:00,2022-07-21,0.39918912,0.5189212417960235,0.1264473664895994,0.1525930777475538,8,3
2022-07-21_2022-07-21T09:33:17-04:00,2022-07-21,0.799417344,0.49856553702707246,0.0023178093498204167,0.2500061730520621,3,3
2022-07-21_2022-07-21T09:33:21-04:00,2022-07-21,0.656730624,0.0,,,1,5
2022-08-08_2022-08-08T09:41:51-04:00,2022-08-08,0.46011223282304525,0.5405787505139588,0.07789084494097707,0.05411435721806063,3321,4
2022-08-08_2022-08-08T09:43:17-04:00,2022-08-08,0.49159933741176465,0.38472394220845874,0.11042326791872782,0.12706979811577113,68,3
2022-08-09_2022-08-09T09:17:31-04:00,2022-08-09,0.28459835144827583,0.6409476957349053,0.06410774902640716,0.22882280979609276,29,3
2022-08-09_2022-08-09T09:17:37-04:00,2022-08-09,0.38604724184615385,0.10005574136008989,0.019879479987728283,0.07376238023686028,13,2
2022-10-31_2022-10-31T09:41:29-04:00,2022-10-31,0.4680254208,0.695699047619044,0.08842858449119595,0.02953804247895094,70,3
2022-10-31_2022-10-31T09:41:32-04:00,2022-10-31,0.47617949435663987,0.7006983378506052,0.07760333251977702,0.020213057115753438,3354,4
2022-10-31_2022-10-31T09:42:21-04:00,2022-10-31,0.3519799424,0.416259740259749,0.07101281030012774,0.09681625443443097,100,3
2023-03-22_2023-03-22T08:30:21-04:00,2023-03-22,0.44182642725925925,0.5894444444444518,0.0912122182753469,0.12873194444444408,9,3
2023-03-22_2023-03-22T08:30:54-04:00,2023-03-22,0.720338688,0.5,0.016710517323333618,0.5,2,0
2023-03-22_2023-03-22T08:30:56-04:00,2023-03-22,0.3917514422857143,0.46428571428573334,0.02922385192503939,0.19642857142858414,7,3
2023-03-22_2023-03-22T08:31:02-04:00,2023-03-22,0.4496101006656285,0.5225054945054963,0.0716722872666601,0.05913382668200756,338,3
2023-03-22_2023-03-22T08:33:02-04:00,2023-03-22,0.6536803413333333,0.35833333333333334,0.15288435581476978,0.11594444444444314,6,3
2023-03-22_2023-03-22T08:33:05-04:00,2023-03-22,0.5763150933333333,0.5286324786324715,0.1443822832243155,0.28090364526260014,4,0
2023-03-22_2023-03-22T08:33:10-04:00,2023-03-22,0.4867372290490933,0.5183208020050173,0.08243849210020021,0.0964557121519509,133,3
2023-03-22_2023-03-22T08:34:57-04:00,2023-03-22,0.435000192,0.5,0.0033103600893624307,0.5,2,0
2023-03-22_2023-03-22T08:35:40-04:00,2023-03-22,0.6479323136,0.2,0.10192466846451634,0.20000000000000004,5,3
2023-03-22_2023-03-22T08:35:44-04:00,2023-03-22,0.42454226285714286,0.7114285714285717,0.07598646307185654,0.23623980654761922,7,0
2023-03-22_2023-03-22T08:35:53-04:00,2023-03-22,0.5071133821071895,0.5449236111111113,0.07572542637195426,0.057677499174437256,144,3
2023-03-22_2023-03-22T08:37:21-04:00,2023-03-22,0.498288512,0.0,,,1,5
2023-03-22_2023-03-22T08:37:34-04:00,2023-03-22,0.8369844906666667,0.3339986693280091,6.661956280866117e-05,0.332669325354615,3,3
2023-03-22_2023-03-22T08:37:36-04:00,2023-03-22,0.571733824,0.44444444444444553,0.011275104864321527,0.2716049382716059,4,3
2023-03-22_2023-03-22T08:37:38-04:00,2023-03-22,0.753257984,0.5,0.0790165197277102,0.5,2,0
2023-03-22_2023-03-22T08:37:45-04:00,2023-03-22,0.3446134432,0.5652173913043463,0.0324661928950967,0.1092079517268952,10,3
2023-03-22_2023-03-22T08:38:00-04:00,2023-03-22,0.43084245095492346,0.4523554639804642,0.06990491449674721,0.06294436683334163,1092,1
2023-03-22_2023-03-22T08:50:57-04:00,2023-03-22,0.5137814186666667,0.4668333333333334,0.2483183294151491,0.2576001111111181,4,0
2023-03-22_2023-03-22T08:51:03-04:00,2023-03-22,0.066989056,0.0,,,1,2
2023-03-22_2023-03-22T08:51:09-04:00,2023-03-22,0.40157785858883766,0.7099107142857152,0.08779314399965066,0.05117214732949035,168,3
2023-03-22_2023-03-22T08:52:44-04:00,2023-03-22,0.6272464727843137,0.45666666666666134,0.06735318311185698,0.14112087542086516,34,3
2023-03-22_2023-03-22T08:53:19-04:00,2023-03-22,0.73109888,0.0,,,1,5
2023-03-22_2023-03-22T08:53:25-04:00,2023-03-22,0.932991744,0.0,,,1,5
2023-03-22_2023-03-22T08:53:27-04:00,2023-03-22,0.294226944,0.0,,,1,2
2023-03-22_2023-03-22T08:53:34-04:00,2023-03-22,0.5586729178803419,0.6446153846153819,0.09173213161496746,0.07538366863905238,26,3
2023-03-22_2023-03-22T08:54:03-04:00,2023-03-22,0.398340864,0.0,,,1,2
2023-03-22_2023-03-22T08:54:07-04:00,2023-03-22,0.6026646976000001,0.7240000000000052,0.13131829654707378,0.19087999999999866,5,0
2023-03-22_2023-03-22T09:24:04-04:00,2023-03-22,0.26296624355555553,0.3346720214190063,0.02757575386135667,0.17984185738940303,9,3
2023-03-22_2023-03-22T09:24:13-04:00,2023-03-22,0.493561664,0.5833333333333366,0.007711690793740976,0.17592592592592662,4,3
2023-03-22_2023-03-22T09:24:17-04:00,2023-03-22,0.5547392,0.6666666666666666,0.20857621062162846,0.33333333333333337,3,0
2023-03-22_2023-03-22T09:24:26-04:00,2023-03-22,0.725371136,0.4166666666666667,0.11547604217449678,0.2708333333333333,3,0
2024-05-14_2024-05-14 08:00:00-04:00,2024-05-14,0.15580228273692057,0.555849339473775,0.02418327702909961,0.07642925927482802,5000,4
2024-05-14_2024-05-14 08:02:00-04:00,2024-05-14,0.3839325532288401,0.5638528153456336,0.06105566619037165,0.06353716632730844,319,3
2024-05-14_2024-05-14 08:33:57-04:00,2024-05-14,0.5525415655368282,0.350070140259226,0.0770047184558094,0.0680809092672725,274,3
2024-05-14_2024-05-14 08:34:11-04:00,2024-05-14,0.5045661362162162,0.47961356092935264,0.09017095789925768,0.05975447617579233,74,3
2024-05-14_2024-05-14 08:53:37-04:00,2024-05-14,0.4683805212498806,0.5691658385093281,0.09052610461954504,0.061596429109729955,322,3
2024-05-14_2024-05-14 08:54:28-04:00,2024-05-14,0.4611702088290059,0.5657839686204621,0.07622745718944211,0.05342013636405641,4220,4
2024-05-14_2024-05-14 09:14:56-04:00,2024-05-14,0.4860757661538461,0.31331564986736105,0.07147046427723493,0.1267338394463328,13,3
2024-05-14_2024-05-14 09:14:59-04:00,2024-05-14,0.49886078685611546,0.7041917278396091,0.07951999438116542,0.027362009767355717,618,1
2024-05-14_2024-05-14 09:16:04-04:00,2024-05-14,0.4821926286747691,0.767722411278561,0.08640858398781294,0.025557578233148092,187,3
2024-05-14_2024-05-14 09:16:35-04:00,2024-05-14,0.5005092151956307,0.7090579583538491,0.07326427167929032,0.053995120248246445,2171,1
2024-05-14_2024-05-14 09:20:49-04:00,2024-05-14,0.5048083393553854,0.5852901694178593,0.08550464768640939,0.06652593746854077,361,3
2024-05-14_2024-05-14T08:00:00-04:00,2024-05-14,0.119749235789519,0.6810006922635626,0.06972827513158722,0.04777302747572258,5000,4
2024-05-14_2024-05-14T08:06:29-04:00,2024-05-14,0.3785504150126915,0.19782168002630343,0.042629274278289074,0.10171272827607764,2285,1
2024-05-14_2024-05-14T08:07:11-04:00,2024-05-14,0.453484056,0.6796046428037941,0.08966850086856872,0.10465264648460358,32,3
2024-05-14_2024-05-14T08:07:15-04:00,2024-05-14,0.528854783921376,0.8285087111905295,0.07076631889090934,0.04812937129586992,296,3
2024-05-14_2024-05-14T08:07:39-04:00,2024-05-14,0.4861140099126573,0.7646645341092163,0.0756516823381896,0.06937549536596986,193,3
2024-05-14_2024-05-14T08:07:49-04:00,2024-05-14,0.47849399382927,0.6637081280064234,0.08637598288827467,0.12177313509144283,2361,1
2024-05-14_2024-05-14T08:10:10-04:00,2024-05-14,0.5716532480000001,0.6572088037105099,0.06296946871697014,0.17397948852253292,26,3
2024-05-14_2024-05-14T08:10:13-04:00,2024-05-14,0.5934599453543253,0.5277063816160936,0.10795866698294669,0.14440390301895037,5000,4
2024-05-14_2024-05-14T08:21:20-04:00,2024-05-14,0.4763025629725845,0.17330736982178077,0.07746311598055575,0.05973465736687806,1989,1
2024-05-14_2024-05-14T08:21:39-04:00,2024-05-14,0.4675174271356784,0.08990537840378424,0.07882056196019009,0.020173216082512185,398,3
2024-05-14_2024-05-14T08:21:45-04:00,2024-05-14,0.5364191176434109,0.13119717300988495,0.07730683310218082,0.05068922384067802,129,3
2024-05-14_2024-05-14T08:21:48-04:00,2024-05-14,0.47984961476518534,0.17161842083842868,0.07446318528741858,0.05471790102890677,3803,4
2024-05-14_2024-05-14T08:22:22-04:00,2024-05-14,0.5066830533155949,0.5743791178616477,0.08949941959342972,0.07880214384555666,2706,1
2024-05-14_2024-05-14T08:24:17-04:00,2024-05-14,0.5574112170592335,0.7118037923546937,0.07001151268689,0.09230776841343372,287,3
2024-05-14_2024-05-14T08:24:35-04:00,2024-05-14,0.7172154615144541,0.7537863629134128,0.0997245237119155,0.014342812661955804,5000,4
2024-05-14_2024-05-14T09:35:47-04:00,2024-05-14,0.5245804257981848,0.08062748709734832,0.07132213051943008,0.04598758697571032,5000,4
2024-05-14_2024-05-14T09:35:53-04:00,2024-05-14,0.4682038822598331,0.0654088035860541,0.06589019565893137,0.042595714623262476,3356,4
2024-05-14_2024-05-14T09:35:55-04:00,2024-05-14,0.4765259686627219,0.01952662721893491,0.17309638844140068,0.019156673358067,1690,1
2024-05-14_2024-05-14T09:36:01-04:00,2024-05-14,0.3999832466582507,0.0009017132551848512,0.014018505882965679,0.0009017132551848512,1109,2
2024-05-14_2024-05-14T09:36:06-04:00,2024-05-14,0.38827856735340727,0.028526148969889066,0.12028110622173115,0.027734384327584453,1262,1
2024-05-14_2024-05-14T09:36:10-04:00,2024-05-14,0.49325365275675676,0.0,0.0231236576940672,0.0,74,5
2024-05-14_2024-05-14T09:36:21-04:00,2024-05-14,0.16581857764784053,0.7386068914412837,0.0027938884015016644,0.04569040508714656,86,3
2024-05-14_2024-05-14T10:21:33-04:00,2024-05-14,0.3844672,0.0,,,1,2
2024-05-15_2024-05-15 08:01:54-04:00,2024-05-15,0.5187212354417077,0.5832821462311897,0.072810310208306,0.10473080703917348,203,3
2024-05-15_2024-05-15 09:00:07-04:00,2024-05-15,0.5292167408719723,0.9423727934393947,0.07574366562348736,0.032182418239571575,867,1
2024-05-15_2024-05-15 09:00:18-04:00,2024-05-15,0.524644601087108,0.9567544620789029,0.07623319416453557,0.03088019174343882,820,1
2024-05-15_2024-05-15 09:00:27-04:00,2024-05-15,0.4945131658471458,0.9079577499596346,0.08735269850858793,0.03260344523422985,4136,4
2024-05-15_2024-05-15 09:01:08-04:00,2024-05-15,0.5085651669293495,0.8789086706059076,0.08608819761073028,0.03580598403957187,918,1
2024-05-15_2024-05-15 09:01:17-04:00,2024-05-15,0.4849327223480901,0.8672519868061307,0.08646490611328062,0.042658829933108086,5000,4
2024-05-15_2024-05-15 09:03:08-04:00,2024-05-15,0.5003327505921554,0.8472276507433989,0.07992797313370885,0.03151409007712562,5000,4
2024-05-15_2024-05-15T08:00:00-04:00,2024-05-15,0.12563696916154934,0.27506187356428413,0.060903376879079034,0.029075731322865714,5000,4
2024-05-15_2024-05-15T08:38:50-04:00,2024-05-15,0.45897252593457866,0.6580891130727206,0.09175596208320494,0.05908711905270515,305,3
2024-05-15_2024-05-15T08:39:43-04:00,2024-05-15,0.46813322576080857,0.739340599723812,0.0952660368193224,0.04600781272079447,548,1
2024-05-15_2024-05-15T08:41:36-04:00,2024-05-15,0.165144576,0.2878787878787859,0.011773724462651802,0.19393939393939436,6,2
2024-05-15_2024-05-15T08:41:40-04:00,2024-05-15,0.490660839829702,0.5718399304045241,0.08631816252307321,0.0631497692190947,121,3
2024-05-15_2024-05-15T08:42:36-04:00,2024-05-15,0.4767409157078039,0.7216610333172387,0.08971278059251847,0.02550389108866195,872,1
2024-05-15_2024-05-15T08:46:40-04:00,2024-05-15,0.4576055136,0.5763405172413784,0.09958008396091965,0.05730054092480743,20,3
2024-05-15_2024-05-15T08:46:46-04:00,2024-05-15,0.42089504,0.5901534526854175,0.1280714897934855,0.24563930987718388,4,0
2024-05-15_2024-05-15T08:46:50-04:00,2024-05-15,0.49944625589765457,0.6299361929009791,0.08831632295392118,0.10775674104362494,67,3
2024-05-15_2024-05-15T08:47:06-04:00,2024-05-15,0.46349455405714285,0.5183928571428593,0.07119446876430284,0.057076622320827046,40,3
2024-05-15_2024-05-15T08:47:22-04:00,2024-05-15,0.4912796041861959,0.571923870671864,0.09063455578745537,0.08862755848665249,89,3
2024-05-15_2024-05-15T09:01:17-04:00,2024-05-15,0.42693166141448013,0.847027915601992,0.05577450824133872,0.03776549015522991,5000,4
2024-05-15_2024-05-15T09:08:19-04:00,2024-05-15,0.4903632795151516,0.4893226381461704,0.08042145281351916,0.14437534864212484,33,3
2024-05-15_2024-05-15T09:08:33-04:00,2024-05-15,0.5888724014545454,0.4734848484848499,0.07479268169275927,0.15292844696969551,11,3
2024-05-15_2024-05-15T09:08:40-04:00,2024-05-15,0.5154122436923078,0.6017307692307666,0.08593690327543767,0.07409206730769508,13,3
2024-05-15_2024-05-15T09:08:46-04:00,2024-05-15,0.469394688,0.8196969696969637,0.06841184083447954,0.13275512146255555,12,3
2024-05-15_2024-05-15T09:08:53-04:00,2024-05-15,0.5185140224,0.37839999999999224,0.015605985823018191,0.2699327999999901,5,3
2024-05-15_2024-05-15T09:08:55-04:00,2024-05-15,0.42734208,0.7812778603268958,0.15740907516674046,0.192391522733144,5,0
2024-05-15_2024-05-15T09:08:59-04:00,2024-05-15,0.44215552,0.5226562499999976,0.10018560884762213,0.19562457682291703,4,3
2024-05-15_2024-05-15T09:09:02-04:00,2024-05-15,0.41884224000000003,0.5,0.15776442754954037,0.5,2,0
2024-05-15_2024-05-15T09:09:06-04:00,2024-05-15,0.626533632,0.5833333333333361,0.09812926168010587,0.21649659863945706,6,0
2024-05-15_2024-05-15T09:09:08-04:00,2024-05-15,0.40570543542857146,0.4472049689441048,0.10513777800596796,0.16153222958516397,14,3
2024-05-15_2024-05-15T09:09:12-04:00,2024-05-15,0.49012226843140133,0.7071583469721734,0.08444497449197014,0.03932775381629485,188,3
2024-05-15_2024-05-15T09:10:12-04:00,2024-05-15,0.45428301905454543,0.4984605263157874,0.0860866192324801,0.07734724607571475,40,3
2024-05-15_2024-05-15T09:10:25-04:00,2024-05-15,0.4686619595932204,0.5422171323866236,0.0925755674806273,0.05763461202490027,118,3
2024-05-15_2024-05-15T09:11:08-04:00,2024-05-15,0.552254976,0.6428571428571477,0.03886677859847372,0.3112244897959225,3,0
2024-05-15_2024-05-15T09:11:10-04:00,2024-05-15,0.58798510464,0.5611111111111188,0.11595679834811834,0.14044093567251437,20,3
2024-05-15_2024-05-15T09:11:22-04:00,2024-05-15,0.47432916807097397,0.7386042154566824,0.07957854429297677,0.051501484769255985,244,3
2024-05-15_2024-05-15T09:12:49-04:00,2024-05-15,0.49038106311111107,0.6010317460317498,0.08597883222742678,0.12663075396825346,9,3
2024-05-15_2024-05-15T09:12:55-04:00,2024-05-15,0.4880003413333333,0.5833333333333481,0.15485880519657605,0.27083333333334075,3,0
2024-05-15_2024-05-15T09:13:00-04:00,2024-05-15,0.5344569981754386,0.66736842105264,0.08201988185328357,0.1477890008223734,19,3
2024-05-15_2024-05-15T09:13:08-04:00,2024-05-15,0.5704042723555556,0.6204368887670275,0.08015265449207241,0.07893086986432236,15,3
2024-05-15_2024-05-15T09:15:18-04:00,2024-05-15,0.45678674742857145,0.560385714285711,0.09177177337052773,0.09018188593406623,14,3
2024-05-15_2024-05-15T09:15:38-04:00,2024-05-15,0.6727355392,0.8,0.0910006567105062,0.2,5,0
2024-05-15_2024-05-15T09:15:43-04:00,2024-05-15,0.47821749349763976,0.6277826086956523,0.08388702123475396,0.07046131837178916,115,3
2024-05-15_2024-05-15T09:16:20-04:00,2024-05-15,0.4816731294655462,0.5493662464986054,0.07896384780155111,0.050059798451143445,238,3
2024-05-15_2024-05-15T09:17:45-04:00,2024-05-15,0.5006106453333333,0.3333333333333333,0.09129313077050298,0.33333333333333337,3,0
2024-05-15_2024-05-15T09:17:47-04:00,2024-05-15,0.5074282771948052,0.7012566844919759,0.07785098665602318,0.17007906724186878,22,3
2024-05-15_2024-05-15T09:17:56-04:00,2024-05-15,0.3396817005714286,0.36980952380950793,0.051386295879061315,0.18286914285714007,7,3
2024-05-15_2024-05-15T09:18:00-04:00,2024-05-15,0.4469981802828283,0.651017628205121,0.07439831021106154,0.08760544060780709,96,3
2024-05-15_2024-05-15T09:18:38-04:00,2024-05-15,0.274864512,0.5,0.04287319111791412,0.5,2,0
2024-05-15_2024-05-15T09:18:46-04:00,2024-05-15,0.41647992552727275,0.7305194805194798,0.08681621752509439,0.09932745825603032,11,3
2024-05-15_2024-05-15T09:18:54-04:00,2024-05-15,0.436168192,0.7053594771241853,0.08964732760230024,0.12457720107651021,9,3
2024-05-15_2024-05-15T09:20:02-04:00,2024-05-15,0.5212164736,0.6372068376068339,0.08136177421887197,0.05900773206622451,45,3
2024-05-15_2024-05-15T09:20:16-04:00,2024-05-15,0.47709186939259257,0.44956122448979147,0.10000987086663186,0.05157598715930453,60,3
2024-05-15_2024-05-15T09:20:36-04:00,2024-05-15,0.5011136866461539,0.7019028340080994,0.09341715094697821,0.11133164997514261,13,3
2024-05-15_2024-05-15T09:20:43-04:00,2024-05-15,0.5660707085128205,0.6082051282051326,0.0928489513772751,0.06564692209289516,39,3
2024-05-15_2024-05-15T09:20:57-04:00,2024-05-15,0.47667744,0.7146871202916147,0.10535534218130695,0.15581454480973028,8,0
2024-05-15_2024-05-15T09:21:01-04:00,2024-05-15,0.49189156173913046,0.6943478260869611,0.08534285636804757,0.09413297632850298,46,3
2024-05-15_2024-05-15T09:21:18-04:00,2024-05-15,0.38565265828571427,0.7076020408163222,0.07341553916468943,0.17389251233460265,14,3
2024-05-15_2024-05-15T09:21:24-04:00,2024-05-15,0.5173561952266634,0.6317141272189302,0.07636719427633067,0.04348208252709889,169,3
2024-05-15_2024-05-15T09:22:15-04:00,2024-05-15,0.5273726151668845,0.5492329411764709,0.0866206983127596,0.05496168842576946,85,3
2024-05-15_2024-05-15T09:22:44-04:00,2024-05-15,0.4751376672820513,0.8103846153845953,0.10865789325071566,0.09789254807691881,13,3
2024-05-15_2024-05-15T09:22:52-04:00,2024-05-15,0.6222637056,0.426166666666658,0.18166814907143292,0.23256930555554567,5,0
2024-05-15_2024-05-15T09:22:56-04:00,2024-05-15,0.6291929125925926,0.8673148148148034,0.0768846526522238,0.10871037808641737,9,3
2024-05-15_2024-05-15T09:23:02-04:00,2024-05-15,0.49842855247895923,0.42692239858906567,0.08652961261566726,0.03934891170177081,486,3
2024-05-15_2024-05-15T09:37:02-04:00,2024-05-15,0.7176322566790451,0.3255687986368504,0.009530354484755645,0.0054330704603896066,377,5
2024-05-16_2024-05-16 08:02:27-04:00,2024-05-16,0.607837568,0.25092159683510185,0.06229921848017989,0.24938674669045502,4,3
2024-05-16_2024-05-16T08:14:04-04:00,2024-05-16,0.4176901019516908,0.5914570741535017,0.08417505686666973,0.08408721854533012,92,3
2024-05-16_2024-05-16T08:14:30-04:00,2024-05-16,0.5139903952422977,0.6360131491829316,0.07698540658097554,0.055639554008700166,387,3
2024-05-16_2024-05-16T08:15:50-04:00,2024-05-16,0.47992416,0.2795833333333373,0.03402830562570513,0.2337784722222205,4,3
2024-05-16_2024-05-16T08:23:37-04:00,2024-05-16,0.5275635563789474,0.6634979167664476,0.09508198453355124,0.06989552423642843,38,3
2024-05-16_2024-05-16T08:25:21-04:00,2024-05-16,0.5090694237460318,0.7255555555555575,0.07861028745378164,0.07315408496731593,18,3
2024-05-16_2024-05-16T08:25:30-04:00,2024-05-16,0.44812973817079416,0.5230848401497085,0.06991350589656631,0.07175008844901783,1324,1
2024-05-17_2024-05-17 08:03:26-04:00,2024-05-17,0.38170598442055675,0.7237193252219557,0.1110028249127679,0.06812381135756557,5000,4
2024-05-17_2024-05-17 08:19:43-04:00,2024-05-17,0.5985713737142857,0.4826105361758851,0.06679589948768472,0.24529747359004792,14,3
2024-05-17_2024-05-17 08:19:47-04:00,2024-05-17,0.5615495501818182,0.7735938346516417,0.07771407659322146,0.11459094248535719,88,3
2024-05-17_2024-05-17 08:19:58-04:00,2024-05-17,0.605502113212828,0.7265812069762352,0.07226016346607815,0.15660886073240074,49,3
2024-05-17_2024-05-17 08:20:09-04:00,2024-05-17,0.48088257862910794,0.6402066969122426,0.09038984120570906,0.18722782990815406,71,3
2024-05-17_2024-05-17 08:20:19-04:00,2024-05-17,0.49193000697435896,0.5556591643479043,0.0794087353069977,0.21435433982361854,104,3
2024-05-17_2024-05-17 08:20:29-04:00,2024-05-17,0.46973581688888894,0.61732588013838,0.0726807350095221,0.2070948523165864,96,3
2024-05-17_2024-05-17 08:20:39-04:00,2024-05-17,0.5506673091764707,0.5071224319032958,0.12358084922222581,0.23813203239411004,17,0
2024-05-17_2024-05-17 08:22:47-04:00,2024-05-17,0.7132984067160494,0.8872900127070726,0.02837019739622091,0.07675056716184626,81,3
2024-05-17_2024-05-17 08:22:52-04:00,2024-05-17,0.5557973589625935,0.8790282196806835,0.06094705708189386,0.04340713712693654,802,1
2024-05-17_2024-05-17 08:23:02-04:00,2024-05-17,0.5184679805075321,0.915098167173771,0.08223148573435396,0.02426052546892461,3297,4
2024-05-17_2024-05-17 08:23:29-04:00,2024-05-17,0.517140148743418,0.9163286002217299,0.07624564143913476,0.02340624005993019,917,1
2024-05-17_2024-05-17 08:23:38-04:00,2024-05-17,0.512036451662289,0.9338066599844079,0.07824037629910487,0.03588632080052954,533,1
2024-05-17_2024-05-17 08:34:01-04:00,2024-05-17,0.472463299047619,0.6973937469937469,0.07591964534697851,0.14254706574717052,63,3
2024-05-17_2024-05-17 08:34:09-04:00,2024-05-17,0.48585986312258067,0.7144865721891638,0.07259055433103544,0.12714425075691946,62,3
2024-05-17_2024-05-17 08:34:16-04:00,2024-05-17,0.5187650353230769,0.8613176273854025,0.07051996132800342,0.08155931334368316,52,3
2024-05-17_2024-05-17 08:34:24-04:00,2024-05-17,0.5052900483091787,0.7426142503661062,0.0680990761737025,0.09634618154515072,69,3
2024-05-17_2024-05-17 08:34:33-04:00,2024-05-17,0.5709156075102041,0.7137951537476923,0.0676752214950188,0.16742011020344294,49,3
2024-05-17_2024-05-17 08:34:40-04:00,2024-05-17,0.46777501897142854,0.671993958351187,0.09039645349978993,0.15510567379550677,56,3
2024-05-17_2024-05-17 08:34:48-04:00,2024-05-17,0.4874372470153846,0.6755907773780975,0.04918696277981716,0.17213386500387406,52,3
2024-05-17_2024-05-17 08:34:56-04:00,2024-05-17,0.5270442947510549,0.6188061972518566,0.05824419332640122,0.19941317849187032,79,3
2024-05-17_2024-05-17 08:35:04-04:00,2024-05-17,0.5286834318961039,0.5966337600347148,0.07141674503057695,0.16025397882674686,88,3
2024-05-17_2024-05-17 08:35:14-04:00,2024-05-17,0.4650873813333333,0.6190749086321484,0.05756835612559166,0.19246466108707846,48,3
2024-05-17_2024-05-17T08:00:00-04:00,2024-05-17,0.47104310618349254,0.5462935596783408,0.05152498171170127,0.06409451322318001,5000,4
2024-05-17_2024-05-17T08:00:53-04:00,2024-05-17,0.5182973250010834,0.822430082061941,0.04908817671806865,0.021949529903348627,923,1
2024-05-17_2024-05-17T08:02:00-04:00,2024-05-17,0.3142681476129032,0.3934864631336405,0.030361263618085697,0.08290796025594352,62,3
2024-05-20_2024-05-20T08:01:03-04:00,2024-05-20,0.09044960711111111,0.6239711934156378,0.0004936366972891596,0.1609052307194026,9,2
2024-05-20_2024-05-20T08:03:35-04:00,2024-05-20,0.23600060799999997,0.4284482758620688,0.04811612861906587,0.08585307478886557,40,3
2024-05-20_2024-05-20T08:03:37-04:00,2024-05-20,0.4026079253333333,0.5192528735632184,0.08445322979114427,0.11541634355236162,24,3
2024-05-20_2024-05-20T08:03:40-04:00,2024-05-20,0.30706353213793103,0.5383141762452108,0.06802540421015993,0.08598346772754703,58,3
2024-05-20_2024-05-20T08:03:44-04:00,2024-05-20,0.463939421618123,0.5213840043451698,0.09428621731978663,0.057049192096364894,103,3
2024-05-20_2024-05-20T08:03:50-04:00,2024-05-20,0.5304358242461539,0.4827447853417595,0.0713809561980782,0.08886596117120676,65,3
2024-05-20_2024-05-20T08:03:54-04:00,2024-05-20,0.4150643643076923,0.424806308799115,0.13262640100353246,0.08402229191613342,52,3
2024-05-20_2024-05-20T08:03:56-04:00,2024-05-20,0.5406263116417911,0.4485961799394633,0.06877929198792725,0.06271108127291297,67,3
2024-05-20_2024-05-20T08:04:00-04:00,2024-05-20,0.5133138324210527,0.4084464879671296,0.11323759595360905,0.08447015996861193,57,3
2024-05-20_2024-05-20T08:04:08-04:00,2024-05-20,0.6885088597333333,0.4022753128555176,0.11237416968296973,0.05993642113690109,45,3
2024-05-20_2024-05-20T08:04:10-04:00,2024-05-20,0.6371072445217392,0.49510669019733694,0.08789860206899514,0.1113542623254947,23,3
2024-05-20_2024-05-20T08:04:13-04:00,2024-05-20,0.570361176,0.2987313432835818,0.14686748304474787,0.06451270273571956,32,3
2024-05-20_2024-05-20T08:04:24-04:00,2024-05-20,0.5285682249142857,0.486434782608696,0.061084988598323446,0.09240076734579578,70,3
2024-05-20_2024-05-20T08:04:29-04:00,2024-05-20,0.655607936,0.29441759603469647,0.030977547970429873,0.10081198829886437,18,5
2024-05-20_2024-05-20T08:04:32-04:00,2024-05-20,0.5602974229787234,0.5385508517949843,0.06897710993694403,0.10473208641942434,47,3
2024-05-20_2024-05-20T08:04:36-04:00,2024-05-20,0.5993976,0.5256546322037721,0.044983358042528135,0.09791833238552386,16,3
2024-05-20_2024-05-20T08:04:39-04:00,2024-05-20,0.46954878720000004,0.39343065693430684,0.06308174647398401,0.11026242125927783,40,3
2024-05-20_2024-05-20T08:04:43-04:00,2024-05-20,0.5207621767804878,0.44153884837817503,0.08922592355549748,0.09166113578685173,82,3
2024-05-20_2024-05-20T08:04:52-04:00,2024-05-20,0.4729601224347826,0.5179028132992329,0.0209129794174313,0.12493770686023757,23,3
2024-05-20_2024-05-20T08:04:55-04:00,2024-05-20,0.4693860266666667,0.49626865671641784,0.02315662296121439,0.11552514843046287,24,3
2024-05-20_2024-05-20T08:04:59-04:00,2024-05-20,0.5522828276363637,0.4160595502058921,0.06417201137516264,0.07567495797093342,44,3
2024-05-20_2024-05-20T08:05:04-04:00,2024-05-20,0.3995925036521739,0.4819117158977765,0.029581369646126652,0.11231626864203757,23,3
2024-05-20_2024-05-20T08:05:07-04:00,2024-05-20,0.32570214399999997,0.5015432098765432,0.034260746286394445,0.09282289935501739,27,3
2024-05-20_2024-05-20T08:05:14-04:00,2024-05-20,0.3635942144,0.5260506993006991,0.04654328688883794,0.12945066229914742,20,3
2024-05-20_2024-05-20T08:05:16-04:00,2024-05-20,0.4176837565217391,0.5140845070422541,0.07749449091262745,0.06904970153829507,23,3
2024-05-20_2024-05-20T08:05:18-04:00,2024-05-20,0.5373365617777778,0.46223696727549485,0.07731226161325541,0.11991931491739279,72,3
2024-05-20_2024-05-20T08:05:24-04:00,2024-05-20,0.428894192,0.513135699413942,0.11877956459487968,0.16500002218378235,16,3
2024-05-20_2024-05-20T08:05:26-04:00,2024-05-20,0.5113609470144928,0.5101674800354927,0.10972872697810396,0.11472156364522773,92,3
2024-05-20_2024-05-20T08:05:34-04:00,2024-05-20,0.5240224966037735,0.43209547303153556,0.07447561867708376,0.10485708560692125,53,3
2024-05-20_2024-05-20T08:05:38-04:00,2024-05-20,0.5508122479647577,0.6075971576851127,0.08239026989092155,0.12142079475267037,227,3
2024-05-20_2024-05-20T08:05:54-04:00,2024-05-20,0.46906004348717945,0.3428620928620929,0.12168709019183274,0.04848602021432754,39,3
2024-05-20_2024-05-20T08:05:56-04:00,2024-05-20,0.6417698702222222,0.3132086167800456,0.11223801722422445,0.061142761283327705,36,3
2024-05-20_2024-05-20T08:06:00-04:00,2024-05-20,0.7236399542857143,0.3068965517241381,0.09309386288384243,0.056994487082477494,56,3
2024-05-20_2024-05-20T08:06:05-04:00,2024-05-20,0.49589138559999996,0.43568928571428583,0.11472709933468618,0.10820167335164854,40,3
2024-05-20_2024-05-20T08:06:08-04:00,2024-05-20,0.5419478252051948,0.4184726143421797,0.07790023400357349,0.1100781812831427,154,3
2024-05-20_2024-05-20T08:06:17-04:00,2024-05-20,0.7762844672,0.3659033078880412,0.030046294938982813,0.1222952930370912,15,5
2024-05-20_2024-05-20T08:06:28-04:00,2024-05-20,0.6045676683636363,0.4027392795883364,0.02411205318152922,0.1068010429956896,22,3
2024-05-20_2024-05-20T08:06:30-04:00,2024-05-20,0.597942683826087,0.5684569479965897,0.017688515393967884,0.06302957360577334,23,3
2024-05-20_2024-05-20T08:06:33-04:00,2024-05-20,0.5818585177848324,0.5875915127955946,0.06846577138779218,0.07536663683979485,189,3
2024-05-20_2024-05-20T08:06:41-04:00,2024-05-20,0.5282484701538461,0.5018526785714287,0.07304899327663193,0.09493353922348681,104,3
2024-05-20_2024-05-20T08:06:46-04:00,2024-05-20,0.42558577838297873,0.6864544420984249,0.01802937211785054,0.11917187019316057,47,3
2024-05-20_2024-05-20T08:06:48-04:00,2024-05-20,0.44453735024390245,0.5161406025824966,0.02410693430465489,0.10791446667440303,41,3
2024-05-20_2024-05-20T08:06:52-04:00,2024-05-20,0.29130123311627903,0.3672611565053426,0.07060689323830435,0.08603447833301205,86,3
2024-05-20_2024-05-20T08:06:56-04:00,2024-05-20,0.40850954666666667,0.4337050805452294,0.04628218084061302,0.0795242899193922,36,3
2024-05-20_2024-05-20T08:06:59-04:00,2024-05-20,0.6210148451790105,0.8060832083958025,0.07372186573403246,0.08601738453162586,667,1
2024-05-28_2024-05-28T08:01:04-04:00,2024-05-28,0.3270302208,0.22125756870051266,0.10529977183498057,0.08776319997749779,50,3
2024-05-28_2024-05-28T08:01:14-04:00,2024-05-28,0.42405288851063827,0.19476332625449108,0.1046330988061892,0.024484238045030332,94,3
2024-05-28_2024-05-28T08:04:40-04:00,2024-05-28,0.5590173729032258,0.48080142873088455,0.021150391420866523,0.0638554019359156,31,3
2024-05-28_2024-05-28T08:04:45-04:00,2024-05-28,0.5117383830588236,0.6656346749226004,0.011556153588649747,0.05063060127097922,17,3
2024-05-28_2024-05-28T08:04:48-04:00,2024-05-28,0.5203295803076923,0.5690242516104583,0.030227006514162165,0.09715290776660086,26,3
2024-05-28_2024-05-28T08:04:51-04:00,2024-05-28,0.5886519125606281,0.6997042704816199,0.07541507610073965,0.08722585582419426,362,3
2024-05-28_2024-05-28T08:05:12-04:00,2024-05-28,0.39774967466666666,0.7920903954802255,0.02411291565686472,0.06410400222523178,15,3
2024-05-28_2024-05-28T08:05:14-04:00,2024-05-28,0.5297318826666667,0.5458457635717907,0.07306063655653487,0.08735585139413479,90,3
2024-05-28_2024-05-28T08:05:26-04:00,2024-05-28,0.2868222976,0.5517482517482514,0.07902407113109523,0.06339293961671585,10,3
2024-05-28_2024-05-28T08:05:31-04:00,2024-05-28,0.3458025623703704,0.4239444444444447,0.08933245165142442,0.13725388737020572,27,3
2024-05-28_2024-05-28T08:05:35-04:00,2024-05-28,0.39920643994326244,0.5380796508456086,0.07465493851374387,0.12906433476670598,47,3
2024-05-28_2024-05-28T08:05:42-04:00,2024-05-28,0.3067879187692308,0.6074950690335315,0.013030693995625236,0.09285389167046003,13,3
2024-05-28_2024-05-28T08:05:44-04:00,2024-05-28,0.395168128,0.589959568733154,0.08756350807659255,0.10548258997440219,28,3
2024-05-28_2024-05-28T08:05:48-04:00,2024-05-28,0.394012896,0.737745098039216,0.0555495840832073,0.10273521173175157,8,3
2024-05-28_2024-05-28T08:05:51-04:00,2024-05-28,0.3492088888888889,0.6734480959833076,0.06492719158887673,0.0868330308752183,9,3
2024-05-28_2024-05-28T08:05:54-04:00,2024-05-28,0.409709502309434,0.6338602753697099,0.08185625698583743,0.07676572936644338,53,3
2024-05-28_2024-05-28T08:06:01-04:00,2024-05-28,0.4921957110613333,0.6394668918918923,0.08332273646338792,0.07433017083586718,200,3
2024-05-28_2024-05-28T08:06:18-04:00,2024-05-28,0.37958910030769233,0.7354596622889311,0.08614792699466504,0.11379571076886423,13,3
2024-05-28_2024-05-28T08:06:22-04:00,2024-05-28,0.33179050666666665,0.6160436137071653,0.10991874339403637,0.10866815151250478,6,3
2024-05-28_2024-05-28T08:06:28-04:00,2024-05-28,0.5822148096,0.5851000000000008,0.14342504420680519,0.1250756555555556,10,3
2024-05-28_2024-05-28T08:06:32-04:00,2024-05-28,0.4929138734545455,0.5767872903795237,0.09094462985489375,0.09276943247157224,11,3
2024-05-28_2024-05-28T08:06:37-04:00,2024-05-28,0.2517357714285714,0.3384615384615398,0.04342755593327801,0.10303747534516756,7,2
2024-05-28_2024-05-28T08:06:40-04:00,2024-05-28,0.4134856448,0.605936073059361,0.08277970721811187,0.13940053145032194,10,3
2024-05-28_2024-05-28T08:06:45-04:00,2024-05-28,0.5525739403636364,0.4513736263736259,0.10854359471112336,0.12363269187641232,22,3
2024-05-28_2024-05-28T08:06:48-04:00,2024-05-28,0.3742982382222222,0.6584890965732089,0.08103576732498878,0.0736413348639308,36,3
2024-05-28_2024-05-28T08:07:00-04:00,2024-05-28,0.6720760746666667,0.6861861861861863,0.051810345805339234,0.04924323369474398,18,3
2024-05-28_2024-05-28T08:07:02-04:00,2024-05-28,0.7140470783999999,0.5453687150837986,0.12409326999074967,0.1322036962710973,10,3
2024-05-28_2024-05-28T08:07:05-04:00,2024-05-28,0.5246197092173913,0.5144927536231885,0.07903679407323921,0.09369919245695657,23,3
2024-05-28_2024-05-28T08:07:12-04:00,2024-05-28,0.6405316434285714,0.602506868131868,0.07198423117847606,0.06125707725767816,28,3
2024-05-28_2024-05-28T08:07:16-04:00,2024-05-28,0.4852752695652174,0.5933497561966684,0.08068565649789822,0.05288219605192965,92,3
2024-05-28_2024-05-28T08:07:31-04:00,2024-05-28,0.4812214947647908,0.559541204609698,0.07197403766695239,0.07241281627512842,126,3
2024-05-28_2024-05-28T08:07:44-04:00,2024-05-28,0.42066569035294116,0.6392336751214246,0.05932932455643293,0.05067424137401781,17,3
2024-05-28_2024-05-28T08:07:48-04:00,2024-05-28,0.4598278892307693,0.6039375505678581,0.03135637524920603,0.04688248296176394,13,3
2024-05-28_2024-05-28T08:07:51-04:00,2024-05-28,0.5241298719999999,0.5457767722473604,0.07054267684551536,0.09964443035950134,24,3
2024-05-28_2024-05-28T08:07:56-04:00,2024-05-28,0.5300595967999999,0.7057942041705272,0.07007143652693251,0.059251720414713556,30,3
2024-05-28_2024-05-28T08:08:01-04:00,2024-05-28,0.4907163093333333,0.5058781763826605,0.10362666958240253,0.1575264615884759,12,3
2024-05-28_2024-05-28T08:08:08-04:00,2024-05-28,0.5350331611428571,0.4147688060731535,0.0747793713942957,0.13606251854519016,7,3
2024-05-28_2024-05-28T08:08:10-04:00,2024-05-28,0.48264050036363637,0.5506091846298031,0.06319804566370207,0.12574034531734593,11,3
2024-05-28_2024-05-28T08:08:13-04:00,2024-05-28,0.3009460053333333,0.4179894179894186,0.08619546190821786,0.10141093474426795,9,3
2024-05-28_2024-05-28T08:08:15-04:00,2024-05-28,0.43499151999999996,0.5932835820895531,0.04048025389123761,0.14007255831715634,8,3
2024-05-28_2024-05-28T08:08:26-04:00,2024-05-28,0.27523843657142855,0.6597744360902255,0.09669467310003985,0.06804861343642507,14,3
2024-05-28_2024-05-28T08:08:32-04:00,2024-05-28,0.5624695296000001,0.37083333333333324,0.10562778493618094,0.25176866319444446,5,3
2024-05-28_2024-05-28T08:08:36-04:00,2024-05-28,0.3526432336842105,0.5596832358674467,0.10943000740727801,0.07784657951892766,19,3
2024-05-28_2024-05-28T08:08:42-04:00,2024-05-28,0.52430843392,0.6063999999999996,0.075238804777663,0.04991774999999998,25,3
2024-05-28_2024-05-28T08:08:46-04:00,2024-05-28,0.3593294035862069,0.3019571295433374,0.13366747555290723,0.045096471121634236,29,3
2024-05-28_2024-05-28T08:08:49-04:00,2024-05-28,0.4311805724444444,0.5196360153256703,0.11029897856734591,0.07221624777536863,18,3
2024-05-28_2024-05-28T08:08:52-04:00,2024-05-28,0.4619286471111111,0.5854629808621693,0.07661933785318001,0.042519470742310966,45,3
2024-05-28_2024-05-28T08:08:59-04:00,2024-05-28,0.60268928,0.47642110407176586,0.0567393707407704,0.17114360264560746,6,3
2024-05-29_2024-05-29T09:12:32-04:00,2024-05-29,0.44367782400000005,0.35143849206349215,0.08116871129097175,0.11382193936602417,6,3
2024-05-29_2024-05-29T09:12:34-04:00,2024-05-29,0.5310802967272727,0.3339140811455849,0.10134559719034662,0.08648935811484325,22,3
2024-05-29_2024-05-29T09:12:40-04:00,2024-05-29,0.7737513471999999,0.2265693430656935,0.019423216643257142,0.18777707922638387,5,5
2024-06-03_2024-06-03T08:00:00-04:00,2024-06-03,0.29537933624779183,0.6774762477730737,0.1430575559863868,0.01119049678212303,5000,4
2024-06-03_2024-06-03T09:36:24-04:00,2024-06-03,0.3104942217440155,0.3899830614011026,0.08746951911704325,0.07017508721002054,3212,4
2024-06-03_2024-06-03T09:36:48-04:00,2024-06-03,0.4701211637221053,0.32724805491990816,0.07799735052817185,0.05325689463184528,950,1
2024-06-04_2024-06-04T08:00:00-04:00,2024-06-04,0.4972278370684808,0.19051292401018333,0.06514402888937718,0.010087824662307749,2205,1
2024-06-04_2024-06-04T08:00:17-04:00,2024-06-04,0.8329835084536082,0.7272432681951067,0.04891654184471148,0.03586161843842794,97,3
2024-06-04_2024-06-04T08:01:01-04:00,2024-06-04,0.56945536,0.40220095693779917,0.1472846480253583,0.2966345321764612,5,0
2024-06-04_2024-06-04T08:01:06-04:00,2024-06-04,0.033929376,0.5821428571428571,3.051573306865371e-05,0.10685131195335291,8,2
2024-06-04_2024-06-04T08:01:41-04:00,2024-06-04,0.6536844662996942,0.8732571184104196,0.057539867249289445,0.018215443069557757,327,1
2024-06-04_2024-06-04T08:02:15-04:00,2024-06-04,0.28693561764102565,0.7837995337995317,0.0002489576885451685,0.040165069090688496,78,3
2024-06-04_2024-06-04T08:02:28-04:00,2024-06-04,0.4709021792588218,0.840911327502908,0.14187096187836962,0.02557930237958494,5000,4
2024-06-07_2024-06-07 08:00:00-04:00,2024-06-07,0.5841142281071737,0.6768989724180717,0.061818653417395446,0.03696908642672208,5000,4
2024-06-07_2024-06-07 08:00:05-04:00,2024-06-07,0.7958645405767605,0.5898439124924455,0.029600913317880395,0.05388962659313207,5000,4
2024-06-07_2024-06-07 08:00:50-04:00,2024-06-07,0.8460326645593496,0.6018870509415369,0.006836520394101927,0.045010057167690076,615,5
2024-06-07_2024-06-07 08:00:54-04:00,2024-06-07,0.48796230092067616,0.8515601254130465,0.06620414396187742,0.019776536083498508,1538,1
2024-06-07_2024-06-07 08:04:17-04:00,2024-06-07,0.5017767792179775,0.4713950468266352,0.0697583835099247,0.22843615270954087,89,3
2024-06-07_2024-06-07 08:04:25-04:00,2024-06-07,0.4980663172987013,0.5216858017604284,0.07355733365960332,0.21169579744834524,132,3
2024-06-07_2024-06-07 08:04:35-04:00,2024-06-07,0.5158381293493977,0.4238845333487055,0.0864993378957918,0.2042544484646726,166,3
2024-06-07_2024-06-07 08:04:45-04:00,2024-06-07,0.49760122485564695,0.3719172006224758,0.07715111471039712,0.2004716183870934,191,3
2024-06-07_2024-06-07 08:04:56-04:00,2024-06-07,0.5465644942222222,0.2108877546568947,0.08007784627942913,0.1412779523152418,54,3
2024-06-07_2024-06-07 08:26:23-04:00,2024-06-07,0.5291288728115942,0.7289504320960015,0.08397581320265415,0.17029810350172692,46,3
2024-06-07_2024-06-07 08:26:56-04:00,2024-06-07,0.5532778445128205,0.584255926338398,0.07732189713509648,0.2138562270530352,104,3
2024-06-07_2024-06-07 08:27:33-04:00,2024-06-07,0.5224242194962964,0.7000592433975734,0.07130593051611321,0.17888027381961263,45,3
2024-06-07_2024-06-07 08:28:34-04:00,2024-06-07,0.5074453891506849,0.5695761060981503,0.07897481611263167,0.23306104380957793,73,3
2024-06-07_2024-06-07 08:29:07-04:00,2024-06-07,0.5526932749473684,0.4487186781923624,0.06837017815461827,0.22088215475693818,57,3
2024-06-07_2024-06-07 08:29:39-04:00,2024-06-07,0.5454163413333333,0.5902774988844264,0.08023914416542796,0.2213197201494029,36,3
2024-06-07_2024-06-07 08:30:10-04:00,2024-06-07,0.5489737747692307,0.6438606828638309,0.06422289911490683,0.22332737764037194,26,3
2024-06-07_2024-06-07 08:30:39-04:00,2024-06-07,0.49675050174358976,0.6317673613873201,0.0789980319159757,0.20533660095669898,52,3
2024-06-07_2024-06-07 08:54:16-04:00,2024-06-07,0.5057391482218274,0.7973059265110637,0.0768514948418851,0.10802488496125834,5000,4
2024-06-07_2024-06-07 08:55:46-04:00,2024-06-07,0.5068401498785943,0.7845166327569256,0.07633392128797224,0.11618003075666503,626,1
2024-06-07_2024-06-07 08:55:55-04:00,2024-06-07,0.4941723639446384,0.8029241298909482,0.07880082342554845,0.11172112451085135,2375,1
2024-06-07_2024-06-07 08:56:28-04:00,2024-06-07,0.5136511765066134,0.8408308824820336,0.07018673272569788,0.09553185755197137,5000,4
2024-06-07_2024-06-07 08:58:01-04:00,2024-06-07,0.4765364344830616,0.8418064501422303,0.058440306640271895,0.08079755381670992,1691,1
2024-06-07_2024-06-07 08:58:35-04:00,2024-06-07,0.50906019509758,0.7921202380148654,0.08292346726074354,0.13418150667881043,1708,1
2024-06-07_2024-06-07 08:59:09-04:00,2024-06-07,0.5088499961275634,0.8393698953625669,0.07959077687583618,0.1005828352075885,5000,4
2024-06-07_2024-06-07 09:00:41-04:00,2024-06-07,0.5849361767006099,0.8735980011419191,0.0752652993625477,0.05590955068535289,5000,4
2024-06-07_2024-06-07 09:01:58-04:00,2024-06-07,0.5156518997475905,0.8007032576889775,0.08202815429855187,0.044834544744333606,5000,4
2024-06-07_2024-06-07 09:03:01-04:00,2024-06-07,0.5085532426643735,0.7766892198464714,0.08208536763626209,0.039270252029491005,5000,4
2024-06-07_2024-06-07 09:04:03-04:00,2024-06-07,0.5264848138238097,0.7668180864154708,0.07877484598707478,0.03685364658797563,5000,4
2024-06-07_2024-06-07T08:00:00-04:00,2024-06-07,0.5295428049641773,0.5047347615114596,0.06736845968700544,0.07226583696021269,5000,4
2024-06-07_2024-06-07T08:00:05-04:00,2024-06-07,0.6996428497668712,0.5447818603571375,0.028273982520060265,0.07976332931621717,5000,4
2024-06-07_2024-06-07T08:00:50-04:00,2024-06-07,0.49446427279343114,0.5688464682587492,0.06258933041477056,0.052734752253796806,5000,4
2024-06-07_2024-06-07T08:02:00-04:00,2024-06-07,0.3961742697411765,0.3964726522187823,0.04574548667335922,0.045897017499760995,255,3
2024-06-07_2024-06-07T08:55:46-04:00,2024-06-07,0.49399336511979064,0.8022940030312642,0.08268746692712484,0.10749791764145764,3057,4
2024-06-07_2024-06-07T09:38:12-04:00,2024-06-07,0.44656287769318465,0.4749998032494463,0.08182656198825546,0.06803304674533484,5000,4
2024-06-07_2024-06-07T09:52:49-04:00,2024-06-07,0.42316570203773585,0.0732200419944382,0.09013477714653487,0.007192439349457545,212,3
2024-06-10_2024-06-10T08:00:00-04:00,2024-06-10,0.5486877493617669,0.5602396764066648,0.06545205766318522,0.00901742234599507,2626,1
2024-06-10_2024-06-10T08:00:03-04:00,2024-06-10,0.7023588870792703,0.49187718271388126,0.029787220520022306,0.012897410173586189,2010,1
2024-06-10_2024-06-10T08:00:30-04:00,2024-06-10,0.6742559554370371,0.5839341563786001,0.054597285903151556,0.0712116047442878,45,3
2024-06-10_2024-06-10T08:01:03-04:00,2024-06-10,0.554855390967742,0.5355593284285978,5.703969851493507e-06,0.06262844224102775,31,3
2024-06-10_2024-06-10T08:01:10-04:00,2024-06-10,0.6287538116923077,0.5890532544378692,4.118596330021612e-05,0.06808129267182514,26,3
2024-06-10_2024-06-10T08:01:51-04:00,2024-06-10,0.6197504412903225,0.7489313633621323,0.012113919775591234,0.024302685757708928,217,3
2024-06-10_2024-06-10T08:02:36-04:00,2024-06-10,0.6116562524444444,0.6843172076851602,0.0068424367634698415,0.02649331341658888,72,3
2024-06-10_2024-06-10T08:02:44-04:00,2024-06-10,0.2769004606628622,0.5650631539118112,0.07530741985824624,0.03647891739123116,5000,4
2024-06-10_2024-06-10T09:04:20-04:00,2024-06-10,0.4404731392,0.3365539452495973,0.14580720823272736,0.22495792719135146,5,3
2024-06-10_2024-06-10T09:04:25-04:00,2024-06-10,0.444688,0.527049873203719,0.030983459253788086,0.12398679364121747,14,3
2024-06-10_2024-06-10T09:04:35-04:00,2024-06-10,0.5285215288888889,0.6767261088248744,0.015195451557048774,0.16023274455678044,9,3
2024-06-10_2024-06-10T09:04:45-04:00,2024-06-10,0.1469952,0.8516320474777448,0.030434661414188765,0.12269193177715752,8,3
2024-06-10_2024-06-10T09:04:54-04:00,2024-06-10,0.4534480457142857,0.9252165518793802,0.031720606340538644,0.07107000931953558,14,3
2024-06-10_2024-06-10T09:05:12-04:00,2024-06-10,0.89837824,0.5,0.0030973310702714935,0.5,2,0
2024-06-10_2024-06-10T09:05:18-04:00,2024-06-10,0.2597639253333333,0.2743328100470957,0.04592155397299676,0.18818434873043527,6,3
2024-06-10_2024-06-10T09:05:22-04:00,2024-06-10,0.588550784,0.5000125925552817,0.0054299657135062985,0.33331654389391413,4,3
2024-06-10_2024-06-10T09:05:27-04:00,2024-06-10,0.387384096,0.0,0.0039881099262115876,0.0,8,2
2024-06-10_2024-06-10T09:05:46-04:00,2024-06-10,0.45470003200000003,0.8841343669250646,0.03621366841418821,0.07776958738679784,25,3
2024-06-10_2024-06-10T09:05:55-04:00,2024-06-10,0.302232832,0.35821487312030126,0.03213809722029943,0.11217216538999243,7,3
2024-06-10_2024-06-10T09:06:04-04:00,2024-06-10,0.5099776512,0.26803092783505156,0.041165397785752365,0.1874335747688384,5,3
2024-06-10_2024-06-10T09:09:29-04:00,2024-06-10,0.8661723733333333,0.324232081911263,0.029522601968806572,0.11930715558713553,6,5
2024-06-10_2024-06-10T09:09:43-04:00,2024-06-10,0.495122432,0.3395061728395064,0.1677768653459292,0.3272748056698671,3,0
2024-06-10_2024-06-10T09:09:48-04:00,2024-06-10,0.638455424,0.3149847094801225,0.1623313849422752,0.22356891021144873,4,0
2024-06-10_2024-06-10T09:09:53-04:00,2024-06-10,0.6743752488421052,0.8195488721804512,0.04309130307534157,0.1321826197777962,19,3
2024-06-10_2024-06-10T09:10:02-04:00,2024-06-10,0.8136033476923077,0.5171222436744233,0.044185337825454335,0.0926481607985284,13,3
2024-06-10_2024-06-10T09:10:12-04:00,2024-06-10,0.6759804849230769,0.672636523781562,0.02603787783857404,0.07700869144258224,26,3
2024-06-10_2024-06-10T09:10:21-04:00,2024-06-10,0.6155214628571429,0.29140921737026737,0.10943026510696095,0.23380047952916053,7,3
2024-06-10_2024-06-10T09:10:31-04:00,2024-06-10,0.54554144,0.8719166608804334,0.02851726767861704,0.11583522288988067,16,3
2024-06-10_2024-06-10T09:10:36-04:00,2024-06-10,0.5516018773333333,0.3333333333333333,0.021687796193543257,0.2666666666666667,6,3
2024-06-10_2024-06-10T09:10:41-04:00,2024-06-10,0.6600664575999999,0.39844020797227053,0.03609244309774663,0.2976724767142547,5,3
2024-06-10_2024-06-10T09:10:51-04:00,2024-06-10,0.31599808,0.401865401207938,0.04793726310635201,0.2646330703172969,10,3
2024-06-10_2024-06-10T09:10:55-04:00,2024-06-10,0.882896832,0.5277777777777558,0.009308381288917667,0.17592592592592302,4,5
2024-06-10_2024-06-10T09:11:14-04:00,2024-06-10,0.9051520426666667,0.5290697674418533,0.007103220608464749,0.10928880475933016,6,5
2024-06-10_2024-06-10T09:11:24-04:00,2024-06-10,0.4095916373333333,0.3358926244461819,0.2604591047909267,0.3307936921334857,3,0
2024-06-10_2024-06-10T09:11:33-04:00,2024-06-10,0.597362368,0.25237453983330393,0.052563657848143854,0.24842449153300553,4,3
2024-06-10_2024-06-10T09:12:36-04:00,2024-06-10,0.34646519466666664,0.4867844281128293,0.07657168408723239,0.2837226257293357,6,0
2024-06-10_2024-06-10T09:12:45-04:00,2024-06-10,0.2921921536,0.39263141025641035,0.1115551679570772,0.28767124840770864,5,0
2024-06-10_2024-06-10T09:12:54-04:00,2024-06-10,0.5443725165714286,0.6997176736307174,0.04584367368392823,0.22875333751429316,7,3
2024-06-10_2024-06-10T09:12:59-04:00,2024-06-10,0.32097292800000005,0.5016365895444369,0.07267277482409984,0.2980435993159585,6,0
2024-06-10_2024-06-10T09:13:08-04:00,2024-06-10,0.76797056,0.13082098825991695,0.03513976607421236,0.12335536603626103,8,5
2024-06-10_2024-06-10T09:13:18-04:00,2024-06-10,0.578862848,0.8673114767826492,0.044764146304425094,0.09301072863685235,19,3
2024-06-10_2024-06-10T09:13:27-04:00,2024-06-10,0.8936910994285715,0.5572343589157042,0.003236035397166224,0.27140655770641925,7,3
2024-06-10_2024-06-10T09:13:37-04:00,2024-06-10,0.472949504,0.5324947589098558,0.007615836694347784,0.2045014042166074,9,3
2024-06-10_2024-06-10T09:13:56-04:00,2024-06-10,0.5157940053333333,0.6183006535947679,0.024246878196855753,0.17234397026784545,15,3
2024-06-10_2024-06-10T09:14:01-04:00,2024-06-10,0.31562193920000003,0.45660377358490384,0.001297300596437811,0.1951584193663217,5,3
2024-06-10_2024-06-10T09:14:05-04:00,2024-06-10,0.2159358336,0.6078431372549034,0.00021409991780706986,0.22222222222222407,4,3
2024-06-10_2024-06-10T09:14:20-04:00,2024-06-10,0.38345011199999995,0.8296390855286063,0.02424086106304239,0.13445942678251022,7,3
2024-06-10_2024-06-10T09:14:30-04:00,2024-06-10,0.328245248,0.0,,,1,2
2024-06-10_2024-06-10T09:14:39-04:00,2024-06-10,0.7511079936,0.8747755102040818,0.04534441349713756,0.09503035957240044,10,3
2024-06-10_2024-06-10T09:14:58-04:00,2024-06-10,0.6993257472,0.477358490566053,0.007597625967448336,0.08987381828250286,10,3
2024-06-10_2024-06-10T09:15:03-04:00,2024-06-10,0.135887104,0.25126903553299484,0.012420345315502762,0.2491566007503033,4,2
2024-06-10_2024-06-10T09:15:07-04:00,2024-06-10,0.742861888,0.740500699493946,0.007188061721782945,0.24402807983638133,4,3
2024-06-10_2024-06-10T09:15:12-04:00,2024-06-10,0.38020695039999997,0.5814722911497104,0.0391716088383275,0.28263622500395086,5,3
2024-06-10_2024-06-10T09:15:21-04:00,2024-06-10,0.751517248,0.7315755102040818,0.05846416714921406,0.18687709703179234,16,3
2024-06-10_2024-06-10T09:15:31-04:00,2024-06-10,0.2689777570909091,0.8017994738186235,0.013647841522263943,0.15726359254060276,11,3
2024-06-10_2024-06-10T09:15:40-04:00,2024-06-10,0.7479060053333333,0.6012284593072855,0.014281973982772743,0.18635867699368688,12,3
2024-06-10_2024-06-10T09:15:49-04:00,2024-06-10,0.41165277866666666,0.6574234546504908,0.09937553170499716,0.32434643222228543,3,0
2024-06-10_2024-06-10T09:15:58-04:00,2024-06-10,0.8149687296,0.20733238231098444,0.010386484343622868,0.1963836622229095,5,5
2024-06-10_2024-06-10T09:16:03-04:00,2024-06-10,0.6199857005714285,0.4863563402889248,0.0062061232016463975,0.09203233117511615,7,3
2024-06-10_2024-06-10T09:16:13-04:00,2024-06-10,0.4115455534545455,0.7269072635906805,0.031665317125945,0.07327533969527855,11,3
2024-06-10_2024-06-10T09:16:31-04:00,2024-06-10,0.99280768,0.0,,,1,5
2024-06-10_2024-06-10T09:16:51-04:00,2024-06-10,0.2781301638095238,0.7011919286857892,0.05253845129954904,0.09938621525079074,21,3
2024-06-10_2024-06-10T09:16:55-04:00,2024-06-10,0.8492494894545455,0.5389118457300266,0.005635579208608227,0.1420593460430753,11,5
2024-06-10_2024-06-10T09:17:14-04:00,2024-06-10,0.7306340053333334,0.7463579604578564,0.009556201218107088,0.1988734862651646,12,3
2024-06-10_2024-06-10T09:17:33-04:00,2024-06-10,0.7217994752,0.8874867444326622,0.044967499946842154,0.09732668302753861,10,3
2024-06-10_2024-06-10T09:17:43-04:00,2024-06-10,0.5452934217142857,0.14435417617526264,0.11912948542849806,0.14235917965843958,7,3
2024-06-10_2024-06-10T09:17:52-04:00,2024-06-10,0.5163890688,0.8563893856241399,0.01683971864866886,0.12091902814267416,15,3
2024-06-10_2024-06-10T09:17:57-04:00,2024-06-10,0.5724391253333334,0.8548419979612646,0.024547526359970786,0.11992229824062177,15,3
2024-06-10_2024-06-10T09:18:02-04:00,2024-06-10,0.5087303679999999,0.7757408853631469,0.020266043260878844,0.19185970436190453,9,3
2024-06-10_2024-06-10T09:18:06-04:00,2024-06-10,0.6979070192941177,0.7560940577806966,0.07409292715064332,0.18226038309528578,17,0
2024-06-10_2024-06-10T09:18:16-04:00,2024-06-10,0.37502600533333336,0.8218895431500252,0.040516348453785864,0.1621960834939669,6,3
2024-06-10_2024-06-10T09:18:25-04:00,2024-06-10,0.7227765942857143,0.741485296312883,0.035886461729708816,0.1864440138196348,28,3
2024-06-10_2024-06-10T09:18:35-04:00,2024-06-10,0.339829504,0.7638888888888914,0.007676863968821248,0.10329861111111452,9,3
2024-06-10_2024-06-10T09:18:44-04:00,2024-06-10,0.788845696,0.5,0.016756178899730433,0.5,2,0
2024-06-10_2024-06-10T09:18:54-04:00,2024-06-10,0.8114553344000001,0.6720257234726683,0.009537384983841983,0.14995192357399095,5,3
2024-06-10_2024-06-10T09:19:04-04:00,2024-06-10,0.3772547413333333,0.33688320908768193,0.09413336843133473,0.3298212624325986,3,0
2024-06-10_2024-06-10T09:20:29-04:00,2024-06-10,0.521256128,0.7294050343249431,0.04490150082519741,0.2017429987597922,8,3
2024-06-10_2024-06-10T09:20:48-04:00,2024-06-10,0.760704384,0.6636468774094061,0.060351897787284024,0.16421342143250048,12,3
2024-06-10_2024-06-10T09:20:58-04:00,2024-06-10,0.34324216685714287,0.7806949806949808,0.02176388946521213,0.12085906093628102,7,3
2024-06-10_2024-06-10T09:21:07-04:00,2024-06-10,0.64706944,0.4965870307167238,0.11378350436922165,0.32770911717084655,4,0
2024-06-10_2024-06-10T09:21:17-04:00,2024-06-10,0.734315072,0.0,0.004282120539794088,0.0,4,5
2024-06-10_2024-06-10T09:21:22-04:00,2024-06-10,0.4802379093333333,0.8333333333333334,0.01105852208829345,0.16666666666666669,6,3
2024-06-10_2024-06-10T09:21:31-04:00,2024-06-10,0.6935990125714285,0.43469061444320223,0.08152341110806782,0.2796533503326551,7,3
2024-06-10_2024-06-10T09:21:41-04:00,2024-06-10,0.41462953599999997,0.3773475289169296,0.05085366012756319,0.2658517716856634,8,3
2024-06-10_2024-06-10T09:21:50-04:00,2024-06-10,0.5384050773333333,0.333396817335365,0.1540283504298667,0.2666158843013035,6,0
2024-06-10_2024-06-10T09:22:00-04:00,2024-06-10,0.4342640853333333,0.7067118387660027,0.010657265382534288,0.06771297014656727,12,3
2024-06-10_2024-06-10T09:22:09-04:00,2024-06-10,0.678526528,0.5914750957854411,0.04514744781514888,0.20228985922109202,4,3
2024-06-10_2024-06-10T09:22:14-04:00,2024-06-10,0.3465470293333333,0.3333333333333333,0.08441418463329212,0.33333333333333337,3,0
2024-06-10_2024-06-10T09:22:23-04:00,2024-06-10,0.465510208,0.7222222222222237,0.01002319285332104,0.23251943301326106,4,3
2024-06-10_2024-06-10T09:22:32-04:00,2024-06-10,0.885111552,0.0,,,1,5
2024-06-10_2024-06-10T09:22:42-04:00,2024-06-10,0.367469824,0.5693170234454641,0.02039728136031628,0.09909516650135645,18,3
2024-06-10_2024-06-10T09:23:43-04:00,2024-06-10,0.506245888,0.3384353153900195,0.1794785526378004,0.3283094419393675,3,0
2024-06-10_2024-06-10T09:24:02-04:00,2024-06-10,0.4133784832,0.5267710049423393,0.06166152260858023,0.20734005550594792,10,3
2024-06-10_2024-06-10T09:24:07-04:00,2024-06-10,0.3315185777777778,0.5956569200779731,0.09391077401967184,0.20039922400054733,9,3
2024-06-10_2024-06-10T09:24:16-04:00,2024-06-10,0.4347590144,0.5936806863360534,0.041158740228852936,0.2887543067531316,5,0
2024-06-10_2024-06-10T09:24:26-04:00,2024-06-10,0.205989376,0.5531274281274283,0.035256145304822926,0.21502859352509723,8,3
2024-06-10_2024-06-10T09:24:35-04:00,2024-06-10,0.523433952,0.3668148746968472,0.08158594056462452,0.2567000769196082,8,3
2024-06-10_2024-06-10T09:24:44-04:00,2024-06-10,0.5083569493333333,0.3333333333333333,0.11455492809728543,0.33333333333333337,3,0
2024-06-11_2024-06-11T08:55:28-04:00,2024-06-11,0.6145376426666667,0.7776134122287969,0.04040865168835653,0.1476958673249069,6,3
2024-06-11_2024-06-11T08:55:45-04:00,2024-06-11,0.58373696,0.5,0.00022683341294796788,0.5,2,0
2024-06-11_2024-06-11T08:55:51-04:00,2024-06-11,0.29367168,0.5,0.00022979289297715163,0.5,2,0
2024-06-11_2024-06-11T08:56:08-04:00,2024-06-11,0.4716263253333333,0.476190476190481,0.005470885891691861,0.2517006802721082,3,3
2024-06-11_2024-06-11T08:56:14-04:00,2024-06-11,0.31060832,0.6349206349206344,0.003637170909538986,0.1929957168052405,4,3
2024-06-11_2024-06-11T08:56:20-04:00,2024-06-11,0.4636435626666667,0.6230717639168345,0.014883427053884757,0.29543997722080306,3,3
2024-06-11_2024-06-11T08:56:54-04:00,2024-06-11,0.45456844799999996,0.5,0.11384690999086283,0.5,2,0
2024-06-11_2024-06-11T08:57:00-04:00,2024-06-11,0.7487621632,0.4052631578947377,0.006156481742254895,0.19662396121883663,5,3
2024-06-11_2024-06-11T08:57:23-04:00,2024-06-11,0.12946387199999998,0.5,4.058048794988071e-05,0.5,2,0
2024-06-11_2024-06-11T08:57:41-04:00,2024-06-11,0.630018048,0.5,0.06462464615107791,0.5,2,0
2024-06-11_2024-06-11T08:57:47-04:00,2024-06-11,0.6011359573333334,0.6639676113360325,0.06118892267695855,0.3306561327017328,3,0
2024-06-11_2024-06-11T08:57:53-04:00,2024-06-11,0.41086208,0.4502487562189102,0.002550059425647823,0.12336080790079369,6,3
2024-06-11_2024-06-11T08:57:59-04:00,2024-06-11,0.18662145969230767,0.785981951009884,0.11142830462210464,0.12218232184884921,13,0
2024-06-11_2024-06-11T08:58:11-04:00,2024-06-11,0.07302280533333333,0.6140350877193005,0.0036206553609229655,0.28901200369344565,3,3
2024-06-11_2024-06-11T08:58:16-04:00,2024-06-11,0.7911302948571429,0.4285714285714101,0.0060234369621189054,0.18654073199527565,7,5
2024-06-11_2024-06-11T08:58:22-04:00,2024-06-11,0.504922336,0.7476908660925438,0.031156510969382035,0.2106264032772332,8,3
2024-06-11_2024-06-11T08:58:28-04:00,2024-06-11,0.6936588434285714,0.487394957983187,0.030163818396110643,0.159993409128353,7,3
2024-06-11_2024-06-11T08:58:34-04:00,2024-06-11,0.633599104,0.5,0.000988557405432488,0.3333333333333333,4,3
2024-06-11_2024-06-11T08:58:40-04:00,2024-06-11,0.44228032,0.4951802303976216,0.09185562302896536,0.29425361544137163,6,0
2024-06-11_2024-06-11T08:58:46-04:00,2024-06-11,0.202850688,0.5,0.01702484262286131,0.5,2,0
2024-06-11_2024-06-11T08:59:48-04:00,2024-06-11,0.974136064,0.0,,,1,5
2024-06-11_2024-06-11T10:21:42-04:00,2024-06-11,0.5970049974857142,0.09287912087912081,0.01960242482794806,0.012801363212298616,210,5
2024-06-13_2024-06-13T08:37:27-04:00,2024-06-13,0.559971456,0.5262672811059905,0.055191152201043536,0.08167531459340588,10,3
2024-06-13_2024-06-13T08:37:32-04:00,2024-06-13,0.40125460479999997,0.5387681159420283,0.019743045297530477,0.14063061565030688,10,3
2024-06-13_2024-06-13T08:37:37-04:00,2024-06-13,0.5476138767058824,0.5656324526971224,0.08779626221977406,0.19687660497200368,17,3
2024-06-13_2024-06-13T08:37:41-04:00,2024-06-13,0.7218525184,0.3937134258485207,0.07494027416874516,0.290605845110419,5,3
2024-06-13_2024-06-13T08:37:46-04:00,2024-06-13,0.6570048,0.4037417572116757,0.09402086443673191,0.2218117946933597,11,3
2024-06-13_2024-06-13T08:37:51-04:00,2024-06-13,0.6741951573333332,0.506258384015653,0.03156392273436325,0.16617330018223173,12,3
2024-06-13_2024-06-13T08:37:56-04:00,2024-06-13,0.6259656378181818,0.3252069898065322,0.05123903451161023,0.11966616480828159,11,3
2024-06-18_2024-06-18T08:44:31-04:00,2024-06-18,0.5496043885714286,0.3635281385281384,0.06920600740278447,0.10965969636424179,14,3
2024-06-18_2024-06-18T08:44:38-04:00,2024-06-18,0.396798912,0.46993923364445145,0.034207139914377904,0.29560084681268833,4,3
2024-06-18_2024-06-18T08:44:43-04:00,2024-06-18,0.59783264,0.2,0.05808918342509549,0.17777777777777778,10,3
2024-06-18_2024-06-18T08:44:50-04:00,2024-06-18,0.626835328,0.5,0.010514532418224124,0.5,2,0
2024-06-18_2024-06-18T08:45:02-04:00,2024-06-18,0.70694336,0.0,0.026886645590556674,0.0,2,5
2024-07-01_2024-07-01T08:00:19-04:00,2024-07-01,0.44504107885714284,0.16812439261418802,0.009307857687996307,0.13594203473420483,7,2
2024-12-09_2024-12-09T08:00:01-05:00,2024-12-09,0.6270329332093023,0.04374554321072885,0.08607731336108891,0.00762124220285563,129,5
