burst_id,start,pred_prob,return_120d
2024-05-14_2024-05-14 08:00:00-04:00,2024-05-14 12:00:00+00:00,0.4765740211680228,-56.33313725490196
2024-05-14_2024-05-14 08:02:00-04:00,2024-05-14 12:02:00+00:00,0.47607761595421744,-56.33313725490196
2024-05-14_2024-05-14 08:05:00-04:00,2024-05-14 12:05:00+00:00,0.6710311516138271,-56.33313725490196
2024-05-14_2024-05-14 08:33:57-04:00,2024-05-14 12:33:57+00:00,0.47244551099760257,-56.33313725490196
2024-05-14_2024-05-14 08:34:11-04:00,2024-05-14 12:34:11+00:00,0.6705428524731728,-56.33313725490196
2024-05-14_2024-05-14 08:53:37-04:00,2024-05-14 12:53:37+00:00,0.47868390541869815,-56.33313725490196
2024-05-14_2024-05-14 08:54:28-04:00,2024-05-14 12:54:28+00:00,0.4733597438303652,-56.33313725490196
2024-05-14_2024-05-14 09:14:56-04:00,2024-05-14 13:14:56+00:00,0.47868390541869815,-56.33313725490196
2024-05-14_2024-05-14 09:14:59-04:00,2024-05-14 13:14:59+00:00,0.6547034036362047,-56.33313725490196
2024-05-14_2024-05-14 09:16:04-04:00,2024-05-14 13:16:04+00:00,0.6705428524731728,-56.33313725490196
2024-05-14_2024-05-14 09:16:35-04:00,2024-05-14 13:16:35+00:00,0.4760780071631254,-56.33313725490196
2024-05-14_2024-05-14 09:20:49-04:00,2024-05-14 13:20:49+00:00,0.47244551099760257,-56.33313725490196
2024-05-15_2024-05-15 08:01:54-04:00,2024-05-15 12:01:54+00:00,0.5012957471602276,-36.30027932960893
2024-05-15_2024-05-15 08:25:30-04:00,2024-05-15 12:25:30+00:00,0.48884900217247007,-36.30027932960893
2024-05-15_2024-05-15 09:00:07-04:00,2024-05-15 13:00:07+00:00,0.6639604054070292,-36.30027932960893
2024-05-15_2024-05-15 09:00:18-04:00,2024-05-15 13:00:18+00:00,0.6639604054070292,-36.30027932960893
2024-05-15_2024-05-15 09:00:27-04:00,2024-05-15 13:00:27+00:00,0.4888466827274267,-36.30027932960893
2024-05-15_2024-05-15 09:01:08-04:00,2024-05-15 13:01:08+00:00,0.6639604054070292,-36.30027932960893
2024-05-15_2024-05-15 09:01:17-04:00,2024-05-15 13:01:17+00:00,0.6493329475007673,-36.30027932960893
2024-05-15_2024-05-15 09:03:08-04:00,2024-05-15 13:03:08+00:00,0.5012962446780782,-36.30027932960893
2024-05-16_2024-05-16 08:02:27-04:00,2024-05-16 12:02:27+00:00,0.6450850677609761,-19.404553415061287
2024-05-17_2024-05-17 08:00:50-04:00,2024-05-17 12:00:50+00:00,0.466976827931088,10.093896713615024
2024-05-17_2024-05-17 08:03:26-04:00,2024-05-17 12:03:26+00:00,0.46697467051635366,10.093896713615024
2024-05-17_2024-05-17 08:15:02-04:00,2024-05-17 12:15:02+00:00,0.4655865226611022,10.093896713615024
2024-05-17_2024-05-17 08:17:46-04:00,2024-05-17 12:17:46+00:00,0.639770618229116,10.093896713615024
2024-05-17_2024-05-17 08:19:43-04:00,2024-05-17 12:19:43+00:00,0.47557742215257237,10.093896713615024
2024-05-17_2024-05-17 08:19:47-04:00,2024-05-17 12:19:47+00:00,0.6392608627561869,10.093896713615024
2024-05-17_2024-05-17 08:19:58-04:00,2024-05-17 12:19:58+00:00,0.47557742215257237,10.093896713615024
2024-05-17_2024-05-17 08:20:09-04:00,2024-05-17 12:20:09+00:00,0.47171186677914034,10.093896713615024
2024-05-17_2024-05-17 08:20:19-04:00,2024-05-17 12:20:19+00:00,0.47171186677914034,10.093896713615024
2024-05-17_2024-05-17 08:20:29-04:00,2024-05-17 12:20:29+00:00,0.46697369758341095,10.093896713615024
2024-05-17_2024-05-17 08:20:39-04:00,2024-05-17 12:20:39+00:00,0.46697255793352904,10.093896713615024
2024-05-17_2024-05-17 08:22:37-04:00,2024-05-17 12:22:37+00:00,0.466976827931088,10.093896713615024
2024-05-17_2024-05-17 08:22:47-04:00,2024-05-17 12:22:47+00:00,0.6392608627561869,10.093896713615024
2024-05-17_2024-05-17 08:22:52-04:00,2024-05-17 12:22:52+00:00,0.475577551485781,10.093896713615024
2024-05-17_2024-05-17 08:23:02-04:00,2024-05-17 12:23:02+00:00,0.6221008226522253,10.093896713615024
2024-05-17_2024-05-17 08:23:29-04:00,2024-05-17 12:23:29+00:00,0.4717122576305471,10.093896713615024
2024-05-17_2024-05-17 08:23:38-04:00,2024-05-17 12:23:38+00:00,0.475577551485781,10.093896713615024
2024-05-17_2024-05-17 08:23:50-04:00,2024-05-17 12:23:50+00:00,0.4655865226611022,10.093896713615024
2024-05-17_2024-05-17 08:23:59-04:00,2024-05-17 12:23:59+00:00,0.47171503409981247,10.093896713615024
2024-05-17_2024-05-17 08:24:08-04:00,2024-05-17 12:24:08+00:00,0.639770618229116,10.093896713615024
2024-05-17_2024-05-17 08:24:18-04:00,2024-05-17 12:24:18+00:00,0.4755804756741309,10.093896713615024
2024-05-17_2024-05-17 08:24:29-04:00,2024-05-17 12:24:29+00:00,0.47171503409981247,10.093896713615024
2024-05-17_2024-05-17 08:24:37-04:00,2024-05-17 12:24:37+00:00,0.4655865226611022,10.093896713615024
2024-05-17_2024-05-17 08:24:48-04:00,2024-05-17 12:24:48+00:00,0.639770618229116,10.093896713615024
2024-05-17_2024-05-17 08:24:57-04:00,2024-05-17 12:24:57+00:00,0.639770618229116,10.093896713615024
2024-05-17_2024-05-17 08:25:07-04:00,2024-05-17 12:25:07+00:00,0.466976827931088,10.093896713615024
2024-05-17_2024-05-17 08:25:16-04:00,2024-05-17 12:25:16+00:00,0.639770618229116,10.093896713615024
2024-05-17_2024-05-17 08:25:25-04:00,2024-05-17 12:25:25+00:00,0.47171503409981247,10.093896713615024
2024-05-17_2024-05-17 08:25:35-04:00,2024-05-17 12:25:35+00:00,0.466976827931088,10.093896713615024
2024-05-17_2024-05-17 08:25:45-04:00,2024-05-17 12:25:45+00:00,0.4755804756741309,10.093896713615024
2024-05-17_2024-05-17 08:26:02-04:00,2024-05-17 12:26:02+00:00,0.639770618229116,10.093896713615024
2024-05-17_2024-05-17 08:26:11-04:00,2024-05-17 12:26:11+00:00,0.4655865226611022,10.093896713615024
2024-05-17_2024-05-17 08:26:20-04:00,2024-05-17 12:26:20+00:00,0.4655865226611022,10.093896713615024
2024-05-17_2024-05-17 08:26:29-04:00,2024-05-17 12:26:29+00:00,0.466976827931088,10.093896713615024
2024-05-17_2024-05-17 08:26:40-04:00,2024-05-17 12:26:40+00:00,0.4655865226611022,10.093896713615024
2024-05-17_2024-05-17 08:26:49-04:00,2024-05-17 12:26:49+00:00,0.466976827931088,10.093896713615024
2024-05-17_2024-05-17 08:26:59-04:00,2024-05-17 12:26:59+00:00,0.4755804756741309,10.093896713615024
2024-05-17_2024-05-17 08:27:08-04:00,2024-05-17 12:27:08+00:00,0.639770618229116,10.093896713615024
2024-05-17_2024-05-17 08:27:18-04:00,2024-05-17 12:27:18+00:00,0.4755804756741309,10.093896713615024
2024-05-17_2024-05-17 08:27:31-04:00,2024-05-17 12:27:31+00:00,0.639770618229116,10.093896713615024
2024-05-17_2024-05-17 08:27:41-04:00,2024-05-17 12:27:41+00:00,0.466976827931088,10.093896713615024
2024-05-17_2024-05-17 08:27:50-04:00,2024-05-17 12:27:50+00:00,0.47171503409981247,10.093896713615024
2024-05-17_2024-05-17 08:27:59-04:00,2024-05-17 12:27:59+00:00,0.4755804756741309,10.093896713615024
2024-05-17_2024-05-17 08:28:08-04:00,2024-05-17 12:28:08+00:00,0.47171503409981247,10.093896713615024
2024-05-17_2024-05-17 08:28:18-04:00,2024-05-17 12:28:18+00:00,0.4655865226611022,10.093896713615024
2024-05-17_2024-05-17 08:28:28-04:00,2024-05-17 12:28:28+00:00,0.466976827931088,10.093896713615024
2024-05-17_2024-05-17 08:28:37-04:00,2024-05-17 12:28:37+00:00,0.639770618229116,10.093896713615024
2024-05-17_2024-05-17 08:28:46-04:00,2024-05-17 12:28:46+00:00,0.4755804756741309,10.093896713615024
2024-05-17_2024-05-17 08:28:52-04:00,2024-05-17 12:28:52+00:00,0.639770618229116,10.093896713615024
2024-05-17_2024-05-17 08:29:01-04:00,2024-05-17 12:29:01+00:00,0.639770618229116,10.093896713615024
2024-05-17_2024-05-17 08:29:11-04:00,2024-05-17 12:29:11+00:00,0.47171503409981247,10.093896713615024
2024-05-17_2024-05-17 08:29:21-04:00,2024-05-17 12:29:21+00:00,0.47171503409981247,10.093896713615024
2024-05-17_2024-05-17 08:31:04-04:00,2024-05-17 12:31:04+00:00,0.639770618229116,10.093896713615024
2024-05-17_2024-05-17 08:31:14-04:00,2024-05-17 12:31:14+00:00,0.4655865226611022,10.093896713615024
2024-05-17_2024-05-17 08:31:24-04:00,2024-05-17 12:31:24+00:00,0.4655865226611022,10.093896713615024
2024-05-17_2024-05-17 08:31:40-04:00,2024-05-17 12:31:40+00:00,0.47171503409981247,10.093896713615024
2024-05-17_2024-05-17 08:31:50-04:00,2024-05-17 12:31:50+00:00,0.4655865226611022,10.093896713615024
2024-05-17_2024-05-17 08:34:01-04:00,2024-05-17 12:34:01+00:00,0.47171186677914034,10.093896713615024
2024-05-17_2024-05-17 08:34:09-04:00,2024-05-17 12:34:09+00:00,0.47557742215257237,10.093896713615024
2024-05-17_2024-05-17 08:34:16-04:00,2024-05-17 12:34:16+00:00,0.47171186677914034,10.093896713615024
2024-05-17_2024-05-17 08:34:24-04:00,2024-05-17 12:34:24+00:00,0.47171186677914034,10.093896713615024
2024-05-17_2024-05-17 08:34:33-04:00,2024-05-17 12:34:33+00:00,0.47557742215257237,10.093896713615024
2024-05-17_2024-05-17 08:34:40-04:00,2024-05-17 12:34:40+00:00,0.46558322608335556,10.093896713615024
2024-05-17_2024-05-17 08:34:48-04:00,2024-05-17 12:34:48+00:00,0.47171186677914034,10.093896713615024
2024-05-17_2024-05-17 08:34:56-04:00,2024-05-17 12:34:56+00:00,0.6392608627561869,10.093896713615024
2024-05-17_2024-05-17 08:35:04-04:00,2024-05-17 12:35:04+00:00,0.47557742215257237,10.093896713615024
2024-05-17_2024-05-17 08:35:14-04:00,2024-05-17 12:35:14+00:00,0.46558322608335556,10.093896713615024
2024-05-17_2024-05-17 08:39:49-04:00,2024-05-17 12:39:49+00:00,0.466976827931088,10.093896713615024
2024-05-17_2024-05-17 08:40:26-04:00,2024-05-17 12:40:26+00:00,0.639770618229116,10.093896713615024
2024-05-17_2024-05-17 08:40:46-04:00,2024-05-17 12:40:46+00:00,0.466976827931088,10.093896713615024
2024-06-07_2024-06-07 08:00:00-04:00,2024-06-07 12:00:00+00:00,0.4740399775401494,14.027982326951394
2024-06-07_2024-06-07 08:00:05-04:00,2024-06-07 12:00:05+00:00,0.4416767797813804,14.027982326951394
2024-06-07_2024-06-07 08:00:50-04:00,2024-06-07 12:00:50+00:00,0.43571510143447584,14.027982326951394
2024-06-07_2024-06-07 08:00:54-04:00,2024-06-07 12:00:54+00:00,0.4762163358241005,14.027982326951394
2024-06-07_2024-06-07 08:01:38-04:00,2024-06-07 12:01:38+00:00,0.470872419214352,14.027982326951394
2024-06-07_2024-06-07 08:01:41-04:00,2024-06-07 12:01:41+00:00,0.45587255929922754,14.027982326951394
2024-06-07_2024-06-07 08:02:51-04:00,2024-06-07 12:02:51+00:00,0.45895665940513025,14.027982326951394
2024-06-07_2024-06-07 08:04:17-04:00,2024-06-07 12:04:17+00:00,0.4558692728302,14.027982326951394
2024-06-07_2024-06-07 08:04:25-04:00,2024-06-07 12:04:25+00:00,0.4708692525085791,14.027982326951394
2024-06-07_2024-06-07 08:04:35-04:00,2024-06-07 12:04:35+00:00,0.4762162064749232,14.027982326951394
2024-06-07_2024-06-07 08:04:45-04:00,2024-06-07 12:04:45+00:00,0.4558692728302,14.027982326951394
2024-06-07_2024-06-07 08:04:56-04:00,2024-06-07 12:04:56+00:00,0.4708692525085791,14.027982326951394
2024-06-07_2024-06-07 08:05:26-04:00,2024-06-07 12:05:26+00:00,0.45587255929922754,14.027982326951394
2024-06-07_2024-06-07 08:26:23-04:00,2024-06-07 12:26:23+00:00,0.45895353652838644,14.027982326951394
2024-06-07_2024-06-07 08:26:56-04:00,2024-06-07 12:26:56+00:00,0.4762162064749232,14.027982326951394
2024-06-07_2024-06-07 08:27:33-04:00,2024-06-07 12:27:33+00:00,0.5809636893997466,14.027982326951394
2024-06-07_2024-06-07 08:28:04-04:00,2024-06-07 12:28:04+00:00,0.45587255929922754,14.027982326951394
2024-06-07_2024-06-07 08:28:34-04:00,2024-06-07 12:28:34+00:00,0.4558692728302,14.027982326951394
2024-06-07_2024-06-07 08:29:07-04:00,2024-06-07 12:29:07+00:00,0.4558692728302,14.027982326951394
2024-06-07_2024-06-07 08:29:39-04:00,2024-06-07 12:29:39+00:00,0.4558692728302,14.027982326951394
2024-06-07_2024-06-07 08:30:10-04:00,2024-06-07 12:30:10+00:00,0.4708692525085791,14.027982326951394
2024-06-07_2024-06-07 08:30:39-04:00,2024-06-07 12:30:39+00:00,0.4558692728302,14.027982326951394
2024-06-07_2024-06-07 08:45:24-04:00,2024-06-07 12:45:24+00:00,0.45587255929922754,14.027982326951394
2024-06-07_2024-06-07 08:45:40-04:00,2024-06-07 12:45:40+00:00,0.4762192603734714,14.027982326951394
2024-06-07_2024-06-07 08:45:58-04:00,2024-06-07 12:45:58+00:00,0.45895665940513025,14.027982326951394
2024-06-07_2024-06-07 08:46:12-04:00,2024-06-07 12:46:12+00:00,0.5815018936642873,14.027982326951394
2024-06-07_2024-06-07 08:46:25-04:00,2024-06-07 12:46:25+00:00,0.470872419214352,14.027982326951394
2024-06-07_2024-06-07 08:46:41-04:00,2024-06-07 12:46:41+00:00,0.45895665940513025,14.027982326951394
2024-06-07_2024-06-07 08:46:57-04:00,2024-06-07 12:46:57+00:00,0.5815018936642873,14.027982326951394
2024-06-07_2024-06-07 08:47:11-04:00,2024-06-07 12:47:11+00:00,0.470872419214352,14.027982326951394
2024-06-07_2024-06-07 08:47:27-04:00,2024-06-07 12:47:27+00:00,0.45895665940513025,14.027982326951394
2024-06-07_2024-06-07 08:47:43-04:00,2024-06-07 12:47:43+00:00,0.470872419214352,14.027982326951394
2024-06-07_2024-06-07 08:47:55-04:00,2024-06-07 12:47:55+00:00,0.5815018936642873,14.027982326951394
2024-06-07_2024-06-07 08:48:11-04:00,2024-06-07 12:48:11+00:00,0.45895665940513025,14.027982326951394
2024-06-07_2024-06-07 08:48:25-04:00,2024-06-07 12:48:25+00:00,0.45587255929922754,14.027982326951394
2024-06-07_2024-06-07 08:48:38-04:00,2024-06-07 12:48:38+00:00,0.45895665940513025,14.027982326951394
2024-06-07_2024-06-07 08:48:53-04:00,2024-06-07 12:48:53+00:00,0.470872419214352,14.027982326951394
2024-06-07_2024-06-07 08:49:09-04:00,2024-06-07 12:49:09+00:00,0.5815018936642873,14.027982326951394
2024-06-07_2024-06-07 08:49:23-04:00,2024-06-07 12:49:23+00:00,0.4762192603734714,14.027982326951394
2024-06-07_2024-06-07 08:49:38-04:00,2024-06-07 12:49:38+00:00,0.45895665940513025,14.027982326951394
2024-06-07_2024-06-07 08:49:53-04:00,2024-06-07 12:49:53+00:00,0.45895665940513025,14.027982326951394
2024-06-07_2024-06-07 08:50:25-04:00,2024-06-07 12:50:25+00:00,0.5815018936642873,14.027982326951394
2024-06-07_2024-06-07 08:50:38-04:00,2024-06-07 12:50:38+00:00,0.45895665940513025,14.027982326951394
2024-06-07_2024-06-07 08:50:53-04:00,2024-06-07 12:50:53+00:00,0.470872419214352,14.027982326951394
2024-06-07_2024-06-07 08:51:08-04:00,2024-06-07 12:51:08+00:00,0.45895665940513025,14.027982326951394
2024-06-07_2024-06-07 08:51:24-04:00,2024-06-07 12:51:24+00:00,0.4762192603734714,14.027982326951394
2024-06-07_2024-06-07 08:51:39-04:00,2024-06-07 12:51:39+00:00,0.470872419214352,14.027982326951394
2024-06-07_2024-06-07 08:51:54-04:00,2024-06-07 12:51:54+00:00,0.4762192603734714,14.027982326951394
2024-06-07_2024-06-07 08:52:12-04:00,2024-06-07 12:52:12+00:00,0.45895665940513025,14.027982326951394
2024-06-07_2024-06-07 08:52:26-04:00,2024-06-07 12:52:26+00:00,0.45895665940513025,14.027982326951394
2024-06-07_2024-06-07 08:52:41-04:00,2024-06-07 12:52:41+00:00,0.4762192603734714,14.027982326951394
2024-06-07_2024-06-07 08:52:57-04:00,2024-06-07 12:52:57+00:00,0.5815018936642873,14.027982326951394
2024-06-07_2024-06-07 08:53:13-04:00,2024-06-07 12:53:13+00:00,0.4762192603734714,14.027982326951394
2024-06-07_2024-06-07 08:53:28-04:00,2024-06-07 12:53:28+00:00,0.45587255929922754,14.027982326951394
2024-06-07_2024-06-07 08:53:44-04:00,2024-06-07 12:53:44+00:00,0.470872419214352,14.027982326951394
2024-06-07_2024-06-07 08:53:59-04:00,2024-06-07 12:53:59+00:00,0.470872419214352,14.027982326951394
2024-06-07_2024-06-07 08:54:13-04:00,2024-06-07 12:54:13+00:00,0.470872419214352,14.027982326951394
2024-06-07_2024-06-07 08:54:16-04:00,2024-06-07 12:54:16+00:00,0.4708698494214994,14.027982326951394
2024-06-07_2024-06-07 08:55:46-04:00,2024-06-07 12:55:46+00:00,0.43571598348013335,14.027982326951394
2024-06-07_2024-06-07 08:55:55-04:00,2024-06-07 12:55:55+00:00,0.5636202673876922,14.027982326951394
2024-06-07_2024-06-07 08:56:28-04:00,2024-06-07 12:56:28+00:00,0.4589545071392457,14.027982326951394
2024-06-07_2024-06-07 08:58:01-04:00,2024-06-07 12:58:01+00:00,0.45895413879199337,14.027982326951394
2024-06-07_2024-06-07 08:58:35-04:00,2024-06-07 12:58:35+00:00,0.45586982751119726,14.027982326951394
2024-06-07_2024-06-07 08:59:09-04:00,2024-06-07 12:59:09+00:00,0.4708698494214994,14.027982326951394
2024-06-07_2024-06-07 09:00:41-04:00,2024-06-07 13:00:41+00:00,0.45587025677564313,14.027982326951394
2024-06-07_2024-06-07 09:01:58-04:00,2024-06-07 13:01:58+00:00,0.4589545071392457,14.027982326951394
2024-06-07_2024-06-07 09:03:01-04:00,2024-06-07 13:03:01+00:00,0.562926550462549,14.027982326951394
2024-06-07_2024-06-07 09:04:01-04:00,2024-06-07 13:04:01+00:00,0.45895665940513025,14.027982326951394
2024-06-07_2024-06-07 09:04:03-04:00,2024-06-07 13:04:03+00:00,0.4589545071392457,14.027982326951394
2024-06-07_2024-06-07 09:04:36-04:00,2024-06-07 13:04:36+00:00,0.4762192603734714,14.027982326951394
2024-06-07_2024-06-07 09:04:44-04:00,2024-06-07 13:04:44+00:00,0.4762192603734714,14.027982326951394
2024-06-07_2024-06-07 09:04:54-04:00,2024-06-07 13:04:54+00:00,0.45895665940513025,14.027982326951394
2024-06-07_2024-06-07 09:04:59-04:00,2024-06-07 13:04:59+00:00,0.45895665940513025,14.027982326951394
2024-06-07_2024-06-07 09:05:08-04:00,2024-06-07 13:05:08+00:00,0.5815018936642873,14.027982326951394
2024-06-07_2024-06-07 09:05:15-04:00,2024-06-07 13:05:15+00:00,0.5815018936642873,14.027982326951394
2024-06-07_2024-06-07 09:05:28-04:00,2024-06-07 13:05:28+00:00,0.5815018936642873,14.027982326951394
2024-06-07_2024-06-07 09:05:43-04:00,2024-06-07 13:05:43+00:00,0.4762192603734714,14.027982326951394
2024-06-07_2024-06-07 09:06:01-04:00,2024-06-07 13:06:01+00:00,0.5815018936642873,14.027982326951394
2024-06-07_2024-06-07 09:06:16-04:00,2024-06-07 13:06:16+00:00,0.45895665940513025,14.027982326951394
2024-06-07_2024-06-07 09:06:35-04:00,2024-06-07 13:06:35+00:00,0.45587255929922754,14.027982326951394
2024-06-07_2024-06-07 09:06:51-04:00,2024-06-07 13:06:51+00:00,0.470872419214352,14.027982326951394
2024-06-07_2024-06-07 09:07:05-04:00,2024-06-07 13:07:05+00:00,0.4762192603734714,14.027982326951394
2024-06-07_2024-06-07 09:07:20-04:00,2024-06-07 13:07:20+00:00,0.45895665940513025,14.027982326951394
2024-06-07_2024-06-07 09:07:33-04:00,2024-06-07 13:07:33+00:00,0.5815018936642873,14.027982326951394
2024-06-07_2024-06-07 09:07:48-04:00,2024-06-07 13:07:48+00:00,0.45587255929922754,14.027982326951394
2024-06-07_2024-06-07 09:07:59-04:00,2024-06-07 13:07:59+00:00,0.4762192603734714,14.027982326951394
2024-06-07_2024-06-07 09:08:15-04:00,2024-06-07 13:08:15+00:00,0.4762192603734714,14.027982326951394
2024-06-07_2024-06-07 09:08:29-04:00,2024-06-07 13:08:29+00:00,0.5815018936642873,14.027982326951394
2024-06-07_2024-06-07 09:08:43-04:00,2024-06-07 13:08:43+00:00,0.470872419214352,14.027982326951394
2024-06-07_2024-06-07 09:08:58-04:00,2024-06-07 13:08:58+00:00,0.45587255929922754,14.027982326951394
2024-06-07_2024-06-07 09:09:13-04:00,2024-06-07 13:09:13+00:00,0.45587255929922754,14.027982326951394
2024-06-07_2024-06-07 09:09:27-04:00,2024-06-07 13:09:27+00:00,0.45587255929922754,14.027982326951394
2024-06-07_2024-06-07 09:09:43-04:00,2024-06-07 13:09:43+00:00,0.45587255929922754,14.027982326951394
2024-06-07_2024-06-07 09:10:10-04:00,2024-06-07 13:10:10+00:00,0.5815018936642873,14.027982326951394
2024-06-07_2024-06-07 09:10:24-04:00,2024-06-07 13:10:24+00:00,0.5815018936642873,14.027982326951394
2024-06-07_2024-06-07 09:10:40-04:00,2024-06-07 13:10:40+00:00,0.470872419214352,14.027982326951394
2024-06-07_2024-06-07 09:10:55-04:00,2024-06-07 13:10:55+00:00,0.45587255929922754,14.027982326951394
2024-06-07_2024-06-07 09:11:07-04:00,2024-06-07 13:11:07+00:00,0.45587255929922754,14.027982326951394
2024-06-07_2024-06-07 09:11:28-04:00,2024-06-07 13:11:28+00:00,0.470872419214352,14.027982326951394
2024-06-07_2024-06-07 09:11:42-04:00,2024-06-07 13:11:42+00:00,0.5815018936642873,14.027982326951394
2024-06-07_2024-06-07 09:11:56-04:00,2024-06-07 13:11:56+00:00,0.4762192603734714,14.027982326951394
2024-06-07_2024-06-07 09:12:10-04:00,2024-06-07 13:12:10+00:00,0.45587255929922754,14.027982326951394
2024-06-07_2024-06-07 09:12:25-04:00,2024-06-07 13:12:25+00:00,0.45587255929922754,14.027982326951394
2024-06-07_2024-06-07 09:12:41-04:00,2024-06-07 13:12:41+00:00,0.45895665940513025,14.027982326951394
2024-06-07_2024-06-07 09:12:59-04:00,2024-06-07 13:12:59+00:00,0.4762192603734714,14.027982326951394
2024-06-07_2024-06-07 09:13:14-04:00,2024-06-07 13:13:14+00:00,0.5815018936642873,14.027982326951394
2024-06-07_2024-06-07 09:13:29-04:00,2024-06-07 13:13:29+00:00,0.45587255929922754,14.027982326951394
2024-06-07_2024-06-07 09:13:44-04:00,2024-06-07 13:13:44+00:00,0.45895665940513025,14.027982326951394
2024-06-07_2024-06-07 09:13:58-04:00,2024-06-07 13:13:58+00:00,0.45895665940513025,14.027982326951394
2024-06-07_2024-06-07 09:14:13-04:00,2024-06-07 13:14:13+00:00,0.5815018936642873,14.027982326951394
2024-06-07_2024-06-07 09:14:27-04:00,2024-06-07 13:14:27+00:00,0.45587255929922754,14.027982326951394
2024-06-07_2024-06-07 09:14:41-04:00,2024-06-07 13:14:41+00:00,0.45895665940513025,14.027982326951394
2024-06-07_2024-06-07 09:14:54-04:00,2024-06-07 13:14:54+00:00,0.45895665940513025,14.027982326951394
2024-06-07_2024-06-07 09:15:07-04:00,2024-06-07 13:15:07+00:00,0.4762192603734714,14.027982326951394
2024-06-07_2024-06-07 09:15:22-04:00,2024-06-07 13:15:22+00:00,0.45895665940513025,14.027982326951394
2024-06-07_2024-06-07 09:15:37-04:00,2024-06-07 13:15:37+00:00,0.4762192603734714,14.027982326951394
2024-06-07_2024-06-07 09:15:49-04:00,2024-06-07 13:15:49+00:00,0.5815018936642873,14.027982326951394
2024-06-07_2024-06-07 09:16:00-04:00,2024-06-07 13:16:00+00:00,0.45587255929922754,14.027982326951394
2021-01-25_2021-01-25 08:31:11-05:00,2021-01-25 13:31:11+00:00,0.47267539883683196,89.0401710363452
2021-01-25_2021-01-25 08:31:18-05:00,2021-01-25 13:31:18+00:00,0.9241917577727061,89.0401710363452
2021-01-25_2021-01-25 08:31:37-05:00,2021-01-25 13:31:37+00:00,0.47267539883683196,89.0401710363452
2021-01-25_2021-01-25 08:31:57-05:00,2021-01-25 13:31:57+00:00,0.4605270494179264,89.0401710363452
2021-01-25_2021-01-25 08:32:00-05:00,2021-01-25 13:32:00+00:00,0.4740957093420863,89.0401710363452
2021-01-25_2021-01-25 08:36:34-05:00,2021-01-25 13:36:34+00:00,0.4605266246045866,89.0401710363452
2021-01-25_2021-01-25 09:01:43-05:00,2021-01-25 14:01:43+00:00,0.45823976420690243,89.0401710363452
2021-01-25_2021-01-25 09:02:06-05:00,2021-01-25 14:02:06+00:00,0.4740957093420863,89.0401710363452
2021-01-25_2021-01-25 09:02:19-05:00,2021-01-25 14:02:19+00:00,0.4582396354687331,89.0401710363452
2021-01-26_2021-01-26 08:00:06-05:00,2021-01-26 13:00:06+00:00,0.0009621039303088852,-17.426375829316022
2021-01-26_2021-01-26 08:01:59-05:00,2021-01-26 13:01:59+00:00,0.0009620996293195405,-17.426375829316022
2021-01-26_2021-01-26 08:02:02-05:00,2021-01-26 13:02:02+00:00,8.186084573417787e-24,-17.426375829316022
2021-01-26_2021-01-26 08:02:06-05:00,2021-01-26 13:02:06+00:00,8.901310675486662e-24,-17.426375829316022
2021-01-26_2021-01-26 08:02:46-05:00,2021-01-26 13:02:46+00:00,4.315133177086463e-06,-17.426375829316022
2021-01-26_2021-01-26 08:04:00-05:00,2021-01-26 13:04:00+00:00,0.0009621024227731589,-17.426375829316022
2021-01-26_2021-01-26 08:05:07-05:00,2021-01-26 13:05:07+00:00,8.061521527480834e-24,-17.426375829316022
2021-01-26_2021-01-26 08:05:26-05:00,2021-01-26 13:05:26+00:00,0.004684078594150568,-17.426375829316022
2021-01-26_2021-01-26 08:07:27-05:00,2021-01-26 13:07:27+00:00,1.4439532743233822e-05,-17.426375829316022
2021-01-26_2021-01-26 08:17:05-05:00,2021-01-26 13:17:05+00:00,1.4439510013037201e-05,-17.426375829316022
2021-01-27_2021-01-27 08:37:39-05:00,2021-01-27 13:37:39+00:00,1.4150674598522707e-09,-34.70205479452056
2021-01-27_2021-01-27 08:38:31-05:00,2021-01-27 13:38:31+00:00,6.512964749936703e-39,-34.70205479452056
2021-01-27_2021-01-27 08:38:40-05:00,2021-01-27 13:38:40+00:00,0.00012470160003506047,-34.70205479452056
2021-01-27_2021-01-27 08:39:04-05:00,2021-01-27 13:39:04+00:00,7.182873454639813e-39,-34.70205479452056
2021-01-27_2021-01-27 08:40:05-05:00,2021-01-27 13:40:05+00:00,0.00012470227168567103,-34.70205479452056
2021-01-27_2021-01-27 08:40:09-05:00,2021-01-27 13:40:09+00:00,1.4150616215390746e-09,-34.70205479452056
2021-01-27_2021-01-27 08:40:31-05:00,2021-01-27 13:40:31+00:00,1.191372929790836e-05,-34.70205479452056
2021-01-27_2021-01-27 08:44:09-05:00,2021-01-27 13:44:09+00:00,1.0387636946847672e-08,-34.70205479452056
2021-01-27_2021-01-27 08:44:20-05:00,2021-01-27 13:44:20+00:00,6.512964749936703e-39,-34.70205479452056
2021-01-27_2021-01-27 08:45:03-05:00,2021-01-27 13:45:03+00:00,1.0387636946847672e-08,-34.70205479452056
2021-01-27_2021-01-27 08:49:30-05:00,2021-01-27 13:49:30+00:00,6.512964749936703e-39,-34.70205479452056
2021-01-27_2021-01-27 08:49:44-05:00,2021-01-27 13:49:44+00:00,1.4150674598522707e-09,-34.70205479452056
2021-01-27_2021-01-27 08:50:30-05:00,2021-01-27 13:50:30+00:00,1.0387636946847672e-08,-34.70205479452056
2021-01-27_2021-01-27 08:50:36-05:00,2021-01-27 13:50:36+00:00,6.512964749936703e-39,-34.70205479452056
2021-01-27_2021-01-27 08:57:10-05:00,2021-01-27 13:57:10+00:00,0.00012470227168567103,-34.70205479452056
2021-01-27_2021-01-27 08:57:56-05:00,2021-01-27 13:57:56+00:00,1.191372929790836e-05,-34.70205479452056
2021-01-27_2021-01-27 09:03:19-05:00,2021-01-27 14:03:19+00:00,6.505209299481465e-39,-34.70205479452056
2021-01-27_2021-01-27 09:05:14-05:00,2021-01-27 14:05:14+00:00,0.00012470227168567103,-34.70205479452056
2021-01-27_2021-01-27 09:05:39-05:00,2021-01-27 14:05:39+00:00,7.182873454639813e-39,-34.70205479452056
2021-01-27_2021-01-27 09:05:47-05:00,2021-01-27 14:05:47+00:00,1.0387636946847672e-08,-34.70205479452056
2021-01-27_2021-01-27 09:06:25-05:00,2021-01-27 14:06:25+00:00,7.182873454639813e-39,-34.70205479452056
2021-01-27_2021-01-27 09:06:31-05:00,2021-01-27 14:06:31+00:00,0.00012470227168567103,-34.70205479452056
2021-01-27_2021-01-27 09:06:54-05:00,2021-01-27 14:06:54+00:00,1.4150674598522707e-09,-34.70205479452056
2021-01-27_2021-01-27 09:07:14-05:00,2021-01-27 14:07:14+00:00,1.4150674598522707e-09,-34.70205479452056
2021-01-27_2021-01-27 09:07:17-05:00,2021-01-27 14:07:17+00:00,7.182873454639813e-39,-34.70205479452056
2021-01-27_2021-01-27 09:07:41-05:00,2021-01-27 14:07:41+00:00,6.505209299481465e-39,-34.70205479452056
2021-01-27_2021-01-27 09:07:51-05:00,2021-01-27 14:07:51+00:00,1.191372929790836e-05,-34.70205479452056
2021-01-27_2021-01-27 09:08:08-05:00,2021-01-27 14:08:08+00:00,1.0387636946847672e-08,-34.70205479452056
2021-01-27_2021-01-27 09:08:38-05:00,2021-01-27 14:08:38+00:00,1.191372929790836e-05,-34.70205479452056
2021-01-27_2021-01-27 09:08:40-05:00,2021-01-27 14:08:40+00:00,1.0387636946847672e-08,-34.70205479452056
2021-01-27_2021-01-27 09:08:43-05:00,2021-01-27 14:08:43+00:00,1.0387636946847672e-08,-34.70205479452056
2021-01-27_2021-01-27 09:09:00-05:00,2021-01-27 14:09:00+00:00,1.4150674598522707e-09,-34.70205479452056
2021-01-27_2021-01-27 09:09:06-05:00,2021-01-27 14:09:06+00:00,1.0387636946847672e-08,-34.70205479452056
2021-01-27_2021-01-27 09:09:08-05:00,2021-01-27 14:09:08+00:00,1.4150674598522707e-09,-34.70205479452056
2021-01-27_2021-01-27 09:09:13-05:00,2021-01-27 14:09:13+00:00,1.0387636946847672e-08,-34.70205479452056
2021-01-27_2021-01-27 09:09:17-05:00,2021-01-27 14:09:17+00:00,7.182873454639813e-39,-34.70205479452056
2021-01-27_2021-01-27 09:09:39-05:00,2021-01-27 14:09:39+00:00,0.00012470227168567103,-34.70205479452056
2021-01-27_2021-01-27 09:09:47-05:00,2021-01-27 14:09:47+00:00,6.505209299481465e-39,-34.70205479452056
2021-01-27_2021-01-27 09:09:49-05:00,2021-01-27 14:09:49+00:00,0.00012470227168567103,-34.70205479452056
2021-01-27_2021-01-27 09:09:53-05:00,2021-01-27 14:09:53+00:00,1.4150655476161585e-09,-34.70205479452056
2021-01-27_2021-01-27 09:10:18-05:00,2021-01-27 14:10:18+00:00,7.182873454639813e-39,-34.70205479452056
2021-01-27_2021-01-27 09:10:20-05:00,2021-01-27 14:10:20+00:00,1.4150674598522707e-09,-34.70205479452056
2021-01-27_2021-01-27 09:10:27-05:00,2021-01-27 14:10:27+00:00,7.182873454639813e-39,-34.70205479452056
2021-01-27_2021-01-27 09:10:47-05:00,2021-01-27 14:10:47+00:00,7.182873454639813e-39,-34.70205479452056
2021-01-27_2021-01-27 09:12:07-05:00,2021-01-27 14:12:07+00:00,0.00012470227168567103,-34.70205479452056
2021-01-27_2021-01-27 09:13:00-05:00,2021-01-27 14:13:00+00:00,1.0387620594764871e-08,-34.70205479452056
2021-01-27_2021-01-27 09:14:13-05:00,2021-01-27 14:14:13+00:00,0.00012470227168567103,-34.70205479452056
2021-01-27_2021-01-27 09:14:24-05:00,2021-01-27 14:14:24+00:00,1.0387636946847672e-08,-34.70205479452056
2021-01-27_2021-01-27 09:15:13-05:00,2021-01-27 14:15:13+00:00,1.0387636946847672e-08,-34.70205479452056
2021-01-27_2021-01-27 09:15:44-05:00,2021-01-27 14:15:44+00:00,1.0387636946847672e-08,-34.70205479452056
2021-01-27_2021-01-27 09:15:51-05:00,2021-01-27 14:15:51+00:00,1.0387636946847672e-08,-34.70205479452056
2021-01-27_2021-01-27 09:16:19-05:00,2021-01-27 14:16:19+00:00,0.00012470251982306228,-34.70205479452056
2021-01-28_2021-01-28 08:00:04-05:00,2021-01-28 13:00:04+00:00,8.128012994966168e-06,-40.542966120709
2021-01-28_2021-01-28 08:43:04-05:00,2021-01-28 13:43:04+00:00,2.503901869849318e-09,-40.542966120709
2021-01-28_2021-01-28 08:44:11-05:00,2021-01-28 13:44:11+00:00,2.3146325857705092e-10,-40.542966120709
2021-01-28_2021-01-28 08:45:24-05:00,2021-01-28 13:45:24+00:00,2.3146325857705092e-10,-40.542966120709
2021-01-28_2021-01-28 08:45:42-05:00,2021-01-28 13:45:42+00:00,8.942652746248231e-05,-40.542966120709
2021-01-28_2021-01-28 08:45:45-05:00,2021-01-28 13:45:45+00:00,8.127993522186063e-06,-40.542966120709
2021-01-28_2021-01-28 08:49:58-05:00,2021-01-28 13:49:58+00:00,2.503897928239608e-09,-40.542966120709
2021-01-28_2021-01-28 08:50:00-05:00,2021-01-28 13:50:00+00:00,2.314629721294889e-10,-40.542966120709
2021-01-28_2021-01-28 09:18:32-05:00,2021-01-28 14:18:32+00:00,8.127993522186063e-06,-40.542966120709
2021-01-28_2021-01-28 09:20:25-05:00,2021-01-28 14:20:25+00:00,8.128006270247894e-06,-40.542966120709
2021-01-29_2021-01-29 08:00:08-05:00,2021-01-29 13:00:08+00:00,6.006266160633206e-08,-42.63004390884907
2021-01-29_2021-01-29 08:14:50-05:00,2021-01-29 13:14:50+00:00,6.006242683476718e-08,-42.63004390884907
2021-01-29_2021-01-29 08:15:17-05:00,2021-01-29 13:15:17+00:00,6.006242683476718e-08,-42.63004390884907
2021-01-29_2021-01-29 08:33:51-05:00,2021-01-29 13:33:51+00:00,5.76016632223717e-09,-42.63004390884907
2021-01-29_2021-01-29 08:34:00-05:00,2021-01-29 13:34:00+00:00,5.760182959214276e-09,-42.63004390884907
2021-01-29_2021-01-29 08:38:26-05:00,2021-01-29 13:38:26+00:00,5.760190087742615e-09,-42.63004390884907
2021-01-29_2021-01-29 08:39:21-05:00,2021-01-29 13:39:21+00:00,1.7452848689608595e-40,-42.63004390884907
2021-01-29_2021-01-29 08:39:23-05:00,2021-01-29 13:39:23+00:00,0.00038342546842809954,-42.63004390884907
2021-01-29_2021-01-29 08:40:22-05:00,2021-01-29 13:40:22+00:00,0.00038342546842809954,-42.63004390884907
2021-01-29_2021-01-29 08:40:47-05:00,2021-01-29 13:40:47+00:00,0.0003834265823477399,-42.63004390884907
2021-01-29_2021-01-29 08:41:00-05:00,2021-01-29 13:41:00+00:00,0.00038342407096823866,-42.63004390884907
2021-01-29_2021-01-29 08:43:43-05:00,2021-01-29 13:43:43+00:00,0.0024493350582667286,-42.63004390884907
2021-01-29_2021-01-29 08:43:47-05:00,2021-01-29 13:43:47+00:00,1.924800891355222e-40,-42.63004390884907
2021-01-29_2021-01-29 08:44:09-05:00,2021-01-29 13:44:09+00:00,1.7452848689608595e-40,-42.63004390884907
2021-01-29_2021-01-29 08:44:21-05:00,2021-01-29 13:44:21+00:00,0.00038342407096823866,-42.63004390884907
2021-01-29_2021-01-29 08:44:23-05:00,2021-01-29 13:44:23+00:00,0.0003834265823477399,-42.63004390884907
2021-01-29_2021-01-29 08:44:42-05:00,2021-01-29 13:44:42+00:00,5.760190087742615e-09,-42.63004390884907
2021-01-29_2021-01-29 08:45:19-05:00,2021-01-29 13:45:19+00:00,6.006215183500953e-08,-42.63004390884907
2021-01-29_2021-01-29 08:45:24-05:00,2021-01-29 13:45:24+00:00,0.00038342407096823866,-42.63004390884907
2021-01-29_2021-01-29 08:47:18-05:00,2021-01-29 13:47:18+00:00,1.924800891355222e-40,-42.63004390884907
2021-01-29_2021-01-29 08:47:25-05:00,2021-01-29 13:47:25+00:00,0.0024493276785241985,-42.63004390884907
2021-01-29_2021-01-29 08:47:39-05:00,2021-01-29 13:47:39+00:00,0.00038342546842809954,-42.63004390884907
2021-01-29_2021-01-29 08:47:42-05:00,2021-01-29 13:47:42+00:00,5.760190087742615e-09,-42.63004390884907
2021-01-29_2021-01-29 08:51:00-05:00,2021-01-29 13:51:00+00:00,0.0003834265823477399,-42.63004390884907
2021-01-29_2021-01-29 08:52:10-05:00,2021-01-29 13:52:10+00:00,0.0024493408400849325,-42.63004390884907
2021-01-29_2021-01-29 08:52:12-05:00,2021-01-29 13:52:12+00:00,1.924800891355222e-40,-42.63004390884907
2021-01-29_2021-01-29 08:54:25-05:00,2021-01-29 13:54:25+00:00,5.76016632223717e-09,-42.63004390884907
2021-01-29_2021-01-29 08:54:30-05:00,2021-01-29 13:54:30+00:00,0.00038342546842809954,-42.63004390884907
2021-01-29_2021-01-29 08:54:32-05:00,2021-01-29 13:54:32+00:00,5.760190087742615e-09,-42.63004390884907
2021-01-29_2021-01-29 08:58:27-05:00,2021-01-29 13:58:27+00:00,6.00623322852826e-08,-42.63004390884907
2021-01-29_2021-01-29 08:59:08-05:00,2021-01-29 13:59:08+00:00,0.00038342718349380477,-42.63004390884907
2021-01-29_2021-01-29 09:11:27-05:00,2021-01-29 14:11:27+00:00,1.7931247651536839e-40,-42.63004390884907
2021-02-01_2021-02-01 08:00:01-05:00,2021-02-01 13:00:01+00:00,0.023422277915208577,-5.075981426762343
2021-02-01_2021-02-01 08:01:12-05:00,2021-02-01 13:01:12+00:00,0.022847965874685693,-5.075981426762343
2021-02-01_2021-02-01 08:01:15-05:00,2021-02-01 13:01:15+00:00,0.02287458192481492,-5.075981426762343
2021-02-01_2021-02-01 08:01:33-05:00,2021-02-01 13:01:33+00:00,0.027203933423856377,-5.075981426762343
2021-02-01_2021-02-01 08:02:22-05:00,2021-02-01 13:02:22+00:00,0.027204029913342392,-5.075981426762343
2021-02-01_2021-02-01 08:02:29-05:00,2021-02-01 13:02:29+00:00,0.027204030720701593,-5.075981426762343
2021-02-01_2021-02-01 08:02:35-05:00,2021-02-01 13:02:35+00:00,0.023192814571000458,-5.075981426762343
2021-02-01_2021-02-01 08:02:38-05:00,2021-02-01 13:02:38+00:00,0.027123904451481613,-5.075981426762343
2021-02-01_2021-02-01 08:04:50-05:00,2021-02-01 13:04:50+00:00,0.02063136829489756,-5.075981426762343
2021-02-01_2021-02-01 08:04:58-05:00,2021-02-01 13:04:58+00:00,0.027123783631364185,-5.075981426762343
2021-02-01_2021-02-01 08:05:02-05:00,2021-02-01 13:05:02+00:00,0.024958135511817383,-5.075981426762343
2021-02-01_2021-02-01 08:05:14-05:00,2021-02-01 13:05:14+00:00,0.02720410682539976,-5.075981426762343
2021-02-01_2021-02-01 08:15:17-05:00,2021-02-01 13:15:17+00:00,0.024958235914979518,-5.075981426762343
2021-02-01_2021-02-01 08:18:52-05:00,2021-02-01 13:18:52+00:00,0.02720410682539976,-5.075981426762343
2021-02-01_2021-02-01 08:19:04-05:00,2021-02-01 13:19:04+00:00,0.02063136829489756,-5.075981426762343
2021-02-01_2021-02-01 08:19:11-05:00,2021-02-01 13:19:11+00:00,0.020631429323517893,-5.075981426762343
2021-02-01_2021-02-01 08:19:18-05:00,2021-02-01 13:19:18+00:00,0.027123904451481613,-5.075981426762343
2021-02-01_2021-02-01 08:19:20-05:00,2021-02-01 13:19:20+00:00,0.027123904451481613,-5.075981426762343
2021-02-01_2021-02-01 08:19:23-05:00,2021-02-01 13:19:23+00:00,0.02516819285552488,-5.075981426762343
2021-02-01_2021-02-01 08:20:23-05:00,2021-02-01 13:20:23+00:00,0.023192814571000458,-5.075981426762343
2021-02-01_2021-02-01 08:20:30-05:00,2021-02-01 13:20:30+00:00,0.022847965874685693,-5.075981426762343
2021-02-01_2021-02-01 08:20:49-05:00,2021-02-01 13:20:49+00:00,0.02063136829489756,-5.075981426762343
2021-02-01_2021-02-01 08:21:29-05:00,2021-02-01 13:21:29+00:00,0.02063136829489756,-5.075981426762343
2021-02-01_2021-02-01 08:21:33-05:00,2021-02-01 13:21:33+00:00,0.027123859330063275,-5.075981426762343
2021-02-01_2021-02-01 08:21:39-05:00,2021-02-01 13:21:39+00:00,0.027203933423856377,-5.075981426762343
2021-02-01_2021-02-01 08:21:59-05:00,2021-02-01 13:21:59+00:00,0.024958135511817383,-5.075981426762343
2021-02-01_2021-02-01 08:22:50-05:00,2021-02-01 13:22:50+00:00,0.027123859330063275,-5.075981426762343
2021-02-01_2021-02-01 08:22:55-05:00,2021-02-01 13:22:55+00:00,0.027123783631364185,-5.075981426762343
2021-02-01_2021-02-01 08:23:06-05:00,2021-02-01 13:23:06+00:00,0.027123859330063275,-5.075981426762343
2021-02-01_2021-02-01 08:23:08-05:00,2021-02-01 13:23:08+00:00,0.027203933423856377,-5.075981426762343
2021-02-01_2021-02-01 08:23:27-05:00,2021-02-01 13:23:27+00:00,0.027203933423856377,-5.075981426762343
2021-02-01_2021-02-01 08:23:44-05:00,2021-02-01 13:23:44+00:00,0.02287458192481492,-5.075981426762343
2021-02-01_2021-02-01 08:24:35-05:00,2021-02-01 13:24:35+00:00,0.024958135511817383,-5.075981426762343
2021-02-01_2021-02-01 08:24:39-05:00,2021-02-01 13:24:39+00:00,0.023192814571000458,-5.075981426762343
2021-02-01_2021-02-01 08:24:47-05:00,2021-02-01 13:24:47+00:00,0.022847965874685693,-5.075981426762343
2021-02-01_2021-02-01 08:24:54-05:00,2021-02-01 13:24:54+00:00,0.027123862911521742,-5.075981426762343
2021-02-01_2021-02-01 08:24:59-05:00,2021-02-01 13:24:59+00:00,0.023192814571000458,-5.075981426762343
2021-02-01_2021-02-01 08:25:12-05:00,2021-02-01 13:25:12+00:00,0.02720410682539976,-5.075981426762343
2021-02-01_2021-02-01 08:27:26-05:00,2021-02-01 13:27:26+00:00,0.027203933423856377,-5.075981426762343
2021-02-01_2021-02-01 08:27:32-05:00,2021-02-01 13:27:32+00:00,0.023192814571000458,-5.075981426762343
2021-02-01_2021-02-01 08:27:46-05:00,2021-02-01 13:27:46+00:00,0.027123862911521742,-5.075981426762343
2021-02-01_2021-02-01 08:27:53-05:00,2021-02-01 13:27:53+00:00,0.02495820579877868,-5.075981426762343
2021-02-01_2021-02-01 08:28:35-05:00,2021-02-01 13:28:35+00:00,0.027204029913342392,-5.075981426762343
2021-02-01_2021-02-01 08:29:11-05:00,2021-02-01 13:29:11+00:00,0.02287458192481492,-5.075981426762343
2021-02-01_2021-02-01 08:29:22-05:00,2021-02-01 13:29:22+00:00,0.020631429323517893,-5.075981426762343
2021-02-01_2021-02-01 08:29:36-05:00,2021-02-01 13:29:36+00:00,0.020631477137700017,-5.075981426762343
2021-02-01_2021-02-01 08:30:05-05:00,2021-02-01 13:30:05+00:00,0.027123862911521742,-5.075981426762343
2021-02-01_2021-02-01 08:30:11-05:00,2021-02-01 13:30:11+00:00,0.027123862911521742,-5.075981426762343
2021-02-01_2021-02-01 08:30:25-05:00,2021-02-01 13:30:25+00:00,0.020631438617696108,-5.075981426762343
2021-02-01_2021-02-01 08:31:08-05:00,2021-02-01 13:31:08+00:00,0.023486869092912227,-5.075981426762343
2021-02-01_2021-02-01 08:45:07-05:00,2021-02-01 13:45:07+00:00,0.027123904451481613,-5.075981426762343
2021-02-01_2021-02-01 08:49:36-05:00,2021-02-01 13:49:36+00:00,0.02720410682539976,-5.075981426762343
2021-02-01_2021-02-01 08:49:38-05:00,2021-02-01 13:49:38+00:00,0.020631429323517893,-5.075981426762343
2021-02-01_2021-02-01 08:49:46-05:00,2021-02-01 13:49:46+00:00,0.02495820579877868,-5.075981426762343
2021-02-01_2021-02-01 08:49:49-05:00,2021-02-01 13:49:49+00:00,0.020631477137700017,-5.075981426762343
2021-02-01_2021-02-01 08:56:08-05:00,2021-02-01 13:56:08+00:00,0.024958135511817383,-5.075981426762343
2021-02-01_2021-02-01 08:56:55-05:00,2021-02-01 13:56:55+00:00,0.02720410682539976,-5.075981426762343
2021-02-01_2021-02-01 08:57:14-05:00,2021-02-01 13:57:14+00:00,0.027123783631364185,-5.075981426762343
2021-02-01_2021-02-01 08:57:17-05:00,2021-02-01 13:57:17+00:00,0.027123859330063275,-5.075981426762343
2021-02-01_2021-02-01 08:57:20-05:00,2021-02-01 13:57:20+00:00,0.027204030720701593,-5.075981426762343
2021-02-01_2021-02-01 08:57:30-05:00,2021-02-01 13:57:30+00:00,0.020631429323517893,-5.075981426762343
2021-02-01_2021-02-01 08:57:34-05:00,2021-02-01 13:57:34+00:00,0.020631438617696108,-5.075981426762343
2021-02-01_2021-02-01 09:12:04-05:00,2021-02-01 14:12:04+00:00,0.02495820579877868,-5.075981426762343
2021-02-02_2021-02-02 08:00:06-05:00,2021-02-02 13:00:06+00:00,0.9343548941113535,115.70422535211269
2021-02-02_2021-02-02 08:04:00-05:00,2021-02-02 13:04:00+00:00,0.9261225916323561,115.70422535211269
2021-02-02_2021-02-02 08:04:03-05:00,2021-02-02 13:04:03+00:00,0.9261224018029399,115.70422535211269
2021-02-02_2021-02-02 08:04:40-05:00,2021-02-02 13:04:40+00:00,0.946159675188066,115.70422535211269
2021-02-02_2021-02-02 08:04:45-05:00,2021-02-02 13:04:45+00:00,0.9288481869642254,115.70422535211269
2021-02-02_2021-02-02 08:23:51-05:00,2021-02-02 13:23:51+00:00,0.9288482906202188,115.70422535211269
2021-02-02_2021-02-02 09:07:57-05:00,2021-02-02 14:07:57+00:00,0.9261226840903649,115.70422535211269
2021-02-02_2021-02-02 09:08:13-05:00,2021-02-02 14:08:13+00:00,0.9261226840903649,115.70422535211269
2021-02-02_2021-02-02 09:08:34-05:00,2021-02-02 14:08:34+00:00,0.9288481869642254,115.70422535211269
2021-02-02_2021-02-02 09:08:56-05:00,2021-02-02 14:08:56+00:00,0.946159675188066,115.70422535211269
2021-02-02_2021-02-02 09:09:17-05:00,2021-02-02 14:09:17+00:00,0.946159675188066,115.70422535211269
2021-02-02_2021-02-02 09:09:39-05:00,2021-02-02 14:09:39+00:00,0.9514477934855694,115.70422535211269
2021-02-02_2021-02-02 09:10:01-05:00,2021-02-02 14:10:01+00:00,0.9261226840903649,115.70422535211269
2021-02-02_2021-02-02 09:10:20-05:00,2021-02-02 14:10:20+00:00,0.9288481869642254,115.70422535211269
2021-02-02_2021-02-02 09:10:41-05:00,2021-02-02 14:10:41+00:00,0.9261226840903649,115.70422535211269
2021-02-02_2021-02-02 09:11:01-05:00,2021-02-02 14:11:01+00:00,0.9387322142506791,115.70422535211269
2021-02-02_2021-02-02 09:14:47-05:00,2021-02-02 14:14:47+00:00,0.9514475446460444,115.70422535211269
2021-02-02_2021-02-02 09:14:52-05:00,2021-02-02 14:14:52+00:00,0.9288479969058107,115.70422535211269
2021-02-02_2021-02-02 09:28:37-05:00,2021-02-02 14:28:37+00:00,0.9288477539222123,115.70422535211269
2021-02-03_2021-02-03 09:04:14-05:00,2021-02-03 14:04:14+00:00,0.998200633408791,98.39108910891092
2021-02-03_2021-02-03 09:04:21-05:00,2021-02-03 14:04:21+00:00,0.9960900649803671,98.39108910891092
2021-02-03_2021-02-03 09:04:31-05:00,2021-02-03 14:04:31+00:00,0.9998013723573052,98.39108910891092
2021-02-03_2021-02-03 09:12:58-05:00,2021-02-03 14:12:58+00:00,0.9964688503968434,98.39108910891092
2021-02-03_2021-02-03 09:13:02-05:00,2021-02-03 14:13:02+00:00,0.9960900649803671,98.39108910891092
2021-02-03_2021-02-03 09:16:36-05:00,2021-02-03 14:16:36+00:00,0.9982006386288534,98.39108910891092
2021-02-03_2021-02-03 09:17:47-05:00,2021-02-03 14:17:47+00:00,0.9963456193956253,98.39108910891092
2021-02-03_2021-02-03 09:18:41-05:00,2021-02-03 14:18:41+00:00,0.9982006414459378,98.39108910891092
2021-02-05_2021-02-05 08:05:19-05:00,2021-02-05 13:05:19+00:00,0.9945801908749858,147.3668371953055
2021-02-05_2021-02-05 08:05:24-05:00,2021-02-05 13:05:24+00:00,0.9999997640507682,147.3668371953055
2021-02-05_2021-02-05 08:05:27-05:00,2021-02-05 13:05:27+00:00,0.998157022676081,147.3668371953055
2021-02-05_2021-02-05 08:07:23-05:00,2021-02-05 13:07:23+00:00,0.999055415226546,147.3668371953055
2021-02-05_2021-02-05 08:08:42-05:00,2021-02-05 13:08:42+00:00,0.9990554113330246,147.3668371953055
2021-02-05_2021-02-05 08:08:59-05:00,2021-02-05 13:08:59+00:00,0.9981570142534011,147.3668371953055
2021-02-05_2021-02-05 08:09:24-05:00,2021-02-05 13:09:24+00:00,0.998157022676081,147.3668371953055
2021-02-05_2021-02-05 08:09:41-05:00,2021-02-05 13:09:41+00:00,0.9990554113330246,147.3668371953055
2021-02-05_2021-02-05 08:10:02-05:00,2021-02-05 13:10:02+00:00,0.9990554140586769,147.3668371953055
2021-02-05_2021-02-05 08:10:22-05:00,2021-02-05 13:10:22+00:00,0.9981570195305601,147.3668371953055
2021-02-05_2021-02-05 08:10:27-05:00,2021-02-05 13:10:27+00:00,0.9999997394713446,147.3668371953055
2021-02-05_2021-02-05 08:10:43-05:00,2021-02-05 13:10:43+00:00,0.9994969745335424,147.3668371953055
2021-02-05_2021-02-05 08:12:26-05:00,2021-02-05 13:12:26+00:00,0.9999997397815745,147.3668371953055
2021-02-05_2021-02-05 08:12:42-05:00,2021-02-05 13:12:42+00:00,0.9994969730723382,147.3668371953055
2021-02-08_2021-02-08 09:29:37-05:00,2021-02-08 14:29:37+00:00,0.9999630071278126,170.58823529411765
2021-02-24_2021-02-24 08:27:22-05:00,2021-02-24 13:27:22+00:00,0.966525053279486,-2.9761904761904767
2021-02-25_2021-02-25 08:23:51-05:00,2021-02-25 13:23:51+00:00,0.471827673406437,54.22641509433961
2021-02-25_2021-02-25 08:23:53-05:00,2021-02-25 13:23:53+00:00,0.471827673406437,54.22641509433961
2021-02-25_2021-02-25 08:59:37-05:00,2021-02-25 13:59:37+00:00,0.47335125316655524,54.22641509433961
2021-02-25_2021-02-25 08:59:45-05:00,2021-02-25 13:59:45+00:00,0.471827673406437,54.22641509433961
2021-02-25_2021-02-25 08:59:50-05:00,2021-02-25 13:59:50+00:00,0.471827673406437,54.22641509433961
2021-02-25_2021-02-25 08:59:55-05:00,2021-02-25 13:59:55+00:00,0.49282165577458215,54.22641509433961
2021-02-25_2021-02-25 08:59:59-05:00,2021-02-25 13:59:59+00:00,0.47335125316655524,54.22641509433961
2021-02-25_2021-02-25 09:00:03-05:00,2021-02-25 14:00:03+00:00,0.47335125316655524,54.22641509433961
2021-02-25_2021-02-25 09:00:08-05:00,2021-02-25 14:00:08+00:00,0.49282165577458215,54.22641509433961
2021-02-25_2021-02-25 09:00:12-05:00,2021-02-25 14:00:12+00:00,0.49282165577458215,54.22641509433961
2021-02-25_2021-02-25 09:00:17-05:00,2021-02-25 14:00:17+00:00,0.47335125316655524,54.22641509433961
2021-02-25_2021-02-25 09:00:22-05:00,2021-02-25 14:00:22+00:00,0.47335125316655524,54.22641509433961
2021-02-25_2021-02-25 09:12:41-05:00,2021-02-25 14:12:41+00:00,0.5019277224142126,54.22641509433961
2021-02-25_2021-02-25 09:12:49-05:00,2021-02-25 14:12:49+00:00,0.4733518577940723,54.22641509433961
2021-02-25_2021-02-25 09:13:21-05:00,2021-02-25 14:13:21+00:00,0.5320204486544856,54.22641509433961
2021-02-25_2021-02-25 09:13:27-05:00,2021-02-25 14:13:27+00:00,0.4835130159698135,54.22641509433961
2021-02-25_2021-02-25 09:15:19-05:00,2021-02-25 14:15:19+00:00,0.49282165577458215,54.22641509433961
2021-02-25_2021-02-25 09:15:24-05:00,2021-02-25 14:15:24+00:00,0.471827673406437,54.22641509433961
2021-02-25_2021-02-25 09:15:35-05:00,2021-02-25 14:15:35+00:00,0.47182816934816746,54.22641509433961
2021-02-25_2021-02-25 09:18:41-05:00,2021-02-25 14:18:41+00:00,0.471827673406437,54.22641509433961
2021-02-25_2021-02-25 09:19:39-05:00,2021-02-25 14:19:39+00:00,0.4928226472406802,54.22641509433961
2021-02-25_2021-02-25 09:29:18-05:00,2021-02-25 14:29:18+00:00,0.4733518577940723,54.22641509433961
2021-02-26_2021-02-26 08:00:02-05:00,2021-02-26 13:00:02+00:00,0.13662440637643267,57.58793969849248
2021-02-26_2021-02-26 09:00:50-05:00,2021-02-26 14:00:50+00:00,0.16084773851197917,57.58793969849248
2021-02-26_2021-02-26 09:01:08-05:00,2021-02-26 14:01:08+00:00,0.09284908688065073,57.58793969849248
2021-02-26_2021-02-26 09:01:13-05:00,2021-02-26 14:01:13+00:00,0.09284908688065073,57.58793969849248
2021-03-01_2021-03-01 08:00:02-05:00,2021-03-01 13:00:02+00:00,0.03047652666710279,32.831429560401524
2021-03-01_2021-03-01 08:07:20-05:00,2021-03-01 13:07:20+00:00,0.03047652666710279,32.831429560401524
2021-03-01_2021-03-01 08:08:01-05:00,2021-03-01 13:08:01+00:00,0.6543418702194977,32.831429560401524
2021-03-01_2021-03-01 08:09:36-05:00,2021-03-01 13:09:36+00:00,0.021997000567950616,32.831429560401524
2021-03-01_2021-03-01 08:11:41-05:00,2021-03-01 13:11:41+00:00,0.021997075441009505,32.831429560401524
2021-03-01_2021-03-01 08:12:34-05:00,2021-03-01 13:12:34+00:00,0.021997075441009505,32.831429560401524
2021-03-01_2021-03-01 08:13:08-05:00,2021-03-01 13:13:08+00:00,0.03047652666710279,32.831429560401524
2021-03-01_2021-03-01 08:13:54-05:00,2021-03-01 13:13:54+00:00,0.021997116453463982,32.831429560401524
2021-03-01_2021-03-01 08:17:05-05:00,2021-03-01 13:17:05+00:00,0.021997075441009505,32.831429560401524
2021-03-01_2021-03-01 08:18:01-05:00,2021-03-01 13:18:01+00:00,0.030476527568541058,32.831429560401524
2021-03-01_2021-03-01 08:19:28-05:00,2021-03-01 13:19:28+00:00,0.05655798373118128,32.831429560401524
2021-03-01_2021-03-01 08:22:35-05:00,2021-03-01 13:22:35+00:00,0.6315991932591377,32.831429560401524
2021-03-02_2021-03-02 08:02:37-05:00,2021-03-02 13:02:37+00:00,0.4824891405674041,32.91666666666666
2021-03-02_2021-03-02 08:08:55-05:00,2021-03-02 13:08:55+00:00,0.40860684650153367,32.91666666666666
2021-03-03_2021-03-03 09:21:31-05:00,2021-03-03 14:21:31+00:00,0.025304692131305404,32.2
2021-03-05_2021-03-05 08:00:01-05:00,2021-03-05 13:00:01+00:00,0.7496179557042173,44.973965866358114
2021-03-05_2021-03-05 08:05:07-05:00,2021-03-05 13:05:07+00:00,0.5091624520014575,44.973965866358114
2021-03-05_2021-03-05 08:05:52-05:00,2021-03-05 13:05:52+00:00,0.5091624520014575,44.973965866358114
2021-03-05_2021-03-05 08:08:21-05:00,2021-03-05 13:08:21+00:00,0.613427763214579,44.973965866358114
2021-03-05_2021-03-05 08:11:01-05:00,2021-03-05 13:11:01+00:00,0.5091624520014575,44.973965866358114
2021-03-09_2021-03-09 09:04:17-05:00,2021-03-09 14:04:17+00:00,0.23301151991937102,-22.00681966208191
2021-03-09_2021-03-09 09:07:49-05:00,2021-03-09 14:07:49+00:00,0.2658649188759997,-22.00681966208191
2021-03-09_2021-03-09 09:08:00-05:00,2021-03-09 14:08:00+00:00,0.2679915942223372,-22.00681966208191
2021-03-09_2021-03-09 09:08:16-05:00,2021-03-09 14:08:16+00:00,0.2658649188759997,-22.00681966208191
2021-03-09_2021-03-09 09:08:38-05:00,2021-03-09 14:08:38+00:00,0.023410894604734663,-22.00681966208191
2021-03-09_2021-03-09 09:08:48-05:00,2021-03-09 14:08:48+00:00,0.23688046419131256,-22.00681966208191
2021-03-09_2021-03-09 09:09:02-05:00,2021-03-09 14:09:02+00:00,0.23688046419131256,-22.00681966208191
2021-03-09_2021-03-09 09:09:04-05:00,2021-03-09 14:09:04+00:00,0.2658649188759997,-22.00681966208191
2021-03-09_2021-03-09 09:09:06-05:00,2021-03-09 14:09:06+00:00,0.2658649188759997,-22.00681966208191
2021-03-09_2021-03-09 09:09:12-05:00,2021-03-09 14:09:12+00:00,0.23688046419131256,-22.00681966208191
2021-03-09_2021-03-09 09:09:18-05:00,2021-03-09 14:09:18+00:00,0.23301108645915153,-22.00681966208191
2021-03-09_2021-03-09 09:09:24-05:00,2021-03-09 14:09:24+00:00,0.2679915942223372,-22.00681966208191
2021-03-10_2021-03-10 08:00:00-05:00,2021-03-10 13:00:00+00:00,0.12100044076251404,-17.890625000000004
2021-03-10_2021-03-10 08:56:42-05:00,2021-03-10 13:56:42+00:00,0.010050947112897017,-17.890625000000004
2021-03-10_2021-03-10 08:56:44-05:00,2021-03-10 13:56:44+00:00,0.13415269099461502,-17.890625000000004
2021-03-10_2021-03-10 08:56:47-05:00,2021-03-10 13:56:47+00:00,0.011073316828135981,-17.890625000000004
2021-03-10_2021-03-10 08:57:22-05:00,2021-03-10 13:57:22+00:00,0.011073316828135981,-17.890625000000004
2021-03-10_2021-03-10 08:57:35-05:00,2021-03-10 13:57:35+00:00,0.13269915186460557,-17.890625000000004
2021-03-10_2021-03-10 08:57:50-05:00,2021-03-10 13:57:50+00:00,0.12972570011557524,-17.890625000000004
2021-03-10_2021-03-10 08:57:52-05:00,2021-03-10 13:57:52+00:00,0.1209994890465648,-17.890625000000004
2021-03-10_2021-03-10 08:58:00-05:00,2021-03-10 13:58:00+00:00,0.011073316828135981,-17.890625000000004
2021-03-10_2021-03-10 08:58:59-05:00,2021-03-10 13:58:59+00:00,0.13269915186460557,-17.890625000000004
2021-03-10_2021-03-10 08:59:02-05:00,2021-03-10 13:59:02+00:00,0.1209994890465648,-17.890625000000004
2021-03-10_2021-03-10 08:59:10-05:00,2021-03-10 13:59:10+00:00,0.1326996267072529,-17.890625000000004
2021-03-10_2021-03-10 09:00:15-05:00,2021-03-10 14:00:15+00:00,0.011073316828135981,-17.890625000000004
2021-03-10_2021-03-10 09:18:46-05:00,2021-03-10 14:18:46+00:00,0.13415331669429678,-17.890625000000004
2021-03-10_2021-03-10 09:18:56-05:00,2021-03-10 14:18:56+00:00,0.1326996267072529,-17.890625000000004
2021-03-10_2021-03-10 09:19:05-05:00,2021-03-10 14:19:05+00:00,0.1326996267072529,-17.890625000000004
2021-03-10_2021-03-10 09:19:35-05:00,2021-03-10 14:19:35+00:00,0.1326996267072529,-17.890625000000004
2021-03-10_2021-03-10 09:19:38-05:00,2021-03-10 14:19:38+00:00,0.011073316828135981,-17.890625000000004
2021-03-10_2021-03-10 09:19:51-05:00,2021-03-10 14:19:51+00:00,0.13415331669429678,-17.890625000000004
2021-03-10_2021-03-10 09:20:08-05:00,2021-03-10 14:20:08+00:00,0.12100018594877932,-17.890625000000004
2021-03-10_2021-03-10 09:20:25-05:00,2021-03-10 14:20:25+00:00,0.12100018594877932,-17.890625000000004
2021-03-11_2021-03-11 08:00:01-05:00,2021-03-11 13:00:01+00:00,0.0229008679644356,-15.480769230769232
2021-03-11_2021-03-11 09:03:46-05:00,2021-03-11 14:03:46+00:00,0.019580514828283598,-15.480769230769232
2021-03-11_2021-03-11 09:04:56-05:00,2021-03-11 14:04:56+00:00,0.037966247271475996,-15.480769230769232
2021-03-11_2021-03-11 09:05:03-05:00,2021-03-11 14:05:03+00:00,0.03431120320504776,-15.480769230769232
2021-03-11_2021-03-11 09:05:21-05:00,2021-03-11 14:05:21+00:00,0.019580514828283598,-15.480769230769232
2021-03-11_2021-03-11 09:23:52-05:00,2021-03-11 14:23:52+00:00,0.03796632894628042,-15.480769230769232
2021-03-11_2021-03-11 09:26:42-05:00,2021-03-11 14:26:42+00:00,0.022900823433508816,-15.480769230769232
2021-03-12_2021-03-12 08:00:03-05:00,2021-03-12 13:00:03+00:00,0.009120809821769518,-21.20103073533256
2021-03-15_2021-03-15 08:00:00-04:00,2021-03-15 12:00:00+00:00,0.003977819399067486,-1.8013856812933104
2021-03-15_2021-03-15 08:00:36-04:00,2021-03-15 12:00:36+00:00,0.004323862574532387,-1.8013856812933104
2021-03-15_2021-03-15 08:00:40-04:00,2021-03-15 12:00:40+00:00,0.0028488970369072897,-1.8013856812933104
2021-03-15_2021-03-15 08:01:14-04:00,2021-03-15 12:01:14+00:00,0.007600905337588985,-1.8013856812933104
2021-03-15_2021-03-15 08:01:19-04:00,2021-03-15 12:01:19+00:00,0.002257709019925813,-1.8013856812933104
2021-03-15_2021-03-15 08:01:22-04:00,2021-03-15 12:01:22+00:00,0.0022577007380245435,-1.8013856812933104
2021-03-15_2021-03-15 08:01:33-04:00,2021-03-15 12:01:33+00:00,0.007600905337588985,-1.8013856812933104
2021-03-15_2021-03-15 08:01:39-04:00,2021-03-15 12:01:39+00:00,0.007600905337588985,-1.8013856812933104
2021-03-15_2021-03-15 08:01:48-04:00,2021-03-15 12:01:48+00:00,0.007600904479268034,-1.8013856812933104
2021-03-15_2021-03-15 08:01:59-04:00,2021-03-15 12:01:59+00:00,0.006408502403562853,-1.8013856812933104
2021-03-15_2021-03-15 09:07:35-04:00,2021-03-15 13:07:35+00:00,0.004323862574532387,-1.8013856812933104
2021-03-15_2021-03-15 09:07:44-04:00,2021-03-15 13:07:44+00:00,0.00640851329131285,-1.8013856812933104
2021-03-15_2021-03-15 09:07:46-04:00,2021-03-15 13:07:46+00:00,0.0076009146726098735,-1.8013856812933104
2021-03-15_2021-03-15 09:07:49-04:00,2021-03-15 13:07:49+00:00,0.00640851329131285,-1.8013856812933104
2021-03-15_2021-03-15 09:07:51-04:00,2021-03-15 13:07:51+00:00,0.004029257859444265,-1.8013856812933104
2021-03-15_2021-03-15 09:10:26-04:00,2021-03-15 13:10:26+00:00,0.004323862574532387,-1.8013856812933104
2021-03-15_2021-03-15 09:10:56-04:00,2021-03-15 13:10:56+00:00,0.004323862574532387,-1.8013856812933104
2021-03-15_2021-03-15 09:11:10-04:00,2021-03-15 13:11:10+00:00,0.006408484137549349,-1.8013856812933104
2021-03-15_2021-03-15 09:11:13-04:00,2021-03-15 13:11:13+00:00,0.004323862574532387,-1.8013856812933104
2021-03-15_2021-03-15 09:11:16-04:00,2021-03-15 13:11:16+00:00,0.0028489123394383497,-1.8013856812933104
2021-03-15_2021-03-15 09:11:23-04:00,2021-03-15 13:11:23+00:00,0.0028489123394383497,-1.8013856812933104
2021-03-15_2021-03-15 09:11:28-04:00,2021-03-15 13:11:28+00:00,0.0022577007380245435,-1.8013856812933104
2021-03-15_2021-03-15 09:13:33-04:00,2021-03-15 13:13:33+00:00,0.006408484137549349,-1.8013856812933104
2021-03-15_2021-03-15 09:13:35-04:00,2021-03-15 13:13:35+00:00,0.004323862574532387,-1.8013856812933104
2021-03-15_2021-03-15 09:13:37-04:00,2021-03-15 13:13:37+00:00,0.0028489123394383497,-1.8013856812933104
2021-03-15_2021-03-15 09:13:40-04:00,2021-03-15 13:13:40+00:00,0.004323862574532387,-1.8013856812933104
2021-03-15_2021-03-15 09:13:45-04:00,2021-03-15 13:13:45+00:00,0.0028489123394383497,-1.8013856812933104
2021-03-15_2021-03-15 09:13:52-04:00,2021-03-15 13:13:52+00:00,0.0076009146726098735,-1.8013856812933104
2021-03-15_2021-03-15 09:14:01-04:00,2021-03-15 13:14:01+00:00,0.0028489123394383497,-1.8013856812933104
2021-03-15_2021-03-15 09:14:03-04:00,2021-03-15 13:14:03+00:00,0.00640851329131285,-1.8013856812933104
2021-03-15_2021-03-15 09:14:09-04:00,2021-03-15 13:14:09+00:00,0.00640851329131285,-1.8013856812933104
2021-03-15_2021-03-15 09:14:11-04:00,2021-03-15 13:14:11+00:00,0.007600883550970106,-1.8013856812933104
2021-03-15_2021-03-15 09:14:13-04:00,2021-03-15 13:14:13+00:00,0.00225771549795387,-1.8013856812933104
2021-03-15_2021-03-15 09:14:17-04:00,2021-03-15 13:14:17+00:00,0.0022577007380245435,-1.8013856812933104
2021-03-15_2021-03-15 09:14:23-04:00,2021-03-15 13:14:23+00:00,0.002257709019925813,-1.8013856812933104
2021-03-15_2021-03-15 09:14:26-04:00,2021-03-15 13:14:26+00:00,0.0076009146726098735,-1.8013856812933104
2021-03-15_2021-03-15 09:14:28-04:00,2021-03-15 13:14:28+00:00,0.0076009146726098735,-1.8013856812933104
2021-03-15_2021-03-15 09:14:33-04:00,2021-03-15 13:14:33+00:00,0.006408484137549349,-1.8013856812933104
2021-03-15_2021-03-15 09:14:37-04:00,2021-03-15 13:14:37+00:00,0.007600883550970106,-1.8013856812933104
2021-03-15_2021-03-15 09:14:39-04:00,2021-03-15 13:14:39+00:00,0.0028489123394383497,-1.8013856812933104
2021-03-15_2021-03-15 09:14:42-04:00,2021-03-15 13:14:42+00:00,0.0028489123394383497,-1.8013856812933104
2021-03-15_2021-03-15 09:14:47-04:00,2021-03-15 13:14:47+00:00,0.00225771549795387,-1.8013856812933104
2021-03-15_2021-03-15 09:14:49-04:00,2021-03-15 13:14:49+00:00,0.004323862574532387,-1.8013856812933104
2021-03-15_2021-03-15 09:15:06-04:00,2021-03-15 13:15:06+00:00,0.003922180401812756,-1.8013856812933104
2021-03-15_2021-03-15 09:15:08-04:00,2021-03-15 13:15:08+00:00,0.00225771549795387,-1.8013856812933104
2021-03-15_2021-03-15 09:15:11-04:00,2021-03-15 13:15:11+00:00,0.00640851329131285,-1.8013856812933104
2021-03-15_2021-03-15 09:15:18-04:00,2021-03-15 13:15:18+00:00,0.006408484137549349,-1.8013856812933104
2021-03-15_2021-03-15 09:15:21-04:00,2021-03-15 13:15:21+00:00,0.0076009146726098735,-1.8013856812933104
2021-03-15_2021-03-15 09:15:26-04:00,2021-03-15 13:15:26+00:00,0.00640851329131285,-1.8013856812933104
2021-03-15_2021-03-15 09:15:35-04:00,2021-03-15 13:15:35+00:00,0.00640851329131285,-1.8013856812933104
2021-03-15_2021-03-15 09:15:40-04:00,2021-03-15 13:15:40+00:00,0.00640851329131285,-1.8013856812933104
2021-03-15_2021-03-15 09:15:45-04:00,2021-03-15 13:15:45+00:00,0.00225771549795387,-1.8013856812933104
2021-03-15_2021-03-15 09:15:47-04:00,2021-03-15 13:15:47+00:00,0.006408484137549349,-1.8013856812933104
2021-03-15_2021-03-15 09:15:52-04:00,2021-03-15 13:15:52+00:00,0.0028488970369072897,-1.8013856812933104
2021-03-15_2021-03-15 09:15:54-04:00,2021-03-15 13:15:54+00:00,0.006408484137549349,-1.8013856812933104
2021-03-15_2021-03-15 09:15:57-04:00,2021-03-15 13:15:57+00:00,0.003922180401812756,-1.8013856812933104
2021-03-15_2021-03-15 09:19:14-04:00,2021-03-15 13:19:14+00:00,0.0076009146726098735,-1.8013856812933104
2021-03-15_2021-03-15 09:19:22-04:00,2021-03-15 13:19:22+00:00,0.004323862574532387,-1.8013856812933104
2021-03-15_2021-03-15 09:19:24-04:00,2021-03-15 13:19:24+00:00,0.003977819399067486,-1.8013856812933104
2021-03-15_2021-03-15 09:19:30-04:00,2021-03-15 13:19:30+00:00,0.0022577007380245435,-1.8013856812933104
2021-03-15_2021-03-15 09:19:32-04:00,2021-03-15 13:19:32+00:00,0.003922180401812756,-1.8013856812933104
2021-03-15_2021-03-15 09:19:36-04:00,2021-03-15 13:19:36+00:00,0.0028489123394383497,-1.8013856812933104
2021-03-15_2021-03-15 09:19:44-04:00,2021-03-15 13:19:44+00:00,0.00225771549795387,-1.8013856812933104
2021-03-15_2021-03-15 09:20:11-04:00,2021-03-15 13:20:11+00:00,0.00640851329131285,-1.8013856812933104
2021-03-15_2021-03-15 09:20:29-04:00,2021-03-15 13:20:29+00:00,0.004323862574532387,-1.8013856812933104
2021-03-15_2021-03-15 09:20:38-04:00,2021-03-15 13:20:38+00:00,0.00640851329131285,-1.8013856812933104
2021-03-15_2021-03-15 09:21:24-04:00,2021-03-15 13:21:24+00:00,0.0028489123394383497,-1.8013856812933104
2021-03-15_2021-03-15 09:21:28-04:00,2021-03-15 13:21:28+00:00,0.003922180401812756,-1.8013856812933104
2021-03-15_2021-03-15 09:21:32-04:00,2021-03-15 13:21:32+00:00,0.0076009146726098735,-1.8013856812933104
2021-03-15_2021-03-15 09:21:47-04:00,2021-03-15 13:21:47+00:00,0.0076009146726098735,-1.8013856812933104
2021-03-15_2021-03-15 09:21:55-04:00,2021-03-15 13:21:55+00:00,0.0076009146726098735,-1.8013856812933104
2021-03-15_2021-03-15 09:22:30-04:00,2021-03-15 13:22:30+00:00,0.0028489123394383497,-1.8013856812933104
2021-03-15_2021-03-15 09:23:40-04:00,2021-03-15 13:23:40+00:00,0.0028489123394383497,-1.8013856812933104
2021-03-15_2021-03-15 09:25:41-04:00,2021-03-15 13:25:41+00:00,0.0022577007380245435,-1.8013856812933104
2021-03-15_2021-03-15 09:25:44-04:00,2021-03-15 13:25:44+00:00,0.002848913812590506,-1.8013856812933104
2021-03-15_2021-03-15 09:28:00-04:00,2021-03-15 13:28:00+00:00,0.004323862574532387,-1.8013856812933104
2021-03-15_2021-03-15 09:28:17-04:00,2021-03-15 13:28:17+00:00,0.0028489123394383497,-1.8013856812933104
2021-03-15_2021-03-15 09:28:23-04:00,2021-03-15 13:28:23+00:00,0.0039175282790867,-1.8013856812933104
2021-03-15_2021-03-15 09:28:29-04:00,2021-03-15 13:28:29+00:00,0.0076009146726098735,-1.8013856812933104
2021-03-15_2021-03-15 09:28:32-04:00,2021-03-15 13:28:32+00:00,0.0028488970369072897,-1.8013856812933104
2021-03-15_2021-03-15 09:33:39-04:00,2021-03-15 13:33:39+00:00,0.007600944593908073,-1.8013856812933104
2021-03-15_2021-03-15 09:36:12-04:00,2021-03-15 13:36:12+00:00,0.004029257859444265,-1.8013856812933104
2021-03-15_2021-03-15 09:36:51-04:00,2021-03-15 13:36:51+00:00,0.004029257859444265,-1.8013856812933104
2021-03-15_2021-03-15 09:38:51-04:00,2021-03-15 13:38:51+00:00,0.00640851329131285,-1.8013856812933104
2021-03-15_2021-03-15 09:40:10-04:00,2021-03-15 13:40:10+00:00,0.00640851329131285,-1.8013856812933104
2021-03-15_2021-03-15 09:41:08-04:00,2021-03-15 13:41:08+00:00,0.004029257859444265,-1.8013856812933104
2021-03-15_2021-03-15 09:42:11-04:00,2021-03-15 13:42:11+00:00,0.0076009146726098735,-1.8013856812933104
2021-03-15_2021-03-15 09:59:45-04:00,2021-03-15 13:59:45+00:00,0.00225771549795387,-1.8013856812933104
2021-03-16_2021-03-16 08:00:02-04:00,2021-03-16 12:00:02+00:00,0.7244649433973539,1.3930348258706535
2021-03-16_2021-03-16 08:30:33-04:00,2021-03-16 12:30:33+00:00,0.7217853950548846,1.3930348258706535
2021-03-16_2021-03-16 08:30:38-04:00,2021-03-16 12:30:38+00:00,0.6911001903682428,1.3930348258706535
2021-03-16_2021-03-16 08:31:02-04:00,2021-03-16 12:31:02+00:00,0.7116010283499064,1.3930348258706535
2021-03-16_2021-03-16 08:38:53-04:00,2021-03-16 12:38:53+00:00,0.689540445231245,1.3930348258706535
2021-03-16_2021-03-16 08:38:55-04:00,2021-03-16 12:38:55+00:00,0.7217840792643799,1.3930348258706535
2021-03-16_2021-03-16 08:39:00-04:00,2021-03-16 12:39:00+00:00,0.6895414253864605,1.3930348258706535
2021-03-16_2021-03-16 08:39:24-04:00,2021-03-16 12:39:24+00:00,0.7217848175653133,1.3930348258706535
2021-03-16_2021-03-16 08:41:39-04:00,2021-03-16 12:41:39+00:00,0.6962470357402853,1.3930348258706535
2021-03-16_2021-03-16 09:11:30-04:00,2021-03-16 13:11:30+00:00,0.7116010283499064,1.3930348258706535
2021-03-16_2021-03-16 09:12:12-04:00,2021-03-16 13:12:12+00:00,0.7116010283499064,1.3930348258706535
2021-03-16_2021-03-16 09:12:14-04:00,2021-03-16 13:12:14+00:00,0.689540445231245,1.3930348258706535
2021-03-16_2021-03-16 09:12:21-04:00,2021-03-16 13:12:21+00:00,0.6968431050962658,1.3930348258706535
2021-03-16_2021-03-16 09:18:55-04:00,2021-03-16 13:18:55+00:00,0.7116010283499064,1.3930348258706535
2021-03-16_2021-03-16 09:19:02-04:00,2021-03-16 13:19:02+00:00,0.7244636734474418,1.3930348258706535
2021-03-16_2021-03-16 09:19:08-04:00,2021-03-16 13:19:08+00:00,0.7217853950548846,1.3930348258706535
2021-03-16_2021-03-16 09:19:12-04:00,2021-03-16 13:19:12+00:00,0.7703323247732099,1.3930348258706535
2021-03-16_2021-03-16 09:19:16-04:00,2021-03-16 13:19:16+00:00,0.7217853950548846,1.3930348258706535
2021-03-16_2021-03-16 09:19:18-04:00,2021-03-16 13:19:18+00:00,0.7217853950548846,1.3930348258706535
2021-03-16_2021-03-16 09:19:24-04:00,2021-03-16 13:19:24+00:00,0.7703323247732099,1.3930348258706535
2021-03-16_2021-03-16 09:19:28-04:00,2021-03-16 13:19:28+00:00,0.7217853950548846,1.3930348258706535
2021-03-16_2021-03-16 09:19:32-04:00,2021-03-16 13:19:32+00:00,0.7244644970282481,1.3930348258706535
2021-03-16_2021-03-16 09:19:34-04:00,2021-03-16 13:19:34+00:00,0.6911001903682428,1.3930348258706535
2021-03-16_2021-03-16 09:19:36-04:00,2021-03-16 13:19:36+00:00,0.6895422621552877,1.3930348258706535
2021-03-16_2021-03-16 09:38:21-04:00,2021-03-16 13:38:21+00:00,0.7703323247732099,1.3930348258706535
2021-03-16_2021-03-16 09:38:30-04:00,2021-03-16 13:38:30+00:00,0.7217853950548846,1.3930348258706535
2021-03-16_2021-03-16 09:39:00-04:00,2021-03-16 13:39:00+00:00,0.7217853950548846,1.3930348258706535
2021-03-16_2021-03-16 09:40:35-04:00,2021-03-16 13:40:35+00:00,0.7244644970282481,1.3930348258706535
2021-03-16_2021-03-16 09:41:15-04:00,2021-03-16 13:41:15+00:00,0.6895414253864605,1.3930348258706535
2021-03-16_2021-03-16 09:48:39-04:00,2021-03-16 13:48:39+00:00,0.7244652888394779,1.3930348258706535
2021-03-16_2021-03-16 09:50:57-04:00,2021-03-16 13:50:57+00:00,0.7703323247732099,1.3930348258706535
2021-03-16_2021-03-16 09:51:05-04:00,2021-03-16 13:51:05+00:00,0.7703326768596819,1.3930348258706535
2021-03-16_2021-03-16 09:54:20-04:00,2021-03-16 13:54:20+00:00,0.7116010283499064,1.3930348258706535
2021-03-16_2021-03-16 09:54:37-04:00,2021-03-16 13:54:37+00:00,0.7217853950548846,1.3930348258706535
2021-03-16_2021-03-16 09:54:42-04:00,2021-03-16 13:54:42+00:00,0.7116010283499064,1.3930348258706535
2021-03-16_2021-03-16 09:58:44-04:00,2021-03-16 13:58:44+00:00,0.6895414253864605,1.3930348258706535
2021-03-16_2021-03-16 10:00:18-04:00,2021-03-16 14:00:18+00:00,0.7217853950548846,1.3930348258706535
2021-03-16_2021-03-16 10:01:25-04:00,2021-03-16 14:01:25+00:00,0.7244652888394779,1.3930348258706535
2021-03-17_2021-03-17 09:32:06-04:00,2021-03-17 13:32:06+00:00,0.017232069955725116,-5.689826420091759
2021-03-17_2021-03-17 09:32:42-04:00,2021-03-17 13:32:42+00:00,0.006586624787969815,-5.689826420091759
2021-03-17_2021-03-17 09:36:16-04:00,2021-03-17 13:36:16+00:00,0.02335636180708709,-5.689826420091759
2021-03-17_2021-03-17 09:36:27-04:00,2021-03-17 13:36:27+00:00,0.01723202888132678,-5.689826420091759
2021-03-17_2021-03-17 09:41:15-04:00,2021-03-17 13:41:15+00:00,0.017232069955725116,-5.689826420091759
2021-03-17_2021-03-17 09:41:54-04:00,2021-03-17 13:41:54+00:00,0.006138798182403556,-5.689826420091759
2021-03-17_2021-03-17 09:42:58-04:00,2021-03-17 13:42:58+00:00,0.008640214488418252,-5.689826420091759
2021-03-17_2021-03-17 09:43:53-04:00,2021-03-17 13:43:53+00:00,0.00864020105398071,-5.689826420091759
2021-03-17_2021-03-17 09:45:01-04:00,2021-03-17 13:45:01+00:00,0.008640221575205794,-5.689826420091759
2021-03-17_2021-03-17 09:51:02-04:00,2021-03-17 13:51:02+00:00,0.017232069955725116,-5.689826420091759
2021-03-17_2021-03-17 09:52:05-04:00,2021-03-17 13:52:05+00:00,0.01723202888132678,-5.689826420091759
2021-03-17_2021-03-17 09:52:15-04:00,2021-03-17 13:52:15+00:00,0.01723202888132678,-5.689826420091759
2021-03-17_2021-03-17 09:52:22-04:00,2021-03-17 13:52:22+00:00,0.006586624787969815,-5.689826420091759
2021-03-17_2021-03-17 09:52:52-04:00,2021-03-17 13:52:52+00:00,0.01723202888132678,-5.689826420091759
2021-03-17_2021-03-17 09:53:24-04:00,2021-03-17 13:53:24+00:00,0.023356412815458267,-5.689826420091759
2021-03-17_2021-03-17 09:54:44-04:00,2021-03-17 13:54:44+00:00,0.02335636180708709,-5.689826420091759
2021-03-17_2021-03-17 09:55:00-04:00,2021-03-17 13:55:00+00:00,0.00864020105398071,-5.689826420091759
2021-03-17_2021-03-17 09:55:03-04:00,2021-03-17 13:55:03+00:00,0.006453168139448776,-5.689826420091759
2021-03-17_2021-03-17 09:55:07-04:00,2021-03-17 13:55:07+00:00,0.006586624787969815,-5.689826420091759
2021-03-17_2021-03-17 09:55:35-04:00,2021-03-17 13:55:35+00:00,0.006586624787969815,-5.689826420091759
2021-03-17_2021-03-17 09:55:45-04:00,2021-03-17 13:55:45+00:00,0.006453168139448776,-5.689826420091759
2021-03-17_2021-03-17 09:55:52-04:00,2021-03-17 13:55:52+00:00,0.006453168139448776,-5.689826420091759
2021-03-17_2021-03-17 09:56:09-04:00,2021-03-17 13:56:09+00:00,0.006453168139448776,-5.689826420091759
2021-03-17_2021-03-17 09:56:16-04:00,2021-03-17 13:56:16+00:00,0.01723202888132678,-5.689826420091759
2021-03-17_2021-03-17 09:56:20-04:00,2021-03-17 13:56:20+00:00,0.006138798182403556,-5.689826420091759
2021-03-18_2021-03-18 08:00:00-04:00,2021-03-18 12:00:00+00:00,0.748176529387063,-9.75124378109452
2021-03-18_2021-03-18 09:32:28-04:00,2021-03-18 13:32:28+00:00,0.7770698244192276,-9.75124378109452
2021-03-18_2021-03-18 09:36:53-04:00,2021-03-18 13:36:53+00:00,0.7892866927542019,-9.75124378109452
2021-03-18_2021-03-18 09:38:03-04:00,2021-03-18 13:38:03+00:00,0.8309450194562704,-9.75124378109452
2021-03-18_2021-03-18 09:40:40-04:00,2021-03-18 13:40:40+00:00,0.8309447991309115,-9.75124378109452
2021-03-18_2021-03-18 09:40:51-04:00,2021-03-18 13:40:51+00:00,0.7604951368575327,-9.75124378109452
2021-03-18_2021-03-18 09:44:11-04:00,2021-03-18 13:44:11+00:00,0.7892863208537566,-9.75124378109452
2021-03-18_2021-03-18 09:44:38-04:00,2021-03-18 13:44:38+00:00,0.7892863208537566,-9.75124378109452
2021-03-18_2021-03-18 09:44:46-04:00,2021-03-18 13:44:46+00:00,0.7604951368575327,-9.75124378109452
2021-03-18_2021-03-18 09:45:28-04:00,2021-03-18 13:45:28+00:00,0.8309447991309115,-9.75124378109452
2021-03-18_2021-03-18 10:23:14-04:00,2021-03-18 14:23:14+00:00,0.7770697345861238,-9.75124378109452
2021-03-18_2021-03-18 10:23:22-04:00,2021-03-18 14:23:22+00:00,0.8309450194562704,-9.75124378109452
2021-03-18_2021-03-18 10:25:20-04:00,2021-03-18 14:25:20+00:00,0.7892863208537566,-9.75124378109452
2021-03-18_2021-03-18 10:25:24-04:00,2021-03-18 14:25:24+00:00,0.8309447991309115,-9.75124378109452
2021-03-18_2021-03-18 10:26:15-04:00,2021-03-18 14:26:15+00:00,0.8309447991309115,-9.75124378109452
2021-03-18_2021-03-18 10:26:37-04:00,2021-03-18 14:26:37+00:00,0.7604951368575327,-9.75124378109452
2021-03-18_2021-03-18 10:26:56-04:00,2021-03-18 14:26:56+00:00,0.7770688014305518,-9.75124378109452
2021-03-18_2021-03-18 10:26:58-04:00,2021-03-18 14:26:58+00:00,0.7770697345861238,-9.75124378109452
2021-03-18_2021-03-18 10:27:01-04:00,2021-03-18 14:27:01+00:00,0.7604951368575327,-9.75124378109452
2021-03-18_2021-03-18 10:27:23-04:00,2021-03-18 14:27:23+00:00,0.7892863208537566,-9.75124378109452
2021-03-18_2021-03-18 10:27:30-04:00,2021-03-18 14:27:30+00:00,0.7422108293691202,-9.75124378109452
2021-03-18_2021-03-18 10:28:04-04:00,2021-03-18 14:28:04+00:00,0.7770697345861238,-9.75124378109452
2021-03-19_2021-03-19 08:00:00-04:00,2021-03-19 12:00:00+00:00,0.8489325819071024,-0.0251256281407097
2021-03-19_2021-03-19 09:31:36-04:00,2021-03-19 13:31:36+00:00,0.9147447240114911,-0.0251256281407097
2021-03-19_2021-03-19 09:35:55-04:00,2021-03-19 13:35:55+00:00,0.9147445371717627,-0.0251256281407097
2021-03-19_2021-03-19 09:51:10-04:00,2021-03-19 13:51:10+00:00,0.8874906508694904,-0.0251256281407097
2021-03-19_2021-03-19 09:51:26-04:00,2021-03-19 13:51:26+00:00,0.9147445371717627,-0.0251256281407097
2021-03-19_2021-03-19 09:51:29-04:00,2021-03-19 13:51:29+00:00,0.8291330409233948,-0.0251256281407097
2021-03-19_2021-03-19 09:51:43-04:00,2021-03-19 13:51:43+00:00,0.9147445371717627,-0.0251256281407097
2021-03-22_2021-03-22 09:07:01-04:00,2021-03-22 13:07:01+00:00,0.5136099286627821,-2.046482928835869
2021-03-22_2021-03-22 09:07:04-04:00,2021-03-22 13:07:04+00:00,0.5136090178190656,-2.046482928835869
2021-03-22_2021-03-22 09:07:09-04:00,2021-03-22 13:07:09+00:00,0.37738859214086073,-2.046482928835869
2021-03-22_2021-03-22 09:07:14-04:00,2021-03-22 13:07:14+00:00,0.4207224907352467,-2.046482928835869
2021-03-22_2021-03-22 09:07:26-04:00,2021-03-22 13:07:26+00:00,0.37738985784006546,-2.046482928835869
2021-03-22_2021-03-22 09:07:37-04:00,2021-03-22 13:07:37+00:00,0.4702415378561458,-2.046482928835869
2021-03-22_2021-03-22 09:10:50-04:00,2021-03-22 13:10:50+00:00,0.47024098080055676,-2.046482928835869
2021-03-22_2021-03-22 09:12:08-04:00,2021-03-22 13:12:08+00:00,0.5530270463492343,-2.046482928835869
2021-03-22_2021-03-22 09:12:25-04:00,2021-03-22 13:12:25+00:00,0.47024098080055676,-2.046482928835869
2021-03-22_2021-03-22 09:13:33-04:00,2021-03-22 13:13:33+00:00,0.5136106546967113,-2.046482928835869
2021-03-22_2021-03-22 09:14:07-04:00,2021-03-22 13:14:07+00:00,0.4207213748675779,-2.046482928835869
2021-03-22_2021-03-22 09:14:17-04:00,2021-03-22 13:14:17+00:00,0.3773893018243778,-2.046482928835869
2021-03-22_2021-03-22 09:14:20-04:00,2021-03-22 13:14:20+00:00,0.5136099286627821,-2.046482928835869
2021-03-22_2021-03-22 09:14:25-04:00,2021-03-22 13:14:25+00:00,0.5136099286627821,-2.046482928835869
2021-03-22_2021-03-22 09:14:40-04:00,2021-03-22 13:14:40+00:00,0.420723443365399,-2.046482928835869
2021-03-22_2021-03-22 09:35:02-04:00,2021-03-22 13:35:02+00:00,0.5354519277650877,-2.046482928835869
2021-03-22_2021-03-22 09:37:37-04:00,2021-03-22 13:37:37+00:00,0.5354519277650877,-2.046482928835869
2021-03-22_2021-03-22 09:38:38-04:00,2021-03-22 13:38:38+00:00,0.5530270463492343,-2.046482928835869
2021-03-22_2021-03-22 09:39:37-04:00,2021-03-22 13:39:37+00:00,0.37738985784006546,-2.046482928835869
2021-03-22_2021-03-22 09:39:51-04:00,2021-03-22 13:39:51+00:00,0.5136106546967113,-2.046482928835869
2021-03-22_2021-03-22 09:39:58-04:00,2021-03-22 13:39:58+00:00,0.5530270463492343,-2.046482928835869
2021-03-22_2021-03-22 09:40:11-04:00,2021-03-22 13:40:11+00:00,0.5136106546967113,-2.046482928835869
2021-03-22_2021-03-22 09:41:20-04:00,2021-03-22 13:41:20+00:00,0.5530270463492343,-2.046482928835869
2021-03-22_2021-03-22 09:41:27-04:00,2021-03-22 13:41:27+00:00,0.37738997968679683,-2.046482928835869
2021-03-22_2021-03-22 09:44:19-04:00,2021-03-22 13:44:19+00:00,0.4702415378561458,-2.046482928835869
2021-03-22_2021-03-22 09:49:03-04:00,2021-03-22 13:49:03+00:00,0.47024098080055676,-2.046482928835869
2021-03-23_2021-03-23 08:00:01-04:00,2021-03-23 12:00:01+00:00,0.3490075763139276,31.35103551256249
2021-03-23_2021-03-23 10:08:18-04:00,2021-03-23 14:08:18+00:00,0.4204966554706656,31.35103551256249
2021-03-24_2021-03-24 08:00:00-04:00,2021-03-24 12:00:00+00:00,0.25748714046609916,52.97297297297297
2021-03-24_2021-03-24 08:53:46-04:00,2021-03-24 12:53:46+00:00,0.25748742180143813,52.97297297297297
2021-03-24_2021-03-24 10:04:49-04:00,2021-03-24 14:04:49+00:00,0.3243443247328738,52.97297297297297
2021-03-24_2021-03-24 10:06:45-04:00,2021-03-24 14:06:45+00:00,0.3243443247328738,52.97297297297297
2021-03-25_2021-03-25 10:00:01-04:00,2021-03-25 14:00:01+00:00,0.509187165678571,5.895821408128232
2021-03-25_2021-03-25 10:01:49-04:00,2021-03-25 14:01:49+00:00,0.6285576832545978,5.895821408128232
2021-03-25_2021-03-25 10:01:59-04:00,2021-03-25 14:01:59+00:00,0.14503993035784546,5.895821408128232
2021-03-25_2021-03-25 10:16:33-04:00,2021-03-25 14:16:33+00:00,0.6285576832545978,5.895821408128232
2021-03-25_2021-03-25 10:16:37-04:00,2021-03-25 14:16:37+00:00,0.6285576832545978,5.895821408128232
2021-03-25_2021-03-25 10:20:31-04:00,2021-03-25 14:20:31+00:00,0.6285576832545978,5.895821408128232
2021-03-25_2021-03-25 10:21:00-04:00,2021-03-25 14:21:00+00:00,0.6285576832545978,5.895821408128232
2021-03-25_2021-03-25 10:21:06-04:00,2021-03-25 14:21:06+00:00,0.5351654080445424,5.895821408128232
2021-03-25_2021-03-25 10:21:34-04:00,2021-03-25 14:21:34+00:00,0.15441787440352311,5.895821408128232
2021-03-25_2021-03-25 10:24:58-04:00,2021-03-25 14:24:58+00:00,0.49944628357024995,5.895821408128232
2021-03-26_2021-03-26 09:49:30-04:00,2021-03-26 13:49:30+00:00,0.33243553260260933,14.845938375350132
2021-03-26_2021-03-26 09:49:32-04:00,2021-03-26 13:49:32+00:00,0.38289265732715116,14.845938375350132
2021-03-26_2021-03-26 09:54:22-04:00,2021-03-26 13:54:22+00:00,0.26181608045336974,14.845938375350132
2021-03-26_2021-03-26 09:54:26-04:00,2021-03-26 13:54:26+00:00,0.332435647684802,14.845938375350132
2021-03-26_2021-03-26 09:55:17-04:00,2021-03-26 13:55:17+00:00,0.33243597424664734,14.845938375350132
2021-03-26_2021-03-26 09:57:30-04:00,2021-03-26 13:57:30+00:00,0.43222437815265796,14.845938375350132
2021-03-26_2021-03-26 10:04:01-04:00,2021-03-26 14:04:01+00:00,0.33243553260260933,14.845938375350132
2021-03-26_2021-03-26 10:04:16-04:00,2021-03-26 14:04:16+00:00,0.33243597424664734,14.845938375350132
2021-03-26_2021-03-26 10:19:16-04:00,2021-03-26 14:19:16+00:00,0.33243553260260933,14.845938375350132
2021-03-26_2021-03-26 10:19:28-04:00,2021-03-26 14:19:28+00:00,0.43222468185586627,14.845938375350132
2021-03-26_2021-03-26 10:19:34-04:00,2021-03-26 14:19:34+00:00,0.26181608045336974,14.845938375350132
2021-03-26_2021-03-26 10:19:51-04:00,2021-03-26 14:19:51+00:00,0.26181608045336974,14.845938375350132
2021-03-26_2021-03-26 10:20:18-04:00,2021-03-26 14:20:18+00:00,0.33243553260260933,14.845938375350132
2021-03-26_2021-03-26 10:20:45-04:00,2021-03-26 14:20:45+00:00,0.33243553260260933,14.845938375350132
2021-03-26_2021-03-26 10:21:20-04:00,2021-03-26 14:21:20+00:00,0.3828917337368873,14.845938375350132
2021-03-26_2021-03-26 10:21:24-04:00,2021-03-26 14:21:24+00:00,0.3828917337368873,14.845938375350132
2021-03-26_2021-03-26 10:21:26-04:00,2021-03-26 14:21:26+00:00,0.26181608045336974,14.845938375350132
2021-03-26_2021-03-26 10:21:31-04:00,2021-03-26 14:21:31+00:00,0.33243597424664734,14.845938375350132
2021-03-29_2021-03-29 09:41:21-04:00,2021-03-29 13:41:21+00:00,0.40559670532436526,11.4251549081422
2021-03-29_2021-03-29 09:45:41-04:00,2021-03-29 13:45:41+00:00,0.3494208375801854,11.4251549081422
2021-03-29_2021-03-29 09:57:17-04:00,2021-03-29 13:57:17+00:00,0.39720346209308194,11.4251549081422
2021-03-29_2021-03-29 09:57:49-04:00,2021-03-29 13:57:49+00:00,0.2954156233245896,11.4251549081422
2021-03-29_2021-03-29 09:57:53-04:00,2021-03-29 13:57:53+00:00,0.2954156233245896,11.4251549081422
2021-03-29_2021-03-29 09:58:02-04:00,2021-03-29 13:58:02+00:00,0.40559690479045063,11.4251549081422
2021-03-29_2021-03-29 10:06:23-04:00,2021-03-29 14:06:23+00:00,0.39720292668694135,11.4251549081422
2021-03-30_2021-03-30 09:37:32-04:00,2021-03-30 13:37:32+00:00,0.24442966665565588,-1.538068472151244
2021-03-30_2021-03-30 09:37:38-04:00,2021-03-30 13:37:38+00:00,0.38307482947642685,-1.538068472151244
2021-03-30_2021-03-30 09:38:04-04:00,2021-03-30 13:38:04+00:00,0.33189024103628223,-1.538068472151244
2021-03-30_2021-03-30 09:47:15-04:00,2021-03-30 13:47:15+00:00,0.24442966665565588,-1.538068472151244
2021-03-30_2021-03-30 09:47:19-04:00,2021-03-30 13:47:19+00:00,0.38307482947642685,-1.538068472151244
2021-03-30_2021-03-30 09:47:22-04:00,2021-03-30 13:47:22+00:00,0.24442966665565588,-1.538068472151244
2021-03-30_2021-03-30 09:47:27-04:00,2021-03-30 13:47:27+00:00,0.2708701296491744,-1.538068472151244
2021-03-30_2021-03-30 09:47:33-04:00,2021-03-30 13:47:33+00:00,0.2708701296491744,-1.538068472151244
2021-03-31_2021-03-31 08:00:00-04:00,2021-03-31 12:00:00+00:00,0.29647260659310465,-0.7613546862693554
2021-03-31_2021-03-31 09:31:28-04:00,2021-03-31 13:31:28+00:00,0.2746165418424103,-0.7613546862693554
2021-03-31_2021-03-31 09:31:37-04:00,2021-03-31 13:31:37+00:00,0.1707027162920086,-0.7613546862693554
2021-03-31_2021-03-31 09:32:42-04:00,2021-03-31 13:32:42+00:00,0.315083683860208,-0.7613546862693554
2021-03-31_2021-03-31 09:34:27-04:00,2021-03-31 13:34:27+00:00,0.2746165418424103,-0.7613546862693554
2021-03-31_2021-03-31 09:34:38-04:00,2021-03-31 13:34:38+00:00,0.2964724340256415,-0.7613546862693554
2021-03-31_2021-03-31 09:36:07-04:00,2021-03-31 13:36:07+00:00,0.315083683860208,-0.7613546862693554
2021-03-31_2021-03-31 09:36:30-04:00,2021-03-31 13:36:30+00:00,0.315083683860208,-0.7613546862693554
2021-03-31_2021-03-31 09:37:15-04:00,2021-03-31 13:37:15+00:00,0.27461702498783763,-0.7613546862693554
2021-03-31_2021-03-31 09:39:01-04:00,2021-03-31 13:39:01+00:00,0.315083683860208,-0.7613546862693554
2021-03-31_2021-03-31 09:39:04-04:00,2021-03-31 13:39:04+00:00,0.1809695613263268,-0.7613546862693554
2021-03-31_2021-03-31 09:39:06-04:00,2021-03-31 13:39:06+00:00,0.29647210688891557,-0.7613546862693554
2021-03-31_2021-03-31 09:39:13-04:00,2021-03-31 13:39:13+00:00,0.315083683860208,-0.7613546862693554
2021-03-31_2021-03-31 09:39:37-04:00,2021-03-31 13:39:37+00:00,0.1707027162920086,-0.7613546862693554
2021-03-31_2021-03-31 09:41:17-04:00,2021-03-31 13:41:17+00:00,0.2746165418424103,-0.7613546862693554
2021-03-31_2021-03-31 09:41:56-04:00,2021-03-31 13:41:56+00:00,0.315083683860208,-0.7613546862693554
2021-03-31_2021-03-31 09:42:00-04:00,2021-03-31 13:42:00+00:00,0.21695576431565658,-0.7613546862693554
2021-03-31_2021-03-31 09:42:10-04:00,2021-03-31 13:42:10+00:00,0.315083683860208,-0.7613546862693554
2021-03-31_2021-03-31 09:47:41-04:00,2021-03-31 13:47:41+00:00,0.1809695613263268,-0.7613546862693554
2021-03-31_2021-03-31 09:47:51-04:00,2021-03-31 13:47:51+00:00,0.315083683860208,-0.7613546862693554
2021-04-01_2021-04-01 08:00:00-04:00,2021-04-01 12:00:00+00:00,0.23388272241260355,-0.5274151436031271
2021-04-01_2021-04-01 09:10:32-04:00,2021-04-01 13:10:32+00:00,0.1660725860385054,-0.5274151436031271
2021-04-01_2021-04-01 09:10:44-04:00,2021-04-01 13:10:44+00:00,0.20924864889571412,-0.5274151436031271
2021-04-01_2021-04-01 09:10:48-04:00,2021-04-01 13:10:48+00:00,0.16607210403866376,-0.5274151436031271
2021-04-01_2021-04-01 09:10:52-04:00,2021-04-01 13:10:52+00:00,0.23388158246629592,-0.5274151436031271
2021-04-01_2021-04-01 09:11:05-04:00,2021-04-01 13:11:05+00:00,0.09472644754116996,-0.5274151436031271
2021-04-01_2021-04-01 09:11:08-04:00,2021-04-01 13:11:08+00:00,0.1660725860385054,-0.5274151436031271
2021-04-01_2021-04-01 09:11:17-04:00,2021-04-01 13:11:17+00:00,0.2338820796021832,-0.5274151436031271
2021-04-01_2021-04-01 09:11:26-04:00,2021-04-01 13:11:26+00:00,0.16607252233527253,-0.5274151436031271
2021-04-01_2021-04-01 09:11:31-04:00,2021-04-01 13:11:31+00:00,0.19972923996423597,-0.5274151436031271
2021-04-01_2021-04-01 09:13:15-04:00,2021-04-01 13:13:15+00:00,0.09472644754116996,-0.5274151436031271
2021-04-01_2021-04-01 09:13:18-04:00,2021-04-01 13:13:18+00:00,0.23388232173708115,-0.5274151436031271
2021-04-01_2021-04-01 09:13:51-04:00,2021-04-01 13:13:51+00:00,0.23388232173708115,-0.5274151436031271
2021-04-01_2021-04-01 09:14:39-04:00,2021-04-01 13:14:39+00:00,0.19972865718528626,-0.5274151436031271
2021-04-01_2021-04-01 09:14:44-04:00,2021-04-01 13:14:44+00:00,0.23388232173708115,-0.5274151436031271
2021-04-01_2021-04-01 09:14:59-04:00,2021-04-01 13:14:59+00:00,0.09352066185643942,-0.5274151436031271
2021-04-01_2021-04-01 09:15:05-04:00,2021-04-01 13:15:05+00:00,0.19972924484053795,-0.5274151436031271
2021-04-01_2021-04-01 09:15:13-04:00,2021-04-01 13:15:13+00:00,0.23388158246629592,-0.5274151436031271
2021-04-01_2021-04-01 09:15:19-04:00,2021-04-01 13:15:19+00:00,0.09352066185643942,-0.5274151436031271
2021-04-01_2021-04-01 09:15:24-04:00,2021-04-01 13:15:24+00:00,0.19972924484053795,-0.5274151436031271
2021-04-01_2021-04-01 09:15:27-04:00,2021-04-01 13:15:27+00:00,0.16607252233527253,-0.5274151436031271
2021-04-01_2021-04-01 09:15:31-04:00,2021-04-01 13:15:31+00:00,0.1660725860385054,-0.5274151436031271
2021-04-01_2021-04-01 09:15:44-04:00,2021-04-01 13:15:44+00:00,0.16607210403866376,-0.5274151436031271
2021-04-01_2021-04-01 09:15:51-04:00,2021-04-01 13:15:51+00:00,0.19972865718528626,-0.5274151436031271
2021-04-01_2021-04-01 09:16:00-04:00,2021-04-01 13:16:00+00:00,0.2338820796021832,-0.5274151436031271
2021-04-01_2021-04-01 09:16:09-04:00,2021-04-01 13:16:09+00:00,0.20924864889571412,-0.5274151436031271
2021-04-01_2021-04-01 09:16:13-04:00,2021-04-01 13:16:13+00:00,0.20924815177912798,-0.5274151436031271
2021-04-01_2021-04-01 09:16:16-04:00,2021-04-01 13:16:16+00:00,0.1660728500584558,-0.5274151436031271
2021-04-01_2021-04-01 09:16:36-04:00,2021-04-01 13:16:36+00:00,0.2092489093667675,-0.5274151436031271
2021-04-01_2021-04-01 09:16:44-04:00,2021-04-01 13:16:44+00:00,0.19972865718528626,-0.5274151436031271
2021-04-01_2021-04-01 09:17:30-04:00,2021-04-01 13:17:30+00:00,0.1660728500584558,-0.5274151436031271
2021-04-01_2021-04-01 09:17:36-04:00,2021-04-01 13:17:36+00:00,0.16607210403866376,-0.5274151436031271
2021-04-01_2021-04-01 09:18:27-04:00,2021-04-01 13:18:27+00:00,0.19972865718528626,-0.5274151436031271
2021-04-01_2021-04-01 09:18:37-04:00,2021-04-01 13:18:37+00:00,0.16607210403866376,-0.5274151436031271
2021-04-01_2021-04-01 09:18:47-04:00,2021-04-01 13:18:47+00:00,0.09472644754116996,-0.5274151436031271
2021-04-01_2021-04-01 09:18:53-04:00,2021-04-01 13:18:53+00:00,0.19972970449854993,-0.5274151436031271
2021-04-01_2021-04-01 09:18:56-04:00,2021-04-01 13:18:56+00:00,0.09341970352884751,-0.5274151436031271
2021-04-01_2021-04-01 09:19:00-04:00,2021-04-01 13:19:00+00:00,0.09352066185643942,-0.5274151436031271
2021-04-01_2021-04-01 09:19:33-04:00,2021-04-01 13:19:33+00:00,0.20924815177912798,-0.5274151436031271
2021-04-01_2021-04-01 09:19:56-04:00,2021-04-01 13:19:56+00:00,0.23388158246629592,-0.5274151436031271
2021-04-01_2021-04-01 09:20:19-04:00,2021-04-01 13:20:19+00:00,0.23388209999093487,-0.5274151436031271
2021-04-01_2021-04-01 09:20:27-04:00,2021-04-01 13:20:27+00:00,0.09472644754116996,-0.5274151436031271
2021-04-01_2021-04-01 09:20:44-04:00,2021-04-01 13:20:44+00:00,0.2338820796021832,-0.5274151436031271
2021-04-01_2021-04-01 09:20:52-04:00,2021-04-01 13:20:52+00:00,0.16607210403866376,-0.5274151436031271
2021-04-01_2021-04-01 09:21:23-04:00,2021-04-01 13:21:23+00:00,0.2092486264386289,-0.5274151436031271
2021-04-01_2021-04-01 09:21:29-04:00,2021-04-01 13:21:29+00:00,0.2092489093667675,-0.5274151436031271
2021-04-01_2021-04-01 09:21:41-04:00,2021-04-01 13:21:41+00:00,0.23388232173708115,-0.5274151436031271
2021-04-01_2021-04-01 09:22:18-04:00,2021-04-01 13:22:18+00:00,0.09352066185643942,-0.5274151436031271
2021-04-01_2021-04-01 09:22:23-04:00,2021-04-01 13:22:23+00:00,0.20924864889571412,-0.5274151436031271
2021-04-01_2021-04-01 09:22:29-04:00,2021-04-01 13:22:29+00:00,0.19972923996423597,-0.5274151436031271
2021-04-01_2021-04-01 09:22:39-04:00,2021-04-01 13:22:39+00:00,0.19972924484053795,-0.5274151436031271
2021-04-01_2021-04-01 09:22:51-04:00,2021-04-01 13:22:51+00:00,0.19972970449854993,-0.5274151436031271
2021-04-01_2021-04-01 09:23:55-04:00,2021-04-01 13:23:55+00:00,0.19972970449854993,-0.5274151436031271
2021-04-01_2021-04-01 09:24:39-04:00,2021-04-01 13:24:39+00:00,0.1660728500584558,-0.5274151436031271
2021-04-01_2021-04-01 09:24:46-04:00,2021-04-01 13:24:46+00:00,0.09341970352884751,-0.5274151436031271
2021-04-01_2021-04-01 09:25:04-04:00,2021-04-01 13:25:04+00:00,0.1660728500584558,-0.5274151436031271
2021-04-01_2021-04-01 09:25:48-04:00,2021-04-01 13:25:48+00:00,0.2092493106828864,-0.5274151436031271
2021-04-01_2021-04-01 09:30:55-04:00,2021-04-01 13:30:55+00:00,0.2092493106828864,-0.5274151436031271
2021-04-01_2021-04-01 10:10:50-04:00,2021-04-01 14:10:50+00:00,0.23388232173708115,-0.5274151436031271
2021-04-01_2021-04-01 10:12:22-04:00,2021-04-01 14:12:22+00:00,0.1660728500584558,-0.5274151436031271
2021-04-01_2021-04-01 10:12:24-04:00,2021-04-01 14:12:24+00:00,0.19972970449854993,-0.5274151436031271
2021-04-01_2021-04-01 10:21:13-04:00,2021-04-01 14:21:13+00:00,0.2092489093667675,-0.5274151436031271
2021-04-05_2021-04-05 09:44:55-04:00,2021-04-05 13:44:55+00:00,0.439107049761524,1.8136501034098809
2021-04-05_2021-04-05 09:48:59-04:00,2021-04-05 13:48:59+00:00,0.40192165077167036,1.8136501034098809
2021-04-05_2021-04-05 09:50:23-04:00,2021-04-05 13:50:23+00:00,0.4391080124644404,1.8136501034098809
2021-04-05_2021-04-05 09:55:57-04:00,2021-04-05 13:55:57+00:00,0.40192165077167036,1.8136501034098809
2021-04-05_2021-04-05 09:56:16-04:00,2021-04-05 13:56:16+00:00,0.40192165077167036,1.8136501034098809
2021-04-05_2021-04-05 09:56:23-04:00,2021-04-05 13:56:23+00:00,0.46063777349357365,1.8136501034098809
2021-04-05_2021-04-05 09:56:32-04:00,2021-04-05 13:56:32+00:00,0.46375483046850124,1.8136501034098809
2021-04-05_2021-04-05 09:56:36-04:00,2021-04-05 13:56:36+00:00,0.46063777349357365,1.8136501034098809
2021-04-05_2021-04-05 09:57:10-04:00,2021-04-05 13:57:10+00:00,0.9128292825027566,1.8136501034098809
2021-04-05_2021-04-05 09:57:21-04:00,2021-04-05 13:57:21+00:00,0.46063777349357365,1.8136501034098809
2021-04-05_2021-04-05 10:05:21-04:00,2021-04-05 14:05:21+00:00,0.46063816316997497,1.8136501034098809
2021-04-05_2021-04-05 10:06:13-04:00,2021-04-05 14:06:13+00:00,0.46063777349357365,1.8136501034098809
2021-04-05_2021-04-05 10:09:29-04:00,2021-04-05 14:09:29+00:00,0.906785076673461,1.8136501034098809
2021-04-05_2021-04-05 10:14:49-04:00,2021-04-05 14:14:49+00:00,0.4637553865667759,1.8136501034098809
2021-04-05_2021-04-05 10:17:06-04:00,2021-04-05 14:17:06+00:00,0.9047174221127513,1.8136501034098809
2021-04-05_2021-04-05 10:17:09-04:00,2021-04-05 14:17:09+00:00,0.9128292825027566,1.8136501034098809
2021-04-05_2021-04-05 10:17:17-04:00,2021-04-05 14:17:17+00:00,0.46375483046850124,1.8136501034098809
2021-04-05_2021-04-05 10:17:22-04:00,2021-04-05 14:17:22+00:00,0.9128292825027566,1.8136501034098809
2021-04-05_2021-04-05 10:17:43-04:00,2021-04-05 14:17:43+00:00,0.40192165077167036,1.8136501034098809
2021-04-05_2021-04-05 10:20:09-04:00,2021-04-05 14:20:09+00:00,0.40192165077167036,1.8136501034098809
2021-04-05_2021-04-05 10:20:16-04:00,2021-04-05 14:20:16+00:00,0.4019203559092352,1.8136501034098809
2021-04-05_2021-04-05 10:20:18-04:00,2021-04-05 14:20:18+00:00,0.9070231688310374,1.8136501034098809
2021-04-05_2021-04-05 10:21:38-04:00,2021-04-05 14:21:38+00:00,0.40192177542587776,1.8136501034098809
2021-04-05_2021-04-05 10:26:00-04:00,2021-04-05 14:26:00+00:00,0.40192165077167036,1.8136501034098809
2021-04-05_2021-04-05 10:26:05-04:00,2021-04-05 14:26:05+00:00,0.9128292825027566,1.8136501034098809
2021-04-05_2021-04-05 10:26:24-04:00,2021-04-05 14:26:24+00:00,0.9128292825027566,1.8136501034098809
2021-04-05_2021-04-05 10:27:40-04:00,2021-04-05 14:27:40+00:00,0.439107049761524,1.8136501034098809
2021-04-05_2021-04-05 10:28:19-04:00,2021-04-05 14:28:19+00:00,0.40192165077167036,1.8136501034098809
2021-04-05_2021-04-05 10:28:23-04:00,2021-04-05 14:28:23+00:00,0.40192177542587776,1.8136501034098809
2021-04-06_2021-04-06 08:08:46-04:00,2021-04-06 12:08:46+00:00,0.4310801994085669,0.3787878787878673
2021-04-06_2021-04-06 08:10:15-04:00,2021-04-06 12:10:15+00:00,0.39662612082960413,0.3787878787878673
2021-04-06_2021-04-06 08:13:43-04:00,2021-04-06 12:13:43+00:00,0.36182240197067694,0.3787878787878673
2021-04-06_2021-04-06 08:16:02-04:00,2021-04-06 12:16:02+00:00,0.36182240197067694,0.3787878787878673
2021-04-06_2021-04-06 08:18:53-04:00,2021-04-06 12:18:53+00:00,0.4547959471083479,0.3787878787878673
2021-04-06_2021-04-06 08:31:42-04:00,2021-04-06 12:31:42+00:00,0.39662483171373547,0.3787878787878673
2021-04-06_2021-04-06 08:32:40-04:00,2021-04-06 12:32:40+00:00,0.45408467502248456,0.3787878787878673
2021-04-06_2021-04-06 08:33:27-04:00,2021-04-06 12:33:27+00:00,0.4547956402492665,0.3787878787878673
2021-04-06_2021-04-06 08:33:59-04:00,2021-04-06 12:33:59+00:00,0.4310809362350754,0.3787878787878673
2021-04-06_2021-04-06 08:37:17-04:00,2021-04-06 12:37:17+00:00,0.4540837711903213,0.3787878787878673
2021-04-06_2021-04-06 08:41:18-04:00,2021-04-06 12:41:18+00:00,0.3392676894335097,0.3787878787878673
2021-04-06_2021-04-06 08:51:45-04:00,2021-04-06 12:51:45+00:00,0.3966255545271198,0.3787878787878673
2021-04-06_2021-04-06 09:31:48-04:00,2021-04-06 13:31:48+00:00,0.36182240197067694,0.3787878787878673
2021-04-06_2021-04-06 10:29:46-04:00,2021-04-06 14:29:46+00:00,0.43108132230503815,0.3787878787878673
2021-04-06_2021-04-06 10:29:58-04:00,2021-04-06 14:29:58+00:00,0.4310801994085669,0.3787878787878673
2021-04-07_2021-04-07 08:00:00-04:00,2021-04-07 12:00:00+00:00,0.46548404825821676,7.336343115124144
2021-04-08_2021-04-08 08:00:01-04:00,2021-04-08 12:00:01+00:00,0.39816163447941705,5.938506588579795
2021-04-08_2021-04-08 09:31:51-04:00,2021-04-08 13:31:51+00:00,0.4106894242789199,5.938506588579795
2021-04-08_2021-04-08 09:31:57-04:00,2021-04-08 13:31:57+00:00,0.4254694838560506,5.938506588579795
2021-04-08_2021-04-08 09:32:53-04:00,2021-04-08 13:32:53+00:00,0.4254694838560506,5.938506588579795
2021-04-08_2021-04-08 09:33:16-04:00,2021-04-08 13:33:16+00:00,0.39816115759759413,5.938506588579795
2021-04-08_2021-04-08 09:33:21-04:00,2021-04-08 13:33:21+00:00,0.4341764308118849,5.938506588579795
2021-04-08_2021-04-08 09:33:37-04:00,2021-04-08 13:33:37+00:00,0.4341764308118849,5.938506588579795
2021-04-08_2021-04-08 09:33:39-04:00,2021-04-08 13:33:39+00:00,0.46780349501388085,5.938506588579795
2021-04-09_2021-04-09 08:00:00-04:00,2021-04-09 12:00:00+00:00,0.3621447240350837,12.165605095541387
2021-04-12_2021-04-12 08:00:01-04:00,2021-04-12 12:00:01+00:00,0.3151650489500125,26.4473964623144
2021-04-12_2021-04-12 09:50:49-04:00,2021-04-12 13:50:49+00:00,0.3156098444945281,26.4473964623144
2021-04-12_2021-04-12 09:51:00-04:00,2021-04-12 13:51:00+00:00,0.33407198262338733,26.4473964623144
2021-04-12_2021-04-12 09:54:13-04:00,2021-04-12 13:54:13+00:00,0.3156098444945281,26.4473964623144
2021-04-12_2021-04-12 09:54:20-04:00,2021-04-12 13:54:20+00:00,0.32692391559326656,26.4473964623144
2021-04-13_2021-04-13 08:00:01-04:00,2021-04-13 12:00:01+00:00,0.30918500865101034,23.82387996915096
2021-04-13_2021-04-13 09:31:16-04:00,2021-04-13 13:31:16+00:00,0.3091846736515905,23.82387996915096
2021-04-13_2021-04-13 09:31:24-04:00,2021-04-13 13:31:24+00:00,0.30876208932631033,23.82387996915096
2021-04-13_2021-04-13 09:35:58-04:00,2021-04-13 13:35:58+00:00,0.7909166751491616,23.82387996915096
2021-04-13_2021-04-13 09:36:04-04:00,2021-04-13 13:36:04+00:00,0.2994005820702977,23.82387996915096
2021-04-13_2021-04-13 09:36:46-04:00,2021-04-13 13:36:46+00:00,0.7909166751491616,23.82387996915096
2021-04-13_2021-04-13 10:16:56-04:00,2021-04-13 14:16:56+00:00,0.30876197864891886,23.82387996915096
2021-04-13_2021-04-13 10:17:19-04:00,2021-04-13 14:17:19+00:00,0.30493338245235724,23.82387996915096
2021-04-13_2021-04-13 10:19:34-04:00,2021-04-13 14:19:34+00:00,0.30918518536610823,23.82387996915096
2021-04-14_2021-04-14 09:34:43-04:00,2021-04-14 13:34:43+00:00,0.3144963170680299,3.015287932805588
2021-04-14_2021-04-14 09:38:44-04:00,2021-04-14 13:38:44+00:00,0.32130395978827625,3.015287932805588
2021-04-14_2021-04-14 09:39:01-04:00,2021-04-14 13:39:01+00:00,0.30779203055459725,3.015287932805588
2021-04-15_2021-04-15 08:00:00-04:00,2021-04-15 12:00:00+00:00,0.24116729741562404,9.822000256114748
2021-04-15_2021-04-15 09:30:12-04:00,2021-04-15 13:30:12+00:00,0.3599519838979796,9.822000256114748
2021-04-15_2021-04-15 09:30:20-04:00,2021-04-15 13:30:20+00:00,0.3599519838979796,9.822000256114748
2021-04-15_2021-04-15 09:30:23-04:00,2021-04-15 13:30:23+00:00,0.35225927301591287,9.822000256114748
2021-04-15_2021-04-15 09:30:26-04:00,2021-04-15 13:30:26+00:00,0.3599519838979796,9.822000256114748
2021-04-15_2021-04-15 09:30:29-04:00,2021-04-15 13:30:29+00:00,0.35225927301591287,9.822000256114748
2021-04-15_2021-04-15 09:30:57-04:00,2021-04-15 13:30:57+00:00,0.25437225496036514,9.822000256114748
2021-04-15_2021-04-15 09:31:02-04:00,2021-04-15 13:31:02+00:00,0.3599519838979796,9.822000256114748
2021-04-15_2021-04-15 09:31:12-04:00,2021-04-15 13:31:12+00:00,0.25437225496036514,9.822000256114748
2021-04-15_2021-04-15 09:31:29-04:00,2021-04-15 13:31:29+00:00,0.3599519838979796,9.822000256114748
2021-04-15_2021-04-15 09:31:34-04:00,2021-04-15 13:31:34+00:00,0.3452378631778743,9.822000256114748
2021-04-15_2021-04-15 09:32:56-04:00,2021-04-15 13:32:56+00:00,0.3452378631778743,9.822000256114748
2021-04-15_2021-04-15 09:35:41-04:00,2021-04-15 13:35:41+00:00,0.3452384114364513,9.822000256114748
2021-04-15_2021-04-15 09:37:00-04:00,2021-04-15 13:37:00+00:00,0.35225927301591287,9.822000256114748
2021-04-15_2021-04-15 09:37:24-04:00,2021-04-15 13:37:24+00:00,0.3452378631778743,9.822000256114748
2021-04-15_2021-04-15 09:38:13-04:00,2021-04-15 13:38:13+00:00,0.3599519838979796,9.822000256114748
2021-04-15_2021-04-15 09:46:34-04:00,2021-04-15 13:46:34+00:00,0.3599521033695567,9.822000256114748
2021-04-15_2021-04-15 09:48:23-04:00,2021-04-15 13:48:23+00:00,0.3599519838979796,9.822000256114748
2021-04-15_2021-04-15 09:48:25-04:00,2021-04-15 13:48:25+00:00,0.3599521033695567,9.822000256114748
2021-04-16_2021-04-16 08:00:00-04:00,2021-04-16 12:00:00+00:00,0.31017767166276783,6.287666977322148
2021-04-16_2021-04-16 08:25:49-04:00,2021-04-16 12:25:49+00:00,0.3101773348377726,6.287666977322148
2021-04-16_2021-04-16 08:26:33-04:00,2021-04-16 12:26:33+00:00,0.31750745195255836,6.287666977322148
2021-04-16_2021-04-16 08:27:47-04:00,2021-04-16 12:27:47+00:00,0.3175082420449121,6.287666977322148
2021-04-16_2021-04-16 08:28:24-04:00,2021-04-16 12:28:24+00:00,0.3761154156577364,6.287666977322148
2021-04-16_2021-04-16 08:30:36-04:00,2021-04-16 12:30:36+00:00,0.3267877816474163,6.287666977322148
2021-04-16_2021-04-16 08:31:22-04:00,2021-04-16 12:31:22+00:00,0.3267885473132409,6.287666977322148
2021-04-16_2021-04-16 08:32:14-04:00,2021-04-16 12:32:14+00:00,0.3116947977509571,6.287666977322148
2021-04-16_2021-04-16 08:35:30-04:00,2021-04-16 12:35:30+00:00,0.31750887182868676,6.287666977322148
2021-04-16_2021-04-16 08:36:34-04:00,2021-04-16 12:36:34+00:00,0.31750745195255836,6.287666977322148
2021-04-16_2021-04-16 08:38:10-04:00,2021-04-16 12:38:10+00:00,0.3267885473132409,6.287666977322148
2021-04-16_2021-04-16 08:38:49-04:00,2021-04-16 12:38:49+00:00,0.3267885473132409,6.287666977322148
2021-04-16_2021-04-16 09:34:34-04:00,2021-04-16 13:34:34+00:00,0.31017819061964713,6.287666977322148
2021-04-16_2021-04-16 09:35:17-04:00,2021-04-16 13:35:17+00:00,0.3267889667135404,6.287666977322148
2021-04-16_2021-04-16 09:35:42-04:00,2021-04-16 13:35:42+00:00,0.31017819061964713,6.287666977322148
2021-04-16_2021-04-16 09:36:39-04:00,2021-04-16 13:36:39+00:00,0.31169568291157634,6.287666977322148
2021-04-16_2021-04-16 10:29:48-04:00,2021-04-16 14:29:48+00:00,0.3959649535124805,6.287666977322148
2021-04-16_2021-04-16 10:29:51-04:00,2021-04-16 14:29:51+00:00,0.31017767166276783,6.287666977322148
2021-04-19_2021-04-19 08:40:52-04:00,2021-04-19 12:40:52+00:00,0.2841771397616529,4.217233009708732
2021-04-19_2021-04-19 08:41:34-04:00,2021-04-19 12:41:34+00:00,0.28091675130657223,4.217233009708732
2021-04-19_2021-04-19 08:41:49-04:00,2021-04-19 12:41:49+00:00,0.2841773915050926,4.217233009708732
2021-04-19_2021-04-19 08:43:23-04:00,2021-04-19 12:43:23+00:00,0.2880088672109457,4.217233009708732
2021-04-19_2021-04-19 08:43:26-04:00,2021-04-19 12:43:26+00:00,0.28111967799259824,4.217233009708732
2021-04-19_2021-04-19 08:45:40-04:00,2021-04-19 12:45:40+00:00,0.2811187527026097,4.217233009708732
2021-04-19_2021-04-19 08:45:52-04:00,2021-04-19 12:45:52+00:00,0.28800776261275707,4.217233009708732
2021-04-19_2021-04-19 08:46:03-04:00,2021-04-19 12:46:03+00:00,0.3715132499578526,4.217233009708732
2021-04-19_2021-04-19 08:46:21-04:00,2021-04-19 12:46:21+00:00,0.2880088672109457,4.217233009708732
2021-04-19_2021-04-19 08:46:39-04:00,2021-04-19 12:46:39+00:00,0.2811193324345314,4.217233009708732
2021-04-19_2021-04-19 08:46:45-04:00,2021-04-19 12:46:45+00:00,0.28091733838471067,4.217233009708732
2021-04-19_2021-04-19 08:51:23-04:00,2021-04-19 12:51:23+00:00,0.28091733838471067,4.217233009708732
2021-04-19_2021-04-19 08:52:48-04:00,2021-04-19 12:52:48+00:00,0.2841765522273837,4.217233009708732
2021-04-19_2021-04-19 08:53:06-04:00,2021-04-19 12:53:06+00:00,0.2811193598627959,4.217233009708732
2021-04-19_2021-04-19 08:53:14-04:00,2021-04-19 12:53:14+00:00,0.2811193598627959,4.217233009708732
2021-04-19_2021-04-19 08:54:17-04:00,2021-04-19 12:54:17+00:00,0.2809160147905558,4.217233009708732
2021-04-19_2021-04-19 08:58:00-04:00,2021-04-19 12:58:00+00:00,0.2841773915050926,4.217233009708732
2021-04-19_2021-04-19 08:58:46-04:00,2021-04-19 12:58:46+00:00,0.2880088672109457,4.217233009708732
2021-04-19_2021-04-19 08:58:51-04:00,2021-04-19 12:58:51+00:00,0.2841765522273837,4.217233009708732
2021-04-19_2021-04-19 08:59:00-04:00,2021-04-19 12:59:00+00:00,0.28417711661475753,4.217233009708732
2021-04-19_2021-04-19 08:59:04-04:00,2021-04-19 12:59:04+00:00,0.2841765522273837,4.217233009708732
2021-04-19_2021-04-19 08:59:14-04:00,2021-04-19 12:59:14+00:00,0.2811193598627959,4.217233009708732
2021-04-19_2021-04-19 08:59:21-04:00,2021-04-19 12:59:21+00:00,0.34895514439133474,4.217233009708732
2021-04-19_2021-04-19 08:59:24-04:00,2021-04-19 12:59:24+00:00,0.2880084762885625,4.217233009708732
2021-04-19_2021-04-19 08:59:44-04:00,2021-04-19 12:59:44+00:00,0.28417711661475753,4.217233009708732
2021-04-19_2021-04-19 08:59:53-04:00,2021-04-19 12:59:53+00:00,0.34895514439133474,4.217233009708732
2021-04-19_2021-04-19 08:59:58-04:00,2021-04-19 12:59:58+00:00,0.2811193598627959,4.217233009708732
2021-04-19_2021-04-19 09:00:01-04:00,2021-04-19 13:00:01+00:00,0.288008973548809,4.217233009708732
2021-04-19_2021-04-19 09:03:32-04:00,2021-04-19 13:03:32+00:00,0.28091733838471067,4.217233009708732
2021-04-19_2021-04-19 09:04:21-04:00,2021-04-19 13:04:21+00:00,0.2841773915050926,4.217233009708732
2021-04-19_2021-04-19 09:21:37-04:00,2021-04-19 13:21:37+00:00,0.3715132499578526,4.217233009708732
2021-04-19_2021-04-19 09:21:42-04:00,2021-04-19 13:21:42+00:00,0.2811187527026097,4.217233009708732
2021-04-19_2021-04-19 09:21:48-04:00,2021-04-19 13:21:48+00:00,0.3715132499578526,4.217233009708732
2021-04-19_2021-04-19 09:21:53-04:00,2021-04-19 13:21:53+00:00,0.2811193324345314,4.217233009708732
2021-04-19_2021-04-19 09:21:55-04:00,2021-04-19 13:21:55+00:00,0.3715132499578526,4.217233009708732
2021-04-19_2021-04-19 09:22:01-04:00,2021-04-19 13:22:01+00:00,0.2811187527026097,4.217233009708732
2021-04-19_2021-04-19 09:22:05-04:00,2021-04-19 13:22:05+00:00,0.3715132499578526,4.217233009708732
2021-04-19_2021-04-19 09:23:37-04:00,2021-04-19 13:23:37+00:00,0.2841773915050926,4.217233009708732
2021-04-19_2021-04-19 09:23:44-04:00,2021-04-19 13:23:44+00:00,0.28091733838471067,4.217233009708732
2021-04-19_2021-04-19 09:23:50-04:00,2021-04-19 13:23:50+00:00,0.34868450605512846,4.217233009708732
2021-04-19_2021-04-19 09:23:55-04:00,2021-04-19 13:23:55+00:00,0.2880088672109457,4.217233009708732
2021-04-19_2021-04-19 09:24:22-04:00,2021-04-19 13:24:22+00:00,0.28091733838471067,4.217233009708732
2021-04-19_2021-04-19 09:24:29-04:00,2021-04-19 13:24:29+00:00,0.2811193324345314,4.217233009708732
2021-04-19_2021-04-19 09:24:32-04:00,2021-04-19 13:24:32+00:00,0.2841773915050926,4.217233009708732
2021-04-19_2021-04-19 09:24:41-04:00,2021-04-19 13:24:41+00:00,0.280916757469241,4.217233009708732
2021-04-19_2021-04-19 09:29:35-04:00,2021-04-19 13:29:35+00:00,0.3715132499578526,4.217233009708732
2021-04-19_2021-04-19 09:30:02-04:00,2021-04-19 13:30:02+00:00,0.28091733838471067,4.217233009708732
2021-04-19_2021-04-19 09:44:18-04:00,2021-04-19 13:44:18+00:00,0.2880088672109457,4.217233009708732
2021-04-19_2021-04-19 10:24:28-04:00,2021-04-19 14:24:28+00:00,0.28091782233996354,4.217233009708732
2021-04-20_2021-04-20 08:00:00-04:00,2021-04-20 12:00:00+00:00,0.29807724846605305,8.679245283018865
2021-04-20_2021-04-20 09:30:40-04:00,2021-04-20 13:30:40+00:00,0.6289438277776364,8.679245283018865
2021-04-20_2021-04-20 09:30:42-04:00,2021-04-20 13:30:42+00:00,0.6289438277776364,8.679245283018865
2021-04-20_2021-04-20 09:30:47-04:00,2021-04-20 13:30:47+00:00,0.3011329204420117,8.679245283018865
2021-04-20_2021-04-20 09:30:56-04:00,2021-04-20 13:30:56+00:00,0.6122608832184311,8.679245283018865
2021-04-20_2021-04-20 09:34:15-04:00,2021-04-20 13:34:15+00:00,0.3011861433455385,8.679245283018865
2021-04-20_2021-04-20 09:34:33-04:00,2021-04-20 13:34:33+00:00,0.3011329204420117,8.679245283018865
2021-04-20_2021-04-20 09:34:47-04:00,2021-04-20 13:34:47+00:00,0.3011861433455385,8.679245283018865
2021-04-20_2021-04-20 09:34:58-04:00,2021-04-20 13:34:58+00:00,0.3011861433455385,8.679245283018865
2021-04-20_2021-04-20 09:35:25-04:00,2021-04-20 13:35:25+00:00,0.3011329204420117,8.679245283018865
2021-04-20_2021-04-20 09:35:48-04:00,2021-04-20 13:35:48+00:00,0.29807674100673714,8.679245283018865
2021-04-20_2021-04-20 09:35:51-04:00,2021-04-20 13:35:51+00:00,0.3089441917494512,8.679245283018865
2021-04-20_2021-04-20 09:36:05-04:00,2021-04-20 13:36:05+00:00,0.3011333910428383,8.679245283018865
2021-04-20_2021-04-20 09:37:30-04:00,2021-04-20 13:37:30+00:00,0.3011861433455385,8.679245283018865
2021-04-20_2021-04-20 09:42:21-04:00,2021-04-20 13:42:21+00:00,0.6289438277776364,8.679245283018865
2021-04-20_2021-04-20 09:42:24-04:00,2021-04-20 13:42:24+00:00,0.3011861433455385,8.679245283018865
2021-04-20_2021-04-20 09:42:33-04:00,2021-04-20 13:42:33+00:00,0.3089441917494512,8.679245283018865
2021-04-20_2021-04-20 10:02:32-04:00,2021-04-20 14:02:32+00:00,0.29807638324744007,8.679245283018865
2021-04-21_2021-04-21 09:38:54-04:00,2021-04-21 13:38:54+00:00,0.2688085939932263,11.47798742138364
2021-04-21_2021-04-21 09:39:07-04:00,2021-04-21 13:39:07+00:00,0.27393676787859106,11.47798742138364
2021-04-21_2021-04-21 09:39:13-04:00,2021-04-21 13:39:13+00:00,0.28501905042289,11.47798742138364
2021-04-21_2021-04-21 09:39:17-04:00,2021-04-21 13:39:17+00:00,0.27393676787859106,11.47798742138364
2021-04-21_2021-04-21 09:41:01-04:00,2021-04-21 13:41:01+00:00,0.26880890226828424,11.47798742138364
2021-04-21_2021-04-21 09:42:08-04:00,2021-04-21 13:42:08+00:00,0.2688085939932263,11.47798742138364
2021-04-22_2021-04-22 08:00:00-04:00,2021-04-22 12:00:00+00:00,0.27962758634113305,15.859788359788364
2021-04-22_2021-04-22 08:49:37-04:00,2021-04-22 12:49:37+00:00,0.26380435985269485,15.859788359788364
2021-04-22_2021-04-22 08:50:35-04:00,2021-04-22 12:50:35+00:00,0.26380435985269485,15.859788359788364
2021-04-22_2021-04-22 08:52:15-04:00,2021-04-22 12:52:15+00:00,0.2638043657776794,15.859788359788364
2021-04-22_2021-04-22 08:53:18-04:00,2021-04-22 12:53:18+00:00,0.2796272023270299,15.859788359788364
2021-04-22_2021-04-22 08:53:38-04:00,2021-04-22 12:53:38+00:00,0.8895644203873625,15.859788359788364
2021-04-22_2021-04-22 08:54:05-04:00,2021-04-22 12:54:05+00:00,0.8975287047573659,15.859788359788364
2021-04-22_2021-04-22 09:16:47-04:00,2021-04-22 13:16:47+00:00,0.27004005695551875,15.859788359788364
2021-04-22_2021-04-22 09:17:46-04:00,2021-04-22 13:17:46+00:00,0.8881674519693299,15.859788359788364
2021-04-22_2021-04-22 09:19:46-04:00,2021-04-22 13:19:46+00:00,0.27044075180320415,15.859788359788364
2021-04-22_2021-04-22 09:19:58-04:00,2021-04-22 13:19:58+00:00,0.26380365174295284,15.859788359788364
2021-04-22_2021-04-22 09:20:11-04:00,2021-04-22 13:20:11+00:00,0.2638049242882079,15.859788359788364
2021-04-22_2021-04-22 09:20:24-04:00,2021-04-22 13:20:24+00:00,0.2638049242882079,15.859788359788364
2021-04-22_2021-04-22 09:20:33-04:00,2021-04-22 13:20:33+00:00,0.27004005695551875,15.859788359788364
2021-04-22_2021-04-22 09:20:51-04:00,2021-04-22 13:20:51+00:00,0.8895644203873625,15.859788359788364
2021-04-22_2021-04-22 09:21:00-04:00,2021-04-22 13:21:00+00:00,0.27962758634113305,15.859788359788364
2021-04-22_2021-04-22 09:30:09-04:00,2021-04-22 13:30:09+00:00,0.27962758634113305,15.859788359788364
2021-04-22_2021-04-22 09:30:14-04:00,2021-04-22 13:30:14+00:00,0.8975287047573659,15.859788359788364
2021-04-22_2021-04-22 09:30:18-04:00,2021-04-22 13:30:18+00:00,0.27004095947821627,15.859788359788364
2021-04-22_2021-04-22 09:30:23-04:00,2021-04-22 13:30:23+00:00,0.27004095947821627,15.859788359788364
2021-04-22_2021-04-22 09:30:28-04:00,2021-04-22 13:30:28+00:00,0.8975287047573659,15.859788359788364
2021-04-22_2021-04-22 09:30:32-04:00,2021-04-22 13:30:32+00:00,0.27962758634113305,15.859788359788364
2021-04-22_2021-04-22 09:33:55-04:00,2021-04-22 13:33:55+00:00,0.8975287047573659,15.859788359788364
2021-04-22_2021-04-22 09:33:59-04:00,2021-04-22 13:33:59+00:00,0.2638049242882079,15.859788359788364
2021-04-22_2021-04-22 09:34:04-04:00,2021-04-22 13:34:04+00:00,0.2638049242882079,15.859788359788364
2021-04-22_2021-04-22 09:34:44-04:00,2021-04-22 13:34:44+00:00,0.27962758634113305,15.859788359788364
2021-04-23_2021-04-23 08:00:00-04:00,2021-04-23 12:00:00+00:00,0.2796406218748459,23.0
2021-04-23_2021-04-23 08:03:33-04:00,2021-04-23 12:03:33+00:00,0.27045297895827886,23.0
2021-04-23_2021-04-23 08:06:55-04:00,2021-04-23 12:06:55+00:00,0.27005315255204626,23.0
2021-04-23_2021-04-23 09:26:45-04:00,2021-04-23 13:26:45+00:00,0.27005315255204626,23.0
2021-04-23_2021-04-23 09:26:54-04:00,2021-04-23 13:26:54+00:00,0.2704529565068956,23.0
2021-04-23_2021-04-23 09:27:24-04:00,2021-04-23 13:27:24+00:00,0.27045297895827886,23.0
2021-04-23_2021-04-23 09:27:48-04:00,2021-04-23 13:27:48+00:00,0.9535733139000057,23.0
2021-04-23_2021-04-23 09:27:56-04:00,2021-04-23 13:27:56+00:00,0.9529432023783486,23.0
2021-04-23_2021-04-23 09:30:05-04:00,2021-04-23 13:30:05+00:00,0.9571438571500162,23.0
2021-04-23_2021-04-23 09:30:07-04:00,2021-04-23 13:30:07+00:00,0.27045322313739906,23.0
2021-04-23_2021-04-23 09:30:09-04:00,2021-04-23 13:30:09+00:00,0.27045322313739906,23.0
2021-04-23_2021-04-23 09:30:13-04:00,2021-04-23 13:30:13+00:00,0.27963992079038397,23.0
2021-04-23_2021-04-23 09:30:16-04:00,2021-04-23 13:30:16+00:00,0.2700531793062051,23.0
2021-04-23_2021-04-23 09:30:19-04:00,2021-04-23 13:30:19+00:00,0.27963992079038397,23.0
2021-04-23_2021-04-23 09:30:36-04:00,2021-04-23 13:30:36+00:00,0.27045322313739906,23.0
2021-04-23_2021-04-23 09:30:40-04:00,2021-04-23 13:30:40+00:00,0.26381732544619213,23.0
2021-04-23_2021-04-23 09:30:46-04:00,2021-04-23 13:30:46+00:00,0.9571438571500162,23.0
2021-04-23_2021-04-23 09:30:51-04:00,2021-04-23 13:30:51+00:00,0.27045322313739906,23.0
2021-04-23_2021-04-23 09:30:59-04:00,2021-04-23 13:30:59+00:00,0.26381732544619213,23.0
2021-04-23_2021-04-23 09:32:02-04:00,2021-04-23 13:32:02+00:00,0.27045322313739906,23.0
2021-04-23_2021-04-23 09:32:09-04:00,2021-04-23 13:32:09+00:00,0.27964100590022417,23.0
2021-04-23_2021-04-23 09:32:14-04:00,2021-04-23 13:32:14+00:00,0.27005348961732295,23.0
2021-04-23_2021-04-23 09:33:24-04:00,2021-04-23 13:33:24+00:00,0.2638176300624436,23.0
2021-10-06_2021-10-06 08:00:01-04:00,2021-10-06 12:00:01+00:00,0.2921848556934291,5.261004267259017
2021-10-06_2021-10-06 08:00:03-04:00,2021-10-06 12:00:03+00:00,0.2921844614289514,5.261004267259017
2021-10-06_2021-10-06 08:59:49-04:00,2021-10-06 12:59:49+00:00,0.0589605924479612,5.261004267259017
2021-10-06_2021-10-06 09:27:28-04:00,2021-10-06 13:27:28+00:00,0.2744403725501149,5.261004267259017
2021-10-06_2021-10-06 09:30:07-04:00,2021-10-06 13:30:07+00:00,0.276127737478483,5.261004267259017
2021-10-06_2021-10-06 09:30:13-04:00,2021-10-06 13:30:13+00:00,0.05902673559834963,5.261004267259017
2021-10-06_2021-10-06 09:30:16-04:00,2021-10-06 13:30:16+00:00,0.2761271369581652,5.261004267259017
2021-10-06_2021-10-06 09:30:27-04:00,2021-10-06 13:30:27+00:00,0.27443964045881797,5.261004267259017
2021-10-06_2021-10-06 09:30:31-04:00,2021-10-06 13:30:31+00:00,0.27443964045881797,5.261004267259017
2021-10-06_2021-10-06 09:30:44-04:00,2021-10-06 13:30:44+00:00,0.2744409451842648,5.261004267259017
2021-10-06_2021-10-06 09:30:51-04:00,2021-10-06 13:30:51+00:00,0.06470524251543636,5.261004267259017
2021-10-06_2021-10-06 09:30:54-04:00,2021-10-06 13:30:54+00:00,0.27516576499726475,5.261004267259017
2021-10-06_2021-10-06 09:31:08-04:00,2021-10-06 13:31:08+00:00,0.27516521162715796,5.261004267259017
2021-10-06_2021-10-06 09:31:10-04:00,2021-10-06 13:31:10+00:00,0.2751660345215432,5.261004267259017
2021-10-06_2021-10-06 09:31:17-04:00,2021-10-06 13:31:17+00:00,0.2744409451842648,5.261004267259017
2021-10-06_2021-10-06 09:31:24-04:00,2021-10-06 13:31:24+00:00,0.2761280521292436,5.261004267259017
2021-10-06_2021-10-06 09:31:30-04:00,2021-10-06 13:31:30+00:00,0.2921837416517345,5.261004267259017
2021-10-06_2021-10-06 09:31:39-04:00,2021-10-06 13:31:39+00:00,0.27443964045881797,5.261004267259017
2021-10-06_2021-10-06 09:31:44-04:00,2021-10-06 13:31:44+00:00,0.05981712993378589,5.261004267259017
2021-10-06_2021-10-06 09:31:53-04:00,2021-10-06 13:31:53+00:00,0.27443964045881797,5.261004267259017
2021-10-06_2021-10-06 09:32:00-04:00,2021-10-06 13:32:00+00:00,0.06470524251543636,5.261004267259017
2021-10-06_2021-10-06 09:32:04-04:00,2021-10-06 13:32:04+00:00,0.276127737478483,5.261004267259017
2021-10-06_2021-10-06 09:32:08-04:00,2021-10-06 13:32:08+00:00,0.2761271369581652,5.261004267259017
2021-10-06_2021-10-06 09:32:15-04:00,2021-10-06 13:32:15+00:00,0.2751660345215432,5.261004267259017
2021-10-06_2021-10-06 09:32:19-04:00,2021-10-06 13:32:19+00:00,0.27516578769231587,5.261004267259017
2021-10-06_2021-10-06 09:32:24-04:00,2021-10-06 13:32:24+00:00,0.2921848556934291,5.261004267259017
2021-10-06_2021-10-06 09:33:03-04:00,2021-10-06 13:33:03+00:00,0.05902673559834963,5.261004267259017
2021-10-06_2021-10-06 09:33:08-04:00,2021-10-06 13:33:08+00:00,0.27443964045881797,5.261004267259017
2021-10-11_2021-10-11 10:17:50-04:00,2021-10-11 14:17:50+00:00,0.5327069164815945,-7.751763046544435
2021-10-11_2021-10-11 10:18:42-04:00,2021-10-11 14:18:42+00:00,0.2742424411543977,-7.751763046544435
2021-10-11_2021-10-11 10:19:53-04:00,2021-10-11 14:19:53+00:00,0.27269452077370315,-7.751763046544435
2021-10-11_2021-10-11 10:19:59-04:00,2021-10-11 14:19:59+00:00,0.27269452077370315,-7.751763046544435
2021-10-11_2021-10-11 10:20:04-04:00,2021-10-11 14:20:04+00:00,0.274503482345463,-7.751763046544435
2021-10-13_2021-10-13 08:00:01-04:00,2021-10-13 12:00:01+00:00,0.04095512899737146,-15.826558265582646
2021-10-14_2021-10-14 10:26:50-04:00,2021-10-14 14:26:50+00:00,0.23540563550258883,-15.088177661659042
2021-10-14_2021-10-14 10:26:54-04:00,2021-10-14 14:26:54+00:00,0.24123181088759732,-15.088177661659042
2021-10-14_2021-10-14 10:26:58-04:00,2021-10-14 14:26:58+00:00,0.23540615311434526,-15.088177661659042
2021-10-14_2021-10-14 10:28:16-04:00,2021-10-14 14:28:16+00:00,0.08800286798742146,-15.088177661659042
2021-10-14_2021-10-14 10:28:23-04:00,2021-10-14 14:28:23+00:00,0.2406068964465181,-15.088177661659042
2021-10-14_2021-10-14 10:28:25-04:00,2021-10-14 14:28:25+00:00,0.25476270918121124,-15.088177661659042
2021-10-14_2021-10-14 10:28:27-04:00,2021-10-14 14:28:27+00:00,0.23540615311434526,-15.088177661659042
2021-10-14_2021-10-14 10:28:29-04:00,2021-10-14 14:28:29+00:00,0.24123181088759732,-15.088177661659042
2021-10-19_2021-10-19 09:42:40-04:00,2021-10-19 13:42:40+00:00,0.24968308445488796,-22.484158522178067
2021-10-20_2021-10-20 09:16:48-04:00,2021-10-20 13:16:48+00:00,0.2454772367057124,-21.66225058130104
2021-10-20_2021-10-20 09:32:41-04:00,2021-10-20 13:32:41+00:00,0.044588971381201194,-21.66225058130104
2021-10-21_2021-10-21 09:52:54-04:00,2021-10-21 13:52:54+00:00,0.24287925406198507,-16.43888888888889
2021-10-21_2021-10-21 09:52:56-04:00,2021-10-21 13:52:56+00:00,0.2524290009100339,-16.43888888888889
2021-10-21_2021-10-21 09:52:58-04:00,2021-10-21 13:52:58+00:00,0.2426650905226477,-16.43888888888889
2021-10-22_2021-10-22 08:00:00-04:00,2021-10-22 12:00:00+00:00,0.0469017752567492,-11.690742148663668
2021-10-22_2021-10-22 08:11:29-04:00,2021-10-22 12:11:29+00:00,0.23781465405132104,-11.690742148663668
2021-10-22_2021-10-22 08:12:50-04:00,2021-10-22 12:12:50+00:00,0.2378141327909215,-11.690742148663668
2021-10-22_2021-10-22 08:13:06-04:00,2021-10-22 12:13:06+00:00,0.2555959202811741,-11.690742148663668
2021-10-22_2021-10-22 08:13:34-04:00,2021-10-22 12:13:34+00:00,0.24475077466552442,-11.690742148663668
2021-10-22_2021-10-22 08:14:45-04:00,2021-10-22 12:14:45+00:00,0.2555959202811741,-11.690742148663668
2021-10-22_2021-10-22 08:16:23-04:00,2021-10-22 12:16:23+00:00,0.2555959202811741,-11.690742148663668
2021-10-22_2021-10-22 08:16:49-04:00,2021-10-22 12:16:49+00:00,0.24484847821914157,-11.690742148663668
2021-10-22_2021-10-22 08:19:13-04:00,2021-10-22 12:19:13+00:00,0.043296353234152166,-11.690742148663668
2021-10-22_2021-10-22 08:19:20-04:00,2021-10-22 12:19:20+00:00,0.24475074957757603,-11.690742148663668
2021-10-22_2021-10-22 08:19:59-04:00,2021-10-22 12:19:59+00:00,0.04266564579369463,-11.690742148663668
2021-10-22_2021-10-22 08:20:31-04:00,2021-10-22 12:20:31+00:00,0.24475077466552442,-11.690742148663668
2021-10-22_2021-10-22 08:21:09-04:00,2021-10-22 12:21:09+00:00,0.24475074957757603,-11.690742148663668
2021-10-22_2021-10-22 08:22:46-04:00,2021-10-22 12:22:46+00:00,0.0427143386926258,-11.690742148663668
2021-10-22_2021-10-22 08:23:41-04:00,2021-10-22 12:23:41+00:00,0.24475077466552442,-11.690742148663668
2021-10-22_2021-10-22 08:25:06-04:00,2021-10-22 12:25:06+00:00,0.23781346637919876,-11.690742148663668
2021-10-22_2021-10-22 08:28:02-04:00,2021-10-22 12:28:02+00:00,0.24484847821914157,-11.690742148663668
2021-10-22_2021-10-22 08:28:35-04:00,2021-10-22 12:28:35+00:00,0.24484870703967393,-11.690742148663668
2021-10-22_2021-10-22 08:47:02-04:00,2021-10-22 12:47:02+00:00,0.24484845717992543,-11.690742148663668
2021-10-22_2021-10-22 08:47:31-04:00,2021-10-22 12:47:31+00:00,0.0469017752567492,-11.690742148663668
2021-10-22_2021-10-22 08:51:36-04:00,2021-10-22 12:51:36+00:00,0.24475077466552442,-11.690742148663668
2021-10-22_2021-10-22 08:52:15-04:00,2021-10-22 12:52:15+00:00,0.25559583276305964,-11.690742148663668
2021-10-22_2021-10-22 08:52:44-04:00,2021-10-22 12:52:44+00:00,0.2555959202811741,-11.690742148663668
2021-10-22_2021-10-22 08:53:12-04:00,2021-10-22 12:53:12+00:00,0.0469017752567492,-11.690742148663668
2021-10-22_2021-10-22 09:10:25-04:00,2021-10-22 13:10:25+00:00,0.0427143386926258,-11.690742148663668
2021-10-22_2021-10-22 09:10:41-04:00,2021-10-22 13:10:41+00:00,0.0427143386926258,-11.690742148663668
2021-10-22_2021-10-22 09:11:06-04:00,2021-10-22 13:11:06+00:00,0.23781465405132104,-11.690742148663668
2021-10-22_2021-10-22 09:11:33-04:00,2021-10-22 13:11:33+00:00,0.24484794418384523,-11.690742148663668
2021-10-22_2021-10-22 09:11:58-04:00,2021-10-22 13:11:58+00:00,0.0427143386926258,-11.690742148663668
2021-10-22_2021-10-22 09:12:25-04:00,2021-10-22 13:12:25+00:00,0.25559525808983835,-11.690742148663668
2021-10-22_2021-10-22 09:14:19-04:00,2021-10-22 13:14:19+00:00,0.2555959202811741,-11.690742148663668
2021-10-22_2021-10-22 09:15:35-04:00,2021-10-22 13:15:35+00:00,0.25559628300253645,-11.690742148663668
2021-10-22_2021-10-22 09:16:28-04:00,2021-10-22 13:16:28+00:00,0.24475106565092555,-11.690742148663668
2021-10-22_2021-10-22 09:17:10-04:00,2021-10-22 13:17:10+00:00,0.23781346637919876,-11.690742148663668
2021-10-22_2021-10-22 09:17:30-04:00,2021-10-22 13:17:30+00:00,0.24475077466552442,-11.690742148663668
2021-10-22_2021-10-22 09:17:33-04:00,2021-10-22 13:17:33+00:00,0.0469017752567492,-11.690742148663668
2021-10-22_2021-10-22 09:18:12-04:00,2021-10-22 13:18:12+00:00,0.24484845717992543,-11.690742148663668
2021-10-22_2021-10-22 09:18:21-04:00,2021-10-22 13:18:21+00:00,0.24484847821914157,-11.690742148663668
2021-10-22_2021-10-22 09:18:33-04:00,2021-10-22 13:18:33+00:00,0.24475077466552442,-11.690742148663668
2021-10-22_2021-10-22 09:18:46-04:00,2021-10-22 13:18:46+00:00,0.043296353234152166,-11.690742148663668
2021-10-22_2021-10-22 09:18:59-04:00,2021-10-22 13:18:59+00:00,0.043296353234152166,-11.690742148663668
2021-10-22_2021-10-22 09:19:16-04:00,2021-10-22 13:19:16+00:00,0.24484847821914157,-11.690742148663668
2021-10-22_2021-10-22 09:19:31-04:00,2021-10-22 13:19:31+00:00,0.24475021931132723,-11.690742148663668
2021-10-22_2021-10-22 09:19:34-04:00,2021-10-22 13:19:34+00:00,0.25559583276305964,-11.690742148663668
2021-10-22_2021-10-22 09:19:46-04:00,2021-10-22 13:19:46+00:00,0.0427143386926258,-11.690742148663668
2021-10-22_2021-10-22 09:20:07-04:00,2021-10-22 13:20:07+00:00,0.24484870703967393,-11.690742148663668
2021-10-22_2021-10-22 09:20:26-04:00,2021-10-22 13:20:26+00:00,0.24484845717992543,-11.690742148663668
2021-10-22_2021-10-22 09:20:31-04:00,2021-10-22 13:20:31+00:00,0.24475021931132723,-11.690742148663668
2021-10-22_2021-10-22 09:20:39-04:00,2021-10-22 13:20:39+00:00,0.24484845717992543,-11.690742148663668
2021-10-22_2021-10-22 09:20:48-04:00,2021-10-22 13:20:48+00:00,0.043296353234152166,-11.690742148663668
2021-10-22_2021-10-22 09:21:01-04:00,2021-10-22 13:21:01+00:00,0.24484794418384523,-11.690742148663668
2021-10-22_2021-10-22 09:21:08-04:00,2021-10-22 13:21:08+00:00,0.25559525808983835,-11.690742148663668
2021-10-22_2021-10-22 09:21:34-04:00,2021-10-22 13:21:34+00:00,0.0427143386926258,-11.690742148663668
2021-10-22_2021-10-22 09:21:37-04:00,2021-10-22 13:21:37+00:00,0.2555959202811741,-11.690742148663668
2021-10-22_2021-10-22 09:21:47-04:00,2021-10-22 13:21:47+00:00,0.24475021931132723,-11.690742148663668
2021-10-22_2021-10-22 09:21:53-04:00,2021-10-22 13:21:53+00:00,0.2555959202811741,-11.690742148663668
2021-10-22_2021-10-22 09:22:29-04:00,2021-10-22 13:22:29+00:00,0.043296353234152166,-11.690742148663668
2021-10-22_2021-10-22 09:22:47-04:00,2021-10-22 13:22:47+00:00,0.043296353234152166,-11.690742148663668
2021-10-22_2021-10-22 09:23:08-04:00,2021-10-22 13:23:08+00:00,0.24484845717992543,-11.690742148663668
2021-10-22_2021-10-22 09:23:12-04:00,2021-10-22 13:23:12+00:00,0.24475077466552442,-11.690742148663668
2021-10-22_2021-10-22 09:23:19-04:00,2021-10-22 13:23:19+00:00,0.24475021931132723,-11.690742148663668
2021-10-22_2021-10-22 09:23:29-04:00,2021-10-22 13:23:29+00:00,0.23781346637919876,-11.690742148663668
2021-10-22_2021-10-22 09:24:17-04:00,2021-10-22 13:24:17+00:00,0.24484794418384523,-11.690742148663668
2021-10-22_2021-10-22 09:24:44-04:00,2021-10-22 13:24:44+00:00,0.25559583276305964,-11.690742148663668
2021-10-22_2021-10-22 09:24:48-04:00,2021-10-22 13:24:48+00:00,0.24484794418384523,-11.690742148663668
2021-10-22_2021-10-22 09:25:17-04:00,2021-10-22 13:25:17+00:00,0.23781412726110707,-11.690742148663668
2021-10-22_2021-10-22 09:25:42-04:00,2021-10-22 13:25:42+00:00,0.23781412726110707,-11.690742148663668
2021-10-22_2021-10-22 09:25:46-04:00,2021-10-22 13:25:46+00:00,0.24484847821914157,-11.690742148663668
2021-10-22_2021-10-22 09:26:05-04:00,2021-10-22 13:26:05+00:00,0.24484845717992543,-11.690742148663668
2021-10-22_2021-10-22 09:26:22-04:00,2021-10-22 13:26:22+00:00,0.04266564579369463,-11.690742148663668
2021-10-22_2021-10-22 09:26:40-04:00,2021-10-22 13:26:40+00:00,0.24475021931132723,-11.690742148663668
2021-10-22_2021-10-22 09:26:51-04:00,2021-10-22 13:26:51+00:00,0.25559583276305964,-11.690742148663668
2021-10-22_2021-10-22 09:26:58-04:00,2021-10-22 13:26:58+00:00,0.24475021931132723,-11.690742148663668
2021-10-22_2021-10-22 09:27:10-04:00,2021-10-22 13:27:10+00:00,0.24475077466552442,-11.690742148663668
2021-10-22_2021-10-22 09:27:17-04:00,2021-10-22 13:27:17+00:00,0.24484870703967393,-11.690742148663668
2021-10-22_2021-10-22 09:29:22-04:00,2021-10-22 13:29:22+00:00,0.0427143386926258,-11.690742148663668
2021-10-22_2021-10-22 09:29:48-04:00,2021-10-22 13:29:48+00:00,0.24475077466552442,-11.690742148663668
2021-10-22_2021-10-22 09:30:01-04:00,2021-10-22 13:30:01+00:00,0.24475151398141592,-11.690742148663668
2021-10-22_2021-10-22 09:31:03-04:00,2021-10-22 13:31:03+00:00,0.25559628300253645,-11.690742148663668
2021-10-22_2021-10-22 09:31:20-04:00,2021-10-22 13:31:20+00:00,0.0469017752567492,-11.690742148663668
2021-10-22_2021-10-22 09:31:35-04:00,2021-10-22 13:31:35+00:00,0.23781346637919876,-11.690742148663668
2021-10-22_2021-10-22 09:31:37-04:00,2021-10-22 13:31:37+00:00,0.23781465405132104,-11.690742148663668
2021-10-22_2021-10-22 09:32:07-04:00,2021-10-22 13:32:07+00:00,0.25559638166922655,-11.690742148663668
2021-10-22_2021-10-22 09:35:59-04:00,2021-10-22 13:35:59+00:00,0.25559525808983835,-11.690742148663668
2021-10-22_2021-10-22 09:36:03-04:00,2021-10-22 13:36:03+00:00,0.24484870703967393,-11.690742148663668
2021-10-22_2021-10-22 09:36:11-04:00,2021-10-22 13:36:11+00:00,0.24475106565092555,-11.690742148663668
2021-10-22_2021-10-22 09:36:20-04:00,2021-10-22 13:36:20+00:00,0.23781465405132104,-11.690742148663668
2021-10-22_2021-10-22 09:36:26-04:00,2021-10-22 13:36:26+00:00,0.0427143386926258,-11.690742148663668
2021-10-22_2021-10-22 09:36:29-04:00,2021-10-22 13:36:29+00:00,0.24484794418384523,-11.690742148663668
2021-10-26_2021-10-26 09:36:49-04:00,2021-10-26 13:36:49+00:00,0.2460527267098946,-15.19292154337234
2021-10-26_2021-10-26 09:36:53-04:00,2021-10-26 13:36:53+00:00,0.24513931884353868,-15.19292154337234
2021-10-26_2021-10-26 09:37:07-04:00,2021-10-26 13:37:07+00:00,0.24513931884353868,-15.19292154337234
2021-10-26_2021-10-26 09:37:41-04:00,2021-10-26 13:37:41+00:00,0.6459056994967937,-15.19292154337234
2021-10-26_2021-10-26 09:38:52-04:00,2021-10-26 13:38:52+00:00,0.2460527267098946,-15.19292154337234
2021-10-26_2021-10-26 09:39:03-04:00,2021-10-26 13:39:03+00:00,0.2399845331750596,-15.19292154337234
2021-10-26_2021-10-26 09:39:14-04:00,2021-10-26 13:39:14+00:00,0.25992877267699693,-15.19292154337234
2021-10-26_2021-10-26 09:39:20-04:00,2021-10-26 13:39:20+00:00,0.2460527267098946,-15.19292154337234
2021-10-26_2021-10-26 09:39:25-04:00,2021-10-26 13:39:25+00:00,0.6619403319781075,-15.19292154337234
2021-10-26_2021-10-26 09:40:09-04:00,2021-10-26 13:40:09+00:00,0.2399845331750596,-15.19292154337234
2021-10-26_2021-10-26 09:40:14-04:00,2021-10-26 13:40:14+00:00,0.6619403319781075,-15.19292154337234
2021-10-26_2021-10-26 09:43:41-04:00,2021-10-26 13:43:41+00:00,0.25992913940016205,-15.19292154337234
2021-10-26_2021-10-26 09:44:28-04:00,2021-10-26 13:44:28+00:00,0.2399845331750596,-15.19292154337234
2021-10-26_2021-10-26 09:44:42-04:00,2021-10-26 13:44:42+00:00,0.2399845331750596,-15.19292154337234
2021-10-26_2021-10-26 09:44:45-04:00,2021-10-26 13:44:45+00:00,0.639696766163351,-15.19292154337234
2021-10-26_2021-10-26 09:45:36-04:00,2021-10-26 13:45:36+00:00,0.2399840030916918,-15.19292154337234
2021-11-01_2021-11-01 10:15:25-04:00,2021-11-01 14:15:25+00:00,0.24241553025099427,-32.2686730778813
2021-11-01_2021-11-01 10:17:30-04:00,2021-11-01 14:17:30+00:00,0.40273778352496303,-32.2686730778813
2021-11-02_2021-11-02 08:00:01-04:00,2021-11-02 12:00:01+00:00,0.035326101336791114,-41.14611872146119
2021-11-02_2021-11-02 08:32:45-04:00,2021-11-02 12:32:45+00:00,0.21514865795834254,-41.14611872146119
2021-11-02_2021-11-02 08:34:06-04:00,2021-11-02 12:34:06+00:00,0.2210437329781926,-41.14611872146119
2021-11-02_2021-11-02 08:49:00-04:00,2021-11-02 12:49:00+00:00,0.21514924452609627,-41.14611872146119
2021-11-02_2021-11-02 09:31:09-04:00,2021-11-02 13:31:09+00:00,0.03213730437691374,-41.14611872146119
2021-11-02_2021-11-02 09:31:15-04:00,2021-11-02 13:31:15+00:00,0.22104466048330765,-41.14611872146119
2021-11-02_2021-11-02 09:31:21-04:00,2021-11-02 13:31:21+00:00,0.22104466048330765,-41.14611872146119
2021-11-02_2021-11-02 09:31:28-04:00,2021-11-02 13:31:28+00:00,0.22104466048330765,-41.14611872146119
2021-11-02_2021-11-02 09:31:35-04:00,2021-11-02 13:31:35+00:00,0.2146960675748554,-41.14611872146119
2021-11-02_2021-11-02 09:31:40-04:00,2021-11-02 13:31:40+00:00,0.20196620414329364,-41.14611872146119
2021-11-02_2021-11-02 09:31:42-04:00,2021-11-02 13:31:42+00:00,0.22104425303449562,-41.14611872146119
2021-11-02_2021-11-02 09:33:35-04:00,2021-11-02 13:33:35+00:00,0.20196620414329364,-41.14611872146119
2021-11-02_2021-11-02 10:18:47-04:00,2021-11-02 14:18:47+00:00,0.22104466048330765,-41.14611872146119
2021-11-02_2021-11-02 10:19:05-04:00,2021-11-02 14:19:05+00:00,0.035326101336791114,-41.14611872146119
2021-11-02_2021-11-02 10:19:08-04:00,2021-11-02 14:19:08+00:00,0.2146960675748554,-41.14611872146119
2021-11-02_2021-11-02 10:19:13-04:00,2021-11-02 14:19:13+00:00,0.21514886693103732,-41.14611872146119
2021-11-02_2021-11-02 10:23:33-04:00,2021-11-02 14:23:33+00:00,0.21514817024519822,-41.14611872146119
2021-11-02_2021-11-02 10:23:37-04:00,2021-11-02 14:23:37+00:00,0.21469529562027098,-41.14611872146119
2021-11-02_2021-11-02 10:23:43-04:00,2021-11-02 14:23:43+00:00,0.21469580216421505,-41.14611872146119
2021-11-02_2021-11-02 10:23:46-04:00,2021-11-02 14:23:46+00:00,0.21514886693103732,-41.14611872146119
2021-11-02_2021-11-02 10:23:55-04:00,2021-11-02 14:23:55+00:00,0.21469647650154508,-41.14611872146119
2021-11-03_2021-11-03 09:59:52-04:00,2021-11-03 13:59:52+00:00,0.19129931119028282,-40.01386001386001
2021-11-03_2021-11-03 10:00:09-04:00,2021-11-03 14:00:09+00:00,0.18851875017339936,-40.01386001386001
2021-11-03_2021-11-03 10:12:28-04:00,2021-11-03 14:12:28+00:00,0.1885181433534138,-40.01386001386001
2021-11-03_2021-11-03 10:15:59-04:00,2021-11-03 14:15:59+00:00,0.1885181433534138,-40.01386001386001
2021-11-03_2021-11-03 10:16:07-04:00,2021-11-03 14:16:07+00:00,0.17079737856922705,-40.01386001386001
2021-11-03_2021-11-03 10:17:04-04:00,2021-11-03 14:17:04+00:00,0.18811308127895077,-40.01386001386001
2021-11-03_2021-11-03 10:17:21-04:00,2021-11-03 14:17:21+00:00,0.18811345170213775,-40.01386001386001
2021-11-03_2021-11-03 10:19:41-04:00,2021-11-03 14:19:41+00:00,0.1885181433534138,-40.01386001386001
2021-11-03_2021-11-03 10:19:54-04:00,2021-11-03 14:19:54+00:00,0.19129923096549306,-40.01386001386001
2021-11-03_2021-11-03 10:20:09-04:00,2021-11-03 14:20:09+00:00,0.026716665117585442,-40.01386001386001
2021-11-03_2021-11-03 10:20:17-04:00,2021-11-03 14:20:17+00:00,0.026716665117585442,-40.01386001386001
2021-11-04_2021-11-04 09:30:01-04:00,2021-11-04 13:30:01+00:00,0.09977335398516271,-42.22833562585969
2021-11-04_2021-11-04 09:38:41-04:00,2021-11-04 13:38:41+00:00,0.10671782279135081,-42.22833562585969
2021-11-05_2021-11-05 08:00:01-04:00,2021-11-05 12:00:01+00:00,0.10071718971111608,-41.50943396226416
2021-11-05_2021-11-05 09:32:02-04:00,2021-11-05 13:32:02+00:00,0.08098446118511546,-41.50943396226416
2021-11-05_2021-11-05 09:32:12-04:00,2021-11-05 13:32:12+00:00,0.08098457791682336,-41.50943396226416
2021-11-05_2021-11-05 09:40:28-04:00,2021-11-05 13:40:28+00:00,0.0809839735202571,-41.50943396226416
2021-11-26_2021-11-26 09:24:52-05:00,2021-11-26 14:24:52+00:00,0.012601757913521949,-50.360504706589225
2021-11-26_2021-11-26 09:25:00-05:00,2021-11-26 14:25:00+00:00,0.01241238417192092,-50.360504706589225
2021-11-26_2021-11-26 09:25:05-05:00,2021-11-26 14:25:05+00:00,0.01241238417192092,-50.360504706589225
2021-11-26_2021-11-26 09:25:55-05:00,2021-11-26 14:25:55+00:00,0.07226023818563262,-50.360504706589225
2021-11-26_2021-11-26 09:26:17-05:00,2021-11-26 14:26:17+00:00,0.09411703130136738,-50.360504706589225
2021-11-26_2021-11-26 09:26:21-05:00,2021-11-26 14:26:21+00:00,0.07226024023084095,-50.360504706589225
2021-11-26_2021-11-26 09:26:31-05:00,2021-11-26 14:26:31+00:00,0.09294736822732137,-50.360504706589225
2021-11-26_2021-11-26 09:27:12-05:00,2021-11-26 14:27:12+00:00,0.09411678505004199,-50.360504706589225
2021-11-26_2021-11-26 09:27:19-05:00,2021-11-26 14:27:19+00:00,0.09411713681385826,-50.360504706589225
2021-11-26_2021-11-26 09:29:28-05:00,2021-11-26 14:29:28+00:00,0.09294707480701153,-50.360504706589225
2021-11-30_2021-11-30 08:00:02-05:00,2021-11-30 13:00:02+00:00,0.17739778772514334,-51.46124523506989
2021-12-02_2021-12-02 08:00:00-05:00,2021-12-02 13:00:00+00:00,0.23346148214197449,-37.02479338842976
2021-12-02_2021-12-02 09:29:30-05:00,2021-12-02 14:29:30+00:00,0.22211708893997484,-37.02479338842976
2021-12-06_2021-12-06 08:02:35-05:00,2021-12-06 13:02:35+00:00,0.24911626834789846,-19.55082742316784
2021-12-14_2021-12-14 08:22:36-05:00,2021-12-14 13:22:36+00:00,0.32790996671551037,-2.452408373416437
2021-12-14_2021-12-14 08:24:36-05:00,2021-12-14 13:24:36+00:00,0.3307269881288235,-2.452408373416437
2021-12-14_2021-12-14 08:25:23-05:00,2021-12-14 13:25:23+00:00,0.32076494771637365,-2.452408373416437
2021-12-14_2021-12-14 08:27:16-05:00,2021-12-14 13:27:16+00:00,0.3207642931362895,-2.452408373416437
2021-12-14_2021-12-14 08:31:40-05:00,2021-12-14 13:31:40+00:00,0.32076494771637365,-2.452408373416437
2021-12-14_2021-12-14 08:36:25-05:00,2021-12-14 13:36:25+00:00,0.13996244246574577,-2.452408373416437
2022-01-07_2022-01-07 09:12:01-05:00,2022-01-07 14:12:01+00:00,0.29878103497035785,-9.370424597364568
2022-01-07_2022-01-07 09:27:10-05:00,2022-01-07 14:27:10+00:00,0.3062875337740577,-9.370424597364568
2022-01-07_2022-01-07 09:27:17-05:00,2022-01-07 14:27:17+00:00,0.30628712871445823,-9.370424597364568
2022-01-07_2022-01-07 09:27:43-05:00,2022-01-07 14:27:43+00:00,0.2987805268228932,-9.370424597364568
2022-01-07_2022-01-07 09:28:16-05:00,2022-01-07 14:28:16+00:00,0.3017266560910929,-9.370424597364568
2022-01-07_2022-01-07 09:28:28-05:00,2022-01-07 14:28:28+00:00,0.2987805268228932,-9.370424597364568
2022-01-07_2022-01-07 09:29:22-05:00,2022-01-07 14:29:22+00:00,0.09261489477189419,-9.370424597364568
2022-01-07_2022-01-07 09:29:24-05:00,2022-01-07 14:29:24+00:00,0.29960860697763053,-9.370424597364568
2022-01-07_2022-01-07 09:29:26-05:00,2022-01-07 14:29:26+00:00,0.30172578683062645,-9.370424597364568
2022-01-07_2022-01-07 09:29:33-05:00,2022-01-07 14:29:33+00:00,0.29960784187357864,-9.370424597364568
2022-01-10_2022-01-10 08:00:00-05:00,2022-01-10 13:00:00+00:00,0.2907919918191712,-7.869731800766278
2022-01-10_2022-01-10 08:00:02-05:00,2022-01-10 13:00:02+00:00,0.44113631956200494,-7.869731800766278
2022-01-11_2022-01-11 08:00:01-05:00,2022-01-11 13:00:01+00:00,0.3091117203703526,-1.281358548822853
2022-01-14_2022-01-14 08:00:00-05:00,2022-01-14 13:00:00+00:00,0.30355767329497185,12.321015176198236
2022-01-24_2022-01-24 08:00:01-05:00,2022-01-24 13:00:01+00:00,0.757717908906299,47.88888888888889
2022-01-25_2022-01-25 09:02:00-05:00,2022-01-25 14:02:00+00:00,0.43175966533143606,54.43462359036877
2022-02-03_2022-02-03 08:01:24-05:00,2022-02-03 13:01:24+00:00,0.397800944259466,32.62745098039215
2022-02-10_2022-02-10 08:00:01-05:00,2022-02-10 13:00:01+00:00,0.28333329142732594,24.260647499794064
2022-02-10_2022-02-10 08:07:30-05:00,2022-02-10 13:07:30+00:00,0.28333329142732594,24.260647499794064
2022-02-10_2022-02-10 08:14:51-05:00,2022-02-10 13:14:51+00:00,0.28047051676680007,24.260647499794064
2022-02-10_2022-02-10 08:28:09-05:00,2022-02-10 13:28:09+00:00,0.39032497468515975,24.260647499794064
2022-02-10_2022-02-10 08:32:26-05:00,2022-02-10 13:32:26+00:00,0.2802301307633161,24.260647499794064
2022-02-24_2022-02-24 08:00:01-05:00,2022-02-24 13:00:01+00:00,0.3282871301792044,25.16129032258064
2022-03-14_2022-03-14 08:00:00-04:00,2022-03-14 12:00:00+00:00,0.3891882830305001,36.63021868787275
2022-03-14_2022-03-14 08:23:40-04:00,2022-03-14 12:23:40+00:00,0.3932297636068482,36.63021868787275
2022-03-14_2022-03-14 08:26:58-04:00,2022-03-14 12:26:58+00:00,0.39433249050188285,36.63021868787275
2022-03-14_2022-03-14 08:28:52-04:00,2022-03-14 12:28:52+00:00,0.38918790881333604,36.63021868787275
2022-03-14_2022-03-14 09:27:59-04:00,2022-03-14 13:27:59+00:00,0.3943340099604601,36.63021868787275
2022-03-14_2022-03-14 09:31:15-04:00,2022-03-14 13:31:15+00:00,0.3943334758919236,36.63021868787275
2022-03-14_2022-03-14 09:31:33-04:00,2022-03-14 13:31:33+00:00,0.3891871946083989,36.63021868787275
2022-03-14_2022-03-14 09:31:36-04:00,2022-03-14 13:31:36+00:00,0.3943334758919236,36.63021868787275
2022-03-14_2022-03-14 09:31:49-04:00,2022-03-14 13:31:49+00:00,0.729575287336773,36.63021868787275
2022-03-15_2022-03-15 08:00:01-04:00,2022-03-15 12:00:01+00:00,0.3972899428138711,22.62311067771816
2022-03-15_2022-03-15 09:37:28-04:00,2022-03-15 13:37:28+00:00,0.407809169224943,22.62311067771816
2022-03-16_2022-03-16 10:14:23-04:00,2022-03-16 14:14:23+00:00,0.31971845402966187,24.10125996994565
2022-03-16_2022-03-16 10:14:28-04:00,2022-03-16 14:14:28+00:00,0.3981348398948018,24.10125996994565
2022-03-16_2022-03-16 10:14:30-04:00,2022-03-16 14:14:30+00:00,0.40184615268894125,24.10125996994565
2022-03-16_2022-03-16 10:14:35-04:00,2022-03-16 14:14:35+00:00,0.3952663607478045,24.10125996994565
2022-03-16_2022-03-16 10:14:40-04:00,2022-03-16 14:14:40+00:00,0.40184615268894125,24.10125996994565
2022-03-16_2022-03-16 10:15:34-04:00,2022-03-16 14:15:34+00:00,0.3981348398948018,24.10125996994565
2022-03-16_2022-03-16 10:17:10-04:00,2022-03-16 14:17:10+00:00,0.3929060234038527,24.10125996994565
2022-03-16_2022-03-16 10:17:15-04:00,2022-03-16 14:17:15+00:00,0.3981348398948018,24.10125996994565
2022-03-16_2022-03-16 10:17:24-04:00,2022-03-16 14:17:24+00:00,0.39526764834080313,24.10125996994565
2022-03-16_2022-03-16 10:17:29-04:00,2022-03-16 14:17:29+00:00,0.3929053067647539,24.10125996994565
2022-03-16_2022-03-16 10:17:31-04:00,2022-03-16 14:17:31+00:00,0.40184457772528054,24.10125996994565
2022-03-16_2022-03-16 10:17:37-04:00,2022-03-16 14:17:37+00:00,0.3929059910299241,24.10125996994565
2022-03-16_2022-03-16 10:17:40-04:00,2022-03-16 14:17:40+00:00,0.3929059910299241,24.10125996994565
2022-03-16_2022-03-16 10:17:43-04:00,2022-03-16 14:17:43+00:00,0.31971845402966187,24.10125996994565
2022-03-16_2022-03-16 10:17:47-04:00,2022-03-16 14:17:47+00:00,0.39290639889642165,24.10125996994565
2022-03-16_2022-03-16 10:17:52-04:00,2022-03-16 14:17:52+00:00,0.4018454541165558,24.10125996994565
2022-03-16_2022-03-16 10:17:54-04:00,2022-03-16 14:17:54+00:00,0.3952663607478045,24.10125996994565
2022-03-16_2022-03-16 10:17:56-04:00,2022-03-16 14:17:56+00:00,0.4018454541165558,24.10125996994565
2022-03-16_2022-03-16 10:18:01-04:00,2022-03-16 14:18:01+00:00,0.40184615268894125,24.10125996994565
2022-03-16_2022-03-16 10:18:05-04:00,2022-03-16 14:18:05+00:00,0.3981348398948018,24.10125996994565
2022-03-16_2022-03-16 10:18:11-04:00,2022-03-16 14:18:11+00:00,0.40184457772528054,24.10125996994565
2022-03-16_2022-03-16 10:18:13-04:00,2022-03-16 14:18:13+00:00,0.298810054508426,24.10125996994565
2022-03-16_2022-03-16 10:18:19-04:00,2022-03-16 14:18:19+00:00,0.3929053067647539,24.10125996994565
2022-03-16_2022-03-16 10:18:41-04:00,2022-03-16 14:18:41+00:00,0.39526764834080313,24.10125996994565
2022-03-16_2022-03-16 10:18:45-04:00,2022-03-16 14:18:45+00:00,0.40184457772528054,24.10125996994565
2022-03-16_2022-03-16 10:18:49-04:00,2022-03-16 14:18:49+00:00,0.39526764834080313,24.10125996994565
2022-03-16_2022-03-16 10:18:53-04:00,2022-03-16 14:18:53+00:00,0.3981348398948018,24.10125996994565
2022-03-16_2022-03-16 10:18:58-04:00,2022-03-16 14:18:58+00:00,0.3929053067647539,24.10125996994565
2022-03-16_2022-03-16 10:19:00-04:00,2022-03-16 14:19:00+00:00,0.298810054508426,24.10125996994565
2022-03-16_2022-03-16 10:19:02-04:00,2022-03-16 14:19:02+00:00,0.39290639889642165,24.10125996994565
2022-03-16_2022-03-16 10:19:35-04:00,2022-03-16 14:19:35+00:00,0.3929060234038527,24.10125996994565
2022-03-16_2022-03-16 10:19:38-04:00,2022-03-16 14:19:38+00:00,0.31971845402966187,24.10125996994565
2022-03-16_2022-03-16 10:19:47-04:00,2022-03-16 14:19:47+00:00,0.3952663607478045,24.10125996994565
2022-03-16_2022-03-16 10:20:47-04:00,2022-03-16 14:20:47+00:00,0.298810054508426,24.10125996994565
2022-03-16_2022-03-16 10:29:32-04:00,2022-03-16 14:29:32+00:00,0.39526764834080313,24.10125996994565
2022-03-16_2022-03-16 10:29:40-04:00,2022-03-16 14:29:40+00:00,0.31971845402966187,24.10125996994565
2022-03-16_2022-03-16 10:29:44-04:00,2022-03-16 14:29:44+00:00,0.39290639889642165,24.10125996994565
2022-03-18_2022-03-18 09:58:29-04:00,2022-03-18 13:58:29+00:00,0.4124720139120545,28.64299231882445
2022-03-18_2022-03-18 10:11:05-04:00,2022-03-18 14:11:05+00:00,0.3633706622338195,28.64299231882445
2022-03-18_2022-03-18 10:11:07-04:00,2022-03-18 14:11:07+00:00,0.4124700527838447,28.64299231882445
2022-03-18_2022-03-18 10:11:09-04:00,2022-03-18 14:11:09+00:00,0.4124710526312591,28.64299231882445
2022-03-18_2022-03-18 10:11:46-04:00,2022-03-18 14:11:46+00:00,0.4124710526312591,28.64299231882445
2022-03-18_2022-03-18 10:11:50-04:00,2022-03-18 14:11:50+00:00,0.4166725724004794,28.64299231882445
2022-03-18_2022-03-18 10:13:33-04:00,2022-03-18 14:13:33+00:00,0.4060994481188351,28.64299231882445
2022-03-18_2022-03-18 10:16:06-04:00,2022-03-18 14:16:06+00:00,0.4124710526312591,28.64299231882445
2022-03-18_2022-03-18 10:16:11-04:00,2022-03-18 14:16:11+00:00,0.3410386845037677,28.64299231882445
2022-03-18_2022-03-18 10:16:13-04:00,2022-03-18 14:16:13+00:00,0.4124700527838447,28.64299231882445
2022-03-18_2022-03-18 10:16:49-04:00,2022-03-18 14:16:49+00:00,0.41667416499658694,28.64299231882445
2022-03-18_2022-03-18 10:16:57-04:00,2022-03-18 14:16:57+00:00,0.4124700527838447,28.64299231882445
2022-03-18_2022-03-18 10:17:00-04:00,2022-03-18 14:17:00+00:00,0.4124710526312591,28.64299231882445
2022-03-18_2022-03-18 10:17:53-04:00,2022-03-18 14:17:53+00:00,0.4061022239635634,28.64299231882445
2022-03-21_2022-03-21 10:11:01-04:00,2022-03-21 14:11:01+00:00,0.41914748272451047,23.86002120890773
2022-03-21_2022-03-21 10:13:54-04:00,2022-03-21 14:13:54+00:00,0.8242769574172752,23.86002120890773
2022-03-21_2022-03-21 10:14:52-04:00,2022-03-21 14:14:52+00:00,0.8242769574172752,23.86002120890773
2022-03-21_2022-03-21 10:15:02-04:00,2022-03-21 14:15:02+00:00,0.4322394750784561,23.86002120890773
2022-03-21_2022-03-21 10:15:06-04:00,2022-03-21 14:15:06+00:00,0.42347642276151565,23.86002120890773
2022-03-21_2022-03-21 10:20:00-04:00,2022-03-21 14:20:00+00:00,0.42347642276151565,23.86002120890773
2022-03-23_2022-03-23 08:00:00-04:00,2022-03-23 12:00:00+00:00,0.3802800416246946,-16.394532693018103
2022-03-23_2022-03-23 08:01:09-04:00,2022-03-23 12:01:09+00:00,0.34619114411350455,-16.394532693018103
2022-03-23_2022-03-23 09:43:20-04:00,2022-03-23 13:43:20+00:00,0.3718056393956502,-16.394532693018103
2022-03-23_2022-03-23 09:43:24-04:00,2022-03-23 13:43:24+00:00,0.3802800416246946,-16.394532693018103
2022-03-23_2022-03-23 09:44:06-04:00,2022-03-23 13:44:06+00:00,0.34619114411350455,-16.394532693018103
2022-03-23_2022-03-23 09:44:12-04:00,2022-03-23 13:44:12+00:00,0.3718056393956502,-16.394532693018103
2022-03-23_2022-03-23 09:44:21-04:00,2022-03-23 13:44:21+00:00,0.3711930542921583,-16.394532693018103
2022-03-23_2022-03-23 09:44:26-04:00,2022-03-23 13:44:26+00:00,0.3718056393956502,-16.394532693018103
2022-03-23_2022-03-23 09:44:35-04:00,2022-03-23 13:44:35+00:00,0.3711930542921583,-16.394532693018103
2022-03-23_2022-03-23 09:46:03-04:00,2022-03-23 13:46:03+00:00,0.3802804494557887,-16.394532693018103
2022-03-23_2022-03-23 10:18:39-04:00,2022-03-23 14:18:39+00:00,0.36134311095380484,-16.394532693018103
2022-03-23_2022-03-23 10:19:20-04:00,2022-03-23 14:19:20+00:00,0.3802804494557887,-16.394532693018103
2022-03-23_2022-03-23 10:24:32-04:00,2022-03-23 14:24:32+00:00,0.37180620588719904,-16.394532693018103
2022-03-23_2022-03-23 10:27:51-04:00,2022-03-23 14:27:51+00:00,0.34619114411350455,-16.394532693018103
2022-03-24_2022-03-24 08:00:00-04:00,2022-03-24 12:00:00+00:00,0.1940540578486594,-20.532585844428866
2022-03-24_2022-03-24 08:02:17-04:00,2022-03-24 12:02:17+00:00,0.1940540578486594,-20.532585844428866
2022-03-24_2022-03-24 08:02:38-04:00,2022-03-24 12:02:38+00:00,0.19166720348573102,-20.532585844428866
2022-03-24_2022-03-24 08:03:18-04:00,2022-03-24 12:03:18+00:00,0.23414897264199663,-20.532585844428866
2022-03-24_2022-03-24 08:05:28-04:00,2022-03-24 12:05:28+00:00,0.2646699050049217,-20.532585844428866
2022-03-24_2022-03-24 08:23:15-04:00,2022-03-24 12:23:15+00:00,0.256982206159694,-20.532585844428866
2022-03-24_2022-03-24 08:48:03-04:00,2022-03-24 12:48:03+00:00,0.23414854829900092,-20.532585844428866
2022-03-24_2022-03-24 08:48:29-04:00,2022-03-24 12:48:29+00:00,0.1940540578486594,-20.532585844428866
2022-03-24_2022-03-24 08:48:59-04:00,2022-03-24 12:48:59+00:00,0.256982206159694,-20.532585844428866
2022-03-24_2022-03-24 09:04:41-04:00,2022-03-24 13:04:41+00:00,0.2569818796655147,-20.532585844428866
2022-03-24_2022-03-24 09:04:45-04:00,2022-03-24 13:04:45+00:00,0.25698190558060463,-20.532585844428866
2022-03-24_2022-03-24 09:04:57-04:00,2022-03-24 13:04:57+00:00,0.19563541046777805,-20.532585844428866
2022-03-24_2022-03-24 09:31:09-04:00,2022-03-24 13:31:09+00:00,0.22836768440382557,-20.532585844428866
2022-03-24_2022-03-24 09:31:13-04:00,2022-03-24 13:31:13+00:00,0.256982206159694,-20.532585844428866
2022-03-24_2022-03-24 09:31:19-04:00,2022-03-24 13:31:19+00:00,0.2074908056700378,-20.532585844428866
2022-03-24_2022-03-24 09:31:24-04:00,2022-03-24 13:31:24+00:00,0.256982206159694,-20.532585844428866
2022-03-24_2022-03-24 09:31:32-04:00,2022-03-24 13:31:32+00:00,0.256982206159694,-20.532585844428866
2022-03-24_2022-03-24 09:31:39-04:00,2022-03-24 13:31:39+00:00,0.2646705810551522,-20.532585844428866
2022-03-25_2022-03-25 09:53:38-04:00,2022-03-25 13:53:38+00:00,0.18675090458567037,-26.6019164330878
2022-03-25_2022-03-25 09:54:15-04:00,2022-03-25 13:54:15+00:00,0.19616996728676395,-26.6019164330878
2022-03-25_2022-03-25 10:00:18-04:00,2022-03-25 14:00:18+00:00,0.1961698855148587,-26.6019164330878
2022-03-25_2022-03-25 10:00:40-04:00,2022-03-25 14:00:40+00:00,0.19616996728676395,-26.6019164330878
2022-03-25_2022-03-25 10:02:32-04:00,2022-03-25 14:02:32+00:00,0.18675090458567037,-26.6019164330878
2022-03-25_2022-03-25 10:02:42-04:00,2022-03-25 14:02:42+00:00,0.1961698855148587,-26.6019164330878
2022-03-25_2022-03-25 10:03:07-04:00,2022-03-25 14:03:07+00:00,0.22673145744105583,-26.6019164330878
2022-03-25_2022-03-25 10:03:29-04:00,2022-03-25 14:03:29+00:00,0.15252249953342062,-26.6019164330878
2022-03-25_2022-03-25 10:03:41-04:00,2022-03-25 14:03:41+00:00,0.22673184949160044,-26.6019164330878
2022-03-25_2022-03-25 10:04:54-04:00,2022-03-25 14:04:54+00:00,0.22673145744105583,-26.6019164330878
2022-03-25_2022-03-25 10:05:49-04:00,2022-03-25 14:05:49+00:00,0.1961698855148587,-26.6019164330878
2022-03-25_2022-03-25 10:05:51-04:00,2022-03-25 14:05:51+00:00,0.1961698855148587,-26.6019164330878
2022-03-25_2022-03-25 10:05:54-04:00,2022-03-25 14:05:54+00:00,0.22673145744105583,-26.6019164330878
2022-03-25_2022-03-25 10:06:00-04:00,2022-03-25 14:06:00+00:00,0.15252249953342062,-26.6019164330878
2022-03-25_2022-03-25 10:06:12-04:00,2022-03-25 14:06:12+00:00,0.21977629768967052,-26.6019164330878
2022-03-25_2022-03-25 10:11:58-04:00,2022-03-25 14:11:58+00:00,0.15252249953342062,-26.6019164330878
2022-03-25_2022-03-25 10:12:01-04:00,2022-03-25 14:12:01+00:00,0.2197758817953482,-26.6019164330878
2022-03-25_2022-03-25 10:22:52-04:00,2022-03-25 14:22:52+00:00,0.22673145744105583,-26.6019164330878
2022-03-25_2022-03-25 10:22:54-04:00,2022-03-25 14:22:54+00:00,0.1961698855148587,-26.6019164330878
2022-03-28_2022-03-28 09:58:04-04:00,2022-03-28 13:58:04+00:00,0.1442895265460508,-39.31758530183728
2022-03-28_2022-03-28 10:04:30-04:00,2022-03-28 14:04:30+00:00,0.10445830435958287,-39.31758530183728
2022-03-28_2022-03-28 10:04:34-04:00,2022-03-28 14:04:34+00:00,0.29420305167662186,-39.31758530183728
2022-03-28_2022-03-28 10:07:04-04:00,2022-03-28 14:07:04+00:00,0.309128957458455,-39.31758530183728
2022-03-28_2022-03-28 10:07:29-04:00,2022-03-28 14:07:29+00:00,0.309128957458455,-39.31758530183728
2022-03-28_2022-03-28 10:07:48-04:00,2022-03-28 14:07:48+00:00,0.309128957458455,-39.31758530183728
2022-03-28_2022-03-28 10:07:52-04:00,2022-03-28 14:07:52+00:00,0.1442895265460508,-39.31758530183728
2022-03-28_2022-03-28 10:08:02-04:00,2022-03-28 14:08:02+00:00,0.10445830435958287,-39.31758530183728
2022-03-28_2022-03-28 10:08:50-04:00,2022-03-28 14:08:50+00:00,0.1442895265460508,-39.31758530183728
2022-03-28_2022-03-28 10:09:00-04:00,2022-03-28 14:09:00+00:00,0.1442895265460508,-39.31758530183728
2022-03-28_2022-03-28 10:09:02-04:00,2022-03-28 14:09:02+00:00,0.141099255052243,-39.31758530183728
2022-03-28_2022-03-28 10:09:04-04:00,2022-03-28 14:09:04+00:00,0.1442895265460508,-39.31758530183728
2022-03-28_2022-03-28 10:09:11-04:00,2022-03-28 14:09:11+00:00,0.12164960782337793,-39.31758530183728
2022-03-28_2022-03-28 10:09:16-04:00,2022-03-28 14:09:16+00:00,0.10445830435958287,-39.31758530183728
2022-03-28_2022-03-28 10:09:19-04:00,2022-03-28 14:09:19+00:00,0.10445830435958287,-39.31758530183728
2022-03-28_2022-03-28 10:09:27-04:00,2022-03-28 14:09:27+00:00,0.1411002836408694,-39.31758530183728
2022-03-28_2022-03-28 10:16:44-04:00,2022-03-28 14:16:44+00:00,0.309128957458455,-39.31758530183728
2022-03-28_2022-03-28 10:17:06-04:00,2022-03-28 14:17:06+00:00,0.309128957458455,-39.31758530183728
2022-03-28_2022-03-28 10:19:23-04:00,2022-03-28 14:19:23+00:00,0.14109980993198543,-39.31758530183728
2022-03-28_2022-03-28 10:19:26-04:00,2022-03-28 14:19:26+00:00,0.14109980993198543,-39.31758530183728
2022-03-28_2022-03-28 10:19:32-04:00,2022-03-28 14:19:32+00:00,0.10445830435958287,-39.31758530183728
2022-03-28_2022-03-28 10:20:11-04:00,2022-03-28 14:20:11+00:00,0.12164960782337793,-39.31758530183728
2022-03-28_2022-03-28 10:20:19-04:00,2022-03-28 14:20:19+00:00,0.309128957458455,-39.31758530183728
2022-03-28_2022-03-28 10:20:25-04:00,2022-03-28 14:20:25+00:00,0.12164960782337793,-39.31758530183728
2022-03-28_2022-03-28 10:22:06-04:00,2022-03-28 14:22:06+00:00,0.1442895265460508,-39.31758530183728
2022-03-28_2022-03-28 10:22:16-04:00,2022-03-28 14:22:16+00:00,0.14109980993198543,-39.31758530183728
2022-03-28_2022-03-28 10:22:18-04:00,2022-03-28 14:22:18+00:00,0.14428901713054615,-39.31758530183728
2022-03-28_2022-03-28 10:22:22-04:00,2022-03-28 14:22:22+00:00,0.14109980993198543,-39.31758530183728
2022-03-28_2022-03-28 10:22:25-04:00,2022-03-28 14:22:25+00:00,0.10445830435958287,-39.31758530183728
2022-03-28_2022-03-28 10:22:28-04:00,2022-03-28 14:22:28+00:00,0.10445830435958287,-39.31758530183728
2022-03-28_2022-03-28 10:22:32-04:00,2022-03-28 14:22:32+00:00,0.10445830435958287,-39.31758530183728
2022-03-28_2022-03-28 10:22:38-04:00,2022-03-28 14:22:38+00:00,0.1442895265460508,-39.31758530183728
2022-03-29_2022-03-29 08:00:00-04:00,2022-03-29 12:00:00+00:00,0.0259778875809583,-39.09035375131893
2022-03-29_2022-03-29 09:43:50-04:00,2022-03-29 13:43:50+00:00,0.050564331981051425,-39.09035375131893
2022-03-29_2022-03-29 09:44:03-04:00,2022-03-29 13:44:03+00:00,0.08391156635031997,-39.09035375131893
2022-03-29_2022-03-29 09:44:14-04:00,2022-03-29 13:44:14+00:00,0.050564331981051425,-39.09035375131893
2022-03-29_2022-03-29 09:44:36-04:00,2022-03-29 13:44:36+00:00,0.02790885559747554,-39.09035375131893
2022-03-29_2022-03-29 09:45:00-04:00,2022-03-29 13:45:00+00:00,0.08148378362940097,-39.09035375131893
2022-03-29_2022-03-29 09:45:08-04:00,2022-03-29 13:45:08+00:00,0.05056444699695687,-39.09035375131893
2022-03-29_2022-03-29 09:48:15-04:00,2022-03-29 13:48:15+00:00,0.0505644072774364,-39.09035375131893
2022-03-29_2022-03-29 09:48:40-04:00,2022-03-29 13:48:40+00:00,0.02790885559747554,-39.09035375131893
2022-03-29_2022-03-29 09:48:57-04:00,2022-03-29 13:48:57+00:00,0.08391156635031997,-39.09035375131893
2022-03-29_2022-03-29 09:50:43-04:00,2022-03-29 13:50:43+00:00,0.02790885559747554,-39.09035375131893
2022-03-29_2022-03-29 09:50:52-04:00,2022-03-29 13:50:52+00:00,0.08148378362940097,-39.09035375131893
2022-03-29_2022-03-29 09:50:55-04:00,2022-03-29 13:50:55+00:00,0.08148378362940097,-39.09035375131893
2022-03-29_2022-03-29 09:51:18-04:00,2022-03-29 13:51:18+00:00,0.08148396515661839,-39.09035375131893
2022-03-29_2022-03-29 09:53:13-04:00,2022-03-29 13:53:13+00:00,0.050564331981051425,-39.09035375131893
2022-03-29_2022-03-29 09:53:16-04:00,2022-03-29 13:53:16+00:00,0.06421367006047798,-39.09035375131893
2022-03-29_2022-03-29 09:53:19-04:00,2022-03-29 13:53:19+00:00,0.06421367006047798,-39.09035375131893
2022-03-29_2022-03-29 09:53:21-04:00,2022-03-29 13:53:21+00:00,0.02790885559747554,-39.09035375131893
2022-03-29_2022-03-29 09:55:29-04:00,2022-03-29 13:55:29+00:00,0.08391156635031997,-39.09035375131893
2022-03-29_2022-03-29 09:55:39-04:00,2022-03-29 13:55:39+00:00,0.08148378362940097,-39.09035375131893
2022-03-30_2022-03-30 08:00:01-04:00,2022-03-30 12:00:01+00:00,0.03973881747201333,-34.47223917022575
2022-03-30_2022-03-30 08:18:31-04:00,2022-03-30 12:18:31+00:00,0.05231337079268759,-34.47223917022575
2022-03-30_2022-03-30 08:18:57-04:00,2022-03-30 12:18:57+00:00,0.02847720449615146,-34.47223917022575
2022-03-30_2022-03-30 08:21:48-04:00,2022-03-30 12:21:48+00:00,0.011221252912768242,-34.47223917022575
2022-03-30_2022-03-30 08:22:19-04:00,2022-03-30 12:22:19+00:00,0.053667174061349375,-34.47223917022575
2022-03-30_2022-03-30 08:35:08-04:00,2022-03-30 12:35:08+00:00,0.039738799919489906,-34.47223917022575
2022-03-30_2022-03-30 09:30:59-04:00,2022-03-30 13:30:59+00:00,0.012189713661379211,-34.47223917022575
2022-03-30_2022-03-30 09:33:29-04:00,2022-03-30 13:33:29+00:00,0.0397388902189924,-34.47223917022575
2022-03-30_2022-03-30 10:16:23-04:00,2022-03-30 14:16:23+00:00,0.0397388902189924,-34.47223917022575
2022-03-30_2022-03-30 10:16:25-04:00,2022-03-30 14:16:25+00:00,0.03973868466383547,-34.47223917022575
2022-03-30_2022-03-30 10:16:30-04:00,2022-03-30 14:16:30+00:00,0.028477385776109754,-34.47223917022575
2022-03-30_2022-03-30 10:16:32-04:00,2022-03-30 14:16:32+00:00,0.011365289732604993,-34.47223917022575
2022-03-30_2022-03-30 10:18:57-04:00,2022-03-30 14:18:57+00:00,0.0523134488357722,-34.47223917022575
2022-03-30_2022-03-30 10:19:00-04:00,2022-03-30 14:19:00+00:00,0.0523134488357722,-34.47223917022575
2022-03-30_2022-03-30 10:19:30-04:00,2022-03-30 14:19:30+00:00,0.0523134488357722,-34.47223917022575
2022-03-30_2022-03-30 10:19:34-04:00,2022-03-30 14:19:34+00:00,0.012189713661379211,-34.47223917022575
2022-03-30_2022-03-30 10:19:36-04:00,2022-03-30 14:19:36+00:00,0.011333647178684103,-34.47223917022575
2022-03-31_2022-03-31 09:31:56-04:00,2022-03-31 13:31:56+00:00,0.060491880316096654,-48.81808838643372
2022-03-31_2022-03-31 09:31:59-04:00,2022-03-31 13:31:59+00:00,0.060491880316096654,-48.81808838643372
2022-03-31_2022-03-31 09:32:01-04:00,2022-03-31 13:32:01+00:00,0.013890598074586641,-48.81808838643372
2022-03-31_2022-03-31 09:32:25-04:00,2022-03-31 13:32:25+00:00,0.060491880316096654,-48.81808838643372
2022-03-31_2022-03-31 09:32:39-04:00,2022-03-31 13:32:39+00:00,0.04664301194946774,-48.81808838643372
2022-03-31_2022-03-31 09:32:55-04:00,2022-03-31 13:32:55+00:00,0.06049210246294752,-48.81808838643372
2022-03-31_2022-03-31 09:41:06-04:00,2022-03-31 13:41:06+00:00,0.06049162010416665,-48.81808838643372
2022-03-31_2022-03-31 09:41:09-04:00,2022-03-31 13:41:09+00:00,0.03502230158069516,-48.81808838643372
2022-03-31_2022-03-31 09:41:14-04:00,2022-03-31 13:41:14+00:00,0.06220877465243516,-48.81808838643372
2022-03-31_2022-03-31 09:41:22-04:00,2022-03-31 13:41:22+00:00,0.04664301194946774,-48.81808838643372
2022-03-31_2022-03-31 10:15:19-04:00,2022-03-31 14:15:19+00:00,0.060491880316096654,-48.81808838643372
2022-03-31_2022-03-31 10:15:30-04:00,2022-03-31 14:15:30+00:00,0.04664301194946774,-48.81808838643372
2022-03-31_2022-03-31 10:15:34-04:00,2022-03-31 14:15:34+00:00,0.06220877465243516,-48.81808838643372
2022-03-31_2022-03-31 10:15:38-04:00,2022-03-31 14:15:38+00:00,0.04664301194946774,-48.81808838643372
2022-03-31_2022-03-31 10:15:40-04:00,2022-03-31 14:15:40+00:00,0.06220877465243516,-48.81808838643372
2022-03-31_2022-03-31 10:16:05-04:00,2022-03-31 14:16:05+00:00,0.060491880316096654,-48.81808838643372
2022-03-31_2022-03-31 10:16:07-04:00,2022-03-31 14:16:07+00:00,0.06220877465243516,-48.81808838643372
2022-03-31_2022-03-31 10:18:27-04:00,2022-03-31 14:18:27+00:00,0.012952647046661617,-48.81808838643372
2022-03-31_2022-03-31 10:21:08-04:00,2022-03-31 14:21:08+00:00,0.06049179085092819,-48.81808838643372
2022-04-01_2022-04-01 08:00:00-04:00,2022-04-01 12:00:00+00:00,0.04877729949510237,-38.47471102684851
2022-04-01_2022-04-01 09:36:21-04:00,2022-04-01 13:36:21+00:00,0.036608389739656744,-38.47471102684851
2022-04-01_2022-04-01 09:37:09-04:00,2022-04-01 13:37:09+00:00,0.036608389739656744,-38.47471102684851
2022-04-01_2022-04-01 09:37:47-04:00,2022-04-01 13:37:47+00:00,0.012522544738232649,-38.47471102684851
2022-04-01_2022-04-01 09:38:06-04:00,2022-04-01 13:38:06+00:00,0.036608389739656744,-38.47471102684851
2022-04-01_2022-04-01 09:39:56-04:00,2022-04-01 13:39:56+00:00,0.036608334424114576,-38.47471102684851
2022-04-04_2022-04-04 08:00:00-04:00,2022-04-04 12:00:00+00:00,0.09983811733048778,-42.02212624977815
2022-04-04_2022-04-04 09:32:21-04:00,2022-04-04 13:32:21+00:00,0.10665802326674652,-42.02212624977815
2022-04-04_2022-04-04 09:32:28-04:00,2022-04-04 13:32:28+00:00,0.056427542822145835,-42.02212624977815
2022-04-04_2022-04-04 09:32:46-04:00,2022-04-04 13:32:46+00:00,0.056427542822145835,-42.02212624977815
2022-04-04_2022-04-04 09:32:51-04:00,2022-04-04 13:32:51+00:00,0.07672604344715632,-42.02212624977815
2022-04-04_2022-04-04 09:32:54-04:00,2022-04-04 13:32:54+00:00,0.056427542822145835,-42.02212624977815
2022-04-04_2022-04-04 09:32:57-04:00,2022-04-04 13:32:57+00:00,0.04586345423091971,-42.02212624977815
2022-04-04_2022-04-04 09:33:03-04:00,2022-04-04 13:33:03+00:00,0.07332801936220627,-42.02212624977815
2022-04-04_2022-04-04 09:33:14-04:00,2022-04-04 13:33:14+00:00,0.04586345423091971,-42.02212624977815
2022-04-04_2022-04-04 09:33:20-04:00,2022-04-04 13:33:20+00:00,0.07332801936220627,-42.02212624977815
2022-04-04_2022-04-04 09:34:12-04:00,2022-04-04 13:34:12+00:00,0.056427542822145835,-42.02212624977815
2022-04-04_2022-04-04 09:38:39-04:00,2022-04-04 13:38:39+00:00,0.056427542822145835,-42.02212624977815
2022-04-04_2022-04-04 09:39:08-04:00,2022-04-04 13:39:08+00:00,0.07332801936220627,-42.02212624977815
2022-04-04_2022-04-04 09:39:17-04:00,2022-04-04 13:39:17+00:00,0.07332801936220627,-42.02212624977815
2022-04-04_2022-04-04 09:39:46-04:00,2022-04-04 13:39:46+00:00,0.056427542822145835,-42.02212624977815
2022-04-04_2022-04-04 09:39:51-04:00,2022-04-04 13:39:51+00:00,0.10009184075137008,-42.02212624977815
2022-04-04_2022-04-04 09:44:44-04:00,2022-04-04 13:44:44+00:00,0.10665802326674652,-42.02212624977815
2022-04-04_2022-04-04 09:45:09-04:00,2022-04-04 13:45:09+00:00,0.04586345423091971,-42.02212624977815
2022-04-04_2022-04-04 09:45:26-04:00,2022-04-04 13:45:26+00:00,0.056427542822145835,-42.02212624977815
2022-04-04_2022-04-04 09:45:30-04:00,2022-04-04 13:45:30+00:00,0.05642725601515327,-42.02212624977815
2022-04-04_2022-04-04 09:45:33-04:00,2022-04-04 13:45:33+00:00,0.07332801936220627,-42.02212624977815
2022-04-04_2022-04-04 09:45:41-04:00,2022-04-04 13:45:41+00:00,0.04586345423091971,-42.02212624977815
2022-04-04_2022-04-04 09:46:36-04:00,2022-04-04 13:46:36+00:00,0.04586345423091971,-42.02212624977815
2022-04-04_2022-04-04 09:50:18-04:00,2022-04-04 13:50:18+00:00,0.07332791239458035,-42.02212624977815
2022-04-05_2022-04-05 08:00:00-04:00,2022-04-05 12:00:00+00:00,0.08310942841457183,-32.74951706374759
2022-04-05_2022-04-05 09:30:45-04:00,2022-04-05 13:30:45+00:00,0.11384295991907165,-32.74951706374759
2022-04-05_2022-04-05 09:30:48-04:00,2022-04-05 13:30:48+00:00,0.09529762550567432,-32.74951706374759
2022-04-05_2022-04-05 09:30:54-04:00,2022-04-05 13:30:54+00:00,0.11384295991907165,-32.74951706374759
2022-04-05_2022-04-05 09:30:56-04:00,2022-04-05 13:30:56+00:00,0.11384295991907165,-32.74951706374759
2022-04-05_2022-04-05 09:30:59-04:00,2022-04-05 13:30:59+00:00,0.0831093088970661,-32.74951706374759
2022-04-05_2022-04-05 09:31:01-04:00,2022-04-05 13:31:01+00:00,0.11384295991907165,-32.74951706374759
2022-04-05_2022-04-05 09:31:10-04:00,2022-04-05 13:31:10+00:00,0.0831093088970661,-32.74951706374759
2022-04-05_2022-04-05 09:31:15-04:00,2022-04-05 13:31:15+00:00,0.026951042003457826,-32.74951706374759
2022-04-05_2022-04-05 09:32:00-04:00,2022-04-05 13:32:00+00:00,0.11384295991907165,-32.74951706374759
2022-04-05_2022-04-05 09:32:45-04:00,2022-04-05 13:32:45+00:00,0.0831093088970661,-32.74951706374759
2022-04-05_2022-04-05 09:32:49-04:00,2022-04-05 13:32:49+00:00,0.02964099625637166,-32.74951706374759
2022-04-05_2022-04-05 09:33:06-04:00,2022-04-05 13:33:06+00:00,0.0831093088970661,-32.74951706374759
2022-04-05_2022-04-05 09:33:09-04:00,2022-04-05 13:33:09+00:00,0.11384295991907165,-32.74951706374759
2022-04-05_2022-04-05 09:33:13-04:00,2022-04-05 13:33:13+00:00,0.09529762550567432,-32.74951706374759
2022-04-05_2022-04-05 09:33:20-04:00,2022-04-05 13:33:20+00:00,0.11384295991907165,-32.74951706374759
2022-04-05_2022-04-05 09:33:29-04:00,2022-04-05 13:33:29+00:00,0.11384295991907165,-32.74951706374759
2022-04-05_2022-04-05 09:33:39-04:00,2022-04-05 13:33:39+00:00,0.09529762550567432,-32.74951706374759
2022-04-05_2022-04-05 09:34:52-04:00,2022-04-05 13:34:52+00:00,0.11384295991907165,-32.74951706374759
2022-04-05_2022-04-05 09:34:57-04:00,2022-04-05 13:34:57+00:00,0.11384295991907165,-32.74951706374759
2022-04-05_2022-04-05 09:35:02-04:00,2022-04-05 13:35:02+00:00,0.11842981522037349,-32.74951706374759
2022-04-05_2022-04-05 09:35:29-04:00,2022-04-05 13:35:29+00:00,0.11384295991907165,-32.74951706374759
2022-04-05_2022-04-05 09:35:36-04:00,2022-04-05 13:35:36+00:00,0.0831088095940954,-32.74951706374759
2022-04-05_2022-04-05 09:35:39-04:00,2022-04-05 13:35:39+00:00,0.02964099625637166,-32.74951706374759
2022-04-05_2022-04-05 09:35:42-04:00,2022-04-05 13:35:42+00:00,0.09529762550567432,-32.74951706374759
2022-04-05_2022-04-05 09:35:55-04:00,2022-04-05 13:35:55+00:00,0.02964099625637166,-32.74951706374759
2022-04-05_2022-04-05 09:36:06-04:00,2022-04-05 13:36:06+00:00,0.11384249802056419,-32.74951706374759
2022-04-05_2022-04-05 09:37:28-04:00,2022-04-05 13:37:28+00:00,0.11384320460025509,-32.74951706374759
2022-04-05_2022-04-05 09:40:17-04:00,2022-04-05 13:40:17+00:00,0.11384295991907165,-32.74951706374759
2022-04-05_2022-04-05 09:40:46-04:00,2022-04-05 13:40:46+00:00,0.02964099625637166,-32.74951706374759
2022-04-05_2022-04-05 09:40:48-04:00,2022-04-05 13:40:48+00:00,0.0952974611450644,-32.74951706374759
2022-04-05_2022-04-05 09:40:53-04:00,2022-04-05 13:40:53+00:00,0.09529762550567432,-32.74951706374759
2022-04-05_2022-04-05 09:40:57-04:00,2022-04-05 13:40:57+00:00,0.026951042003457826,-32.74951706374759
2022-04-05_2022-04-05 09:40:59-04:00,2022-04-05 13:40:59+00:00,0.09529716108532382,-32.74951706374759
2022-04-05_2022-04-05 09:41:02-04:00,2022-04-05 13:41:02+00:00,0.09529762550567432,-32.74951706374759
2022-04-05_2022-04-05 09:41:12-04:00,2022-04-05 13:41:12+00:00,0.11384278741873784,-32.74951706374759
2022-04-06_2022-04-06 10:15:13-04:00,2022-04-06 14:15:13+00:00,0.1806538279496995,-30.0
2022-04-06_2022-04-06 10:20:03-04:00,2022-04-06 14:20:03+00:00,0.202098278840442,-30.0
2022-04-06_2022-04-06 10:20:19-04:00,2022-04-06 14:20:19+00:00,0.18065375119199775,-30.0
2022-04-06_2022-04-06 10:20:26-04:00,2022-04-06 14:20:26+00:00,0.17162440841582005,-30.0
2022-04-07_2022-04-07 08:00:00-04:00,2022-04-07 12:00:00+00:00,0.20313778398689256,-32.74594236502153
2022-04-07_2022-04-07 09:35:27-04:00,2022-04-07 13:35:27+00:00,0.07740745782643821,-32.74594236502153
2022-04-07_2022-04-07 09:35:32-04:00,2022-04-07 13:35:32+00:00,0.22298297333497114,-32.74594236502153
2022-04-07_2022-04-07 09:37:38-04:00,2022-04-07 13:37:38+00:00,0.07740745782643821,-32.74594236502153
2022-04-07_2022-04-07 09:37:45-04:00,2022-04-07 13:37:45+00:00,0.22298297333497114,-32.74594236502153
2022-04-07_2022-04-07 09:37:50-04:00,2022-04-07 13:37:50+00:00,0.229420972394493,-32.74594236502153
2022-04-07_2022-04-07 09:37:54-04:00,2022-04-07 13:37:54+00:00,0.21032630293419155,-32.74594236502153
2022-04-07_2022-04-07 09:39:32-04:00,2022-04-07 13:39:32+00:00,0.22298297333497114,-32.74594236502153
2022-04-07_2022-04-07 09:40:05-04:00,2022-04-07 13:40:05+00:00,0.22942170178805654,-32.74594236502153
2022-04-07_2022-04-07 09:40:12-04:00,2022-04-07 13:40:12+00:00,0.22298297333497114,-32.74594236502153
2022-04-07_2022-04-07 09:40:21-04:00,2022-04-07 13:40:21+00:00,0.22942146288826304,-32.74594236502153
2022-04-07_2022-04-07 09:43:20-04:00,2022-04-07 13:43:20+00:00,0.22942146288826304,-32.74594236502153
2022-04-07_2022-04-07 09:54:40-04:00,2022-04-07 13:54:40+00:00,0.229420972394493,-32.74594236502153
2022-04-08_2022-04-08 08:00:00-04:00,2022-04-08 12:00:00+00:00,0.23732887093284824,-30.69716175254892
2022-04-08_2022-04-08 09:02:24-04:00,2022-04-08 13:02:24+00:00,0.23732789591706988,-30.69716175254892
2022-04-08_2022-04-08 09:03:00-04:00,2022-04-08 13:03:00+00:00,0.23732844261283728,-30.69716175254892
2022-04-08_2022-04-08 09:03:07-04:00,2022-04-08 13:03:07+00:00,0.08507143428687479,-30.69716175254892
2022-04-08_2022-04-08 09:03:55-04:00,2022-04-08 13:03:55+00:00,0.2471572553564972,-30.69716175254892
2022-04-08_2022-04-08 09:06:20-04:00,2022-04-08 13:06:20+00:00,0.2534879304600167,-30.69716175254892
2022-04-08_2022-04-08 09:06:58-04:00,2022-04-08 13:06:58+00:00,0.24715723010259952,-30.69716175254892
2022-04-08_2022-04-08 09:30:34-04:00,2022-04-08 13:30:34+00:00,0.24715754826667927,-30.69716175254892
2022-04-08_2022-04-08 09:30:38-04:00,2022-04-08 13:30:38+00:00,0.23169135476941732,-30.69716175254892
2022-04-08_2022-04-08 09:30:41-04:00,2022-04-08 13:30:41+00:00,0.23732887093284824,-30.69716175254892
2022-04-08_2022-04-08 09:30:43-04:00,2022-04-08 13:30:43+00:00,0.24715754826667927,-30.69716175254892
2022-04-08_2022-04-08 09:30:52-04:00,2022-04-08 13:30:52+00:00,0.25348818617662006,-30.69716175254892
2022-04-08_2022-04-08 09:30:59-04:00,2022-04-08 13:30:59+00:00,0.23732887093284824,-30.69716175254892
2022-04-08_2022-04-08 09:31:07-04:00,2022-04-08 13:31:07+00:00,0.24715754826667927,-30.69716175254892
2022-04-08_2022-04-08 09:32:03-04:00,2022-04-08 13:32:03+00:00,0.23169252116110095,-30.69716175254892
2022-04-08_2022-04-08 10:28:01-04:00,2022-04-08 14:28:01+00:00,0.23169252116110095,-30.69716175254892
2022-04-08_2022-04-08 10:28:33-04:00,2022-04-08 14:28:33+00:00,0.24715754826667927,-30.69716175254892
2022-04-08_2022-04-08 10:28:53-04:00,2022-04-08 14:28:53+00:00,0.2471572553564972,-30.69716175254892
2022-04-08_2022-04-08 10:28:59-04:00,2022-04-08 14:28:59+00:00,0.2534879304600167,-30.69716175254892
2022-04-08_2022-04-08 10:29:18-04:00,2022-04-08 14:29:18+00:00,0.24715754826667927,-30.69716175254892
2022-04-08_2022-04-08 10:29:24-04:00,2022-04-08 14:29:24+00:00,0.23732887093284824,-30.69716175254892
2022-04-08_2022-04-08 10:29:47-04:00,2022-04-08 14:29:47+00:00,0.23169252116110095,-30.69716175254892
2022-04-12_2022-04-12 10:06:00-04:00,2022-04-12 14:06:00+00:00,0.2976383827755191,-24.4564091944502
2022-04-12_2022-04-12 10:07:44-04:00,2022-04-12 14:07:44+00:00,0.11967991402041035,-24.4564091944502
2022-04-12_2022-04-12 10:10:17-04:00,2022-04-12 14:10:17+00:00,0.11113224262439898,-24.4564091944502
2022-04-12_2022-04-12 10:10:19-04:00,2022-04-12 14:10:19+00:00,0.29634430187868377,-24.4564091944502
2022-04-12_2022-04-12 10:10:24-04:00,2022-04-12 14:10:24+00:00,0.2963450276140695,-24.4564091944502
2022-04-12_2022-04-12 10:10:26-04:00,2022-04-12 14:10:26+00:00,0.28904970834832616,-24.4564091944502
2022-04-12_2022-04-12 10:10:29-04:00,2022-04-12 14:10:29+00:00,0.2976381240656829,-24.4564091944502
2022-04-12_2022-04-12 10:10:31-04:00,2022-04-12 14:10:31+00:00,0.2941435688490402,-24.4564091944502
2022-04-12_2022-04-12 10:13:22-04:00,2022-04-12 14:13:22+00:00,0.2976383827755191,-24.4564091944502
2022-04-12_2022-04-12 10:13:42-04:00,2022-04-12 14:13:42+00:00,0.28904970834832616,-24.4564091944502
2022-04-12_2022-04-12 10:13:45-04:00,2022-04-12 14:13:45+00:00,0.2941435688490402,-24.4564091944502
2022-04-12_2022-04-12 10:14:07-04:00,2022-04-12 14:14:07+00:00,0.2941432138322147,-24.4564091944502
2022-04-12_2022-04-12 10:14:10-04:00,2022-04-12 14:14:10+00:00,0.2890500306599134,-24.4564091944502
2022-04-12_2022-04-12 10:19:30-04:00,2022-04-12 14:19:30+00:00,0.2941435688490402,-24.4564091944502
2022-04-12_2022-04-12 10:20:57-04:00,2022-04-12 14:20:57+00:00,0.10962658837810559,-24.4564091944502
2022-04-12_2022-04-12 10:20:59-04:00,2022-04-12 14:20:59+00:00,0.2890491111063432,-24.4564091944502
2022-04-12_2022-04-12 10:21:03-04:00,2022-04-12 14:21:03+00:00,0.29634430187868377,-24.4564091944502
2022-04-12_2022-04-12 10:21:14-04:00,2022-04-12 14:21:14+00:00,0.29763752027277723,-24.4564091944502
2022-04-12_2022-04-12 10:21:18-04:00,2022-04-12 14:21:18+00:00,0.28904970834832616,-24.4564091944502
2022-04-12_2022-04-12 10:21:50-04:00,2022-04-12 14:21:50+00:00,0.11967991402041035,-24.4564091944502
2022-04-12_2022-04-12 10:22:14-04:00,2022-04-12 14:22:14+00:00,0.29634493169770615,-24.4564091944502
2022-04-12_2022-04-12 10:22:20-04:00,2022-04-12 14:22:20+00:00,0.29634542514217904,-24.4564091944502
2022-04-12_2022-04-12 10:22:23-04:00,2022-04-12 14:22:23+00:00,0.10974294124224125,-24.4564091944502
2022-04-12_2022-04-12 10:24:59-04:00,2022-04-12 14:24:59+00:00,0.29634542514217904,-24.4564091944502
2022-04-12_2022-04-12 10:25:03-04:00,2022-04-12 14:25:03+00:00,0.28904970834832616,-24.4564091944502
2022-04-12_2022-04-12 10:25:38-04:00,2022-04-12 14:25:38+00:00,0.28904970834832616,-24.4564091944502
2022-04-12_2022-04-12 10:25:53-04:00,2022-04-12 14:25:53+00:00,0.28904970834832616,-24.4564091944502
2022-04-12_2022-04-12 10:25:59-04:00,2022-04-12 14:25:59+00:00,0.28904970834832616,-24.4564091944502
2022-04-12_2022-04-12 10:26:05-04:00,2022-04-12 14:26:05+00:00,0.11113224262439898,-24.4564091944502
2022-04-12_2022-04-12 10:26:11-04:00,2022-04-12 14:26:11+00:00,0.2976383827755191,-24.4564091944502
2022-04-12_2022-04-12 10:26:38-04:00,2022-04-12 14:26:38+00:00,0.2890491173757039,-24.4564091944502
2022-04-12_2022-04-12 10:26:42-04:00,2022-04-12 14:26:42+00:00,0.2890483618392852,-24.4564091944502
2022-04-12_2022-04-12 10:26:48-04:00,2022-04-12 14:26:48+00:00,0.29414261823159493,-24.4564091944502
2022-04-12_2022-04-12 10:26:53-04:00,2022-04-12 14:26:53+00:00,0.10962658837810559,-24.4564091944502
2022-04-12_2022-04-12 10:26:56-04:00,2022-04-12 14:26:56+00:00,0.28904970834832616,-24.4564091944502
2022-04-12_2022-04-12 10:27:00-04:00,2022-04-12 14:27:00+00:00,0.2890491173757039,-24.4564091944502
2022-04-12_2022-04-12 10:27:03-04:00,2022-04-12 14:27:03+00:00,0.29634430187868377,-24.4564091944502
2022-04-12_2022-04-12 10:27:07-04:00,2022-04-12 14:27:07+00:00,0.28904970834832616,-24.4564091944502
2022-04-12_2022-04-12 10:27:28-04:00,2022-04-12 14:27:28+00:00,0.29634430187868377,-24.4564091944502
2022-04-12_2022-04-12 10:27:35-04:00,2022-04-12 14:27:35+00:00,0.2890491111063432,-24.4564091944502
2022-04-12_2022-04-12 10:27:38-04:00,2022-04-12 14:27:38+00:00,0.28904970834832616,-24.4564091944502
2022-04-12_2022-04-12 10:29:21-04:00,2022-04-12 14:29:21+00:00,0.29414261823159493,-24.4564091944502
2022-04-12_2022-04-12 10:29:32-04:00,2022-04-12 14:29:32+00:00,0.2941435688490402,-24.4564091944502
2022-04-12_2022-04-12 10:29:44-04:00,2022-04-12 14:29:44+00:00,0.29634542514217904,-24.4564091944502
2022-04-12_2022-04-12 10:29:48-04:00,2022-04-12 14:29:48+00:00,0.29634542514217904,-24.4564091944502
2022-04-13_2022-04-13 10:15:49-04:00,2022-04-13 14:15:49+00:00,0.2973168448233555,-29.791902134166616
2022-04-13_2022-04-13 10:16:02-04:00,2022-04-13 14:16:02+00:00,0.30206075775418667,-29.791902134166616
2022-04-13_2022-04-13 10:16:05-04:00,2022-04-13 14:16:05+00:00,0.3020597924993476,-29.791902134166616
2022-04-13_2022-04-13 10:16:09-04:00,2022-04-13 14:16:09+00:00,0.30206039727090006,-29.791902134166616
2022-04-13_2022-04-13 10:16:11-04:00,2022-04-13 14:16:11+00:00,0.30494553442192635,-29.791902134166616
2022-04-13_2022-04-13 10:16:15-04:00,2022-04-13 14:16:15+00:00,0.12916072210274898,-29.791902134166616
2022-04-14_2022-04-14 10:23:48-04:00,2022-04-14 14:23:48+00:00,0.31678405200058024,-30.86092715231788
2022-04-14_2022-04-14 10:24:33-04:00,2022-04-14 14:24:33+00:00,0.3134060334856704,-30.86092715231788
2022-04-14_2022-04-14 10:24:35-04:00,2022-04-14 14:24:35+00:00,0.31106681369295763,-30.86092715231788
2022-04-14_2022-04-14 10:24:44-04:00,2022-04-14 14:24:44+00:00,0.31106821789443506,-30.86092715231788
2022-04-14_2022-04-14 10:25:39-04:00,2022-04-14 14:25:39+00:00,0.3134066507732491,-30.86092715231788
2022-04-14_2022-04-14 10:25:41-04:00,2022-04-14 14:25:41+00:00,0.3167831590403497,-30.86092715231788
2022-04-14_2022-04-14 10:29:45-04:00,2022-04-14 14:29:45+00:00,0.31678405200058024,-30.86092715231788
2022-04-18_2022-04-18 08:00:00-04:00,2022-04-18 12:00:00+00:00,0.3123465337336984,-29.01408450704226
2022-04-18_2022-04-18 09:33:32-04:00,2022-04-18 13:33:32+00:00,0.31440469982344543,-29.01408450704226
2022-04-18_2022-04-18 09:34:07-04:00,2022-04-18 13:34:07+00:00,0.7263354601011295,-29.01408450704226
2022-04-18_2022-04-18 09:34:21-04:00,2022-04-18 13:34:21+00:00,0.3165411233180038,-29.01408450704226
2022-04-18_2022-04-18 09:34:23-04:00,2022-04-18 13:34:23+00:00,0.3123461968575971,-29.01408450704226
2022-04-18_2022-04-18 09:34:29-04:00,2022-04-18 13:34:29+00:00,0.3209598481570091,-29.01408450704226
2022-04-18_2022-04-18 09:38:37-04:00,2022-04-18 13:38:37+00:00,0.31440469982344543,-29.01408450704226
2022-04-20_2022-04-20 08:00:00-04:00,2022-04-20 12:00:00+00:00,0.3137695430667044,-30.913506949129665
2022-04-20_2022-04-20 08:02:31-04:00,2022-04-20 12:02:31+00:00,0.13228055933656938,-30.913506949129665
2022-04-20_2022-04-20 08:16:52-04:00,2022-04-20 12:16:52+00:00,0.12131462298765086,-30.913506949129665
2022-04-20_2022-04-20 09:30:14-04:00,2022-04-20 13:30:14+00:00,0.30421257927986406,-30.913506949129665
2022-04-20_2022-04-20 09:30:25-04:00,2022-04-20 13:30:25+00:00,0.3042111923602636,-30.913506949129665
2022-04-20_2022-04-20 09:30:28-04:00,2022-04-20 13:30:28+00:00,0.13228055933656938,-30.913506949129665
2022-04-20_2022-04-20 09:30:35-04:00,2022-04-20 13:30:35+00:00,0.31376995354594517,-30.913506949129665
2022-04-20_2022-04-20 09:31:14-04:00,2022-04-20 13:31:14+00:00,0.31376995354594517,-30.913506949129665
2022-04-20_2022-04-20 09:31:18-04:00,2022-04-20 13:31:18+00:00,0.3096042798533583,-30.913506949129665
2022-04-21_2022-04-21 09:37:07-04:00,2022-04-21 13:37:07+00:00,0.3048925332787818,-27.915194346289752
2022-04-21_2022-04-21 09:37:10-04:00,2022-04-21 13:37:10+00:00,0.12115457195484915,-27.915194346289752
2022-04-21_2022-04-21 09:37:18-04:00,2022-04-21 13:37:18+00:00,0.31126158415957117,-27.915194346289752
2022-04-21_2022-04-21 09:37:31-04:00,2022-04-21 13:37:31+00:00,0.30009731163207687,-27.915194346289752
2022-04-21_2022-04-21 09:37:48-04:00,2022-04-21 13:37:48+00:00,0.3048925332787818,-27.915194346289752
2022-04-21_2022-04-21 09:38:01-04:00,2022-04-21 13:38:01+00:00,0.30345006635848865,-27.915194346289752
2022-04-21_2022-04-21 09:38:07-04:00,2022-04-21 13:38:07+00:00,0.31126158415957117,-27.915194346289752
2022-04-21_2022-04-21 09:38:22-04:00,2022-04-21 13:38:22+00:00,0.12115457195484915,-27.915194346289752
2022-04-21_2022-04-21 09:38:25-04:00,2022-04-21 13:38:25+00:00,0.3112604293675673,-27.915194346289752
2022-04-22_2022-04-22 10:01:21-04:00,2022-04-22 14:01:21+00:00,0.30450308083547306,-25.74746008708274
2022-04-22_2022-04-22 10:01:28-04:00,2022-04-22 14:01:28+00:00,0.31555512422325943,-25.74746008708274
2022-04-22_2022-04-22 10:01:33-04:00,2022-04-22 14:01:33+00:00,0.30794621666184324,-25.74746008708274
2022-04-26_2022-04-26 08:00:00-04:00,2022-04-26 12:00:00+00:00,0.31571710642188355,-18.72139033284195
2022-04-26_2022-04-26 09:32:43-04:00,2022-04-26 13:32:43+00:00,0.3157169943901147,-18.72139033284195
2022-04-26_2022-04-26 09:32:53-04:00,2022-04-26 13:32:53+00:00,0.11633136408357064,-18.72139033284195
2022-04-26_2022-04-26 09:32:59-04:00,2022-04-26 13:32:59+00:00,0.3080527788029886,-18.72139033284195
2022-04-27_2022-04-27 10:00:16-04:00,2022-04-27 14:00:16+00:00,0.32081871525987693,-16.51263093037585
2022-04-28_2022-04-28 08:00:00-04:00,2022-04-28 12:00:00+00:00,0.33144864855018524,-22.22222222222222
2022-04-28_2022-04-28 08:05:57-04:00,2022-04-28 12:05:57+00:00,0.3257891294054143,-22.22222222222222
2022-04-28_2022-04-28 08:08:11-04:00,2022-04-28 12:08:11+00:00,0.3239565962413077,-22.22222222222222
2022-04-28_2022-04-28 08:12:15-04:00,2022-04-28 12:12:15+00:00,0.32395658955981627,-22.22222222222222
2022-04-28_2022-04-28 08:15:37-04:00,2022-04-28 12:15:37+00:00,0.13777015649544255,-22.22222222222222
2022-04-28_2022-04-28 08:26:43-04:00,2022-04-28 12:26:43+00:00,0.3314490709866822,-22.22222222222222
2022-04-28_2022-04-28 08:42:18-04:00,2022-04-28 12:42:18+00:00,0.32395722606280497,-22.22222222222222
2022-04-28_2022-04-28 08:55:20-04:00,2022-04-28 12:55:20+00:00,0.1396017406439504,-22.22222222222222
2022-04-28_2022-04-28 08:58:27-04:00,2022-04-28 12:58:27+00:00,0.33144787734139647,-22.22222222222222
2022-04-28_2022-04-28 09:02:36-04:00,2022-04-28 13:02:36+00:00,0.33144787734139647,-22.22222222222222
2022-04-28_2022-04-28 09:14:10-04:00,2022-04-28 13:14:10+00:00,0.33144864855018524,-22.22222222222222
2022-04-28_2022-04-28 09:17:51-04:00,2022-04-28 13:17:51+00:00,0.33144864855018524,-22.22222222222222
2022-04-28_2022-04-28 09:22:09-04:00,2022-04-28 13:22:09+00:00,0.3257888575765383,-22.22222222222222
2022-04-28_2022-04-28 09:23:28-04:00,2022-04-28 13:23:28+00:00,0.32395658955981627,-22.22222222222222
2022-04-28_2022-04-28 09:25:18-04:00,2022-04-28 13:25:18+00:00,0.32395658955981627,-22.22222222222222
2022-04-28_2022-04-28 09:28:27-04:00,2022-04-28 13:28:27+00:00,0.3257888325828585,-22.22222222222222
2022-04-28_2022-04-28 09:29:01-04:00,2022-04-28 13:29:01+00:00,0.3257888325828585,-22.22222222222222
2022-04-28_2022-04-28 09:30:01-04:00,2022-04-28 13:30:01+00:00,0.3314490709866822,-22.22222222222222
2022-04-28_2022-04-28 09:31:15-04:00,2022-04-28 13:31:15+00:00,0.32367849920130787,-22.22222222222222
2022-04-28_2022-04-28 09:31:22-04:00,2022-04-28 13:31:22+00:00,0.3314490709866822,-22.22222222222222
2022-04-28_2022-04-28 09:31:28-04:00,2022-04-28 13:31:28+00:00,0.3257891294054143,-22.22222222222222
2022-04-28_2022-04-28 09:32:04-04:00,2022-04-28 13:32:04+00:00,0.3314490709866822,-22.22222222222222
2022-04-28_2022-04-28 09:32:16-04:00,2022-04-28 13:32:16+00:00,0.3239557910378694,-22.22222222222222
2022-04-28_2022-04-28 09:32:21-04:00,2022-04-28 13:32:21+00:00,0.32367915689443566,-22.22222222222222
2022-04-28_2022-04-28 09:32:25-04:00,2022-04-28 13:32:25+00:00,0.3236795015015899,-22.22222222222222
2022-04-28_2022-04-28 09:32:32-04:00,2022-04-28 13:32:32+00:00,0.33144864855018524,-22.22222222222222
2022-04-28_2022-04-28 09:32:37-04:00,2022-04-28 13:32:37+00:00,0.3257882231655378,-22.22222222222222
2022-04-28_2022-04-28 09:32:46-04:00,2022-04-28 13:32:46+00:00,0.33144864855018524,-22.22222222222222
2022-04-28_2022-04-28 09:32:52-04:00,2022-04-28 13:32:52+00:00,0.1396017406439504,-22.22222222222222
2022-04-28_2022-04-28 09:32:58-04:00,2022-04-28 13:32:58+00:00,0.3257888325828585,-22.22222222222222
2022-04-28_2022-04-28 09:33:04-04:00,2022-04-28 13:33:04+00:00,0.14996967836070718,-22.22222222222222
2022-04-28_2022-04-28 09:33:06-04:00,2022-04-28 13:33:06+00:00,0.1396017406439504,-22.22222222222222
2022-04-28_2022-04-28 09:33:16-04:00,2022-04-28 13:33:16+00:00,0.32395722606280497,-22.22222222222222
2022-04-28_2022-04-28 09:33:25-04:00,2022-04-28 13:33:25+00:00,0.33144787734139647,-22.22222222222222
2022-04-28_2022-04-28 09:33:34-04:00,2022-04-28 13:33:34+00:00,0.33144787734139647,-22.22222222222222
2022-04-28_2022-04-28 09:33:39-04:00,2022-04-28 13:33:39+00:00,0.3257882231655378,-22.22222222222222
2022-04-28_2022-04-28 09:33:46-04:00,2022-04-28 13:33:46+00:00,0.1396017406439504,-22.22222222222222
2022-05-05_2022-05-05 08:00:00-04:00,2022-05-05 12:00:00+00:00,0.3573506092535951,-11.753635585970924
2022-05-05_2022-05-05 08:01:11-04:00,2022-05-05 12:01:11+00:00,0.19151247851998587,-11.753635585970924
2022-05-05_2022-05-05 08:13:04-04:00,2022-05-05 12:13:04+00:00,0.3529089178647845,-11.753635585970924
2022-05-05_2022-05-05 08:13:58-04:00,2022-05-05 12:13:58+00:00,0.3529089178647845,-11.753635585970924
2022-05-05_2022-05-05 08:19:47-04:00,2022-05-05 12:19:47+00:00,0.3589006128153191,-11.753635585970924
2022-05-05_2022-05-05 08:25:05-04:00,2022-05-05 12:25:05+00:00,0.35290888687069816,-11.753635585970924
2022-05-05_2022-05-05 08:27:09-04:00,2022-05-05 12:27:09+00:00,0.356399132900935,-11.753635585970924
2022-05-05_2022-05-05 08:29:11-04:00,2022-05-05 12:29:11+00:00,0.3589007186516874,-11.753635585970924
2022-05-05_2022-05-05 08:29:24-04:00,2022-05-05 12:29:24+00:00,0.357349941821219,-11.753635585970924
2022-05-05_2022-05-05 08:30:21-04:00,2022-05-05 12:30:21+00:00,0.357349941821219,-11.753635585970924
2022-05-05_2022-05-05 08:31:48-04:00,2022-05-05 12:31:48+00:00,0.35639915900158503,-11.753635585970924
2022-05-05_2022-05-05 08:32:56-04:00,2022-05-05 12:32:56+00:00,0.19371170598552698,-11.753635585970924
2022-05-05_2022-05-05 08:35:02-04:00,2022-05-05 12:35:02+00:00,0.19371170598552698,-11.753635585970924
2022-05-05_2022-05-05 08:53:16-04:00,2022-05-05 12:53:16+00:00,0.35290888687069816,-11.753635585970924
2022-05-05_2022-05-05 08:56:59-04:00,2022-05-05 12:56:59+00:00,0.357349104496766,-11.753635585970924
2022-05-06_2022-05-06 08:00:00-04:00,2022-05-06 12:00:00+00:00,0.36294951097617745,-8.322440087145965
2022-05-06_2022-05-06 08:01:51-04:00,2022-05-06 12:01:51+00:00,0.36538962371244293,-8.322440087145965
2022-05-06_2022-05-06 08:05:46-04:00,2022-05-06 12:05:46+00:00,0.3593634467490716,-8.322440087145965
2022-05-06_2022-05-06 08:10:50-04:00,2022-05-06 12:10:50+00:00,0.36538881669229606,-8.322440087145965
2022-05-06_2022-05-06 08:12:56-04:00,2022-05-06 12:12:56+00:00,0.20302143425953012,-8.322440087145965
2022-05-06_2022-05-06 08:15:01-04:00,2022-05-06 12:15:01+00:00,0.36538881669229606,-8.322440087145965
2022-05-06_2022-05-06 08:18:56-04:00,2022-05-06 12:18:56+00:00,0.36491277297991,-8.322440087145965
2022-05-06_2022-05-06 08:23:40-04:00,2022-05-06 12:23:40+00:00,0.20302143425953012,-8.322440087145965
2022-05-06_2022-05-06 08:27:25-04:00,2022-05-06 12:27:25+00:00,0.36539006576485017,-8.322440087145965
2022-05-06_2022-05-06 08:35:53-04:00,2022-05-06 12:35:53+00:00,0.2195278411772499,-8.322440087145965
2022-05-06_2022-05-06 08:44:10-04:00,2022-05-06 12:44:10+00:00,0.359362392663688,-8.322440087145965
2022-05-06_2022-05-06 08:58:47-04:00,2022-05-06 12:58:47+00:00,0.36538881669229606,-8.322440087145965
2022-05-06_2022-05-06 09:02:03-04:00,2022-05-06 13:02:03+00:00,0.36491277297991,-8.322440087145965
2022-05-06_2022-05-06 09:08:52-04:00,2022-05-06 13:08:52+00:00,0.3629492248330374,-8.322440087145965
2022-05-06_2022-05-06 09:13:47-04:00,2022-05-06 13:13:47+00:00,0.36538962371244293,-8.322440087145965
2022-05-06_2022-05-06 09:14:43-04:00,2022-05-06 13:14:43+00:00,0.3649120994434722,-8.322440087145965
2022-05-06_2022-05-06 09:15:16-04:00,2022-05-06 13:15:16+00:00,0.3593630530912668,-8.322440087145965
2022-05-06_2022-05-06 09:16:15-04:00,2022-05-06 13:16:15+00:00,0.36491125446115263,-8.322440087145965
2022-05-06_2022-05-06 09:19:30-04:00,2022-05-06 13:19:30+00:00,0.2032142884955624,-8.322440087145965
2022-05-06_2022-05-06 09:30:03-04:00,2022-05-06 13:30:03+00:00,0.36538962371244293,-8.322440087145965
2022-05-06_2022-05-06 09:31:10-04:00,2022-05-06 13:31:10+00:00,0.36539006576485017,-8.322440087145965
2022-05-06_2022-05-06 09:31:18-04:00,2022-05-06 13:31:18+00:00,0.3649121065137116,-8.322440087145965
2022-05-06_2022-05-06 09:31:21-04:00,2022-05-06 13:31:21+00:00,0.36491277297991,-8.322440087145965
2022-05-06_2022-05-06 09:31:27-04:00,2022-05-06 13:31:27+00:00,0.36294951097617745,-8.322440087145965
2022-05-06_2022-05-06 09:31:33-04:00,2022-05-06 13:31:33+00:00,0.36539006576485017,-8.322440087145965
2022-05-06_2022-05-06 09:32:00-04:00,2022-05-06 13:32:00+00:00,0.3629485570144219,-8.322440087145965
2022-05-06_2022-05-06 09:32:07-04:00,2022-05-06 13:32:07+00:00,0.36538962371244293,-8.322440087145965
2022-05-09_2022-05-09 08:00:00-04:00,2022-05-09 12:00:00+00:00,0.36389316797945276,13.400000000000013
2022-05-09_2022-05-09 09:33:09-04:00,2022-05-09 13:33:09+00:00,0.3676982248480129,13.400000000000013
2022-05-09_2022-05-09 09:33:12-04:00,2022-05-09 13:33:12+00:00,0.3676982248480129,13.400000000000013
2022-05-09_2022-05-09 09:33:17-04:00,2022-05-09 13:33:17+00:00,0.6639185536554507,13.400000000000013
2022-05-09_2022-05-09 09:35:02-04:00,2022-05-09 13:35:02+00:00,0.369287451539765,13.400000000000013
2022-05-09_2022-05-09 09:35:52-04:00,2022-05-09 13:35:52+00:00,0.36959302249047915,13.400000000000013
2022-05-09_2022-05-09 09:35:55-04:00,2022-05-09 13:35:55+00:00,0.36959369963873223,13.400000000000013
2022-05-09_2022-05-09 09:36:10-04:00,2022-05-09 13:36:10+00:00,0.3676991840880827,13.400000000000013
2022-05-09_2022-05-09 09:36:24-04:00,2022-05-09 13:36:24+00:00,0.3692870075160323,13.400000000000013
2022-05-09_2022-05-09 09:36:27-04:00,2022-05-09 13:36:27+00:00,0.3676991840880827,13.400000000000013
2022-05-09_2022-05-09 09:36:51-04:00,2022-05-09 13:36:51+00:00,0.3676991840880827,13.400000000000013
2022-05-09_2022-05-09 09:36:58-04:00,2022-05-09 13:36:58+00:00,0.6417347018525823,13.400000000000013
2022-05-09_2022-05-09 09:37:05-04:00,2022-05-09 13:37:05+00:00,0.644979529537851,13.400000000000013
2022-05-11_2022-05-11 08:00:01-04:00,2022-05-11 12:00:01+00:00,0.4104082998690791,36.65668064709406
2022-05-11_2022-05-11 08:01:45-04:00,2022-05-11 12:01:45+00:00,0.29968321305088635,36.65668064709406
2022-05-11_2022-05-11 08:03:19-04:00,2022-05-11 12:03:19+00:00,0.4053708389357143,36.65668064709406
2022-05-12_2022-05-12 09:30:59-04:00,2022-05-12 13:30:59+00:00,0.3977836423217123,17.094483888585476
2022-05-12_2022-05-12 10:07:37-04:00,2022-05-12 14:07:37+00:00,0.45695893247687186,17.094483888585476
2022-05-12_2022-05-12 10:07:45-04:00,2022-05-12 14:07:45+00:00,0.43232371023339927,17.094483888585476
2022-05-12_2022-05-12 10:07:49-04:00,2022-05-12 14:07:49+00:00,0.43472633125275056,17.094483888585476
2022-05-12_2022-05-12 10:07:52-04:00,2022-05-12 14:07:52+00:00,0.4449277665582271,17.094483888585476
2022-05-13_2022-05-13 09:44:04-04:00,2022-05-13 13:44:04+00:00,0.44724870698412106,7.755102040816331
2022-05-13_2022-05-13 10:28:47-04:00,2022-05-13 14:28:47+00:00,0.42828134493876036,7.755102040816331
2022-05-13_2022-05-13 10:28:52-04:00,2022-05-13 14:28:52+00:00,0.42828134493876036,7.755102040816331
2022-05-16_2022-05-16 08:00:00-04:00,2022-05-16 12:00:00+00:00,0.824298346364858,15.292582118773112
2022-05-16_2022-05-16 08:00:02-04:00,2022-05-16 12:00:02+00:00,0.44003562549264214,15.292582118773112
2022-05-16_2022-05-16 08:00:10-04:00,2022-05-16 12:00:10+00:00,0.811835675955826,15.292582118773112
2022-05-16_2022-05-16 08:42:38-04:00,2022-05-16 12:42:38+00:00,0.4400340109624627,15.292582118773112
2022-05-16_2022-05-16 08:44:09-04:00,2022-05-16 12:44:09+00:00,0.8094821620480487,15.292582118773112
2022-05-16_2022-05-16 08:55:38-04:00,2022-05-16 12:55:38+00:00,0.42344397389419164,15.292582118773112
2022-05-16_2022-05-16 08:57:32-04:00,2022-05-16 12:57:32+00:00,0.8094821620480487,15.292582118773112
2022-05-16_2022-05-16 08:58:10-04:00,2022-05-16 12:58:10+00:00,0.811835675955826,15.292582118773112
2022-05-18_2022-05-18 08:00:00-04:00,2022-05-18 12:00:00+00:00,0.39077604224531803,10.384445426425115
2022-05-18_2022-05-18 08:00:12-04:00,2022-05-18 12:00:12+00:00,0.3406074262631723,10.384445426425115
2022-05-18_2022-05-18 10:22:09-04:00,2022-05-18 14:22:09+00:00,0.3907764960983733,10.384445426425115
2022-05-18_2022-05-18 10:22:19-04:00,2022-05-18 14:22:19+00:00,0.3907764960983733,10.384445426425115
2022-05-18_2022-05-18 10:22:29-04:00,2022-05-18 14:22:29+00:00,0.4041656304452606,10.384445426425115
2022-05-18_2022-05-18 10:22:44-04:00,2022-05-18 14:22:44+00:00,0.3374384329960676,10.384445426425115
2022-05-18_2022-05-18 10:22:47-04:00,2022-05-18 14:22:47+00:00,0.3907764960983733,10.384445426425115
2022-05-18_2022-05-18 10:23:29-04:00,2022-05-18 14:23:29+00:00,0.4044144799285385,10.384445426425115
2022-05-18_2022-05-18 10:23:32-04:00,2022-05-18 14:23:32+00:00,0.4044144799285385,10.384445426425115
2022-05-18_2022-05-18 10:23:35-04:00,2022-05-18 14:23:35+00:00,0.4044144799285385,10.384445426425115
2022-05-18_2022-05-18 10:23:37-04:00,2022-05-18 14:23:37+00:00,0.4041656304452606,10.384445426425115
2022-05-18_2022-05-18 10:23:45-04:00,2022-05-18 14:23:45+00:00,0.3959084569639603,10.384445426425115
2022-05-23_2022-05-23 08:00:00-04:00,2022-05-23 12:00:00+00:00,0.38422041248970495,8.900523560209429
2022-05-23_2022-05-23 08:01:44-04:00,2022-05-23 12:01:44+00:00,0.38756467582713705,8.900523560209429
2022-05-23_2022-05-23 08:04:00-04:00,2022-05-23 12:04:00+00:00,0.7312692292734372,8.900523560209429
2022-05-23_2022-05-23 08:05:15-04:00,2022-05-23 12:05:15+00:00,0.38765345395410755,8.900523560209429
2022-05-23_2022-05-23 08:09:47-04:00,2022-05-23 12:09:47+00:00,0.38756496957033765,8.900523560209429
2022-05-23_2022-05-23 08:35:14-04:00,2022-05-23 12:35:14+00:00,0.38422041248970495,8.900523560209429
2022-05-23_2022-05-23 08:37:39-04:00,2022-05-23 12:37:39+00:00,0.38288793482487254,8.900523560209429
2022-05-23_2022-05-23 08:42:36-04:00,2022-05-23 12:42:36+00:00,0.382886852977631,8.900523560209429
2022-05-23_2022-05-23 08:44:06-04:00,2022-05-23 12:44:06+00:00,0.38765345395410755,8.900523560209429
2022-05-23_2022-05-23 08:46:06-04:00,2022-05-23 12:46:06+00:00,0.7474077753188517,8.900523560209429
2022-05-23_2022-05-23 08:47:59-04:00,2022-05-23 12:47:59+00:00,0.7282453300916074,8.900523560209429
2022-05-23_2022-05-23 08:48:48-04:00,2022-05-23 12:48:48+00:00,0.7312692292734372,8.900523560209429
2022-05-23_2022-05-23 08:49:40-04:00,2022-05-23 12:49:40+00:00,0.382886852977631,8.900523560209429
2022-05-23_2022-05-23 08:51:44-04:00,2022-05-23 12:51:44+00:00,0.38421958905958553,8.900523560209429
2022-05-23_2022-05-23 08:53:30-04:00,2022-05-23 12:53:30+00:00,0.38288753079917576,8.900523560209429
2022-05-23_2022-05-23 08:53:43-04:00,2022-05-23 12:53:43+00:00,0.387654326695561,8.900523560209429
2022-05-23_2022-05-23 09:05:56-04:00,2022-05-23 13:05:56+00:00,0.38756464881851227,8.900523560209429
2022-05-23_2022-05-23 09:06:21-04:00,2022-05-23 13:06:21+00:00,0.3876543194536482,8.900523560209429
2022-05-23_2022-05-23 09:08:05-04:00,2022-05-23 13:08:05+00:00,0.38288793482487254,8.900523560209429
2022-05-23_2022-05-23 09:09:45-04:00,2022-05-23 13:09:45+00:00,0.7284810648288611,8.900523560209429
2022-05-23_2022-05-23 09:30:17-04:00,2022-05-23 13:30:17+00:00,0.7474077753188517,8.900523560209429
2022-05-24_2022-05-24 08:00:00-04:00,2022-05-24 12:00:00+00:00,0.3815145169307507,16.266666666666673
2022-05-24_2022-05-24 09:31:33-04:00,2022-05-24 13:31:33+00:00,0.3834885692132627,16.266666666666673
2022-05-24_2022-05-24 09:31:38-04:00,2022-05-24 13:31:38+00:00,0.3834885692132627,16.266666666666673
2022-05-24_2022-05-24 09:32:04-04:00,2022-05-24 13:32:04+00:00,0.3815131235125215,16.266666666666673
2022-05-24_2022-05-24 09:32:06-04:00,2022-05-24 13:32:06+00:00,0.3036730476790447,16.266666666666673
2022-05-24_2022-05-24 09:32:12-04:00,2022-05-24 13:32:12+00:00,0.28337685945978386,16.266666666666673
2022-05-24_2022-05-24 09:32:19-04:00,2022-05-24 13:32:19+00:00,0.3834885692132627,16.266666666666673
2022-05-24_2022-05-24 09:32:31-04:00,2022-05-24 13:32:31+00:00,0.38374548196282526,16.266666666666673
2022-05-24_2022-05-24 09:32:39-04:00,2022-05-24 13:32:39+00:00,0.3834885692132627,16.266666666666673
2022-05-24_2022-05-24 09:32:45-04:00,2022-05-24 13:32:45+00:00,0.38348702007091195,16.266666666666673
2022-05-24_2022-05-24 09:32:48-04:00,2022-05-24 13:32:48+00:00,0.38348702007091195,16.266666666666673
2022-05-24_2022-05-24 09:32:54-04:00,2022-05-24 13:32:54+00:00,0.28337685945978386,16.266666666666673
2022-05-24_2022-05-24 09:42:16-04:00,2022-05-24 13:42:16+00:00,0.3834885692132627,16.266666666666673
2022-05-25_2022-05-25 10:14:53-04:00,2022-05-25 14:14:53+00:00,0.3915532818561052,-4.076990376202971
2022-05-25_2022-05-25 10:15:02-04:00,2022-05-25 14:15:02+00:00,0.3915519985284702,-4.076990376202971
2022-05-25_2022-05-25 10:15:05-04:00,2022-05-25 14:15:05+00:00,0.3251787071676141,-4.076990376202971
2022-05-25_2022-05-25 10:15:08-04:00,2022-05-25 14:15:08+00:00,0.3904277603511923,-4.076990376202971
2022-05-25_2022-05-25 10:15:12-04:00,2022-05-25 14:15:12+00:00,0.3904288500250805,-4.076990376202971
2022-05-25_2022-05-25 10:15:48-04:00,2022-05-25 14:15:48+00:00,0.3251787071676141,-4.076990376202971
2022-05-25_2022-05-25 10:16:40-04:00,2022-05-25 14:16:40+00:00,0.3040728354213395,-4.076990376202971
2022-05-25_2022-05-25 10:16:42-04:00,2022-05-25 14:16:42+00:00,0.3904288500250805,-4.076990376202971
2022-05-25_2022-05-25 10:17:34-04:00,2022-05-25 14:17:34+00:00,0.397496046831048,-4.076990376202971
2022-05-25_2022-05-25 10:18:33-04:00,2022-05-25 14:18:33+00:00,0.39569619649025617,-4.076990376202971
2022-05-26_2022-05-26 10:02:08-04:00,2022-05-26 14:02:08+00:00,0.36498342658310234,-15.31782945736434
2022-05-26_2022-05-26 10:09:31-04:00,2022-05-26 14:09:31+00:00,0.3649837900980714,-15.31782945736434
2022-05-26_2022-05-26 10:11:23-04:00,2022-05-26 14:11:23+00:00,0.2921503241884108,-15.31782945736434
2022-05-26_2022-05-26 10:11:25-04:00,2022-05-26 14:11:25+00:00,0.36349400478335836,-15.31782945736434
2022-05-27_2022-05-27 09:02:18-04:00,2022-05-27 13:02:18+00:00,0.29403795468379335,-17.42580076403174
2022-05-27_2022-05-27 09:17:34-04:00,2022-05-27 13:17:34+00:00,0.2898577044361203,-17.42580076403174
2022-05-27_2022-05-27 09:17:47-04:00,2022-05-27 13:17:47+00:00,0.30634400850877586,-17.42580076403174
2022-05-27_2022-05-27 09:17:50-04:00,2022-05-27 13:17:50+00:00,0.30112185391028073,-17.42580076403174
2022-05-27_2022-05-27 09:18:00-04:00,2022-05-27 13:18:00+00:00,0.30112188247267085,-17.42580076403174
2022-05-27_2022-05-27 09:18:04-04:00,2022-05-27 13:18:04+00:00,0.2940374634759537,-17.42580076403174
2022-05-27_2022-05-27 09:18:12-04:00,2022-05-27 13:18:12+00:00,0.30634400850877586,-17.42580076403174
2022-05-27_2022-05-27 09:18:17-04:00,2022-05-27 13:18:17+00:00,0.2898584612255517,-17.42580076403174
2022-05-27_2022-05-27 09:18:23-04:00,2022-05-27 13:18:23+00:00,0.2940374634759537,-17.42580076403174
2022-05-27_2022-05-27 09:18:42-04:00,2022-05-27 13:18:42+00:00,0.3063434189377017,-17.42580076403174
2022-05-27_2022-05-27 09:19:08-04:00,2022-05-27 13:19:08+00:00,0.29403795468379335,-17.42580076403174
2022-05-27_2022-05-27 09:19:21-04:00,2022-05-27 13:19:21+00:00,0.30112188247267085,-17.42580076403174
2022-05-27_2022-05-27 09:19:24-04:00,2022-05-27 13:19:24+00:00,0.2940375589575569,-17.42580076403174
2022-05-27_2022-05-27 09:19:38-04:00,2022-05-27 13:19:38+00:00,0.17795096667326213,-17.42580076403174
2022-05-27_2022-05-27 09:19:51-04:00,2022-05-27 13:19:51+00:00,0.29403683651171675,-17.42580076403174
2022-05-27_2022-05-27 09:21:12-04:00,2022-05-27 13:21:12+00:00,0.2940375589575569,-17.42580076403174
2022-05-27_2022-05-27 09:21:28-04:00,2022-05-27 13:21:28+00:00,0.30634477084009104,-17.42580076403174
2022-05-27_2022-05-27 09:30:18-04:00,2022-05-27 13:30:18+00:00,0.29403795468379335,-17.42580076403174
2022-05-27_2022-05-27 09:30:52-04:00,2022-05-27 13:30:52+00:00,0.17943030964549744,-17.42580076403174
2022-05-27_2022-05-27 09:34:16-04:00,2022-05-27 13:34:16+00:00,0.2898590531782641,-17.42580076403174
2022-05-31_2022-05-31 08:00:00-04:00,2022-05-31 12:00:00+00:00,0.23325915245948428,-12.160000000000004
2022-05-31_2022-05-31 09:39:50-04:00,2022-05-31 13:39:50+00:00,0.7830018101700378,-12.160000000000004
2022-05-31_2022-05-31 09:39:53-04:00,2022-05-31 13:39:53+00:00,0.2544290840651374,-12.160000000000004
2022-05-31_2022-05-31 09:40:00-04:00,2022-05-31 13:40:00+00:00,0.7830018101700378,-12.160000000000004
2022-05-31_2022-05-31 09:48:13-04:00,2022-05-31 13:48:13+00:00,0.26250801044830663,-12.160000000000004
2022-05-31_2022-05-31 09:48:37-04:00,2022-05-31 13:48:37+00:00,0.2332587965343644,-12.160000000000004
2022-06-01_2022-06-01 08:01:08-04:00,2022-06-01 12:01:08+00:00,0.14324718661837674,-16.730565298964027
2022-06-01_2022-06-01 09:45:53-04:00,2022-06-01 13:45:53+00:00,0.28292718929242777,-16.730565298964027
2022-06-01_2022-06-01 09:46:06-04:00,2022-06-01 13:46:06+00:00,0.2756617330491131,-16.730565298964027
2022-06-01_2022-06-01 09:49:34-04:00,2022-06-01 13:49:34+00:00,0.2645670962541545,-16.730565298964027
2022-06-01_2022-06-01 09:49:40-04:00,2022-06-01 13:49:40+00:00,0.28292718929242777,-16.730565298964027
2022-06-01_2022-06-01 09:50:13-04:00,2022-06-01 13:50:13+00:00,0.28292718929242777,-16.730565298964027
2022-06-01_2022-06-01 09:50:15-04:00,2022-06-01 13:50:15+00:00,0.2645670962541545,-16.730565298964027
2022-06-01_2022-06-01 09:51:41-04:00,2022-06-01 13:51:41+00:00,0.1558440387973489,-16.730565298964027
2022-06-01_2022-06-01 09:51:45-04:00,2022-06-01 13:51:45+00:00,0.2756612487641667,-16.730565298964027
2022-06-02_2022-06-02 09:45:11-04:00,2022-06-02 13:45:11+00:00,0.18372904014212493,-23.12223858615612
2022-06-02_2022-06-02 09:45:23-04:00,2022-06-02 13:45:23+00:00,0.2672458940870921,-23.12223858615612
2022-06-02_2022-06-02 09:45:27-04:00,2022-06-02 13:45:27+00:00,0.24665619688795948,-23.12223858615612
2022-06-02_2022-06-02 09:45:30-04:00,2022-06-02 13:45:30+00:00,0.2449122426774714,-23.12223858615612
2022-06-02_2022-06-02 09:47:25-04:00,2022-06-02 13:47:25+00:00,0.2771434824883081,-23.12223858615612
2022-06-02_2022-06-02 09:49:35-04:00,2022-06-02 13:49:35+00:00,0.2771434824883081,-23.12223858615612
2022-06-02_2022-06-02 09:49:46-04:00,2022-06-02 13:49:46+00:00,0.2449122426774714,-23.12223858615612
2022-06-02_2022-06-02 09:49:51-04:00,2022-06-02 13:49:51+00:00,0.2449122426774714,-23.12223858615612
2022-06-02_2022-06-02 09:49:56-04:00,2022-06-02 13:49:56+00:00,0.2672458940870921,-23.12223858615612
2022-06-02_2022-06-02 09:50:01-04:00,2022-06-02 13:50:01+00:00,0.2449122426774714,-23.12223858615612
2022-06-02_2022-06-02 09:50:06-04:00,2022-06-02 13:50:06+00:00,0.24665497934965816,-23.12223858615612
2022-06-02_2022-06-02 09:50:08-04:00,2022-06-02 13:50:08+00:00,0.2672449974859341,-23.12223858615612
2022-06-02_2022-06-02 09:50:15-04:00,2022-06-02 13:50:15+00:00,0.18372904014212493,-23.12223858615612
2022-06-02_2022-06-02 10:12:57-04:00,2022-06-02 14:12:57+00:00,0.2771434824883081,-23.12223858615612
2022-06-02_2022-06-02 10:13:04-04:00,2022-06-02 14:13:04+00:00,0.24665619688795948,-23.12223858615612
2022-06-02_2022-06-02 10:13:08-04:00,2022-06-02 14:13:08+00:00,0.18372904014212493,-23.12223858615612
2022-06-02_2022-06-02 10:13:10-04:00,2022-06-02 14:13:10+00:00,0.24665619688795948,-23.12223858615612
2022-06-02_2022-06-02 10:13:15-04:00,2022-06-02 14:13:15+00:00,0.24491124651149165,-23.12223858615612
2022-06-02_2022-06-02 10:13:18-04:00,2022-06-02 14:13:18+00:00,0.2771434824883081,-23.12223858615612
2022-06-02_2022-06-02 10:13:26-04:00,2022-06-02 14:13:26+00:00,0.24491124651149165,-23.12223858615612
2022-06-02_2022-06-02 10:13:30-04:00,2022-06-02 14:13:30+00:00,0.24665497934965816,-23.12223858615612
2022-06-02_2022-06-02 10:13:38-04:00,2022-06-02 14:13:38+00:00,0.27714265594138726,-23.12223858615612
2022-06-03_2022-06-03 08:00:00-04:00,2022-06-03 12:00:00+00:00,0.22256610686390135,-20.262314628511813
2022-06-03_2022-06-03 09:27:11-04:00,2022-06-03 13:27:11+00:00,0.3180650148615775,-20.262314628511813
2022-06-03_2022-06-03 09:30:01-04:00,2022-06-03 13:30:01+00:00,0.21054603484054782,-20.262314628511813
2022-06-06_2022-06-06 08:00:00-04:00,2022-06-06 12:00:00+00:00,0.3393879305527336,-19.16602316602316
2022-06-07_2022-06-07 10:28:40-04:00,2022-06-07 14:28:40+00:00,0.26242022458087655,-29.856240016667822
2022-06-07_2022-06-07 10:28:53-04:00,2022-06-07 14:28:53+00:00,0.26242022458087655,-29.856240016667822
2022-06-07_2022-06-07 10:29:15-04:00,2022-06-07 14:29:15+00:00,0.26242022458087655,-29.856240016667822
2022-06-07_2022-06-07 10:29:51-04:00,2022-06-07 14:29:51+00:00,0.34510187816755294,-29.856240016667822
2022-06-07_2022-06-07 10:29:57-04:00,2022-06-07 14:29:57+00:00,0.33123393683089253,-29.856240016667822
2022-06-08_2022-06-08 09:47:19-04:00,2022-06-08 13:47:19+00:00,0.35295100845380145,-26.15340460644329
2022-06-08_2022-06-08 09:47:48-04:00,2022-06-08 13:47:48+00:00,0.35295100845380145,-26.15340460644329
2022-06-08_2022-06-08 09:48:15-04:00,2022-06-08 13:48:15+00:00,0.3685144360810564,-26.15340460644329
2022-06-08_2022-06-08 09:48:33-04:00,2022-06-08 13:48:33+00:00,0.35594519913765643,-26.15340460644329
2022-06-08_2022-06-08 09:48:40-04:00,2022-06-08 13:48:40+00:00,0.3529495120483722,-26.15340460644329
2022-06-08_2022-06-08 09:48:42-04:00,2022-06-08 13:48:42+00:00,0.3529495120483722,-26.15340460644329
2022-06-08_2022-06-08 09:57:35-04:00,2022-06-08 13:57:35+00:00,0.35295100845380145,-26.15340460644329
2022-06-08_2022-06-08 09:57:37-04:00,2022-06-08 13:57:37+00:00,0.3363140280333818,-26.15340460644329
2022-06-08_2022-06-08 09:57:39-04:00,2022-06-08 13:57:39+00:00,0.3685144360810564,-26.15340460644329
2022-06-08_2022-06-08 09:57:41-04:00,2022-06-08 13:57:41+00:00,0.3529495120483722,-26.15340460644329
2022-06-08_2022-06-08 09:57:45-04:00,2022-06-08 13:57:45+00:00,0.35594519913765643,-26.15340460644329
2022-06-08_2022-06-08 09:57:49-04:00,2022-06-08 13:57:49+00:00,0.35295100845380145,-26.15340460644329
2022-06-08_2022-06-08 09:57:57-04:00,2022-06-08 13:57:57+00:00,0.3685144360810564,-26.15340460644329
2022-06-08_2022-06-08 09:57:59-04:00,2022-06-08 13:57:59+00:00,0.3685144360810564,-26.15340460644329
2022-06-08_2022-06-08 09:58:19-04:00,2022-06-08 13:58:19+00:00,0.3363140280333818,-26.15340460644329
2022-06-08_2022-06-08 09:58:31-04:00,2022-06-08 13:58:31+00:00,0.29988649079788643,-26.15340460644329
2022-06-08_2022-06-08 10:07:08-04:00,2022-06-08 14:07:08+00:00,0.3363140280333818,-26.15340460644329
2022-06-08_2022-06-08 10:09:12-04:00,2022-06-08 14:09:12+00:00,0.3685144360810564,-26.15340460644329
2022-06-08_2022-06-08 10:10:25-04:00,2022-06-08 14:10:25+00:00,0.29988649079788643,-26.15340460644329
2022-06-08_2022-06-08 10:10:33-04:00,2022-06-08 14:10:33+00:00,0.29988649079788643,-26.15340460644329
2022-06-08_2022-06-08 10:11:00-04:00,2022-06-08 14:11:00+00:00,0.35295035169294375,-26.15340460644329
2022-06-08_2022-06-08 10:11:04-04:00,2022-06-08 14:11:04+00:00,0.35295100845380145,-26.15340460644329
2022-06-08_2022-06-08 10:11:34-04:00,2022-06-08 14:11:34+00:00,0.3363140280333818,-26.15340460644329
2022-06-09_2022-06-09 08:00:00-04:00,2022-06-09 12:00:00+00:00,0.34269723495762444,-18.09375
2022-06-10_2022-06-10 09:45:11-04:00,2022-06-10 13:45:11+00:00,0.4284612842243507,-17.24889130942192
2022-06-10_2022-06-10 09:45:23-04:00,2022-06-10 13:45:23+00:00,0.4017908296549819,-17.24889130942192
2022-06-10_2022-06-10 09:45:26-04:00,2022-06-10 13:45:26+00:00,0.4182252158799621,-17.24889130942192
2022-06-10_2022-06-10 09:45:30-04:00,2022-06-10 13:45:30+00:00,0.4017924045494881,-17.24889130942192
2022-06-10_2022-06-10 09:46:15-04:00,2022-06-10 13:46:15+00:00,0.36735501950044247,-17.24889130942192
2022-06-10_2022-06-10 09:46:17-04:00,2022-06-10 13:46:17+00:00,0.3999372012307317,-17.24889130942192
2022-06-10_2022-06-10 09:46:21-04:00,2022-06-10 13:46:21+00:00,0.36735556945516623,-17.24889130942192
2022-06-10_2022-06-10 09:46:33-04:00,2022-06-10 13:46:33+00:00,0.4017924045494881,-17.24889130942192
2022-06-10_2022-06-10 09:48:11-04:00,2022-06-10 13:48:11+00:00,0.36735556945516623,-17.24889130942192
2022-06-10_2022-06-10 09:48:14-04:00,2022-06-10 13:48:14+00:00,0.3999383000320237,-17.24889130942192
2022-06-10_2022-06-10 09:48:36-04:00,2022-06-10 13:48:36+00:00,0.4046717760534897,-17.24889130942192
2022-06-10_2022-06-10 09:48:40-04:00,2022-06-10 13:48:40+00:00,0.4182242120131381,-17.24889130942192
2022-06-10_2022-06-10 09:48:44-04:00,2022-06-10 13:48:44+00:00,0.4046717760534897,-17.24889130942192
2022-06-10_2022-06-10 09:48:54-04:00,2022-06-10 13:48:54+00:00,0.4284612842243507,-17.24889130942192
2022-06-10_2022-06-10 09:49:12-04:00,2022-06-10 13:49:12+00:00,0.3999383000320237,-17.24889130942192
2022-06-10_2022-06-10 09:49:17-04:00,2022-06-10 13:49:17+00:00,0.4284612842243507,-17.24889130942192
2022-06-10_2022-06-10 09:49:39-04:00,2022-06-10 13:49:39+00:00,0.36735501950044247,-17.24889130942192
2022-06-10_2022-06-10 09:49:43-04:00,2022-06-10 13:49:43+00:00,0.3673551264013544,-17.24889130942192
2022-06-10_2022-06-10 09:49:47-04:00,2022-06-10 13:49:47+00:00,0.36735556945516623,-17.24889130942192
2022-06-10_2022-06-10 09:49:58-04:00,2022-06-10 13:49:58+00:00,0.3999383000320237,-17.24889130942192
2022-06-10_2022-06-10 09:50:19-04:00,2022-06-10 13:50:19+00:00,0.4182242120131381,-17.24889130942192
2022-06-10_2022-06-10 09:50:23-04:00,2022-06-10 13:50:23+00:00,0.4017908296549819,-17.24889130942192
2022-06-10_2022-06-10 09:50:27-04:00,2022-06-10 13:50:27+00:00,0.36735556945516623,-17.24889130942192
2022-06-10_2022-06-10 09:50:46-04:00,2022-06-10 13:50:46+00:00,0.36735501950044247,-17.24889130942192
2022-06-10_2022-06-10 09:50:49-04:00,2022-06-10 13:50:49+00:00,0.4017924045494881,-17.24889130942192
2022-06-13_2022-06-13 08:00:01-04:00,2022-06-13 12:00:01+00:00,0.46019599732066685,-6.015424164524418
2022-06-13_2022-06-13 08:04:50-04:00,2022-06-13 12:04:50+00:00,0.45077348593808086,-6.015424164524418
2022-06-13_2022-06-13 08:06:51-04:00,2022-06-13 12:06:51+00:00,0.48677851529705013,-6.015424164524418
2022-06-13_2022-06-13 08:12:35-04:00,2022-06-13 12:12:35+00:00,0.4601960255874895,-6.015424164524418
2022-06-13_2022-06-13 08:15:39-04:00,2022-06-13 12:15:39+00:00,0.45077348593808086,-6.015424164524418
2022-06-13_2022-06-13 08:15:57-04:00,2022-06-13 12:15:57+00:00,0.48677852291868684,-6.015424164524418
2022-06-13_2022-06-13 08:17:11-04:00,2022-06-13 12:17:11+00:00,0.4601963330147011,-6.015424164524418
2022-06-13_2022-06-13 08:19:16-04:00,2022-06-13 12:19:16+00:00,0.7116779198356373,-6.015424164524418
2022-06-13_2022-06-13 08:19:35-04:00,2022-06-13 12:19:35+00:00,0.4867776044154215,-6.015424164524418
2022-06-13_2022-06-13 08:23:31-04:00,2022-06-13 12:23:31+00:00,0.4867792413613276,-6.015424164524418
2022-06-13_2022-06-13 08:26:44-04:00,2022-06-13 12:26:44+00:00,0.4591953722956441,-6.015424164524418
2022-06-13_2022-06-13 08:27:09-04:00,2022-06-13 12:27:09+00:00,0.4601960255874895,-6.015424164524418
2022-06-13_2022-06-13 08:32:48-04:00,2022-06-13 12:32:48+00:00,0.45077348593808086,-6.015424164524418
2022-06-13_2022-06-13 08:35:24-04:00,2022-06-13 12:35:24+00:00,0.48677851529705013,-6.015424164524418
2022-06-13_2022-06-13 08:37:20-04:00,2022-06-13 12:37:20+00:00,0.4507738756705193,-6.015424164524418
2022-06-13_2022-06-13 08:40:25-04:00,2022-06-13 12:40:25+00:00,0.4507738756705193,-6.015424164524418
2022-06-13_2022-06-13 08:45:46-04:00,2022-06-13 12:45:46+00:00,0.4867776044154215,-6.015424164524418
2022-06-13_2022-06-13 08:47:40-04:00,2022-06-13 12:47:40+00:00,0.48677852291868684,-6.015424164524418
2022-06-13_2022-06-13 08:48:50-04:00,2022-06-13 12:48:50+00:00,0.7148139767120368,-6.015424164524418
2022-06-13_2022-06-13 08:49:28-04:00,2022-06-13 12:49:28+00:00,0.45077348593808086,-6.015424164524418
2022-06-13_2022-06-13 09:21:22-04:00,2022-06-13 13:21:22+00:00,0.48677852291868684,-6.015424164524418
2022-06-13_2022-06-13 09:28:33-04:00,2022-06-13 13:28:33+00:00,0.4591952580674707,-6.015424164524418
2022-06-13_2022-06-13 09:30:00-04:00,2022-06-13 13:30:00+00:00,0.4591958457173927,-6.015424164524418
2022-06-13_2022-06-13 09:30:35-04:00,2022-06-13 13:30:35+00:00,0.4867796331936656,-6.015424164524418
2022-06-13_2022-06-13 09:38:29-04:00,2022-06-13 13:38:29+00:00,0.4867776044154215,-6.015424164524418
2022-06-13_2022-06-13 09:38:40-04:00,2022-06-13 13:38:40+00:00,0.7315780006005349,-6.015424164524418
2022-06-13_2022-06-13 09:39:03-04:00,2022-06-13 13:39:03+00:00,0.4591958457173927,-6.015424164524418
2022-06-13_2022-06-13 09:39:08-04:00,2022-06-13 13:39:08+00:00,0.7148139767120368,-6.015424164524418
2022-06-13_2022-06-13 09:39:11-04:00,2022-06-13 13:39:11+00:00,0.7315780006005349,-6.015424164524418
2022-06-14_2022-06-14 09:59:43-04:00,2022-06-14 13:59:43+00:00,0.4461643483894727,-17.290951201980665
2022-06-14_2022-06-14 09:59:50-04:00,2022-06-14 13:59:50+00:00,0.4392735773780845,-17.290951201980665
2022-06-14_2022-06-14 09:59:53-04:00,2022-06-14 13:59:53+00:00,0.43927315620615986,-17.290951201980665
2022-06-14_2022-06-14 09:59:56-04:00,2022-06-14 13:59:56+00:00,0.41161551155455706,-17.290951201980665
2022-06-14_2022-06-14 10:00:01-04:00,2022-06-14 14:00:01+00:00,0.4392741747839198,-17.290951201980665
2022-06-14_2022-06-14 10:04:31-04:00,2022-06-14 14:04:31+00:00,0.4116154001537676,-17.290951201980665
2022-06-14_2022-06-14 10:04:36-04:00,2022-06-14 14:04:36+00:00,0.41161597325818816,-17.290951201980665
2022-06-14_2022-06-14 10:04:38-04:00,2022-06-14 14:04:38+00:00,0.45902515366717317,-17.290951201980665
2022-06-14_2022-06-14 10:04:44-04:00,2022-06-14 14:04:44+00:00,0.4464587841671202,-17.290951201980665
2022-06-14_2022-06-14 10:04:48-04:00,2022-06-14 14:04:48+00:00,0.41161551155455706,-17.290951201980665
2022-06-14_2022-06-14 10:04:52-04:00,2022-06-14 14:04:52+00:00,0.4464587841671202,-17.290951201980665
2022-06-14_2022-06-14 10:05:11-04:00,2022-06-14 14:05:11+00:00,0.4116146686585137,-17.290951201980665
2022-06-14_2022-06-14 10:05:14-04:00,2022-06-14 14:05:14+00:00,0.4569757067871014,-17.290951201980665
2022-06-14_2022-06-14 10:05:44-04:00,2022-06-14 14:05:44+00:00,0.4569757067871014,-17.290951201980665
2022-06-15_2022-06-15 09:42:09-04:00,2022-06-15 13:42:09+00:00,0.42191693176444,-26.94822678667591
2022-06-16_2022-06-16 09:31:12-04:00,2022-06-16 13:31:12+00:00,0.4363118139506884,-26.39363817097416
2022-06-16_2022-06-16 09:31:22-04:00,2022-06-16 13:31:22+00:00,0.4072973658147124,-26.39363817097416
2022-06-16_2022-06-16 09:31:25-04:00,2022-06-16 13:31:25+00:00,0.31418003968560426,-26.39363817097416
2022-06-16_2022-06-16 09:31:27-04:00,2022-06-16 13:31:27+00:00,0.4144215036742175,-26.39363817097416
2022-06-16_2022-06-16 09:31:31-04:00,2022-06-16 13:31:31+00:00,0.4072973658147124,-26.39363817097416
2022-06-16_2022-06-16 09:31:36-04:00,2022-06-16 13:31:36+00:00,0.40729606542770835,-26.39363817097416
2022-06-16_2022-06-16 09:31:48-04:00,2022-06-16 13:31:48+00:00,0.31443682597080735,-26.39363817097416
2022-06-16_2022-06-16 09:42:34-04:00,2022-06-16 13:42:34+00:00,0.40729690560195736,-26.39363817097416
2022-06-16_2022-06-16 09:45:01-04:00,2022-06-16 13:45:01+00:00,0.31443682597080735,-26.39363817097416
2022-06-16_2022-06-16 09:45:05-04:00,2022-06-16 13:45:05+00:00,0.42724746512426265,-26.39363817097416
2022-06-16_2022-06-16 09:45:13-04:00,2022-06-16 13:45:13+00:00,0.4144219186290451,-26.39363817097416
2022-06-16_2022-06-16 09:45:16-04:00,2022-06-16 13:45:16+00:00,0.41442080751710336,-26.39363817097416
2022-06-16_2022-06-16 09:45:19-04:00,2022-06-16 13:45:19+00:00,0.4363118139506884,-26.39363817097416
2022-06-16_2022-06-16 09:45:36-04:00,2022-06-16 13:45:36+00:00,0.42724746512426265,-26.39363817097416
2022-06-16_2022-06-16 09:45:46-04:00,2022-06-16 13:45:46+00:00,0.40729606542770835,-26.39363817097416
2022-06-16_2022-06-16 09:45:51-04:00,2022-06-16 13:45:51+00:00,0.4072973658147124,-26.39363817097416
2022-06-16_2022-06-16 09:46:50-04:00,2022-06-16 13:46:50+00:00,0.42724746512426265,-26.39363817097416
2022-06-16_2022-06-16 09:49:48-04:00,2022-06-16 13:49:48+00:00,0.4144215036742175,-26.39363817097416
2022-06-16_2022-06-16 09:49:55-04:00,2022-06-16 13:49:55+00:00,0.4363110991669762,-26.39363817097416
2022-06-16_2022-06-16 09:50:07-04:00,2022-06-16 13:50:07+00:00,0.4363102024376416,-26.39363817097416
2022-06-16_2022-06-16 09:50:13-04:00,2022-06-16 13:50:13+00:00,0.42724645550523926,-26.39363817097416
2022-06-16_2022-06-16 09:50:28-04:00,2022-06-16 13:50:28+00:00,0.4272471622866464,-26.39363817097416
2022-06-16_2022-06-16 09:50:32-04:00,2022-06-16 13:50:32+00:00,0.31418003968560426,-26.39363817097416
2022-06-16_2022-06-16 09:50:39-04:00,2022-06-16 13:50:39+00:00,0.4144219186290451,-26.39363817097416
2022-06-16_2022-06-16 09:50:52-04:00,2022-06-16 13:50:52+00:00,0.41442080751710336,-26.39363817097416
2022-06-16_2022-06-16 09:50:58-04:00,2022-06-16 13:50:58+00:00,0.33591483763857233,-26.39363817097416
2022-06-16_2022-06-16 09:51:13-04:00,2022-06-16 13:51:13+00:00,0.42724645550523926,-26.39363817097416
2022-06-16_2022-06-16 09:51:17-04:00,2022-06-16 13:51:17+00:00,0.4272471622866464,-26.39363817097416
2022-06-16_2022-06-16 09:51:34-04:00,2022-06-16 13:51:34+00:00,0.42724645550523926,-26.39363817097416
2022-06-16_2022-06-16 09:52:10-04:00,2022-06-16 13:52:10+00:00,0.31443682597080735,-26.39363817097416
2022-06-16_2022-06-16 09:52:13-04:00,2022-06-16 13:52:13+00:00,0.43631110667019757,-26.39363817097416
2022-06-16_2022-06-16 09:52:16-04:00,2022-06-16 13:52:16+00:00,0.31443682597080735,-26.39363817097416
2022-06-16_2022-06-16 09:52:19-04:00,2022-06-16 13:52:19+00:00,0.41442080751710336,-26.39363817097416
2022-06-16_2022-06-16 09:52:23-04:00,2022-06-16 13:52:23+00:00,0.4363110991669762,-26.39363817097416
2022-06-17_2022-06-17 09:46:20-04:00,2022-06-17 13:46:20+00:00,0.390439289210193,-27.43703703703704
2022-06-17_2022-06-17 09:47:00-04:00,2022-06-17 13:47:00+00:00,0.3782306067333034,-27.43703703703704
2022-06-17_2022-06-17 09:47:02-04:00,2022-06-17 13:47:02+00:00,0.390439289210193,-27.43703703703704
2022-06-17_2022-06-17 09:47:24-04:00,2022-06-17 13:47:24+00:00,0.38684140280404333,-27.43703703703704
2022-06-17_2022-06-17 09:47:26-04:00,2022-06-17 13:47:26+00:00,0.2597700798856293,-27.43703703703704
2022-06-17_2022-06-17 09:47:32-04:00,2022-06-17 13:47:32+00:00,0.2597700798856293,-27.43703703703704
2022-06-17_2022-06-17 09:48:42-04:00,2022-06-17 13:48:42+00:00,0.38684140280404333,-27.43703703703704
2022-06-17_2022-06-17 09:49:04-04:00,2022-06-17 13:49:04+00:00,0.390439289210193,-27.43703703703704
2022-06-17_2022-06-17 09:50:29-04:00,2022-06-17 13:50:29+00:00,0.38684110926285104,-27.43703703703704
2022-06-17_2022-06-17 09:50:33-04:00,2022-06-17 13:50:33+00:00,0.3762268114523973,-27.43703703703704
2022-06-17_2022-06-17 09:50:38-04:00,2022-06-17 13:50:38+00:00,0.3868404241781346,-27.43703703703704
2022-06-17_2022-06-17 09:51:33-04:00,2022-06-17 13:51:33+00:00,0.3782306067333034,-27.43703703703704
2022-06-17_2022-06-17 09:51:41-04:00,2022-06-17 13:51:41+00:00,0.37622625611480404,-27.43703703703704
2022-06-17_2022-06-17 09:51:44-04:00,2022-06-17 13:51:44+00:00,0.38684140280404333,-27.43703703703704
2022-06-17_2022-06-17 09:51:51-04:00,2022-06-17 13:51:51+00:00,0.3782306067333034,-27.43703703703704
2022-06-17_2022-06-17 09:51:57-04:00,2022-06-17 13:51:57+00:00,0.37822952997997417,-27.43703703703704
2022-06-17_2022-06-17 09:52:04-04:00,2022-06-17 13:52:04+00:00,0.38684140280404333,-27.43703703703704
2022-06-17_2022-06-17 09:52:17-04:00,2022-06-17 13:52:17+00:00,0.2439901162638532,-27.43703703703704
2022-06-17_2022-06-17 09:52:23-04:00,2022-06-17 13:52:23+00:00,0.3868404241781346,-27.43703703703704
2022-06-17_2022-06-17 09:52:53-04:00,2022-06-17 13:52:53+00:00,0.3782306067333034,-27.43703703703704
2022-06-17_2022-06-17 09:52:59-04:00,2022-06-17 13:52:59+00:00,0.3782302046099693,-27.43703703703704
2022-06-17_2022-06-17 09:53:02-04:00,2022-06-17 13:53:02+00:00,0.3762268114523973,-27.43703703703704
2022-06-17_2022-06-17 09:53:12-04:00,2022-06-17 13:53:12+00:00,0.3904377297716273,-27.43703703703704
2022-06-17_2022-06-17 09:53:15-04:00,2022-06-17 13:53:15+00:00,0.24139096708218177,-27.43703703703704
2022-06-17_2022-06-17 09:53:24-04:00,2022-06-17 13:53:24+00:00,0.38684110926285104,-27.43703703703704
2022-06-17_2022-06-17 09:53:30-04:00,2022-06-17 13:53:30+00:00,0.38684140280404333,-27.43703703703704
2022-06-17_2022-06-17 09:53:50-04:00,2022-06-17 13:53:50+00:00,0.37622554729679175,-27.43703703703704
2022-06-17_2022-06-17 09:53:52-04:00,2022-06-17 13:53:52+00:00,0.3868410822728003,-27.43703703703704
2022-06-17_2022-06-17 09:54:10-04:00,2022-06-17 13:54:10+00:00,0.24139096708218177,-27.43703703703704
2022-06-17_2022-06-17 09:54:19-04:00,2022-06-17 13:54:19+00:00,0.3868404241781346,-27.43703703703704
2022-06-17_2022-06-17 09:54:21-04:00,2022-06-17 13:54:21+00:00,0.3904377297716273,-27.43703703703704
2022-06-17_2022-06-17 09:55:13-04:00,2022-06-17 13:55:13+00:00,0.3904386047846697,-27.43703703703704
2022-06-17_2022-06-17 09:55:19-04:00,2022-06-17 13:55:19+00:00,0.3868410822728003,-27.43703703703704
2022-06-17_2022-06-17 09:55:24-04:00,2022-06-17 13:55:24+00:00,0.3904385975239074,-27.43703703703704
2022-06-17_2022-06-17 09:55:26-04:00,2022-06-17 13:55:26+00:00,0.38684140280404333,-27.43703703703704
2022-06-17_2022-06-17 09:55:31-04:00,2022-06-17 13:55:31+00:00,0.3762268114523973,-27.43703703703704
2022-06-17_2022-06-17 09:55:34-04:00,2022-06-17 13:55:34+00:00,0.3782306067333034,-27.43703703703704
2022-06-17_2022-06-17 09:55:36-04:00,2022-06-17 13:55:36+00:00,0.37622554729679175,-27.43703703703704
2022-06-17_2022-06-17 09:55:49-04:00,2022-06-17 13:55:49+00:00,0.390439289210193,-27.43703703703704
2022-06-17_2022-06-17 09:55:56-04:00,2022-06-17 13:55:56+00:00,0.3762268114523973,-27.43703703703704
2022-06-17_2022-06-17 09:56:07-04:00,2022-06-17 13:56:07+00:00,0.38684140280404333,-27.43703703703704
2022-06-17_2022-06-17 09:56:13-04:00,2022-06-17 13:56:13+00:00,0.3762268114523973,-27.43703703703704
2022-06-17_2022-06-17 09:56:18-04:00,2022-06-17 13:56:18+00:00,0.3762268114523973,-27.43703703703704
2022-06-17_2022-06-17 09:56:29-04:00,2022-06-17 13:56:29+00:00,0.3782306067333034,-27.43703703703704
2022-06-17_2022-06-17 09:56:37-04:00,2022-06-17 13:56:37+00:00,0.3868404241781346,-27.43703703703704
2022-06-17_2022-06-17 09:56:42-04:00,2022-06-17 13:56:42+00:00,0.2597700798856293,-27.43703703703704
2022-06-21_2022-06-21 09:58:40-04:00,2022-06-21 13:58:40+00:00,0.33022684017068876,-34.59498207885305
2022-06-21_2022-06-21 09:59:25-04:00,2022-06-21 13:59:25+00:00,0.3302253909393143,-34.59498207885305
2022-06-21_2022-06-21 09:59:39-04:00,2022-06-21 13:59:39+00:00,0.33450650279405053,-34.59498207885305
2022-06-21_2022-06-21 10:04:45-04:00,2022-06-21 14:04:45+00:00,0.3303597827156542,-34.59498207885305
2022-06-21_2022-06-21 10:04:47-04:00,2022-06-21 14:04:47+00:00,0.7689386677588804,-34.59498207885305
2022-06-21_2022-06-21 10:10:27-04:00,2022-06-21 14:10:27+00:00,0.33450650279405053,-34.59498207885305
2022-06-21_2022-06-21 10:10:33-04:00,2022-06-21 14:10:33+00:00,0.33022684017068876,-34.59498207885305
2022-06-21_2022-06-21 10:10:54-04:00,2022-06-21 14:10:54+00:00,0.3303606975386508,-34.59498207885305
2022-06-21_2022-06-21 10:27:54-04:00,2022-06-21 14:27:54+00:00,0.3303601609859005,-34.59498207885305
2022-06-21_2022-06-21 10:28:28-04:00,2022-06-21 14:28:28+00:00,0.7812884675544186,-34.59498207885305
2022-06-21_2022-06-21 10:28:34-04:00,2022-06-21 14:28:34+00:00,0.3345055843362116,-34.59498207885305
2022-06-21_2022-06-21 10:28:42-04:00,2022-06-21 14:28:42+00:00,0.3303591481033927,-34.59498207885305
2022-06-21_2022-06-21 10:28:45-04:00,2022-06-21 14:28:45+00:00,0.3345062019697284,-34.59498207885305
2022-06-21_2022-06-21 10:28:50-04:00,2022-06-21 14:28:50+00:00,0.3302253909393143,-34.59498207885305
2022-06-21_2022-06-21 10:28:59-04:00,2022-06-21 14:28:59+00:00,0.33450650279405053,-34.59498207885305
2022-06-22_2022-06-22 10:24:21-04:00,2022-06-22 14:24:21+00:00,0.30094832599673205,-34.38786565547128
2022-06-22_2022-06-22 10:24:23-04:00,2022-06-22 14:24:23+00:00,0.29382260956628203,-34.38786565547128
2022-06-22_2022-06-22 10:24:37-04:00,2022-06-22 14:24:37+00:00,0.3040294324092012,-34.38786565547128
2022-06-24_2022-06-24 09:46:26-04:00,2022-06-24 13:46:26+00:00,0.26715028879653896,-37.70250368188513
2022-06-27_2022-06-27 08:00:00-04:00,2022-06-27 12:00:00+00:00,0.4411745980944447,-36.955684007707134
2022-06-27_2022-06-27 09:36:38-04:00,2022-06-27 13:36:38+00:00,0.2772148900535555,-36.955684007707134
2022-06-27_2022-06-27 09:36:42-04:00,2022-06-27 13:36:42+00:00,0.27836217630869775,-36.955684007707134
2022-06-27_2022-06-27 09:36:45-04:00,2022-06-27 13:36:45+00:00,0.27877480884524286,-36.955684007707134
2022-06-27_2022-06-27 09:36:50-04:00,2022-06-27 13:36:50+00:00,0.27836217630869775,-36.955684007707134
2022-06-27_2022-06-27 09:36:55-04:00,2022-06-27 13:36:55+00:00,0.27877372579581977,-36.955684007707134
2022-06-27_2022-06-27 09:36:57-04:00,2022-06-27 13:36:57+00:00,0.27836300509210793,-36.955684007707134
2022-06-27_2022-06-27 09:36:59-04:00,2022-06-27 13:36:59+00:00,0.4345186720489243,-36.955684007707134
2022-06-27_2022-06-27 09:37:03-04:00,2022-06-27 13:37:03+00:00,0.4345186720489243,-36.955684007707134
2022-06-27_2022-06-27 09:37:13-04:00,2022-06-27 13:37:13+00:00,0.2783627336389874,-36.955684007707134
2022-06-27_2022-06-27 09:37:16-04:00,2022-06-27 13:37:16+00:00,0.2772139726598333,-36.955684007707134
2022-06-27_2022-06-27 09:37:21-04:00,2022-06-27 13:37:21+00:00,0.27836217630869775,-36.955684007707134
2022-06-27_2022-06-27 09:37:24-04:00,2022-06-27 13:37:24+00:00,0.2772145474444182,-36.955684007707134
2022-06-27_2022-06-27 09:37:32-04:00,2022-06-27 13:37:32+00:00,0.43799667580883755,-36.955684007707134
2022-06-27_2022-06-27 09:37:34-04:00,2022-06-27 13:37:34+00:00,0.4345186720489243,-36.955684007707134
2022-06-27_2022-06-27 09:37:41-04:00,2022-06-27 13:37:41+00:00,0.27836217630869775,-36.955684007707134
2022-06-27_2022-06-27 09:38:01-04:00,2022-06-27 13:38:01+00:00,0.27836300509210793,-36.955684007707134
2022-06-27_2022-06-27 09:39:44-04:00,2022-06-27 13:39:44+00:00,0.4345186720489243,-36.955684007707134
2022-06-27_2022-06-27 09:39:53-04:00,2022-06-27 13:39:53+00:00,0.27877480884524286,-36.955684007707134
2022-06-27_2022-06-27 09:39:57-04:00,2022-06-27 13:39:57+00:00,0.4587108334924316,-36.955684007707134
2022-06-27_2022-06-27 09:40:06-04:00,2022-06-27 13:40:06+00:00,0.27836300509210793,-36.955684007707134
2022-06-27_2022-06-27 09:40:33-04:00,2022-06-27 13:40:33+00:00,0.26292460765746717,-36.955684007707134
2022-06-27_2022-06-27 09:40:42-04:00,2022-06-27 13:40:42+00:00,0.2772139726598333,-36.955684007707134
2022-06-29_2022-06-29 08:01:12-04:00,2022-06-29 12:01:12+00:00,0.3479599107362224,-34.78688524590163
2022-06-29_2022-06-29 10:12:03-04:00,2022-06-29 14:12:03+00:00,0.15546016637234494,-34.78688524590163
2022-06-29_2022-06-29 10:12:14-04:00,2022-06-29 14:12:14+00:00,0.35178471417676027,-34.78688524590163
2022-06-29_2022-06-29 10:12:36-04:00,2022-06-29 14:12:36+00:00,0.34796019151671653,-34.78688524590163
2022-06-29_2022-06-29 10:12:38-04:00,2022-06-29 14:12:38+00:00,0.16875205236301138,-34.78688524590163
2022-06-29_2022-06-29 10:12:44-04:00,2022-06-29 14:12:44+00:00,0.3479599107362224,-34.78688524590163
2022-06-29_2022-06-29 10:12:46-04:00,2022-06-29 14:12:46+00:00,0.16875205236301138,-34.78688524590163
2022-06-29_2022-06-29 10:12:48-04:00,2022-06-29 14:12:48+00:00,0.34795988491947305,-34.78688524590163
2022-06-29_2022-06-29 10:12:52-04:00,2022-06-29 14:12:52+00:00,0.344285196096366,-34.78688524590163
2022-06-29_2022-06-29 10:12:59-04:00,2022-06-29 14:12:59+00:00,0.35065841748076165,-34.78688524590163
2022-06-29_2022-06-29 10:13:12-04:00,2022-06-29 14:13:12+00:00,0.35065775572745833,-34.78688524590163
2022-06-30_2022-06-30 08:02:52-04:00,2022-06-30 12:02:52+00:00,0.19713392822900772,-33.464373464373466
2022-06-30_2022-06-30 09:30:23-04:00,2022-06-30 13:30:23+00:00,0.35979473644226034,-33.464373464373466
2022-06-30_2022-06-30 09:30:26-04:00,2022-06-30 13:30:26+00:00,0.36311372511310624,-33.464373464373466
2022-06-30_2022-06-30 09:34:10-04:00,2022-06-30 13:34:10+00:00,0.36311372511310624,-33.464373464373466
2022-06-30_2022-06-30 09:34:14-04:00,2022-06-30 13:34:14+00:00,0.35979473644226034,-33.464373464373466
2022-06-30_2022-06-30 09:34:20-04:00,2022-06-30 13:34:20+00:00,0.3631144236083457,-33.464373464373466
2022-06-30_2022-06-30 09:34:23-04:00,2022-06-30 13:34:23+00:00,0.35979368180229876,-33.464373464373466
2022-07-05_2022-07-05 08:00:01-04:00,2022-07-05 12:00:01+00:00,0.3697060735786677,-34.791649338767364
2022-07-06_2022-07-06 09:25:01-04:00,2022-07-06 13:25:01+00:00,0.36727704404290584,-36.75815153647667
2022-07-06_2022-07-06 09:30:01-04:00,2022-07-06 13:30:01+00:00,0.22031445020252904,-36.75815153647667
2022-07-06_2022-07-06 09:30:05-04:00,2022-07-06 13:30:05+00:00,0.3641287967124435,-36.75815153647667
2022-07-06_2022-07-06 09:30:07-04:00,2022-07-06 13:30:07+00:00,0.370543985075668,-36.75815153647667
2022-07-06_2022-07-06 09:30:09-04:00,2022-07-06 13:30:09+00:00,0.36412876528746607,-36.75815153647667
2022-07-06_2022-07-06 09:30:11-04:00,2022-07-06 13:30:11+00:00,0.3714643225427061,-36.75815153647667
2022-07-06_2022-07-06 09:30:15-04:00,2022-07-06 13:30:15+00:00,0.36412810107967114,-36.75815153647667
2022-07-06_2022-07-06 09:30:19-04:00,2022-07-06 13:30:19+00:00,0.3672773316309257,-36.75815153647667
2022-07-06_2022-07-06 09:30:24-04:00,2022-07-06 13:30:24+00:00,0.3672773316309257,-36.75815153647667
2022-07-06_2022-07-06 09:30:27-04:00,2022-07-06 13:30:27+00:00,0.37054397795997557,-36.75815153647667
2022-07-06_2022-07-06 09:30:35-04:00,2022-07-06 13:30:35+00:00,0.22031445020252904,-36.75815153647667
2022-07-06_2022-07-06 09:33:06-04:00,2022-07-06 13:33:06+00:00,0.3672773316309257,-36.75815153647667
2022-07-06_2022-07-06 09:33:08-04:00,2022-07-06 13:33:08+00:00,0.3714647676425259,-36.75815153647667
2022-07-06_2022-07-06 09:33:40-04:00,2022-07-06 13:33:40+00:00,0.3641287967124435,-36.75815153647667
2022-07-06_2022-07-06 09:33:46-04:00,2022-07-06 13:33:46+00:00,0.22031445020252904,-36.75815153647667
2022-07-06_2022-07-06 09:34:25-04:00,2022-07-06 13:34:25+00:00,0.36412876528746607,-36.75815153647667
2022-07-06_2022-07-06 09:34:32-04:00,2022-07-06 13:34:32+00:00,0.36412810107967114,-36.75815153647667
2022-07-06_2022-07-06 09:34:37-04:00,2022-07-06 13:34:37+00:00,0.3714643225427061,-36.75815153647667
2022-07-06_2022-07-06 09:35:03-04:00,2022-07-06 13:35:03+00:00,0.3672763728521282,-36.75815153647667
2022-07-06_2022-07-06 09:35:09-04:00,2022-07-06 13:35:09+00:00,0.3714647676425259,-36.75815153647667
2022-07-06_2022-07-06 09:35:37-04:00,2022-07-06 13:35:37+00:00,0.3672763728521282,-36.75815153647667
2022-07-06_2022-07-06 09:35:42-04:00,2022-07-06 13:35:42+00:00,0.3672763728521282,-36.75815153647667
2022-07-06_2022-07-06 09:35:47-04:00,2022-07-06 13:35:47+00:00,0.36727701760022846,-36.75815153647667
2022-07-07_2022-07-07 09:34:16-04:00,2022-07-07 13:34:16+00:00,0.36189987524766015,-42.9198682766191
2022-07-08_2022-07-08 08:01:11-04:00,2022-07-08 12:01:11+00:00,0.3380555311041179,-43.7617554858934
2022-07-08_2022-07-08 08:56:44-04:00,2022-07-08 12:56:44+00:00,0.17349466681569511,-43.7617554858934
2022-07-08_2022-07-08 08:56:53-04:00,2022-07-08 12:56:53+00:00,0.3346005596467412,-43.7617554858934
2022-07-08_2022-07-08 09:13:55-04:00,2022-07-08 13:13:55+00:00,0.33460201848675486,-43.7617554858934
2022-07-08_2022-07-08 09:16:36-04:00,2022-07-08 13:16:36+00:00,0.3380555311041179,-43.7617554858934
2022-07-08_2022-07-08 09:16:39-04:00,2022-07-08 13:16:39+00:00,0.33975774257915853,-43.7617554858934
2022-07-08_2022-07-08 09:17:04-04:00,2022-07-08 13:17:04+00:00,0.33805488478325996,-43.7617554858934
2022-07-08_2022-07-08 09:17:42-04:00,2022-07-08 13:17:42+00:00,0.33460137142065194,-43.7617554858934
2022-07-08_2022-07-08 09:18:07-04:00,2022-07-08 13:18:07+00:00,0.3380555311041179,-43.7617554858934
2022-07-08_2022-07-08 09:18:30-04:00,2022-07-08 13:18:30+00:00,0.3351464830820137,-43.7617554858934
2022-07-08_2022-07-08 09:19:24-04:00,2022-07-08 13:19:24+00:00,0.17553190918748618,-43.7617554858934
2022-07-08_2022-07-08 09:21:27-04:00,2022-07-08 13:21:27+00:00,0.3380555311041179,-43.7617554858934
2022-07-08_2022-07-08 09:21:33-04:00,2022-07-08 13:21:33+00:00,0.33975774257915853,-43.7617554858934
2022-07-08_2022-07-08 09:21:56-04:00,2022-07-08 13:21:56+00:00,0.3380558080360489,-43.7617554858934
2022-07-08_2022-07-08 09:22:32-04:00,2022-07-08 13:22:32+00:00,0.3346005596467412,-43.7617554858934
2022-07-08_2022-07-08 09:25:26-04:00,2022-07-08 13:25:26+00:00,0.33975763939619746,-43.7617554858934
2022-07-12_2022-07-12 09:37:14-04:00,2022-07-12 13:37:14+00:00,0.15518850445578553,-46.81159420289854
2022-07-12_2022-07-12 09:37:19-04:00,2022-07-12 13:37:19+00:00,0.16846179644206255,-46.81159420289854
2022-07-13_2022-07-13 09:42:31-04:00,2022-07-13 13:42:31+00:00,0.29295575759469444,-50.22540250447227
2022-07-13_2022-07-13 09:42:34-04:00,2022-07-13 13:42:34+00:00,0.3034213817544122,-50.22540250447227
2022-07-15_2022-07-15 09:30:01-04:00,2022-07-15 13:30:01+00:00,0.32764826379350737,-54.12389380530973
2022-07-15_2022-07-15 09:31:41-04:00,2022-07-15 13:31:41+00:00,0.31886723984228627,-54.12389380530973
2022-07-15_2022-07-15 09:31:43-04:00,2022-07-15 13:31:43+00:00,0.32764826379350737,-54.12389380530973
2022-07-15_2022-07-15 09:32:23-04:00,2022-07-15 13:32:23+00:00,0.31886723984228627,-54.12389380530973
2022-07-15_2022-07-15 09:32:32-04:00,2022-07-15 13:32:32+00:00,0.32764826379350737,-54.12389380530973
2022-07-15_2022-07-15 09:32:38-04:00,2022-07-15 13:32:38+00:00,0.32764826379350737,-54.12389380530973
2022-07-15_2022-07-15 09:32:46-04:00,2022-07-15 13:32:46+00:00,0.3276473548953279,-54.12389380530973
2022-07-15_2022-07-15 09:32:50-04:00,2022-07-15 13:32:50+00:00,0.32764826379350737,-54.12389380530973
2022-07-15_2022-07-15 09:33:01-04:00,2022-07-15 13:33:01+00:00,0.31829091405794824,-54.12389380530973
2022-07-15_2022-07-15 09:33:14-04:00,2022-07-15 13:33:14+00:00,0.18042386369835808,-54.12389380530973
2022-07-15_2022-07-15 09:33:19-04:00,2022-07-15 13:33:19+00:00,0.31886723984228627,-54.12389380530973
2022-07-15_2022-07-15 09:33:21-04:00,2022-07-15 13:33:21+00:00,0.18042386369835808,-54.12389380530973
2022-07-15_2022-07-15 09:33:29-04:00,2022-07-15 13:33:29+00:00,0.3182897452389088,-54.12389380530973
2022-07-15_2022-07-15 09:33:32-04:00,2022-07-15 13:33:32+00:00,0.18042386369835808,-54.12389380530973
2022-07-15_2022-07-15 09:33:34-04:00,2022-07-15 13:33:34+00:00,0.31886723984228627,-54.12389380530973
2022-07-15_2022-07-15 09:33:36-04:00,2022-07-15 13:33:36+00:00,0.31886581672970626,-54.12389380530973
2022-07-15_2022-07-15 09:33:39-04:00,2022-07-15 13:33:39+00:00,0.31886723984228627,-54.12389380530973
2022-07-18_2022-07-18 09:56:07-04:00,2022-07-18 13:56:07+00:00,0.5845771270304537,-55.38556109555359
2022-07-18_2022-07-18 09:56:15-04:00,2022-07-18 13:56:15+00:00,0.31791028992835585,-55.38556109555359
2022-07-18_2022-07-18 09:56:18-04:00,2022-07-18 13:56:18+00:00,0.5606220552032961,-55.38556109555359
2022-07-18_2022-07-18 09:56:29-04:00,2022-07-18 13:56:29+00:00,0.31791028992835585,-55.38556109555359
2022-07-18_2022-07-18 09:56:32-04:00,2022-07-18 13:56:32+00:00,0.31664020313408564,-55.38556109555359
2022-07-18_2022-07-18 09:56:34-04:00,2022-07-18 13:56:34+00:00,0.3269544698230609,-55.38556109555359
2022-07-18_2022-07-18 09:56:37-04:00,2022-07-18 13:56:37+00:00,0.3269544698230609,-55.38556109555359
2022-07-19_2022-07-19 10:26:19-04:00,2022-07-19 14:26:19+00:00,0.168214181839249,-56.71337412012368
2022-07-19_2022-07-19 10:26:36-04:00,2022-07-19 14:26:36+00:00,0.30995124988536127,-56.71337412012368
2022-07-19_2022-07-19 10:28:51-04:00,2022-07-19 14:28:51+00:00,0.3044016689775628,-56.71337412012368
2022-07-20_2022-07-20 10:29:34-04:00,2022-07-20 14:29:34+00:00,0.14310242620088612,-54.84197218710493
2022-07-21_2022-07-21 08:00:00-04:00,2022-07-21 12:00:00+00:00,0.25478101658435276,-49.7029702970297
2022-07-21_2022-07-21 09:25:49-04:00,2022-07-21 13:25:49+00:00,0.26213009951181465,-49.7029702970297
2022-07-21_2022-07-21 09:33:08-04:00,2022-07-21 13:33:08+00:00,0.2621299992110898,-49.7029702970297
2022-07-21_2022-07-21 09:33:13-04:00,2022-07-21 13:33:13+00:00,0.2738016135466567,-49.7029702970297
2022-07-21_2022-07-21 09:33:17-04:00,2022-07-21 13:33:17+00:00,0.2621299992110898,-49.7029702970297
2022-07-21_2022-07-21 09:33:21-04:00,2022-07-21 13:33:21+00:00,0.2547801727740987,-49.7029702970297
2022-08-08_2022-08-08 09:41:51-04:00,2022-08-08 13:41:51+00:00,0.3972620189248988,-51.98645598194132
2022-08-08_2022-08-08 09:43:17-04:00,2022-08-08 13:43:17+00:00,0.42221717560770977,-51.98645598194132
2022-08-09_2022-08-09 09:17:31-04:00,2022-08-09 13:17:31+00:00,0.925878937889159,-45.83125312031952
2022-08-09_2022-08-09 09:17:37-04:00,2022-08-09 13:17:37+00:00,0.9258788070594243,-45.83125312031952
2022-10-31_2022-10-31 09:41:29-04:00,2022-10-31 13:41:29+00:00,0.7757533995475059,-33.9112343966713
2022-10-31_2022-10-31 09:41:32-04:00,2022-10-31 13:41:32+00:00,0.5552338207917245,-33.9112343966713
2022-10-31_2022-10-31 09:42:21-04:00,2022-10-31 13:42:21+00:00,0.4703854204890846,-33.9112343966713
2023-03-22_2023-03-22 08:30:21-04:00,2023-03-22 12:30:21+00:00,0.44976531126986863,-23.998294970162
2023-03-22_2023-03-22 08:30:54-04:00,2023-03-22 12:30:54+00:00,0.44976368971412756,-23.998294970162
2023-03-22_2023-03-22 08:30:56-04:00,2023-03-22 12:30:56+00:00,0.37375769480051796,-23.998294970162
2023-03-22_2023-03-22 08:31:02-04:00,2023-03-22 12:31:02+00:00,0.4126130751542198,-23.998294970162
2023-03-22_2023-03-22 08:33:02-04:00,2023-03-22 12:33:02+00:00,0.37375769480051796,-23.998294970162
2023-03-22_2023-03-22 08:33:05-04:00,2023-03-22 12:33:05+00:00,0.46250326130779623,-23.998294970162
2023-03-22_2023-03-22 08:33:10-04:00,2023-03-22 12:33:10+00:00,0.4625046004142385,-23.998294970162
2023-03-22_2023-03-22 08:34:57-04:00,2023-03-22 12:34:57+00:00,0.46250326130779623,-23.998294970162
2023-03-22_2023-03-22 08:35:40-04:00,2023-03-22 12:35:40+00:00,0.42049626551996383,-23.998294970162
2023-03-22_2023-03-22 08:35:44-04:00,2023-03-22 12:35:44+00:00,0.46250326130779623,-23.998294970162
2023-03-22_2023-03-22 08:35:53-04:00,2023-03-22 12:35:53+00:00,0.37375769480051796,-23.998294970162
2023-03-22_2023-03-22 08:37:21-04:00,2023-03-22 12:37:21+00:00,0.35086802958297386,-23.998294970162
2023-03-22_2023-03-22 08:37:34-04:00,2023-03-22 12:37:34+00:00,0.44976531126986863,-23.998294970162
2023-03-22_2023-03-22 08:37:36-04:00,2023-03-22 12:37:36+00:00,0.44976531126986863,-23.998294970162
2023-03-22_2023-03-22 08:37:38-04:00,2023-03-22 12:37:38+00:00,0.46250326130779623,-23.998294970162
2023-03-22_2023-03-22 08:37:45-04:00,2023-03-22 12:37:45+00:00,0.4625046004142385,-23.998294970162
2023-03-22_2023-03-22 08:38:00-04:00,2023-03-22 12:38:00+00:00,0.4204968565393957,-23.998294970162
2023-03-22_2023-03-22 08:50:57-04:00,2023-03-22 12:50:57+00:00,0.42049514981676034,-23.998294970162
2023-03-22_2023-03-22 08:51:03-04:00,2023-03-22 12:51:03+00:00,0.44976459203177266,-23.998294970162
2023-03-22_2023-03-22 08:51:09-04:00,2023-03-22 12:51:09+00:00,0.42049626551996383,-23.998294970162
2023-03-22_2023-03-22 08:52:44-04:00,2023-03-22 12:52:44+00:00,0.44976531126986863,-23.998294970162
2023-03-22_2023-03-22 08:53:19-04:00,2023-03-22 12:53:19+00:00,0.42049584885049507,-23.998294970162
2023-03-22_2023-03-22 08:53:25-04:00,2023-03-22 12:53:25+00:00,0.41261274763870903,-23.998294970162
2023-03-22_2023-03-22 08:53:27-04:00,2023-03-22 12:53:27+00:00,0.35436829396857544,-23.998294970162
2023-03-22_2023-03-22 08:53:34-04:00,2023-03-22 12:53:34+00:00,0.42049626551996383,-23.998294970162
2023-03-22_2023-03-22 08:54:03-04:00,2023-03-22 12:54:03+00:00,0.35436829396857544,-23.998294970162
2023-03-22_2023-03-22 08:54:07-04:00,2023-03-22 12:54:07+00:00,0.3511394490057356,-23.998294970162
2023-03-22_2023-03-22 09:24:04-04:00,2023-03-22 13:24:04+00:00,0.37375769480051796,-23.998294970162
2023-03-22_2023-03-22 09:24:13-04:00,2023-03-22 13:24:13+00:00,0.4126130751542198,-23.998294970162
2023-03-22_2023-03-22 09:24:17-04:00,2023-03-22 13:24:17+00:00,0.44976368971412756,-23.998294970162
2023-03-22_2023-03-22 09:24:26-04:00,2023-03-22 13:24:26+00:00,0.44976368971412756,-23.998294970162
2024-05-14_2024-05-14 08:00:00-04:00,2024-05-14 12:00:00+00:00,0.4660848157039196,-56.33313725490196
2024-05-14_2024-05-14 08:06:29-04:00,2024-05-14 12:06:29+00:00,0.6547034036362047,-56.33313725490196
2024-05-14_2024-05-14 08:07:11-04:00,2024-05-14 12:07:11+00:00,0.47607761595421744,-56.33313725490196
2024-05-14_2024-05-14 08:07:15-04:00,2024-05-14 12:07:15+00:00,0.47244551099760257,-56.33313725490196
2024-05-14_2024-05-14 08:07:39-04:00,2024-05-14 12:07:39+00:00,0.6705428524731728,-56.33313725490196
2024-05-14_2024-05-14 08:07:49-04:00,2024-05-14 12:07:49+00:00,0.4733593740367607,-56.33313725490196
2024-05-14_2024-05-14 08:10:10-04:00,2024-05-14 12:10:10+00:00,0.47335876940827193,-56.33313725490196
2024-05-14_2024-05-14 08:10:13-04:00,2024-05-14 12:10:13+00:00,0.4760782135291332,-56.33313725490196
2024-05-14_2024-05-14 08:21:20-04:00,2024-05-14 12:21:20+00:00,0.4760780071631254,-56.33313725490196
2024-05-14_2024-05-14 08:21:39-04:00,2024-05-14 12:21:39+00:00,0.6705428524731728,-56.33313725490196
2024-05-14_2024-05-14 08:21:45-04:00,2024-05-14 12:21:45+00:00,0.6705428524731728,-56.33313725490196
2024-05-14_2024-05-14 08:21:48-04:00,2024-05-14 12:21:48+00:00,0.4733597438303652,-56.33313725490196
2024-05-14_2024-05-14 08:22:22-04:00,2024-05-14 12:22:22+00:00,0.4786840348255884,-56.33313725490196
2024-05-14_2024-05-14 08:24:17-04:00,2024-05-14 12:24:17+00:00,0.47335876940827193,-56.33313725490196
2024-05-14_2024-05-14 08:24:35-04:00,2024-05-14 12:24:35+00:00,0.47868440203566587,-56.33313725490196
2024-05-14_2024-05-14 09:35:47-04:00,2024-05-14 13:35:47+00:00,0.4760782135291332,-56.33313725490196
2024-05-14_2024-05-14 09:35:53-04:00,2024-05-14 13:35:53+00:00,0.47868440203566587,-56.33313725490196
2024-05-14_2024-05-14 09:35:55-04:00,2024-05-14 13:35:55+00:00,0.6547034036362047,-56.33313725490196
2024-05-14_2024-05-14 09:36:01-04:00,2024-05-14 13:36:01+00:00,0.47868342968905836,-56.33313725490196
2024-05-14_2024-05-14 09:36:06-04:00,2024-05-14 13:36:06+00:00,0.4733593740367607,-56.33313725490196
2024-05-14_2024-05-14 09:36:10-04:00,2024-05-14 13:36:10+00:00,0.47607689865469877,-56.33313725490196
2024-05-14_2024-05-14 09:36:21-04:00,2024-05-14 13:36:21+00:00,0.47607761595421744,-56.33313725490196
2024-05-14_2024-05-14 10:21:33-04:00,2024-05-14 14:21:33+00:00,0.47244520254930455,-56.33313725490196
2024-05-15_2024-05-15 08:00:00-04:00,2024-05-15 12:00:00+00:00,0.6633309185329808,-36.30027932960893
2024-05-15_2024-05-15 08:38:50-04:00,2024-05-15 12:38:50+00:00,0.48884569155044444,-36.30027932960893
2024-05-15_2024-05-15 08:39:43-04:00,2024-05-15 12:39:43+00:00,0.5012958768018715,-36.30027932960893
2024-05-15_2024-05-15 08:41:36-04:00,2024-05-15 12:41:36+00:00,0.49016778584939674,-36.30027932960893
2024-05-15_2024-05-15 08:41:40-04:00,2024-05-15 12:41:40+00:00,0.49819779951741827,-36.30027932960893
2024-05-15_2024-05-15 08:42:36-04:00,2024-05-15 12:42:36+00:00,0.490168785359735,-36.30027932960893
2024-05-15_2024-05-15 08:46:40-04:00,2024-05-15 12:46:40+00:00,0.49016817924428147,-36.30027932960893
2024-05-15_2024-05-15 08:46:46-04:00,2024-05-15 12:46:46+00:00,0.5012944004893333,-36.30027932960893
2024-05-15_2024-05-15 08:46:50-04:00,2024-05-15 12:46:50+00:00,0.6795830377696369,-36.30027932960893
2024-05-15_2024-05-15 08:47:06-04:00,2024-05-15 12:47:06+00:00,0.5012957471602276,-36.30027932960893
2024-05-15_2024-05-15 08:47:22-04:00,2024-05-15 12:47:22+00:00,0.48884569155044444,-36.30027932960893
2024-05-15_2024-05-15 09:01:17-04:00,2024-05-15 13:01:17+00:00,0.5189171423015689,-36.30027932960893
2024-05-15_2024-05-15 09:08:19-04:00,2024-05-15 13:08:19+00:00,0.6795830377696369,-36.30027932960893
2024-05-15_2024-05-15 09:08:33-04:00,2024-05-15 13:08:33+00:00,0.48884569155044444,-36.30027932960893
2024-05-15_2024-05-15 09:08:40-04:00,2024-05-15 13:08:40+00:00,0.49819779951741827,-36.30027932960893
2024-05-15_2024-05-15 09:08:46-04:00,2024-05-15 13:08:46+00:00,0.49819779951741827,-36.30027932960893
2024-05-15_2024-05-15 09:08:53-04:00,2024-05-15 13:08:53+00:00,0.48884569155044444,-36.30027932960893
2024-05-15_2024-05-15 09:08:55-04:00,2024-05-15 13:08:55+00:00,0.4981961614473936,-36.30027932960893
2024-05-15_2024-05-15 09:08:59-04:00,2024-05-15 13:08:59+00:00,0.49016817924428147,-36.30027932960893
2024-05-15_2024-05-15 09:09:02-04:00,2024-05-15 13:09:02+00:00,0.4901670350428444,-36.30027932960893
2024-05-15_2024-05-15 09:09:06-04:00,2024-05-15 13:09:06+00:00,0.5012944004893333,-36.30027932960893
2024-05-15_2024-05-15 09:09:08-04:00,2024-05-15 13:09:08+00:00,0.6795830377696369,-36.30027932960893
2024-05-15_2024-05-15 09:09:12-04:00,2024-05-15 13:09:12+00:00,0.48884569155044444,-36.30027932960893
2024-05-15_2024-05-15 09:10:12-04:00,2024-05-15 13:10:12+00:00,0.48884569155044444,-36.30027932960893
2024-05-15_2024-05-15 09:10:25-04:00,2024-05-15 13:10:25+00:00,0.48884569155044444,-36.30027932960893
2024-05-15_2024-05-15 09:11:08-04:00,2024-05-15 13:11:08+00:00,0.48884466060676984,-36.30027932960893
2024-05-15_2024-05-15 09:11:10-04:00,2024-05-15 13:11:10+00:00,0.49016817924428147,-36.30027932960893
2024-05-15_2024-05-15 09:11:22-04:00,2024-05-15 13:11:22+00:00,0.48884569155044444,-36.30027932960893
2024-05-15_2024-05-15 09:12:49-04:00,2024-05-15 13:12:49+00:00,0.5012957471602276,-36.30027932960893
2024-05-15_2024-05-15 09:12:55-04:00,2024-05-15 13:12:55+00:00,0.6579003793161727,-36.30027932960893
2024-05-15_2024-05-15 09:13:00-04:00,2024-05-15 13:13:00+00:00,0.48884569155044444,-36.30027932960893
2024-05-15_2024-05-15 09:13:08-04:00,2024-05-15 13:13:08+00:00,0.5012957471602276,-36.30027932960893
2024-05-15_2024-05-15 09:15:18-04:00,2024-05-15 13:15:18+00:00,0.49016817924428147,-36.30027932960893
2024-05-15_2024-05-15 09:15:38-04:00,2024-05-15 13:15:38+00:00,0.4901670350428444,-36.30027932960893
2024-05-15_2024-05-15 09:15:43-04:00,2024-05-15 13:15:43+00:00,0.49016817924428147,-36.30027932960893
2024-05-15_2024-05-15 09:16:20-04:00,2024-05-15 13:16:20+00:00,0.6795830377696369,-36.30027932960893
2024-05-15_2024-05-15 09:17:45-04:00,2024-05-15 13:17:45+00:00,0.6579003793161727,-36.30027932960893
2024-05-15_2024-05-15 09:17:47-04:00,2024-05-15 13:17:47+00:00,0.49819779951741827,-36.30027932960893
2024-05-15_2024-05-15 09:17:56-04:00,2024-05-15 13:17:56+00:00,0.49016817924428147,-36.30027932960893
2024-05-15_2024-05-15 09:18:00-04:00,2024-05-15 13:18:00+00:00,0.5012957471602276,-36.30027932960893
2024-05-15_2024-05-15 09:18:38-04:00,2024-05-15 13:18:38+00:00,0.4901670350428444,-36.30027932960893
2024-05-15_2024-05-15 09:18:46-04:00,2024-05-15 13:18:46+00:00,0.6795830377696369,-36.30027932960893
2024-05-15_2024-05-15 09:18:54-04:00,2024-05-15 13:18:54+00:00,0.48884569155044444,-36.30027932960893
2024-05-15_2024-05-15 09:20:02-04:00,2024-05-15 13:20:02+00:00,0.49819779951741827,-36.30027932960893
2024-05-15_2024-05-15 09:20:16-04:00,2024-05-15 13:20:16+00:00,0.48884569155044444,-36.30027932960893
2024-05-15_2024-05-15 09:20:36-04:00,2024-05-15 13:20:36+00:00,0.5012957471602276,-36.30027932960893
2024-05-15_2024-05-15 09:20:43-04:00,2024-05-15 13:20:43+00:00,0.49819779951741827,-36.30027932960893
2024-05-15_2024-05-15 09:20:57-04:00,2024-05-15 13:20:57+00:00,0.48884466060676984,-36.30027932960893
2024-05-15_2024-05-15 09:21:01-04:00,2024-05-15 13:21:01+00:00,0.6795830377696369,-36.30027932960893
2024-05-15_2024-05-15 09:21:18-04:00,2024-05-15 13:21:18+00:00,0.48884569155044444,-36.30027932960893
2024-05-15_2024-05-15 09:21:24-04:00,2024-05-15 13:21:24+00:00,0.5012957471602276,-36.30027932960893
2024-05-15_2024-05-15 09:22:15-04:00,2024-05-15 13:22:15+00:00,0.5012957471602276,-36.30027932960893
2024-05-15_2024-05-15 09:22:44-04:00,2024-05-15 13:22:44+00:00,0.49016817924428147,-36.30027932960893
2024-05-15_2024-05-15 09:22:52-04:00,2024-05-15 13:22:52+00:00,0.5012944004893333,-36.30027932960893
2024-05-15_2024-05-15 09:22:56-04:00,2024-05-15 13:22:56+00:00,0.5012957471602276,-36.30027932960893
2024-05-15_2024-05-15 09:23:02-04:00,2024-05-15 13:23:02+00:00,0.48884569155044444,-36.30027932960893
2024-05-15_2024-05-15 09:37:02-04:00,2024-05-15 13:37:02+00:00,0.6576321653470788,-36.30027932960893
2024-05-16_2024-05-16 08:14:04-04:00,2024-05-16 12:14:04+00:00,0.4704232080513954,-19.404553415061287
2024-05-16_2024-05-16 08:14:30-04:00,2024-05-16 12:14:30+00:00,0.6450850677609761,-19.404553415061287
2024-05-16_2024-05-16 08:15:50-04:00,2024-05-16 12:15:50+00:00,0.4651732217790751,-19.404553415061287
2024-05-16_2024-05-16 08:23:37-04:00,2024-05-16 12:23:37+00:00,0.47343438624343165,-19.404553415061287
2024-05-16_2024-05-16 08:25:21-04:00,2024-05-16 12:25:21+00:00,0.47343438624343165,-19.404553415061287
2024-05-16_2024-05-16 08:25:30-04:00,2024-05-16 12:25:30+00:00,0.46638116213976644,-19.404553415061287
2024-05-17_2024-05-17 08:00:00-04:00,2024-05-17 12:00:00+00:00,0.47557791848677905,10.093896713615024
2024-05-17_2024-05-17 08:00:53-04:00,2024-05-17 12:00:53+00:00,0.4669743012878768,10.093896713615024
2024-05-17_2024-05-17 08:02:00-04:00,2024-05-17 12:02:00+00:00,0.46558322608335556,10.093896713615024
2024-05-20_2024-05-20 08:01:03-04:00,2024-05-20 12:01:03+00:00,0.9112711013402134,9.681697612732076
2024-05-20_2024-05-20 08:03:35-04:00,2024-05-20 12:03:35+00:00,0.4635373424263838,9.681697612732076
2024-05-20_2024-05-20 08:03:37-04:00,2024-05-20 12:03:37+00:00,0.47408088036544016,9.681697612732076
2024-05-20_2024-05-20 08:03:40-04:00,2024-05-20 12:03:40+00:00,0.4635373424263838,9.681697612732076
2024-05-20_2024-05-20 08:03:44-04:00,2024-05-20 12:03:44+00:00,0.465039700940451,9.681697612732076
2024-05-20_2024-05-20 08:03:50-04:00,2024-05-20 12:03:50+00:00,0.465039700940451,9.681697612732076
2024-05-20_2024-05-20 08:03:54-04:00,2024-05-20 12:03:54+00:00,0.465039700940451,9.681697612732076
2024-05-20_2024-05-20 08:03:56-04:00,2024-05-20 12:03:56+00:00,0.46997374423478955,9.681697612732076
2024-05-20_2024-05-20 08:04:00-04:00,2024-05-20 12:04:00+00:00,0.465039700940451,9.681697612732076
2024-05-20_2024-05-20 08:04:08-04:00,2024-05-20 12:04:08+00:00,0.47408088036544016,9.681697612732076
2024-05-20_2024-05-20 08:04:10-04:00,2024-05-20 12:04:10+00:00,0.47408088036544016,9.681697612732076
2024-05-20_2024-05-20 08:04:13-04:00,2024-05-20 12:04:13+00:00,0.4635373424263838,9.681697612732076
2024-05-20_2024-05-20 08:04:24-04:00,2024-05-20 12:04:24+00:00,0.9178145913720996,9.681697612732076
2024-05-20_2024-05-20 08:04:29-04:00,2024-05-20 12:04:29+00:00,0.9100234596437614,9.681697612732076
2024-05-20_2024-05-20 08:04:32-04:00,2024-05-20 12:04:32+00:00,0.4635373424263838,9.681697612732076
2024-05-20_2024-05-20 08:04:36-04:00,2024-05-20 12:04:36+00:00,0.4635373424263838,9.681697612732076
2024-05-20_2024-05-20 08:04:39-04:00,2024-05-20 12:04:39+00:00,0.4635373424263838,9.681697612732076
2024-05-20_2024-05-20 08:04:43-04:00,2024-05-20 12:04:43+00:00,0.4635373424263838,9.681697612732076
2024-05-20_2024-05-20 08:04:52-04:00,2024-05-20 12:04:52+00:00,0.9178145913720996,9.681697612732076
2024-05-20_2024-05-20 08:04:55-04:00,2024-05-20 12:04:55+00:00,0.9178145913720996,9.681697612732076
2024-05-20_2024-05-20 08:04:59-04:00,2024-05-20 12:04:59+00:00,0.465039700940451,9.681697612732076
2024-05-20_2024-05-20 08:05:04-04:00,2024-05-20 12:05:04+00:00,0.4635373424263838,9.681697612732076
2024-05-20_2024-05-20 08:05:07-04:00,2024-05-20 12:05:07+00:00,0.4635373424263838,9.681697612732076
2024-05-20_2024-05-20 08:05:14-04:00,2024-05-20 12:05:14+00:00,0.9178145913720996,9.681697612732076
2024-05-20_2024-05-20 08:05:16-04:00,2024-05-20 12:05:16+00:00,0.46997374423478955,9.681697612732076
2024-05-20_2024-05-20 08:05:18-04:00,2024-05-20 12:05:18+00:00,0.9178145913720996,9.681697612732076
2024-05-20_2024-05-20 08:05:24-04:00,2024-05-20 12:05:24+00:00,0.4635373424263838,9.681697612732076
2024-05-20_2024-05-20 08:05:26-04:00,2024-05-20 12:05:26+00:00,0.9178145913720996,9.681697612732076
2024-05-20_2024-05-20 08:05:34-04:00,2024-05-20 12:05:34+00:00,0.4635373424263838,9.681697612732076
2024-05-20_2024-05-20 08:05:38-04:00,2024-05-20 12:05:38+00:00,0.47408088036544016,9.681697612732076
2024-05-20_2024-05-20 08:05:54-04:00,2024-05-20 12:05:54+00:00,0.9178145913720996,9.681697612732076
2024-05-20_2024-05-20 08:05:56-04:00,2024-05-20 12:05:56+00:00,0.9178145913720996,9.681697612732076
2024-05-20_2024-05-20 08:06:00-04:00,2024-05-20 12:06:00+00:00,0.465039700940451,9.681697612732076
2024-05-20_2024-05-20 08:06:05-04:00,2024-05-20 12:06:05+00:00,0.4635373424263838,9.681697612732076
2024-05-20_2024-05-20 08:06:08-04:00,2024-05-20 12:06:08+00:00,0.465039700940451,9.681697612732076
2024-05-20_2024-05-20 08:06:17-04:00,2024-05-20 12:06:17+00:00,0.46997302788226536,9.681697612732076
2024-05-20_2024-05-20 08:06:28-04:00,2024-05-20 12:06:28+00:00,0.9178145913720996,9.681697612732076
2024-05-20_2024-05-20 08:06:30-04:00,2024-05-20 12:06:30+00:00,0.9178145913720996,9.681697612732076
2024-05-20_2024-05-20 08:06:33-04:00,2024-05-20 12:06:33+00:00,0.47408088036544016,9.681697612732076
2024-05-20_2024-05-20 08:06:41-04:00,2024-05-20 12:06:41+00:00,0.465039700940451,9.681697612732076
2024-05-20_2024-05-20 08:06:46-04:00,2024-05-20 12:06:46+00:00,0.465039700940451,9.681697612732076
2024-05-20_2024-05-20 08:06:48-04:00,2024-05-20 12:06:48+00:00,0.465039700940451,9.681697612732076
2024-05-20_2024-05-20 08:06:52-04:00,2024-05-20 12:06:52+00:00,0.4635373424263838,9.681697612732076
2024-05-20_2024-05-20 08:06:56-04:00,2024-05-20 12:06:56+00:00,0.465039700940451,9.681697612732076
2024-05-20_2024-05-20 08:06:59-04:00,2024-05-20 12:06:59+00:00,0.46353789848929855,9.681697612732076
2024-05-28_2024-05-28 08:01:04-04:00,2024-05-28 12:01:04+00:00,0.46737851646043077,14.926660914581548
2024-05-28_2024-05-28 08:01:14-04:00,2024-05-28 12:01:14+00:00,0.46737851646043077,14.926660914581548
2024-05-28_2024-05-28 08:04:40-04:00,2024-05-28 12:04:40+00:00,0.4708992745320418,14.926660914581548
2024-05-28_2024-05-28 08:04:45-04:00,2024-05-28 12:04:45+00:00,0.46737851646043077,14.926660914581548
2024-05-28_2024-05-28 08:04:48-04:00,2024-05-28 12:04:48+00:00,0.47428351174140143,14.926660914581548
2024-05-28_2024-05-28 08:04:51-04:00,2024-05-28 12:04:51+00:00,0.4708992745320418,14.926660914581548
2024-05-28_2024-05-28 08:05:12-04:00,2024-05-28 12:05:12+00:00,0.4660976632763464,14.926660914581548
2024-05-28_2024-05-28 08:05:14-04:00,2024-05-28 12:05:14+00:00,0.9689882779153165,14.926660914581548
2024-05-28_2024-05-28 08:05:26-04:00,2024-05-28 12:05:26+00:00,0.46737851646043077,14.926660914581548
2024-05-28_2024-05-28 08:05:31-04:00,2024-05-28 12:05:31+00:00,0.9689882779153165,14.926660914581548
2024-05-28_2024-05-28 08:05:35-04:00,2024-05-28 12:05:35+00:00,0.4708992745320418,14.926660914581548
2024-05-28_2024-05-28 08:05:42-04:00,2024-05-28 12:05:42+00:00,0.4708992745320418,14.926660914581548
2024-05-28_2024-05-28 08:05:44-04:00,2024-05-28 12:05:44+00:00,0.4708992745320418,14.926660914581548
2024-05-28_2024-05-28 08:05:48-04:00,2024-05-28 12:05:48+00:00,0.46737851646043077,14.926660914581548
2024-05-28_2024-05-28 08:05:51-04:00,2024-05-28 12:05:51+00:00,0.46737851646043077,14.926660914581548
2024-05-28_2024-05-28 08:05:54-04:00,2024-05-28 12:05:54+00:00,0.9689882779153165,14.926660914581548
2024-05-28_2024-05-28 08:06:01-04:00,2024-05-28 12:06:01+00:00,0.47428351174140143,14.926660914581548
2024-05-28_2024-05-28 08:06:18-04:00,2024-05-28 12:06:18+00:00,0.47428351174140143,14.926660914581548
2024-05-28_2024-05-28 08:06:22-04:00,2024-05-28 12:06:22+00:00,0.4708992745320418,14.926660914581548
2024-05-28_2024-05-28 08:06:28-04:00,2024-05-28 12:06:28+00:00,0.46737851646043077,14.926660914581548
2024-05-28_2024-05-28 08:06:32-04:00,2024-05-28 12:06:32+00:00,0.47428351174140143,14.926660914581548
2024-05-28_2024-05-28 08:06:37-04:00,2024-05-28 12:06:37+00:00,0.4660973553108428,14.926660914581548
2024-05-28_2024-05-28 08:06:40-04:00,2024-05-28 12:06:40+00:00,0.47428351174140143,14.926660914581548
2024-05-28_2024-05-28 08:06:45-04:00,2024-05-28 12:06:45+00:00,0.46737851646043077,14.926660914581548
2024-05-28_2024-05-28 08:06:48-04:00,2024-05-28 12:06:48+00:00,0.4708992745320418,14.926660914581548
2024-05-28_2024-05-28 08:07:00-04:00,2024-05-28 12:07:00+00:00,0.9689882779153165,14.926660914581548
2024-05-28_2024-05-28 08:07:02-04:00,2024-05-28 12:07:02+00:00,0.4708992745320418,14.926660914581548
2024-05-28_2024-05-28 08:07:05-04:00,2024-05-28 12:07:05+00:00,0.9689882779153165,14.926660914581548
2024-05-28_2024-05-28 08:07:12-04:00,2024-05-28 12:07:12+00:00,0.47428351174140143,14.926660914581548
2024-05-28_2024-05-28 08:07:16-04:00,2024-05-28 12:07:16+00:00,0.46737851646043077,14.926660914581548
2024-05-28_2024-05-28 08:07:31-04:00,2024-05-28 12:07:31+00:00,0.4660976632763464,14.926660914581548
2024-05-28_2024-05-28 08:07:44-04:00,2024-05-28 12:07:44+00:00,0.4708992745320418,14.926660914581548
2024-05-28_2024-05-28 08:07:48-04:00,2024-05-28 12:07:48+00:00,0.9689882779153165,14.926660914581548
2024-05-28_2024-05-28 08:07:51-04:00,2024-05-28 12:07:51+00:00,0.46737851646043077,14.926660914581548
2024-05-28_2024-05-28 08:07:56-04:00,2024-05-28 12:07:56+00:00,0.47428351174140143,14.926660914581548
2024-05-28_2024-05-28 08:08:01-04:00,2024-05-28 12:08:01+00:00,0.46737851646043077,14.926660914581548
2024-05-28_2024-05-28 08:08:08-04:00,2024-05-28 12:08:08+00:00,0.4708992745320418,14.926660914581548
2024-05-28_2024-05-28 08:08:10-04:00,2024-05-28 12:08:10+00:00,0.47428351174140143,14.926660914581548
2024-05-28_2024-05-28 08:08:13-04:00,2024-05-28 12:08:13+00:00,0.9689882779153165,14.926660914581548
2024-05-28_2024-05-28 08:08:15-04:00,2024-05-28 12:08:15+00:00,0.9689882779153165,14.926660914581548
2024-05-28_2024-05-28 08:08:26-04:00,2024-05-28 12:08:26+00:00,0.9689882779153165,14.926660914581548
2024-05-28_2024-05-28 08:08:32-04:00,2024-05-28 12:08:32+00:00,0.9689882779153165,14.926660914581548
2024-05-28_2024-05-28 08:08:36-04:00,2024-05-28 12:08:36+00:00,0.4708992745320418,14.926660914581548
2024-05-28_2024-05-28 08:08:42-04:00,2024-05-28 12:08:42+00:00,0.46737851646043077,14.926660914581548
2024-05-28_2024-05-28 08:08:46-04:00,2024-05-28 12:08:46+00:00,0.4708992745320418,14.926660914581548
2024-05-28_2024-05-28 08:08:49-04:00,2024-05-28 12:08:49+00:00,0.4708992745320418,14.926660914581548
2024-05-28_2024-05-28 08:08:52-04:00,2024-05-28 12:08:52+00:00,0.46737851646043077,14.926660914581548
2024-05-28_2024-05-28 08:08:59-04:00,2024-05-28 12:08:59+00:00,0.9689882779153165,14.926660914581548
2024-05-29_2024-05-29 09:12:32-04:00,2024-05-29 13:12:32+00:00,0.4653935608637643,27.09335899903753
2024-05-29_2024-05-29 09:12:34-04:00,2024-05-29 13:12:34+00:00,0.635098700516988,27.09335899903753
2024-05-29_2024-05-29 09:12:40-04:00,2024-05-29 13:12:40+00:00,0.611840976664,27.09335899903753
2024-06-03_2024-06-03 08:00:00-04:00,2024-06-03 12:00:00+00:00,0.47022767039661056,-8.761198945981551
2024-06-03_2024-06-03 09:36:24-04:00,2024-06-03 13:36:24+00:00,0.46844946169809476,-8.761198945981551
2024-06-03_2024-06-03 09:36:48-04:00,2024-06-03 13:36:48+00:00,0.9166038583108782,-8.761198945981551
2024-06-04_2024-06-04 08:00:00-04:00,2024-06-04 12:00:00+00:00,0.46044169017507125,4.002992891881774
2024-06-04_2024-06-04 08:00:17-04:00,2024-06-04 12:00:17+00:00,0.4719810698449855,4.002992891881774
2024-06-04_2024-06-04 08:01:01-04:00,2024-06-04 12:01:01+00:00,0.4674384068747816,4.002992891881774
2024-06-04_2024-06-04 08:01:06-04:00,2024-06-04 12:01:06+00:00,0.45824290614764324,4.002992891881774
2024-06-04_2024-06-04 08:01:41-04:00,2024-06-04 12:01:41+00:00,0.467440428462986,4.002992891881774
2024-06-04_2024-06-04 08:02:15-04:00,2024-06-04 12:02:15+00:00,0.4719810698449855,4.002992891881774
2024-06-04_2024-06-04 08:02:28-04:00,2024-06-04 12:02:28+00:00,0.4674406344253572,4.002992891881774
2024-06-07_2024-06-07 08:00:00-04:00,2024-06-07 12:00:00+00:00,0.4357164089634322,14.027982326951394
2024-06-07_2024-06-07 08:00:05-04:00,2024-06-07 12:00:05+00:00,0.4469761928187603,14.027982326951394
2024-06-07_2024-06-07 08:00:50-04:00,2024-06-07 12:00:50+00:00,0.4407030745541239,14.027982326951394
2024-06-07_2024-06-07 08:02:00-04:00,2024-06-07 12:02:00+00:00,0.4762162064749232,14.027982326951394
2024-06-07_2024-06-07 08:55:46-04:00,2024-06-07 12:55:46+00:00,0.4476733751253125,14.027982326951394
2024-06-07_2024-06-07 09:38:12-04:00,2024-06-07 13:38:12+00:00,0.4708698494214994,14.027982326951394
2024-06-07_2024-06-07 09:52:49-04:00,2024-06-07 13:52:49+00:00,0.45895353652838644,14.027982326951394
2024-06-10_2024-06-10 08:00:00-04:00,2024-06-10 12:00:00+00:00,0.4830879814373179,15.70823341326939
2024-06-10_2024-06-10 08:00:03-04:00,2024-06-10 12:00:03+00:00,0.513834440720963,15.70823341326939
2024-06-10_2024-06-10 08:00:30-04:00,2024-06-10 12:00:30+00:00,0.9051446186339487,15.70823341326939
2024-06-10_2024-06-10 08:01:03-04:00,2024-06-10 12:01:03+00:00,0.48308742304103364,15.70823341326939
2024-06-10_2024-06-10 08:01:10-04:00,2024-06-10 12:01:10+00:00,0.5138343111776975,15.70823341326939
2024-06-10_2024-06-10 08:01:51-04:00,2024-06-10 12:01:51+00:00,0.5071119825577823,15.70823341326939
2024-06-10_2024-06-10 08:02:36-04:00,2024-06-10 12:02:36+00:00,0.9051446186339487,15.70823341326939
2024-06-10_2024-06-10 08:02:44-04:00,2024-06-10 12:02:44+00:00,0.48308841357695664,15.70823341326939
2024-06-10_2024-06-10 09:04:20-04:00,2024-06-10 13:04:20+00:00,0.4873063092400102,15.70823341326939
2024-06-10_2024-06-10 09:04:25-04:00,2024-06-10 13:04:25+00:00,0.5138343111776975,15.70823341326939
2024-06-10_2024-06-10 09:04:35-04:00,2024-06-10 13:04:35+00:00,0.5071119825577823,15.70823341326939
2024-06-10_2024-06-10 09:04:45-04:00,2024-06-10 13:04:45+00:00,0.4873063092400102,15.70823341326939
2024-06-10_2024-06-10 09:04:54-04:00,2024-06-10 13:04:54+00:00,0.5138343111776975,15.70823341326939
2024-06-10_2024-06-10 09:05:12-04:00,2024-06-10 13:05:12+00:00,0.5138329655286227,15.70823341326939
2024-06-10_2024-06-10 09:05:18-04:00,2024-06-10 13:05:18+00:00,0.9051446186339487,15.70823341326939
2024-06-10_2024-06-10 09:05:22-04:00,2024-06-10 13:05:22+00:00,0.5071119825577823,15.70823341326939
2024-06-10_2024-06-10 09:05:27-04:00,2024-06-10 13:05:27+00:00,0.5071112561324771,15.70823341326939
2024-06-10_2024-06-10 09:05:46-04:00,2024-06-10 13:05:46+00:00,0.48308742304103364,15.70823341326939
2024-06-10_2024-06-10 09:05:55-04:00,2024-06-10 13:05:55+00:00,0.4873063092400102,15.70823341326939
2024-06-10_2024-06-10 09:06:04-04:00,2024-06-10 13:06:04+00:00,0.5138343111776975,15.70823341326939
2024-06-10_2024-06-10 09:09:29-04:00,2024-06-10 13:09:29+00:00,0.4830870855925484,15.70823341326939
2024-06-10_2024-06-10 09:09:43-04:00,2024-06-10 13:09:43+00:00,0.8963988066344359,15.70823341326939
2024-06-10_2024-06-10 09:09:48-04:00,2024-06-10 13:09:48+00:00,0.5138329655286227,15.70823341326939
2024-06-10_2024-06-10 09:09:53-04:00,2024-06-10 13:09:53+00:00,0.48308742304103364,15.70823341326939
2024-06-10_2024-06-10 09:10:02-04:00,2024-06-10 13:10:02+00:00,0.5071119825577823,15.70823341326939
2024-06-10_2024-06-10 09:10:12-04:00,2024-06-10 13:10:12+00:00,0.5138343111776975,15.70823341326939
2024-06-10_2024-06-10 09:10:21-04:00,2024-06-10 13:10:21+00:00,0.5071119825577823,15.70823341326939
2024-06-10_2024-06-10 09:10:31-04:00,2024-06-10 13:10:31+00:00,0.5071119825577823,15.70823341326939
2024-06-10_2024-06-10 09:10:36-04:00,2024-06-10 13:10:36+00:00,0.48308742304103364,15.70823341326939
2024-06-10_2024-06-10 09:10:41-04:00,2024-06-10 13:10:41+00:00,0.4873063092400102,15.70823341326939
2024-06-10_2024-06-10 09:10:51-04:00,2024-06-10 13:10:51+00:00,0.4873063092400102,15.70823341326939
2024-06-10_2024-06-10 09:10:55-04:00,2024-06-10 13:10:55+00:00,0.5138337200406533,15.70823341326939
2024-06-10_2024-06-10 09:11:14-04:00,2024-06-10 13:11:14+00:00,0.4830870855925484,15.70823341326939
2024-06-10_2024-06-10 09:11:24-04:00,2024-06-10 13:11:24+00:00,0.4830863927641861,15.70823341326939
2024-06-10_2024-06-10 09:11:33-04:00,2024-06-10 13:11:33+00:00,0.9051446186339487,15.70823341326939
2024-06-10_2024-06-10 09:12:36-04:00,2024-06-10 13:12:36+00:00,0.5138329655286227,15.70823341326939
2024-06-10_2024-06-10 09:12:45-04:00,2024-06-10 13:12:45+00:00,0.8963988066344359,15.70823341326939
2024-06-10_2024-06-10 09:12:54-04:00,2024-06-10 13:12:54+00:00,0.5138343111776975,15.70823341326939
2024-06-10_2024-06-10 09:12:59-04:00,2024-06-10 13:12:59+00:00,0.507110344797801,15.70823341326939
2024-06-10_2024-06-10 09:13:08-04:00,2024-06-10 13:13:08+00:00,0.507111263757904,15.70823341326939
2024-06-10_2024-06-10 09:13:18-04:00,2024-06-10 13:13:18+00:00,0.48308742304103364,15.70823341326939
2024-06-10_2024-06-10 09:13:27-04:00,2024-06-10 13:13:27+00:00,0.48308742304103364,15.70823341326939
2024-06-10_2024-06-10 09:13:37-04:00,2024-06-10 13:13:37+00:00,0.9051446186339487,15.70823341326939
2024-06-10_2024-06-10 09:13:56-04:00,2024-06-10 13:13:56+00:00,0.4873063092400102,15.70823341326939
2024-06-10_2024-06-10 09:14:01-04:00,2024-06-10 13:14:01+00:00,0.5071119825577823,15.70823341326939
2024-06-10_2024-06-10 09:14:05-04:00,2024-06-10 13:14:05+00:00,0.5138343111776975,15.70823341326939
2024-06-10_2024-06-10 09:14:20-04:00,2024-06-10 13:14:20+00:00,0.5071119825577823,15.70823341326939
2024-06-10_2024-06-10 09:14:30-04:00,2024-06-10 13:14:30+00:00,0.8977047948748407,15.70823341326939
2024-06-10_2024-06-10 09:14:39-04:00,2024-06-10 13:14:39+00:00,0.48308742304103364,15.70823341326939
2024-06-10_2024-06-10 09:14:58-04:00,2024-06-10 13:14:58+00:00,0.5071119825577823,15.70823341326939
2024-06-10_2024-06-10 09:15:03-04:00,2024-06-10 13:15:03+00:00,0.5138338349466703,15.70823341326939
2024-06-10_2024-06-10 09:15:07-04:00,2024-06-10 13:15:07+00:00,0.48308742304103364,15.70823341326939
2024-06-10_2024-06-10 09:15:12-04:00,2024-06-10 13:15:12+00:00,0.48308742304103364,15.70823341326939
2024-06-10_2024-06-10 09:15:21-04:00,2024-06-10 13:15:21+00:00,0.4873063092400102,15.70823341326939
2024-06-10_2024-06-10 09:15:31-04:00,2024-06-10 13:15:31+00:00,0.48308742304103364,15.70823341326939
2024-06-10_2024-06-10 09:15:40-04:00,2024-06-10 13:15:40+00:00,0.4873063092400102,15.70823341326939
2024-06-10_2024-06-10 09:15:49-04:00,2024-06-10 13:15:49+00:00,0.4830863927641861,15.70823341326939
2024-06-10_2024-06-10 09:15:58-04:00,2024-06-10 13:15:58+00:00,0.4830870855925484,15.70823341326939
2024-06-10_2024-06-10 09:16:03-04:00,2024-06-10 13:16:03+00:00,0.4873063092400102,15.70823341326939
2024-06-10_2024-06-10 09:16:13-04:00,2024-06-10 13:16:13+00:00,0.4873063092400102,15.70823341326939
2024-06-10_2024-06-10 09:16:31-04:00,2024-06-10 13:16:31+00:00,0.507111263757904,15.70823341326939
2024-06-10_2024-06-10 09:16:51-04:00,2024-06-10 13:16:51+00:00,0.48308742304103364,15.70823341326939
2024-06-10_2024-06-10 09:16:55-04:00,2024-06-10 13:16:55+00:00,0.8962881039521401,15.70823341326939
2024-06-10_2024-06-10 09:17:14-04:00,2024-06-10 13:17:14+00:00,0.4873063092400102,15.70823341326939
2024-06-10_2024-06-10 09:17:33-04:00,2024-06-10 13:17:33+00:00,0.5138343111776975,15.70823341326939
2024-06-10_2024-06-10 09:17:43-04:00,2024-06-10 13:17:43+00:00,0.9051446186339487,15.70823341326939
2024-06-10_2024-06-10 09:17:52-04:00,2024-06-10 13:17:52+00:00,0.4873063092400102,15.70823341326939
2024-06-10_2024-06-10 09:17:57-04:00,2024-06-10 13:17:57+00:00,0.5138343111776975,15.70823341326939
2024-06-10_2024-06-10 09:18:02-04:00,2024-06-10 13:18:02+00:00,0.48308742304103364,15.70823341326939
2024-06-10_2024-06-10 09:18:06-04:00,2024-06-10 13:18:06+00:00,0.507110344797801,15.70823341326939
2024-06-10_2024-06-10 09:18:16-04:00,2024-06-10 13:18:16+00:00,0.5138343111776975,15.70823341326939
2024-06-10_2024-06-10 09:18:25-04:00,2024-06-10 13:18:25+00:00,0.5138343111776975,15.70823341326939
2024-06-10_2024-06-10 09:18:35-04:00,2024-06-10 13:18:35+00:00,0.5138343111776975,15.70823341326939
2024-06-10_2024-06-10 09:18:44-04:00,2024-06-10 13:18:44+00:00,0.5138329655286227,15.70823341326939
2024-06-10_2024-06-10 09:18:54-04:00,2024-06-10 13:18:54+00:00,0.5138343111776975,15.70823341326939
2024-06-10_2024-06-10 09:19:04-04:00,2024-06-10 13:19:04+00:00,0.4830863927641861,15.70823341326939
2024-06-10_2024-06-10 09:20:29-04:00,2024-06-10 13:20:29+00:00,0.48308742304103364,15.70823341326939
2024-06-10_2024-06-10 09:20:48-04:00,2024-06-10 13:20:48+00:00,0.4873063092400102,15.70823341326939
2024-06-10_2024-06-10 09:20:58-04:00,2024-06-10 13:20:58+00:00,0.48308742304103364,15.70823341326939
2024-06-10_2024-06-10 09:21:07-04:00,2024-06-10 13:21:07+00:00,0.507110344797801,15.70823341326939
2024-06-10_2024-06-10 09:21:17-04:00,2024-06-10 13:21:17+00:00,0.48730588203793496,15.70823341326939
2024-06-10_2024-06-10 09:21:22-04:00,2024-06-10 13:21:22+00:00,0.48308742304103364,15.70823341326939
2024-06-10_2024-06-10 09:21:31-04:00,2024-06-10 13:21:31+00:00,0.4873063092400102,15.70823341326939
2024-06-10_2024-06-10 09:21:41-04:00,2024-06-10 13:21:41+00:00,0.4873063092400102,15.70823341326939
2024-06-10_2024-06-10 09:21:50-04:00,2024-06-10 13:21:50+00:00,0.5138329655286227,15.70823341326939
2024-06-10_2024-06-10 09:22:00-04:00,2024-06-10 13:22:00+00:00,0.9051446186339487,15.70823341326939
2024-06-10_2024-06-10 09:22:09-04:00,2024-06-10 13:22:09+00:00,0.48308742304103364,15.70823341326939
2024-06-10_2024-06-10 09:22:14-04:00,2024-06-10 13:22:14+00:00,0.8963988066344359,15.70823341326939
2024-06-10_2024-06-10 09:22:23-04:00,2024-06-10 13:22:23+00:00,0.5071119825577823,15.70823341326939
2024-06-10_2024-06-10 09:22:32-04:00,2024-06-10 13:22:32+00:00,0.507111263757904,15.70823341326939
2024-06-10_2024-06-10 09:22:42-04:00,2024-06-10 13:22:42+00:00,0.5071119825577823,15.70823341326939
2024-06-10_2024-06-10 09:23:43-04:00,2024-06-10 13:23:43+00:00,0.8963988066344359,15.70823341326939
2024-06-10_2024-06-10 09:24:02-04:00,2024-06-10 13:24:02+00:00,0.5071119825577823,15.70823341326939
2024-06-10_2024-06-10 09:24:07-04:00,2024-06-10 13:24:07+00:00,0.5071119825577823,15.70823341326939
2024-06-10_2024-06-10 09:24:16-04:00,2024-06-10 13:24:16+00:00,0.8963988066344359,15.70823341326939
2024-06-10_2024-06-10 09:24:26-04:00,2024-06-10 13:24:26+00:00,0.9051446186339487,15.70823341326939
2024-06-10_2024-06-10 09:24:35-04:00,2024-06-10 13:24:35+00:00,0.9051446186339487,15.70823341326939
2024-06-10_2024-06-10 09:24:44-04:00,2024-06-10 13:24:44+00:00,0.4873051653337466,15.70823341326939
2024-06-11_2024-06-11 08:55:28-04:00,2024-06-11 12:55:28+00:00,0.5515098918288982,-8.322147651006716
2024-06-11_2024-06-11 08:55:45-04:00,2024-06-11 12:55:45+00:00,0.5158179236782785,-8.322147651006716
2024-06-11_2024-06-11 08:55:51-04:00,2024-06-11 12:55:51+00:00,0.5615827461726037,-8.322147651006716
2024-06-11_2024-06-11 08:56:08-04:00,2024-06-11 12:56:08+00:00,0.5515098918288982,-8.322147651006716
2024-06-11_2024-06-11 08:56:14-04:00,2024-06-11 12:56:14+00:00,0.5780079479825313,-8.322147651006716
2024-06-11_2024-06-11 08:56:20-04:00,2024-06-11 12:56:20+00:00,0.5615840724233103,-8.322147651006716
2024-06-11_2024-06-11 08:56:54-04:00,2024-06-11 12:56:54+00:00,0.5097589862024252,-8.322147651006716
2024-06-11_2024-06-11 08:57:00-04:00,2024-06-11 12:57:00+00:00,0.5097600172665007,-8.322147651006716
2024-06-11_2024-06-11 08:57:23-04:00,2024-06-11 12:57:23+00:00,0.5539631018086164,-8.322147651006716
2024-06-11_2024-06-11 08:57:41-04:00,2024-06-11 12:57:41+00:00,0.5615827461726037,-8.322147651006716
2024-06-11_2024-06-11 08:57:47-04:00,2024-06-11 12:57:47+00:00,0.5097589862024252,-8.322147651006716
2024-06-11_2024-06-11 08:57:53-04:00,2024-06-11 12:57:53+00:00,0.5158190671766804,-8.322147651006716
2024-06-11_2024-06-11 08:57:59-04:00,2024-06-11 12:57:59+00:00,0.5615827461726037,-8.322147651006716
2024-06-11_2024-06-11 08:58:11-04:00,2024-06-11 12:58:11+00:00,0.5515098918288982,-8.322147651006716
2024-06-11_2024-06-11 08:58:16-04:00,2024-06-11 12:58:16+00:00,0.5097596795601982,-8.322147651006716
2024-06-11_2024-06-11 08:58:22-04:00,2024-06-11 12:58:22+00:00,0.5158190671766804,-8.322147651006716
2024-06-11_2024-06-11 08:58:28-04:00,2024-06-11 12:58:28+00:00,0.5097600172665007,-8.322147651006716
2024-06-11_2024-06-11 08:58:34-04:00,2024-06-11 12:58:34+00:00,0.5780079479825313,-8.322147651006716
2024-06-11_2024-06-11 08:58:40-04:00,2024-06-11 12:58:40+00:00,0.551508271122213,-8.322147651006716
2024-06-11_2024-06-11 08:58:46-04:00,2024-06-11 12:58:46+00:00,0.5539631018086164,-8.322147651006716
2024-06-11_2024-06-11 08:59:48-04:00,2024-06-11 12:59:48+00:00,0.5158186401269597,-8.322147651006716
2024-06-11_2024-06-11 10:21:42-04:00,2024-06-11 14:21:42+00:00,0.5097596795601982,-8.322147651006716
2024-06-13_2024-06-13 08:37:27-04:00,2024-06-13 12:37:27+00:00,0.4303119074128714,-5.042665726375173
2024-06-13_2024-06-13 08:37:32-04:00,2024-06-13 12:37:32+00:00,0.4303119074128714,-5.042665726375173
2024-06-13_2024-06-13 08:37:37-04:00,2024-06-13 12:37:37+00:00,0.4303119074128714,-5.042665726375173
2024-06-13_2024-06-13 08:37:41-04:00,2024-06-13 12:37:41+00:00,0.4303119074128714,-5.042665726375173
2024-06-13_2024-06-13 08:37:46-04:00,2024-06-13 12:37:46+00:00,0.43885489974714575,-5.042665726375173
2024-06-13_2024-06-13 08:37:51-04:00,2024-06-13 12:37:51+00:00,0.4084519945645299,-5.042665726375173
2024-06-13_2024-06-13 08:37:56-04:00,2024-06-13 12:37:56+00:00,0.4303119074128714,-5.042665726375173
2024-06-18_2024-06-18 08:44:31-04:00,2024-06-18 12:44:31+00:00,0.6898407748649971,14.110884631064003
2024-06-18_2024-06-18 08:44:38-04:00,2024-06-18 12:44:38+00:00,0.6417289416362149,14.110884631064003
2024-06-18_2024-06-18 08:44:43-04:00,2024-06-18 12:44:43+00:00,0.6825769177177937,14.110884631064003
2024-06-18_2024-06-18 08:44:50-04:00,2024-06-18 12:44:50+00:00,0.6395936086271858,14.110884631064003
2024-06-18_2024-06-18 08:45:02-04:00,2024-06-18 12:45:02+00:00,0.6395942481842487,14.110884631064003
2024-07-01_2024-07-01 08:00:19-04:00,2024-07-01 12:00:19+00:00,0.4717668753028423,24.52684301411523
2024-12-09_2024-12-09 08:00:01-05:00,2024-12-09 13:00:01+00:00,0.4826309762474568,7.175775416735153
