burst_id,min_lag,duration_seconds,cluster,predicted_prob_250d_gt20,target_gt20_250d
2021-03-05_2021-03-05 08:00:01-05:00,89.04166666666667,275.0,2.0,6.475604325528206e-39,0
2021-03-05_2021-03-05 08:05:07-05:00,89.038125,18.0,0.0,3.465510641416223e-39,0
2021-03-05_2021-03-05 08:05:52-05:00,89.03760416666667,0.0,0.0,3.400132522269723e-39,0
2021-03-05_2021-03-05 08:08:21-05:00,89.03587962962963,135.0,3.0,3.135890655384543e-38,0
2021-03-05_2021-03-05 08:11:01-05:00,89.03402777777778,50.0,0.0,4.320806143584447e-39,0
2021-03-09_2021-03-09 09:04:17-05:00,84.99703703703703,172.0,1.0,1.620973920308165e-71,0
2021-03-09_2021-03-09 09:07:49-05:00,84.99458333333334,9.0,3.0,1.753992822976742e-71,0
2021-03-09_2021-03-09 09:08:00-05:00,84.99445601851852,14.0,3.0,1.7894843274824429e-71,0
2021-03-09_2021-03-09 09:08:16-05:00,84.99427083333333,20.0,3.0,1.909131519538254e-71,0
2021-03-09_2021-03-09 09:08:38-05:00,84.99401620370371,8.0,3.0,2.5133829498049627e-71,0
2021-03-09_2021-03-09 09:08:48-05:00,84.99390046296297,12.0,3.0,2.5232117555632e-71,0
2021-03-09_2021-03-09 09:09:02-05:00,84.99373842592593,0.0,3.0,2.4893456835723827e-71,0
2021-03-09_2021-03-09 09:09:04-05:00,84.99371527777778,0.0,3.0,2.4897510516888104e-71,0
2021-03-09_2021-03-09 09:09:06-05:00,84.99369212962964,4.0,3.0,2.5005521855723824e-71,0
2021-03-09_2021-03-09 09:09:12-05:00,84.99362268518519,2.0,3.0,2.495223861113523e-71,0
2021-03-09_2021-03-09 09:09:18-05:00,84.99355324074074,4.0,3.0,2.4994936772048175e-71,0
2021-03-09_2021-03-09 09:09:24-05:00,84.9934837962963,38.0,3.0,1.6790550988608504e-71,0
2021-03-10_2021-03-10 08:00:00-05:00,84.04167824074074,3399.0,4.0,2.3994562924884695e-91,0
2021-03-10_2021-03-10 08:56:42-05:00,84.00230324074074,0.0,0.0,4.115557077857957e-89,0
2021-03-10_2021-03-10 08:56:44-05:00,84.0022800925926,1.0,0.0,9.192627912530372e-89,0
2021-03-10_2021-03-10 08:56:47-05:00,84.00224537037037,30.0,3.0,3.058691216062437e-88,0
2021-03-10_2021-03-10 08:57:22-05:00,84.00184027777777,5.0,3.0,4.755970290160681e-88,0
2021-03-10_2021-03-10 08:57:35-05:00,84.00168981481481,7.0,0.0,7.024445459656098e-89,0
2021-03-10_2021-03-10 08:57:50-05:00,84.0015162037037,0.0,2.0,4.356869762886542e-88,0
2021-03-10_2021-03-10 08:57:52-05:00,84.00149305555556,4.0,0.0,9.509929209725628e-89,0
2021-03-10_2021-03-10 08:58:00-05:00,84.00140046296296,4.0,3.0,6.712583411030586e-88,0
2021-03-10_2021-03-10 08:58:59-05:00,84.0007175925926,0.0,0.0,9.563337910249786e-89,0
2021-03-10_2021-03-10 08:59:02-05:00,84.00068287037037,1.0,0.0,9.568944340161869e-89,0
2021-03-10_2021-03-10 08:59:10-05:00,84.00059027777777,62.0,3.0,1.3740821931868425e-88,0
2021-03-10_2021-03-10 09:00:15-05:00,83.99983796296296,11.0,3.0,6.153777757996356e-88,0
2021-03-10_2021-03-10 09:18:46-05:00,83.98697916666667,8.0,3.0,6.136517513486841e-88,0
2021-03-10_2021-03-10 09:18:56-05:00,83.98686342592593,2.0,3.0,6.501464699051739e-88,0
2021-03-10_2021-03-10 09:19:05-05:00,83.98675925925926,0.0,3.0,6.43782562756282e-88,0
2021-03-10_2021-03-10 09:19:35-05:00,83.98641203703704,1.0,3.0,7.814990815202669e-88,0
2021-03-10_2021-03-10 09:19:38-05:00,83.98637731481482,11.0,3.0,6.450677934297826e-88,0
2021-03-10_2021-03-10 09:19:51-05:00,83.98622685185185,0.0,3.0,8.325261564776864e-88,0
2021-03-10_2021-03-10 09:20:08-05:00,83.98603009259259,0.0,3.0,8.324453055000001e-88,0
2021-03-10_2021-03-10 09:20:25-05:00,83.98583333333333,1.0,3.0,8.264799392308881e-88,0
2021-03-11_2021-03-11 08:00:01-05:00,83.04166666666667,3818.0,4.0,2.3057436974811855e-83,0
2021-03-11_2021-03-11 09:03:46-05:00,82.99739583333333,59.0,3.0,2.7325372123659455e-78,0
2021-03-11_2021-03-11 09:04:56-05:00,82.99658564814816,2.0,3.0,6.277121600714089e-78,0
2021-03-11_2021-03-11 09:05:03-05:00,82.99650462962963,15.0,3.0,6.353470876604184e-78,0
2021-03-11_2021-03-11 09:05:21-05:00,82.9962962962963,35.0,3.0,6.520554033098443e-78,0
2021-03-11_2021-03-11 09:23:52-05:00,82.9834375,153.0,1.0,1.7847025624138682e-78,0
2021-03-11_2021-03-11 09:26:42-05:00,82.9814699074074,3.0,3.0,3.9149953376814414e-78,0
2021-03-12_2021-03-12 08:00:03-05:00,82.04164351851851,1.0,3.0,9.971440258266526e-89,0
2021-03-15_2021-03-15 08:00:00-04:00,79.08334490740741,18.0,2.0,1.0741546956519972e-90,0
2021-03-15_2021-03-15 08:00:36-04:00,79.08292824074074,0.0,3.0,2.225345794997534e-89,0
2021-03-15_2021-03-15 08:00:40-04:00,79.08288194444444,10.0,0.0,2.57472018687801e-90,0
2021-03-15_2021-03-15 08:01:14-04:00,79.08248842592593,0.0,2.0,1.6358886988351886e-89,0
2021-03-15_2021-03-15 08:01:19-04:00,79.08243055555556,0.0,5.0,6.306809737027276e-90,0
2021-03-15_2021-03-15 08:01:22-04:00,79.08239583333334,0.0,0.0,3.2298466599124865e-90,0
2021-03-15_2021-03-15 08:01:33-04:00,79.08226851851852,0.0,2.0,1.7004545935047285e-89,0
2021-03-15_2021-03-15 08:01:39-04:00,79.08219907407407,0.0,2.0,1.5692753389305776e-89,0
2021-03-15_2021-03-15 08:01:48-04:00,79.08209490740741,0.0,5.0,6.306923786542582e-90,0
2021-03-15_2021-03-15 08:01:59-04:00,79.08196759259259,0.0,5.0,6.306967047242961e-90,0
2021-03-15_2021-03-15 09:07:35-04:00,79.03641203703704,7.0,3.0,2.1735374878757658e-89,0
2021-03-15_2021-03-15 09:07:44-04:00,79.03630787037036,0.0,3.0,2.1955241562688485e-89,0
2021-03-15_2021-03-15 09:07:46-04:00,79.03628472222222,1.0,3.0,2.1630390582998378e-89,0
2021-03-15_2021-03-15 09:07:49-04:00,79.03625,0.0,3.0,2.1611406238989626e-89,0
2021-03-15_2021-03-15 09:07:51-04:00,79.03622685185185,153.0,1.0,2.375722817053239e-89,0
2021-03-15_2021-03-15 09:10:26-04:00,79.03443287037037,28.0,3.0,1.5423075222103112e-89,0
2021-03-15_2021-03-15 09:10:56-04:00,79.03408564814815,12.0,3.0,1.676203751533519e-89,0
2021-03-15_2021-03-15 09:11:10-04:00,79.0339236111111,0.0,0.0,3.212916822101034e-90,0
2021-03-15_2021-03-15 09:11:13-04:00,79.0338888888889,1.0,3.0,2.0783086893552128e-89,0
2021-03-15_2021-03-15 09:11:16-04:00,79.03385416666667,5.0,3.0,2.0851912267705787e-89,0
2021-03-15_2021-03-15 09:11:23-04:00,79.03377314814814,1.0,3.0,2.234053271021585e-89,0
2021-03-15_2021-03-15 09:11:28-04:00,79.03371527777777,1.0,0.0,3.2159544972753537e-90,0
2021-03-15_2021-03-15 09:13:33-04:00,79.03226851851852,0.0,0.0,2.349009253865179e-90,0
2021-03-15_2021-03-15 09:13:35-04:00,79.03224537037038,0.0,3.0,1.6319882785580825e-89,0
2021-03-15_2021-03-15 09:13:37-04:00,79.03222222222222,0.0,3.0,1.632078215685834e-89,0
2021-03-15_2021-03-15 09:13:40-04:00,79.0321875,3.0,3.0,1.6361309039483246e-89,0
2021-03-15_2021-03-15 09:13:45-04:00,79.03212962962964,0.0,3.0,2.2494318790251837e-89,0
2021-03-15_2021-03-15 09:13:52-04:00,79.03204861111111,3.0,3.0,1.6355264011626733e-89,0
2021-03-15_2021-03-15 09:14:01-04:00,79.03194444444445,0.0,3.0,1.658342335801594e-89,0
2021-03-15_2021-03-15 09:14:03-04:00,79.03192129629629,4.0,3.0,1.6370655755547517e-89,0
2021-03-15_2021-03-15 09:14:09-04:00,79.03185185185185,0.0,3.0,1.7261825442187028e-89,0
2021-03-15_2021-03-15 09:14:11-04:00,79.03182870370371,0.0,0.0,2.4851297085336037e-90,0
2021-03-15_2021-03-15 09:14:13-04:00,79.03180555555555,2.0,3.0,1.728203157937991e-89,0
2021-03-15_2021-03-15 09:14:17-04:00,79.03175925925926,3.0,0.0,2.490634486853208e-90,0
2021-03-15_2021-03-15 09:14:23-04:00,79.03168981481481,1.0,5.0,5.26325002727339e-90,0
2021-03-15_2021-03-15 09:14:26-04:00,79.03165509259259,0.0,3.0,2.2498528928757353e-89,0
2021-03-15_2021-03-15 09:14:28-04:00,79.03163194444444,2.0,3.0,1.7287779072461847e-89,0
2021-03-15_2021-03-15 09:14:33-04:00,79.03157407407407,1.0,0.0,2.487485496608111e-90,0
2021-03-15_2021-03-15 09:14:37-04:00,79.03152777777778,0.0,0.0,2.485036151152532e-90,0
2021-03-15_2021-03-15 09:14:39-04:00,79.03150462962962,1.0,3.0,1.7277344459803873e-89,0
2021-03-15_2021-03-15 09:14:42-04:00,79.03146990740741,1.0,3.0,1.7277376780480444e-89,0
2021-03-15_2021-03-15 09:14:47-04:00,79.03141203703704,0.0,3.0,1.7260375076694577e-89,0
2021-03-15_2021-03-15 09:14:49-04:00,79.03138888888888,15.0,3.0,1.7462428076683048e-89,0
2021-03-15_2021-03-15 09:15:06-04:00,79.03119212962963,0.0,0.0,3.3317865187475232e-90,0
2021-03-15_2021-03-15 09:15:08-04:00,79.03116898148149,1.0,3.0,1.727393497863912e-89,0
2021-03-15_2021-03-15 09:15:11-04:00,79.03113425925926,4.0,3.0,1.732242571865983e-89,0
2021-03-15_2021-03-15 09:15:18-04:00,79.03105324074075,1.0,0.0,3.3483382979568944e-90,0
2021-03-15_2021-03-15 09:15:21-04:00,79.03101851851852,3.0,3.0,2.328996839651152e-89,0
2021-03-15_2021-03-15 09:15:26-04:00,79.03096064814815,7.0,3.0,1.8520521979575896e-89,0
2021-03-15_2021-03-15 09:15:35-04:00,79.03085648148148,2.0,3.0,1.8434355934707334e-89,0
2021-03-15_2021-03-15 09:15:40-04:00,79.03079861111111,3.0,3.0,2.254932125162553e-89,0
2021-03-15_2021-03-15 09:15:45-04:00,79.03074074074074,0.0,3.0,2.2503273074637464e-89,0
2021-03-15_2021-03-15 09:15:47-04:00,79.0307175925926,1.0,0.0,3.242220282098731e-90,0
2021-03-15_2021-03-15 09:15:52-04:00,79.03065972222223,0.0,0.0,3.239210796764235e-90,0
2021-03-15_2021-03-15 09:15:54-04:00,79.03063657407408,0.0,0.0,3.2393893062050927e-90,0
2021-03-15_2021-03-15 09:15:57-04:00,79.03060185185186,2.0,0.0,3.2437032866880226e-90,0
2021-03-15_2021-03-15 09:19:14-04:00,79.02832175925926,0.0,3.0,2.2681516330965045e-89,0
2021-03-15_2021-03-15 09:19:22-04:00,79.02822916666666,0.0,3.0,2.2681629478460683e-89,0
2021-03-15_2021-03-15 09:19:24-04:00,79.02820601851852,0.0,2.0,1.719161784954088e-89,0
2021-03-15_2021-03-15 09:19:30-04:00,79.02813657407407,0.0,0.0,2.4853563544950593e-90,0
2021-03-15_2021-03-15 09:19:32-04:00,79.02811342592592,2.0,0.0,2.489200835958337e-90,0
2021-03-15_2021-03-15 09:19:36-04:00,79.02806712962963,5.0,3.0,1.7334003544211205e-89,0
2021-03-15_2021-03-15 09:19:44-04:00,79.02797453703704,24.0,3.0,1.7614939107371615e-89,0
2021-03-15_2021-03-15 09:20:11-04:00,79.02766203703703,16.0,3.0,1.7476603060644322e-89,0
2021-03-15_2021-03-15 09:20:29-04:00,79.0274537037037,7.0,3.0,1.7356694006078712e-89,0
2021-03-15_2021-03-15 09:20:38-04:00,79.02734953703704,44.0,3.0,1.2998149331404712e-89,0
2021-03-15_2021-03-15 09:21:24-04:00,79.02681712962963,2.0,3.0,2.254039082314149e-89,0
2021-03-15_2021-03-15 09:21:28-04:00,79.02677083333333,2.0,0.0,3.244547603824066e-90,0
2021-03-15_2021-03-15 09:21:32-04:00,79.02672453703704,7.0,3.0,2.2643550088624524e-89,0
2021-03-15_2021-03-15 09:21:47-04:00,79.02655092592593,4.0,3.0,2.2579201192689282e-89,0
2021-03-15_2021-03-15 09:21:55-04:00,79.02645833333334,33.0,3.0,1.5461886393427557e-89,0
2021-03-15_2021-03-15 09:22:30-04:00,79.02605324074074,66.0,3.0,1.597625082939619e-89,0
2021-03-15_2021-03-15 09:23:40-04:00,79.02524305555555,4.0,3.0,1.9227993741334496e-89,0
2021-03-15_2021-03-15 09:25:41-04:00,79.02384259259259,1.0,0.0,2.993690617456831e-90,0
2021-03-15_2021-03-15 09:25:44-04:00,79.02380787037038,134.0,1.0,3.3013386198406544e-89,0
2021-03-15_2021-03-15 09:28:00-04:00,79.02223379629629,15.0,3.0,1.8774105654515265e-89,0
2021-03-15_2021-03-15 09:28:17-04:00,79.02203703703704,1.0,3.0,2.2527579500954537e-89,0
2021-03-15_2021-03-15 09:28:23-04:00,79.02196759259259,2.0,5.0,6.865451829855987e-90,0
2021-03-15_2021-03-15 09:28:29-04:00,79.02189814814815,1.0,3.0,2.252653475235486e-89,0
2021-03-15_2021-03-15 09:28:32-04:00,79.02186342592593,0.0,0.0,3.2405717104185556e-90,0
2021-03-15_2021-03-15 09:33:39-04:00,79.01831018518519,138.0,4.0,1.7780587109530052e-90,0
2021-03-15_2021-03-15 09:36:12-04:00,79.01653935185185,35.0,1.0,2.1145397914569205e-89,0
2021-03-15_2021-03-15 09:36:51-04:00,79.01608796296296,114.0,1.0,3.2930636330937207e-90,0
2021-03-15_2021-03-15 09:38:51-04:00,79.01469907407407,15.0,3.0,1.0861678239828596e-89,0
2021-03-15_2021-03-15 09:40:10-04:00,79.01378472222223,1.0,3.0,2.3498016165278043e-89,0
2021-03-15_2021-03-15 09:41:08-04:00,79.01311342592592,35.0,1.0,9.4214558006438e-90,0
2021-03-15_2021-03-15 09:42:11-04:00,79.01238425925926,5.0,3.0,1.5190835403149858e-89,0
2021-03-15_2021-03-15 09:59:45-04:00,79.00018518518519,15.0,3.0,1.0712298734210597e-89,0
2021-03-16_2021-03-16 08:00:02-04:00,78.08332175925926,1809.0,1.0,6.218029051857533e-66,0
2021-03-16_2021-03-16 08:30:33-04:00,78.06212962962962,0.0,3.0,3.48432956174287e-59,0
2021-03-16_2021-03-16 08:30:38-04:00,78.06207175925925,0.0,0.0,5.017097630578668e-60,0
2021-03-16_2021-03-16 08:31:02-04:00,78.06179398148149,0.0,3.0,3.4292595646450957e-59,0
2021-03-16_2021-03-16 08:38:53-04:00,78.05634259259259,0.0,0.0,5.892481690152332e-60,0
2021-03-16_2021-03-16 08:38:55-04:00,78.05631944444444,3.0,0.0,5.904883207765594e-60,0
2021-03-16_2021-03-16 08:39:00-04:00,78.05626157407407,21.0,3.0,3.5053907396145926e-59,0
2021-03-16_2021-03-16 08:39:24-04:00,78.0559837962963,0.0,5.0,1.3839823707759206e-59,0
2021-03-16_2021-03-16 08:41:39-04:00,78.0544212962963,1788.0,4.0,6.588904707748127e-66,0
2021-03-16_2021-03-16 09:11:30-04:00,78.03369212962963,40.0,3.0,2.3667998204718213e-59,0
2021-03-16_2021-03-16 09:12:12-04:00,78.03320601851851,0.0,3.0,3.6040413927708792e-59,0
2021-03-16_2021-03-16 09:12:14-04:00,78.03318287037037,5.0,0.0,5.29443221993286e-60,0
2021-03-16_2021-03-16 09:12:21-04:00,78.03310185185185,381.0,1.0,1.893742116164233e-59,0
2021-03-16_2021-03-16 09:18:55-04:00,78.02854166666667,5.0,3.0,4.322204429618682e-59,0
2021-03-16_2021-03-16 09:19:02-04:00,78.02846064814815,0.0,0.0,6.820335149831955e-60,0
2021-03-16_2021-03-16 09:19:08-04:00,78.0283912037037,2.0,3.0,4.745548813794356e-59,0
2021-03-16_2021-03-16 09:19:12-04:00,78.0283449074074,2.0,3.0,4.745049483511915e-59,0
2021-03-16_2021-03-16 09:19:16-04:00,78.02829861111111,0.0,3.0,3.4367490702351607e-59,0
2021-03-16_2021-03-16 09:19:18-04:00,78.02827546296297,4.0,3.0,3.447013952595437e-59,0
2021-03-16_2021-03-16 09:19:24-04:00,78.02820601851852,0.0,3.0,3.4352856919983567e-59,0
2021-03-16_2021-03-16 09:19:28-04:00,78.02815972222223,0.0,3.0,3.519039957928166e-59,0
2021-03-16_2021-03-16 09:19:32-04:00,78.02811342592592,0.0,3.0,3.519238277400161e-59,0
2021-03-16_2021-03-16 09:19:34-04:00,78.02809027777778,0.0,0.0,5.148545038136345e-60,0
2021-03-16_2021-03-16 09:19:36-04:00,78.02806712962963,1109.0,4.0,6.159741474915319e-65,0
2021-03-16_2021-03-16 09:38:21-04:00,78.01504629629629,3.0,3.0,3.531940978669552e-59,0
2021-03-16_2021-03-16 09:38:30-04:00,78.01494212962963,3.0,3.0,3.9253926166423462e-59,0
2021-03-16_2021-03-16 09:39:00-04:00,78.01459490740741,0.0,3.0,4.060155018724252e-59,0
2021-03-16_2021-03-16 09:40:35-04:00,78.01349537037036,0.0,3.0,3.9764332487545863e-60,0
2021-03-16_2021-03-16 09:41:15-04:00,78.01303240740741,5.0,3.0,4.132575148114698e-59,0
2021-03-16_2021-03-16 09:48:39-04:00,78.00789351851851,131.0,4.0,3.1572986992891307e-60,0
2021-03-16_2021-03-16 09:50:57-04:00,78.0062962962963,1.0,3.0,3.993037114883197e-59,0
2021-03-16_2021-03-16 09:51:05-04:00,78.0062037037037,193.0,4.0,1.725357936079458e-68,0
2021-03-16_2021-03-16 09:54:20-04:00,78.00394675925926,0.0,3.0,4.312883160267639e-59,0
2021-03-16_2021-03-16 09:54:37-04:00,78.00375,2.0,3.0,4.331476656366647e-59,0
2021-03-16_2021-03-16 09:54:42-04:00,78.00369212962963,0.0,3.0,4.672733274839873e-59,0
2021-03-16_2021-03-16 09:58:44-04:00,78.0008912037037,20.0,3.0,1.7125330516439399e-59,0
2021-03-16_2021-03-16 10:00:18-04:00,77.99980324074075,1.0,3.0,4.082125123758291e-59,0
2021-03-16_2021-03-16 10:01:25-04:00,77.99902777777778,118.0,4.0,8.040548425876546e-60,0
2021-03-17_2021-03-17 09:32:06-04:00,77.01938657407408,22.0,1.0,5.494407917367539e-71,0
2021-03-17_2021-03-17 09:32:42-04:00,77.01896990740741,0.0,3.0,7.0606846629754314e-71,0
2021-03-17_2021-03-17 09:36:16-04:00,77.01649305555556,3.0,3.0,5.13596020675243e-71,0
2021-03-17_2021-03-17 09:36:27-04:00,77.01636574074074,3.0,3.0,6.89464095025447e-71,0
2021-03-17_2021-03-17 09:41:15-04:00,77.01303240740741,35.0,1.0,3.835387178927232e-71,0
2021-03-17_2021-03-17 09:41:54-04:00,77.01258101851852,29.0,1.0,6.9149054950588355e-71,0
2021-03-17_2021-03-17 09:42:58-04:00,77.01184027777778,39.0,1.0,7.315457204427207e-71,0
2021-03-17_2021-03-17 09:43:53-04:00,77.0112037037037,1.0,3.0,6.4613974804468e-71,0
2021-03-17_2021-03-17 09:45:01-04:00,77.01041666666667,359.0,4.0,3.3423033119500237e-72,0
2021-03-17_2021-03-17 09:51:02-04:00,77.00623842592593,36.0,1.0,8.65872025491778e-71,0
2021-03-17_2021-03-17 09:52:05-04:00,77.00550925925926,8.0,3.0,6.0558281957093646e-71,0
2021-03-17_2021-03-17 09:52:15-04:00,77.00539351851852,3.0,3.0,6.137464597409788e-71,0
2021-03-17_2021-03-17 09:52:22-04:00,77.0053125,10.0,3.0,3.462643967717013e-71,0
2021-03-17_2021-03-17 09:52:52-04:00,77.00496527777777,25.0,3.0,4.3124716339039826e-71,0
2021-03-17_2021-03-17 09:53:24-04:00,77.00459490740741,67.0,1.0,3.4426650222519727e-71,0
2021-03-17_2021-03-17 09:54:44-04:00,77.00366898148148,6.0,3.0,5.2869865890555484e-71,0
2021-03-17_2021-03-17 09:55:00-04:00,77.0034837962963,0.0,3.0,6.72220754063806e-71,0
2021-03-17_2021-03-17 09:55:03-04:00,77.00344907407407,0.0,3.0,6.8291912614666334e-71,0
2021-03-17_2021-03-17 09:55:07-04:00,77.00340277777778,26.0,3.0,6.646414967478015e-71,0
2021-03-17_2021-03-17 09:55:35-04:00,77.00307870370371,3.0,3.0,7.0769421965580245e-71,0
2021-03-17_2021-03-17 09:55:45-04:00,77.00296296296297,0.0,3.0,6.882196273592066e-71,0
2021-03-17_2021-03-17 09:55:52-04:00,77.00288194444444,0.0,3.0,7.1106592593246965e-71,0
2021-03-17_2021-03-17 09:56:09-04:00,77.00268518518519,3.0,3.0,7.0843382542639e-71,0
2021-03-17_2021-03-17 09:56:16-04:00,77.00260416666667,1.0,3.0,7.228721553474739e-71,0
2021-03-17_2021-03-17 09:56:20-04:00,77.00255787037037,116.0,1.0,3.57791219918393e-71,0
2021-03-18_2021-03-18 08:00:00-04:00,76.08334490740741,5541.0,4.0,1.2626986897075173e-66,0
2021-03-18_2021-03-18 09:32:28-04:00,76.01913194444444,131.0,1.0,6.94871352531777e-67,0
2021-03-18_2021-03-18 09:36:53-04:00,76.01606481481481,56.0,1.0,2.9883988489028927e-66,0
2021-03-18_2021-03-18 09:38:03-04:00,76.01525462962962,147.0,1.0,3.205032425359966e-66,0
2021-03-18_2021-03-18 09:40:40-04:00,76.0134375,2.0,3.0,1.8296545618662367e-66,0
2021-03-18_2021-03-18 09:40:51-04:00,76.01331018518519,20.0,3.0,4.5251731673356046e-66,0
2021-03-18_2021-03-18 09:44:11-04:00,76.01099537037037,3.0,3.0,6.204083826036571e-66,0
2021-03-18_2021-03-18 09:44:38-04:00,76.01068287037037,5.0,3.0,5.642148427854105e-66,0
2021-03-18_2021-03-18 09:44:46-04:00,76.01059027777778,33.0,3.0,1.9403873491982995e-66,0
2021-03-18_2021-03-18 09:45:28-04:00,76.01010416666666,7.0,3.0,5.433369979916031e-66,0
2021-03-18_2021-03-18 10:23:14-04:00,75.98387731481482,3.0,3.0,5.389599117900591e-66,0
2021-03-18_2021-03-18 10:23:22-04:00,75.98378472222223,116.0,1.0,6.393612052269604e-66,0
2021-03-18_2021-03-18 10:25:20-04:00,75.98241898148149,1.0,3.0,7.704972039746212e-66,0
2021-03-18_2021-03-18 10:25:24-04:00,75.98237268518518,3.0,3.0,7.432736083983158e-66,0
2021-03-18_2021-03-18 10:26:15-04:00,75.98178240740741,19.0,3.0,6.479274709593182e-66,0
2021-03-18_2021-03-18 10:26:37-04:00,75.98152777777777,15.0,3.0,7.034532667439622e-66,0
2021-03-18_2021-03-18 10:26:56-04:00,75.98130787037037,0.0,0.0,1.0550304454388047e-66,0
2021-03-18_2021-03-18 10:26:58-04:00,75.98128472222223,1.0,3.0,7.391096881241421e-66,0
2021-03-18_2021-03-18 10:27:01-04:00,75.98125,6.0,3.0,6.635179931594359e-66,0
2021-03-18_2021-03-18 10:27:23-04:00,75.98099537037037,5.0,3.0,6.79690233003561e-66,0
2021-03-18_2021-03-18 10:27:30-04:00,75.98091435185185,0.0,0.0,1.1295050999829477e-66,0
2021-03-18_2021-03-18 10:28:04-04:00,75.98052083333333,3.0,3.0,7.468127540728414e-66,0
2021-03-19_2021-03-19 08:00:00-04:00,75.08334490740741,5457.0,4.0,2.8078069839904337e-62,0
2021-03-19_2021-03-19 09:31:36-04:00,75.0197337962963,257.0,4.0,7.210505546417659e-61,0
2021-03-19_2021-03-19 09:35:55-04:00,75.01673611111111,0.0,3.0,1.0015893516504223e-59,0
2021-03-19_2021-03-19 09:51:10-04:00,75.00614583333333,4.0,3.0,9.694588056083118e-60,0
2021-03-19_2021-03-19 09:51:26-04:00,75.00596064814815,1.0,3.0,1.1307534959787005e-59,0
2021-03-19_2021-03-19 09:51:29-04:00,75.00592592592592,2.0,3.0,1.1320558536444708e-59,0
2021-03-19_2021-03-19 09:51:43-04:00,75.0057638888889,1.0,3.0,1.0281255034156712e-59,0
2021-03-22_2021-03-22 09:07:01-04:00,72.03680555555556,0.0,2.0,3.3994380722707204e-62,0
2021-03-22_2021-03-22 09:07:04-04:00,72.03677083333334,0.0,0.0,4.970037805853804e-63,0
2021-03-22_2021-03-22 09:07:09-04:00,72.03671296296297,0.0,0.0,4.970320997266405e-63,0
2021-03-22_2021-03-22 09:07:14-04:00,72.0366550925926,10.0,3.0,3.476376216487648e-62,0
2021-03-22_2021-03-22 09:07:26-04:00,72.0365162037037,9.0,3.0,3.4797109864004835e-62,0
2021-03-22_2021-03-22 09:07:37-04:00,72.0363888888889,191.0,1.0,1.5848962656266463e-62,0
2021-03-22_2021-03-22 09:10:50-04:00,72.0341550925926,74.0,3.0,3.635913658468223e-62,0
2021-03-22_2021-03-22 09:12:08-04:00,72.03325231481482,15.0,3.0,3.4887728207468108e-62,0
2021-03-22_2021-03-22 09:12:25-04:00,72.03305555555555,66.0,3.0,3.607318272140768e-62,0
2021-03-22_2021-03-22 09:13:33-04:00,72.03226851851852,16.0,3.0,3.5182823975399676e-62,0
2021-03-22_2021-03-22 09:14:07-04:00,72.031875,6.0,0.0,4.990939976555529e-63,0
2021-03-22_2021-03-22 09:14:17-04:00,72.03175925925926,0.0,5.0,1.2857066560334941e-62,0
2021-03-22_2021-03-22 09:14:20-04:00,72.03172453703704,3.0,2.0,2.622408098889048e-62,0
2021-03-22_2021-03-22 09:14:25-04:00,72.03166666666667,8.0,2.0,2.6319939672912595e-62,0
2021-03-22_2021-03-22 09:14:40-04:00,72.03149305555556,1220.0,4.0,1.3984395883406417e-64,0
2021-03-22_2021-03-22 09:35:02-04:00,72.01734953703703,151.0,1.0,4.2407486639570394e-63,0
2021-03-22_2021-03-22 09:37:37-04:00,72.01555555555555,57.0,1.0,2.6427476371869186e-62,0
2021-03-22_2021-03-22 09:38:38-04:00,72.01484953703704,41.0,3.0,1.8155386491390905e-63,0
2021-03-22_2021-03-22 09:39:37-04:00,72.01416666666667,2.0,3.0,4.0094818904370325e-62,0
2021-03-22_2021-03-22 09:39:51-04:00,72.01400462962962,2.0,3.0,3.9769176555970385e-62,0
2021-03-22_2021-03-22 09:39:58-04:00,72.01392361111111,11.0,3.0,4.095771776414918e-62,0
2021-03-22_2021-03-22 09:40:11-04:00,72.01377314814815,1.0,3.0,4.700270680448813e-62,0
2021-03-22_2021-03-22 09:41:20-04:00,72.01297453703704,0.0,3.0,4.2320286093752465e-62,0
2021-03-22_2021-03-22 09:41:27-04:00,72.01289351851852,135.0,1.0,7.960141238660931e-63,0
2021-03-22_2021-03-22 09:44:19-04:00,72.01090277777777,280.0,1.0,2.2727924999442853e-62,0
2021-03-22_2021-03-22 09:49:03-04:00,72.00761574074075,31.0,3.0,2.720948250287094e-62,0
2021-03-23_2021-03-23 08:00:01-04:00,71.08333333333333,6183.0,4.0,4.290788969516213e-60,0
2021-03-23_2021-03-23 10:08:18-04:00,70.99424768518519,0.0,3.0,9.138299305626468e-61,0
2021-03-24_2021-03-24 08:00:00-04:00,70.08334490740741,3203.0,1.0,4.927379950056195e-48,0
2021-03-24_2021-03-24 08:53:46-04:00,70.04600694444444,2923.0,4.0,2.7486821935293636e-48,0
2021-03-24_2021-03-24 10:04:49-04:00,69.99666666666667,1.0,3.0,4.587883785006254e-46,0
2021-03-24_2021-03-24 10:06:45-04:00,69.99532407407408,12.0,3.0,4.899325393254413e-46,0
2021-03-25_2021-03-25 10:00:01-04:00,69.0,2.0,3.0,4.048430849409753e-39,0
2021-03-25_2021-03-25 10:01:49-04:00,68.99875,0.0,3.0,4.1951467827280953e-39,0
2021-03-25_2021-03-25 10:01:59-04:00,68.99863425925926,872.0,4.0,7.557482587859464e-41,0
2021-03-25_2021-03-25 10:16:33-04:00,68.98851851851852,2.0,3.0,4.2084784847744584e-39,0
2021-03-25_2021-03-25 10:16:37-04:00,68.98847222222223,0.0,3.0,4.195436187624723e-39,0
2021-03-25_2021-03-25 10:20:31-04:00,68.98576388888888,0.0,3.0,1.7610841808625034e-39,0
2021-03-25_2021-03-25 10:21:00-04:00,68.98542824074075,3.0,3.0,4.20993585645586e-39,0
2021-03-25_2021-03-25 10:21:06-04:00,68.9853587962963,0.0,3.0,4.1916223130187876e-39,0
2021-03-25_2021-03-25 10:21:34-04:00,68.98503472222222,23.0,3.0,2.3495232015313735e-39,0
2021-03-25_2021-03-25 10:24:58-04:00,68.98267361111111,116.0,1.0,4.817533864479982e-39,0
2021-03-26_2021-03-26 09:49:30-04:00,68.00730324074074,0.0,3.0,1.11492349519422e-64,0
2021-03-26_2021-03-26 09:49:32-04:00,68.0072800925926,287.0,4.0,1.9221712952414204e-67,0
2021-03-26_2021-03-26 09:54:22-04:00,68.0039236111111,1.0,3.0,1.0365149008697591e-64,0
2021-03-26_2021-03-26 09:54:26-04:00,68.00387731481482,42.0,1.0,7.526232676783064e-65,0
2021-03-26_2021-03-26 09:55:17-04:00,68.00328703703704,118.0,4.0,1.1919672715310485e-65,0
2021-03-26_2021-03-26 09:57:30-04:00,68.00174768518518,0.0,2.0,1.1939587705484779e-65,0
2021-03-26_2021-03-26 10:04:01-04:00,67.99722222222222,13.0,3.0,7.29480569566466e-65,0
2021-03-26_2021-03-26 10:04:16-04:00,67.99704861111111,890.0,4.0,1.5225912331569154e-66,0
2021-03-26_2021-03-26 10:19:16-04:00,67.98663194444444,0.0,3.0,1.1424725380661346e-65,0
2021-03-26_2021-03-26 10:19:28-04:00,67.98649305555556,2.0,3.0,1.0082995017884237e-64,0
2021-03-26_2021-03-26 10:19:34-04:00,67.9864236111111,11.0,3.0,7.344183665350036e-65,0
2021-03-26_2021-03-26 10:19:51-04:00,67.98622685185185,25.0,3.0,9.273043151396981e-66,0
2021-03-26_2021-03-26 10:20:18-04:00,67.98591435185185,25.0,3.0,9.187077602948929e-65,0
2021-03-26_2021-03-26 10:20:45-04:00,67.98560185185185,6.0,3.0,9.25522702595057e-65,0
2021-03-26_2021-03-26 10:21:20-04:00,67.98519675925925,1.0,3.0,1.0446334650373959e-64,0
2021-03-26_2021-03-26 10:21:24-04:00,67.98515046296296,0.0,3.0,1.2342609833524581e-64,0
2021-03-26_2021-03-26 10:21:26-04:00,67.98512731481482,2.0,3.0,1.2375691849156617e-64,0
2021-03-26_2021-03-26 10:21:31-04:00,67.98506944444445,508.0,4.0,6.300457311186304e-66,0
2021-03-29_2021-03-29 09:41:21-04:00,65.01296296296296,10.0,1.0,1.2564091162079251e-57,0
2021-03-29_2021-03-29 09:45:41-04:00,65.0099537037037,4.0,3.0,6.273817882941267e-58,0
2021-03-29_2021-03-29 09:57:17-04:00,65.00189814814814,28.0,1.0,7.197958027013215e-58,0
2021-03-29_2021-03-29 09:57:49-04:00,65.00152777777778,0.0,3.0,6.840968406122723e-58,0
2021-03-29_2021-03-29 09:57:53-04:00,65.00148148148148,6.0,3.0,5.689965028206344e-58,0
2021-03-29_2021-03-29 09:58:02-04:00,65.00137731481482,313.0,4.0,5.928105101210236e-59,0
2021-03-29_2021-03-29 10:06:23-04:00,64.9955787037037,14.0,3.0,4.310120315099973e-58,0
2021-03-30_2021-03-30 09:37:32-04:00,64.01561342592592,4.0,3.0,3.6600223408430874e-59,0
2021-03-30_2021-03-30 09:37:38-04:00,64.01554398148149,2.0,3.0,3.301093940843391e-59,0
2021-03-30_2021-03-30 09:38:04-04:00,64.01524305555556,548.0,4.0,2.6088508845107765e-61,0
2021-03-30_2021-03-30 09:47:15-04:00,64.00886574074075,0.0,3.0,3.555541210699294e-59,0
2021-03-30_2021-03-30 09:47:19-04:00,64.00881944444444,0.0,3.0,3.9710812096393503e-59,0
2021-03-30_2021-03-30 09:47:22-04:00,64.00878472222222,2.0,3.0,3.5756588334362604e-59,0
2021-03-30_2021-03-30 09:47:27-04:00,64.00872685185185,0.0,3.0,4.243828704462848e-59,0
2021-03-30_2021-03-30 09:47:33-04:00,64.00865740740741,1.0,3.0,4.262936168926384e-59,0
2021-03-31_2021-03-31 08:00:00-04:00,63.08334490740741,5481.0,4.0,1.4516554912990242e-59,0
2021-03-31_2021-03-31 09:31:28-04:00,63.01982638888889,5.0,3.0,1.3518996343688075e-60,0
2021-03-31_2021-03-31 09:31:37-04:00,63.01972222222222,49.0,1.0,1.3154606881176093e-60,0
2021-03-31_2021-03-31 09:32:42-04:00,63.01896990740741,0.0,3.0,1.4053965417236792e-60,0
2021-03-31_2021-03-31 09:34:27-04:00,63.01775462962963,3.0,3.0,1.4095831930204517e-60,0
2021-03-31_2021-03-31 09:34:38-04:00,63.01762731481482,87.0,1.0,6.2113163718843054e-61,0
2021-03-31_2021-03-31 09:36:07-04:00,63.016597222222224,3.0,3.0,1.400132190488731e-60,0
2021-03-31_2021-03-31 09:36:30-04:00,63.01633101851852,43.0,3.0,9.933245207445474e-61,0
2021-03-31_2021-03-31 09:37:15-04:00,63.01581018518519,103.0,1.0,7.925177085824518e-61,0
2021-03-31_2021-03-31 09:39:01-04:00,63.01458333333333,1.0,3.0,1.4170858345352117e-60,0
2021-03-31_2021-03-31 09:39:04-04:00,63.01454861111111,0.0,3.0,1.415689593775848e-60,0
2021-03-31_2021-03-31 09:39:06-04:00,63.014525462962965,1.0,3.0,1.4188468127781257e-60,0
2021-03-31_2021-03-31 09:39:13-04:00,63.01444444444444,2.0,3.0,1.5130828019253577e-60,0
2021-03-31_2021-03-31 09:39:37-04:00,63.01416666666667,98.0,1.0,4.72450097249865e-61,0
2021-03-31_2021-03-31 09:41:17-04:00,63.013009259259256,34.0,3.0,5.8510129349175e-61,0
2021-03-31_2021-03-31 09:41:56-04:00,63.01255787037037,1.0,3.0,1.6309478050074176e-60,0
2021-03-31_2021-03-31 09:42:00-04:00,63.01251157407408,2.0,3.0,1.478502031505684e-60,0
2021-03-31_2021-03-31 09:42:10-04:00,63.012395833333336,54.0,3.0,7.924731188857296e-61,0
2021-03-31_2021-03-31 09:47:41-04:00,63.00856481481482,8.0,3.0,9.968231152169903e-61,0
2021-03-31_2021-03-31 09:47:51-04:00,63.00844907407407,0.0,3.0,1.4751127236475783e-60,0
2021-04-01_2021-04-01 08:00:00-04:00,62.08334490740741,4196.0,1.0,1.82287616981488e-58,0
2021-04-01_2021-04-01 09:10:32-04:00,62.034363425925925,0.0,2.0,3.5138279065408787e-59,0
2021-04-01_2021-04-01 09:10:44-04:00,62.03422453703703,0.0,2.0,4.125900654714363e-59,0
2021-04-01_2021-04-01 09:10:48-04:00,62.03417824074074,1.0,0.0,7.84287075111305e-60,0
2021-04-01_2021-04-01 09:10:52-04:00,62.03413194444445,3.0,0.0,7.852051363147032e-60,0
2021-04-01_2021-04-01 09:11:05-04:00,62.03398148148148,0.0,2.0,4.125954683187503e-59,0
2021-04-01_2021-04-01 09:11:08-04:00,62.03394675925926,4.0,2.0,4.13627515087706e-59,0
2021-04-01_2021-04-01 09:11:17-04:00,62.03384259259259,1.0,5.0,1.6527695264648392e-59,0
2021-04-01_2021-04-01 09:11:26-04:00,62.033738425925925,0.0,5.0,1.6582352252851233e-59,0
2021-04-01_2021-04-01 09:11:31-04:00,62.03368055555556,0.0,2.0,4.126021576563081e-59,0
2021-04-01_2021-04-01 09:13:15-04:00,62.032476851851854,0.0,2.0,4.1262891609108725e-59,0
2021-04-01_2021-04-01 09:13:18-04:00,62.03244212962963,27.0,3.0,3.1316745293885994e-59,0
2021-04-01_2021-04-01 09:13:51-04:00,62.03206018518519,28.0,3.0,4.5340687129279275e-59,0
2021-04-01_2021-04-01 09:14:39-04:00,62.03150462962963,0.0,0.0,6.412935256231519e-60,0
2021-04-01_2021-04-01 09:14:44-04:00,62.03144675925926,9.0,3.0,4.479262556640916e-59,0
2021-04-01_2021-04-01 09:14:59-04:00,62.03127314814815,2.0,0.0,6.420851908718214e-60,0
2021-04-01_2021-04-01 09:15:05-04:00,62.0312037037037,1.0,5.0,1.3578401019997201e-59,0
2021-04-01_2021-04-01 09:15:13-04:00,62.03111111111111,3.0,0.0,6.425175976714396e-60,0
2021-04-01_2021-04-01 09:15:19-04:00,62.03104166666667,0.0,0.0,6.893266352674887e-60,0
2021-04-01_2021-04-01 09:15:24-04:00,62.0309837962963,0.0,5.0,1.356881130224114e-59,0
2021-04-01_2021-04-01 09:15:27-04:00,62.03094907407407,0.0,5.0,1.3568836685375832e-59,0
2021-04-01_2021-04-01 09:15:31-04:00,62.030902777777776,3.0,2.0,3.3825690180872235e-59,0
2021-04-01_2021-04-01 09:15:44-04:00,62.03075231481481,0.0,0.0,6.412849781667578e-60,0
2021-04-01_2021-04-01 09:15:51-04:00,62.0306712962963,5.0,0.0,6.434219509488922e-60,0
2021-04-01_2021-04-01 09:16:00-04:00,62.03056712962963,0.0,5.0,1.3569115902991046e-59,0
2021-04-01_2021-04-01 09:16:09-04:00,62.03046296296296,0.0,2.0,3.3762764040905755e-59,0
2021-04-01_2021-04-01 09:16:13-04:00,62.03041666666667,0.0,0.0,6.412965748763436e-60,0
2021-04-01_2021-04-01 09:16:16-04:00,62.03038194444444,10.0,3.0,4.483704397899897e-59,0
2021-04-01_2021-04-01 09:16:36-04:00,62.030150462962965,1.0,3.0,5.0287885840463295e-59,0
2021-04-01_2021-04-01 09:16:44-04:00,62.03005787037037,0.0,0.0,7.233834815955358e-60,0
2021-04-01_2021-04-01 09:17:30-04:00,62.029525462962965,0.0,3.0,5.024534754183308e-59,0
2021-04-01_2021-04-01 09:17:36-04:00,62.02945601851852,13.0,0.0,7.294472476583055e-60,0
2021-04-01_2021-04-01 09:18:27-04:00,62.02886574074074,0.0,0.0,7.530611415370616e-60,0
2021-04-01_2021-04-01 09:18:37-04:00,62.02875,8.0,0.0,7.570389281716122e-60,0
2021-04-01_2021-04-01 09:18:47-04:00,62.028634259259256,0.0,2.0,3.9647500290525163e-59,0
2021-04-01_2021-04-01 09:18:53-04:00,62.028564814814814,0.0,3.0,5.230325267332524e-59,0
2021-04-01_2021-04-01 09:18:56-04:00,62.02853009259259,1.0,5.0,1.3580357041746962e-59,0
2021-04-01_2021-04-01 09:19:00-04:00,62.0284837962963,22.0,0.0,6.502475028576829e-60,0
2021-04-01_2021-04-01 09:19:33-04:00,62.02810185185185,2.0,0.0,6.423332749843825e-60,0
2021-04-01_2021-04-01 09:19:56-04:00,62.02783564814815,17.0,0.0,6.485323471913726e-60,0
2021-04-01_2021-04-01 09:20:19-04:00,62.027569444444445,3.0,2.0,3.522318235993184e-59,0
2021-04-01_2021-04-01 09:20:27-04:00,62.02747685185185,0.0,2.0,3.5151318531576537e-59,0
2021-04-01_2021-04-01 09:20:44-04:00,62.02728009259259,0.0,5.0,1.5618762209449427e-59,0
2021-04-01_2021-04-01 09:20:52-04:00,62.0271875,11.0,0.0,6.724330835020644e-60,0
2021-04-01_2021-04-01 09:21:23-04:00,62.02682870370371,0.0,5.0,1.41277428478651e-59,0
2021-04-01_2021-04-01 09:21:29-04:00,62.02675925925926,6.0,3.0,4.655371921158842e-59,0
2021-04-01_2021-04-01 09:21:41-04:00,62.02662037037037,25.0,3.0,4.710240064747942e-59,0
2021-04-01_2021-04-01 09:22:18-04:00,62.02619212962963,0.0,0.0,7.84018937474613e-60,0
2021-04-01_2021-04-01 09:22:23-04:00,62.02613425925926,0.0,2.0,4.127699411246038e-59,0
2021-04-01_2021-04-01 09:22:29-04:00,62.026064814814816,0.0,2.0,4.127714854610353e-59,0
2021-04-01_2021-04-01 09:22:39-04:00,62.02594907407408,0.0,5.0,1.4242299504260833e-59,0
2021-04-01_2021-04-01 09:22:51-04:00,62.02581018518519,61.0,3.0,4.822406608496751e-59,0
2021-04-01_2021-04-01 09:23:55-04:00,62.02506944444445,34.0,3.0,4.552425136787858e-59,0
2021-04-01_2021-04-01 09:24:39-04:00,62.02456018518519,5.0,3.0,4.328490728334293e-59,0
2021-04-01_2021-04-01 09:24:46-04:00,62.024479166666666,3.0,5.0,1.317010835045113e-59,0
2021-04-01_2021-04-01 09:25:04-04:00,62.02427083333333,40.0,3.0,3.7381822094434323e-59,0
2021-04-01_2021-04-01 09:25:48-04:00,62.02376157407407,272.0,1.0,4.791680498934157e-59,0
2021-04-01_2021-04-01 09:30:55-04:00,62.020208333333336,86.0,1.0,3.956495706068153e-59,0
2021-04-01_2021-04-01 10:10:50-04:00,61.99248842592593,1.0,3.0,5.468485504219987e-59,0
2021-04-01_2021-04-01 10:12:22-04:00,61.99142361111111,0.0,3.0,5.456342970092609e-59,0
2021-04-01_2021-04-01 10:12:24-04:00,61.99140046296296,5.0,3.0,5.151393772593146e-59,0
2021-04-01_2021-04-01 10:21:13-04:00,61.985277777777775,0.0,3.0,5.462855602803427e-59,0
2021-04-05_2021-04-05 09:44:55-04:00,58.01048611111111,0.0,3.0,9.269621303840832e-54,0
2021-04-05_2021-04-05 09:48:59-04:00,58.00766203703704,1.0,3.0,9.20251447775632e-54,0
2021-04-05_2021-04-05 09:50:23-04:00,58.00668981481481,320.0,4.0,1.6864440783307724e-54,0
2021-04-05_2021-04-05 09:55:57-04:00,58.00282407407408,6.0,3.0,8.600551267954217e-54,0
2021-04-05_2021-04-05 09:56:16-04:00,58.00260416666666,5.0,3.0,8.061337415015691e-54,0
2021-04-05_2021-04-05 09:56:23-04:00,58.00252314814815,2.0,3.0,9.426329768985783e-54,0
2021-04-05_2021-04-05 09:56:32-04:00,58.00241898148148,2.0,3.0,8.698466277622902e-54,0
2021-04-05_2021-04-05 09:56:36-04:00,58.00237268518519,3.0,3.0,8.99269525684917e-54,0
2021-04-05_2021-04-05 09:57:10-04:00,58.001979166666665,4.0,3.0,8.717749763535169e-54,0
2021-04-05_2021-04-05 09:57:21-04:00,58.00185185185185,15.0,3.0,7.838406879014872e-54,0
2021-04-05_2021-04-05 10:05:21-04:00,57.99629629629629,50.0,1.0,8.22010697399993e-54,0
2021-04-05_2021-04-05 10:06:13-04:00,57.995694444444446,22.0,3.0,8.569031065307036e-54,0
2021-04-05_2021-04-05 10:09:29-04:00,57.993425925925926,318.0,4.0,4.596364998242524e-54,0
2021-04-05_2021-04-05 10:14:49-04:00,57.98972222222222,89.0,1.0,1.0146251497509141e-53,0
2021-04-05_2021-04-05 10:17:06-04:00,57.98813657407408,0.0,0.0,1.3545732416694016e-54,0
2021-04-05_2021-04-05 10:17:09-04:00,57.98810185185185,6.0,3.0,8.878233249072667e-54,0
2021-04-05_2021-04-05 10:17:17-04:00,57.98800925925926,3.0,3.0,8.847244235372814e-54,0
2021-04-05_2021-04-05 10:17:22-04:00,57.98795138888889,17.0,3.0,8.9750397426283e-54,0
2021-04-05_2021-04-05 10:17:43-04:00,57.98770833333333,0.0,3.0,9.260776094398113e-54,0
2021-04-05_2021-04-05 10:20:09-04:00,57.98601851851852,0.0,3.0,8.342140565184377e-54,0
2021-04-05_2021-04-05 10:20:16-04:00,57.9859375,0.0,0.0,1.201091422842313e-54,0
2021-04-05_2021-04-05 10:20:18-04:00,57.985914351851854,78.0,1.0,8.564497768446505e-54,0
2021-04-05_2021-04-05 10:21:38-04:00,57.98498842592593,257.0,1.0,8.678775640277873e-54,0
2021-04-05_2021-04-05 10:26:00-04:00,57.98195601851852,0.0,3.0,9.189075807199247e-54,0
2021-04-05_2021-04-05 10:26:05-04:00,57.98189814814815,0.0,3.0,9.248333171857123e-54,0
2021-04-05_2021-04-05 10:26:24-04:00,57.98167824074074,66.0,3.0,6.247718087448416e-54,0
2021-04-05_2021-04-05 10:27:40-04:00,57.98079861111111,1.0,3.0,9.271635242676718e-54,0
2021-04-05_2021-04-05 10:28:19-04:00,57.98034722222222,0.0,3.0,8.829465564495535e-54,0
2021-04-05_2021-04-05 10:28:23-04:00,57.98030092592592,96.0,1.0,7.437927951920386e-54,0
2021-04-06_2021-04-06 08:08:46-04:00,57.07725694444444,10.0,0.0,1.0911947397781353e-58,0
2021-04-06_2021-04-06 08:10:15-04:00,57.07622685185185,92.0,3.0,6.0660705068225996e-58,0
2021-04-06_2021-04-06 08:13:43-04:00,57.073819444444446,13.0,3.0,9.740000545354444e-58,0
2021-04-06_2021-04-06 08:16:02-04:00,57.07221064814815,79.0,3.0,6.521908111627463e-58,0
2021-04-06_2021-04-06 08:18:53-04:00,57.07023148148148,131.0,3.0,7.297464499170612e-58,0
2021-04-06_2021-04-06 08:31:42-04:00,57.06133101851852,50.0,0.0,1.1838950021731951e-58,0
2021-04-06_2021-04-06 08:32:40-04:00,57.06065972222222,0.0,2.0,6.242373191922959e-58,0
2021-04-06_2021-04-06 08:33:27-04:00,57.06011574074074,0.0,2.0,7.041476413172925e-58,0
2021-04-06_2021-04-06 08:33:59-04:00,57.05974537037037,0.0,2.0,6.242680709048784e-58,0
2021-04-06_2021-04-06 08:37:17-04:00,57.0574537037037,206.0,0.0,1.3026983519035987e-58,0
2021-04-06_2021-04-06 08:41:18-04:00,57.054664351851855,0.0,5.0,2.5096086617799532e-58,0
2021-04-06_2021-04-06 08:51:45-04:00,57.047407407407405,0.0,5.0,2.9478870027811373e-58,0
2021-04-06_2021-04-06 09:31:48-04:00,57.01959490740741,19.0,3.0,5.691531126979021e-58,0
2021-04-06_2021-04-06 10:29:46-04:00,56.97934027777778,7.0,3.0,1.020330393448412e-57,0
2021-04-06_2021-04-06 10:29:58-04:00,56.97920138888889,1.0,0.0,1.4574384117126154e-58,0
2021-04-07_2021-04-07 08:00:00-04:00,56.08334490740741,1.0,3.0,3.121411094245452e-56,0
2021-04-08_2021-04-08 08:00:01-04:00,55.083333333333336,5507.0,4.0,9.557123289175265e-56,0
2021-04-08_2021-04-08 09:31:51-04:00,55.01956018518519,3.0,3.0,1.3525326799654105e-55,0
2021-04-08_2021-04-08 09:31:57-04:00,55.01949074074074,3.0,3.0,1.341866847388832e-55,0
2021-04-08_2021-04-08 09:32:53-04:00,55.01884259259259,1.0,3.0,1.6346596568749724e-55,0
2021-04-08_2021-04-08 09:33:16-04:00,55.01857638888889,2.0,3.0,1.3954052061040204e-55,0
2021-04-08_2021-04-08 09:33:21-04:00,55.01851851851852,1.0,3.0,1.3920444894296295e-55,0
2021-04-08_2021-04-08 09:33:37-04:00,55.01833333333333,0.0,3.0,1.6713712763532406e-55,0
2021-04-08_2021-04-08 09:33:39-04:00,55.01831018518519,0.0,3.0,1.6714633838357643e-55,0
2021-04-09_2021-04-09 08:00:00-04:00,54.08334490740741,4.0,3.0,3.3036293921375016e-52,0
2021-04-12_2021-04-12 08:00:01-04:00,51.083333333333336,6646.0,4.0,4.5957283514585215e-46,0
2021-04-12_2021-04-12 09:50:49-04:00,51.006388888888885,0.0,3.0,1.0322065217570686e-43,0
2021-04-12_2021-04-12 09:51:00-04:00,51.00626157407408,190.0,4.0,5.70830356032033e-44,0
2021-04-12_2021-04-12 09:54:13-04:00,51.00402777777778,0.0,3.0,9.788978085784652e-44,0
2021-04-12_2021-04-12 09:54:20-04:00,51.00394675925926,1.0,3.0,9.809782921820823e-44,0
2021-04-13_2021-04-13 08:00:01-04:00,50.083333333333336,5473.0,1.0,5.521620877572388e-40,0
2021-04-13_2021-04-13 09:31:16-04:00,50.01996527777778,1.0,3.0,2.104579613189793e-40,0
2021-04-13_2021-04-13 09:31:24-04:00,50.019872685185184,272.0,1.0,3.612606622715286e-41,0
2021-04-13_2021-04-13 09:35:58-04:00,50.01670138888889,4.0,3.0,2.11074102497431e-40,0
2021-04-13_2021-04-13 09:36:04-04:00,50.01663194444444,1.0,3.0,2.1045041561433346e-40,0
2021-04-13_2021-04-13 09:36:46-04:00,50.01614583333333,1.0,3.0,2.1226667913180335e-40,0
2021-04-13_2021-04-13 10:16:56-04:00,49.988252314814815,18.0,3.0,1.4443370619951781e-40,0
2021-04-13_2021-04-13 10:17:19-04:00,49.98798611111111,6.0,3.0,2.120129274685338e-40,0
2021-04-13_2021-04-13 10:19:34-04:00,49.98642361111112,625.0,4.0,1.33429342793091e-41,0
2021-04-14_2021-04-14 09:34:43-04:00,49.01756944444445,238.0,4.0,1.648032919861685e-45,0
2021-04-14_2021-04-14 09:38:44-04:00,49.0147800925926,2.0,3.0,1.255312613572739e-44,0
2021-04-14_2021-04-14 09:39:01-04:00,49.01458333333333,1.0,3.0,1.251994552131405e-44,0
2021-04-15_2021-04-15 08:00:00-04:00,48.08334490740741,5410.0,1.0,7.82589793540283e-48,0
2021-04-15_2021-04-15 09:30:12-04:00,48.02070601851852,1.0,3.0,2.2471503277778618e-48,0
2021-04-15_2021-04-15 09:30:20-04:00,48.02061342592592,0.0,3.0,1.9522126167437873e-48,0
2021-04-15_2021-04-15 09:30:23-04:00,48.020578703703706,1.0,3.0,2.4108699538441564e-48,0
2021-04-15_2021-04-15 09:30:26-04:00,48.02054398148148,0.0,3.0,2.4070680258385597e-48,0
2021-04-15_2021-04-15 09:30:29-04:00,48.020509259259256,0.0,3.0,2.238677101896328e-48,0
2021-04-15_2021-04-15 09:30:57-04:00,48.020185185185184,3.0,3.0,2.2505654676548196e-48,0
2021-04-15_2021-04-15 09:31:02-04:00,48.020127314814815,3.0,3.0,2.267308091727243e-48,0
2021-04-15_2021-04-15 09:31:12-04:00,48.02001157407408,13.0,3.0,2.7658858639092664e-48,0
2021-04-15_2021-04-15 09:31:29-04:00,48.019814814814815,3.0,3.0,2.862149664271674e-48,0
2021-04-15_2021-04-15 09:31:34-04:00,48.019756944444445,3.0,3.0,2.938097514514751e-48,0
2021-04-15_2021-04-15 09:32:56-04:00,48.01880787037037,1.0,3.0,2.852198162776546e-48,0
2021-04-15_2021-04-15 09:35:41-04:00,48.01689814814815,34.0,1.0,3.208748473973169e-48,0
2021-04-15_2021-04-15 09:37:00-04:00,48.0159837962963,7.0,3.0,2.9662707518511825e-48,0
2021-04-15_2021-04-15 09:37:24-04:00,48.01570601851852,2.0,3.0,2.3544106379098752e-48,0
2021-04-15_2021-04-15 09:38:13-04:00,48.01513888888889,10.0,3.0,2.105376304692201e-48,0
2021-04-15_2021-04-15 09:46:34-04:00,48.00934027777778,106.0,1.0,3.815259699453935e-49,0
2021-04-15_2021-04-15 09:48:23-04:00,48.0080787037037,0.0,3.0,9.643178079673588e-49,0
2021-04-15_2021-04-15 09:48:25-04:00,48.00805555555556,146.0,1.0,1.2703583921302583e-48,0
2021-04-16_2021-04-16 08:00:00-04:00,47.08334490740741,1468.0,3.0,1.579878513253448e-46,0
2021-04-16_2021-04-16 08:25:49-04:00,47.06541666666666,0.0,2.0,1.4652211975430706e-46,0
2021-04-16_2021-04-16 08:26:33-04:00,47.06490740740741,45.0,0.0,2.620282939103148e-47,0
2021-04-16_2021-04-16 08:27:47-04:00,47.064050925925926,0.0,2.0,1.4771408212735312e-46,0
2021-04-16_2021-04-16 08:28:24-04:00,47.06362268518519,3.0,2.0,1.344032797298406e-46,0
2021-04-16_2021-04-16 08:30:36-04:00,47.062094907407406,10.0,0.0,2.2190151491557553e-47,0
2021-04-16_2021-04-16 08:31:22-04:00,47.0615625,17.0,2.0,1.2511996671285143e-46,0
2021-04-16_2021-04-16 08:32:14-04:00,47.06096064814815,87.0,0.0,2.5205621603190017e-47,0
2021-04-16_2021-04-16 08:35:30-04:00,47.05869212962963,54.0,3.0,1.7863689013159596e-46,0
2021-04-16_2021-04-16 08:36:34-04:00,47.05795138888889,10.0,0.0,2.824120039807707e-47,0
2021-04-16_2021-04-16 08:38:10-04:00,47.05684027777778,0.0,2.0,1.5757402444615781e-46,0
2021-04-16_2021-04-16 08:38:49-04:00,47.05638888888889,27.0,2.0,1.5024779733203777e-46,0
2021-04-16_2021-04-16 09:34:34-04:00,47.01767361111112,32.0,1.0,2.4989439508963333e-46,0
2021-04-16_2021-04-16 09:35:17-04:00,47.017175925925926,15.0,3.0,1.4753130634804153e-46,0
2021-04-16_2021-04-16 09:35:42-04:00,47.01688657407407,52.0,1.0,1.860659980776671e-46,0
2021-04-16_2021-04-16 09:36:39-04:00,47.016226851851854,0.0,3.0,2.101989618527127e-46,0
2021-04-16_2021-04-16 10:29:48-04:00,46.97931712962963,1.0,3.0,2.176003537033123e-46,0
2021-04-16_2021-04-16 10:29:51-04:00,46.97928240740741,8.0,3.0,1.8240175867146715e-46,0
2021-04-19_2021-04-19 08:40:52-04:00,44.054965277777775,39.0,2.0,1.0562447927723272e-51,0
2021-04-19_2021-04-19 08:41:34-04:00,44.05447916666667,11.0,2.0,1.0547195177420778e-51,0
2021-04-19_2021-04-19 08:41:49-04:00,44.05430555555556,37.0,3.0,8.805809412430702e-52,0
2021-04-19_2021-04-19 08:43:23-04:00,44.0532175925926,0.0,3.0,9.103873112972886e-52,0
2021-04-19_2021-04-19 08:43:26-04:00,44.05318287037037,132.0,3.0,9.08372225267018e-52,0
2021-04-19_2021-04-19 08:45:40-04:00,44.051631944444445,9.0,0.0,1.9071987192864527e-52,0
2021-04-19_2021-04-19 08:45:52-04:00,44.051493055555554,8.0,0.0,1.5976154636970555e-52,0
2021-04-19_2021-04-19 08:46:03-04:00,44.05136574074074,15.0,3.0,9.120234947882463e-52,0
2021-04-19_2021-04-19 08:46:21-04:00,44.05115740740741,11.0,3.0,9.095887833762721e-52,0
2021-04-19_2021-04-19 08:46:39-04:00,44.05094907407408,1.0,5.0,2.9836876311506918e-52,0
2021-04-19_2021-04-19 08:46:45-04:00,44.05087962962963,275.0,3.0,3.861608373717465e-52,0
2021-04-19_2021-04-19 08:51:23-04:00,44.04766203703704,77.0,3.0,9.4890947336382e-52,0
2021-04-19_2021-04-19 08:52:48-04:00,44.04667824074074,3.0,0.0,1.9980041558038558e-52,0
2021-04-19_2021-04-19 08:53:06-04:00,44.046469907407406,0.0,2.0,1.0564458780409684e-51,0
2021-04-19_2021-04-19 08:53:14-04:00,44.04637731481481,2.0,2.0,1.0243684326878102e-51,0
2021-04-19_2021-04-19 08:54:17-04:00,44.04564814814815,0.0,0.0,2.1057501138490513e-52,0
2021-04-19_2021-04-19 08:58:00-04:00,44.04306712962963,0.0,3.0,1.362655429062588e-51,0
2021-04-19_2021-04-19 08:58:46-04:00,44.04253472222222,1.0,3.0,9.853402550030533e-52,0
2021-04-19_2021-04-19 08:58:51-04:00,44.04247685185185,3.0,0.0,1.3248355676466467e-52,0
2021-04-19_2021-04-19 08:59:00-04:00,44.04237268518519,0.0,5.0,2.821274296573319e-52,0
2021-04-19_2021-04-19 08:59:04-04:00,44.04232638888889,7.0,0.0,1.3390801724150583e-52,0
2021-04-19_2021-04-19 08:59:14-04:00,44.04221064814815,4.0,2.0,7.808325368654177e-52,0
2021-04-19_2021-04-19 08:59:21-04:00,44.04212962962963,0.0,0.0,1.3328083877500033e-52,0
2021-04-19_2021-04-19 08:59:24-04:00,44.04209490740741,0.0,2.0,1.023354267215089e-51,0
2021-04-19_2021-04-19 08:59:44-04:00,44.041863425925925,0.0,5.0,3.36476888300049e-52,0
2021-04-19_2021-04-19 08:59:53-04:00,44.04175925925926,0.0,0.0,2.1063047954603618e-52,0
2021-04-19_2021-04-19 08:59:58-04:00,44.04170138888889,0.0,2.0,8.715188641948982e-52,0
2021-04-19_2021-04-19 09:00:01-04:00,44.04166666666666,208.0,1.0,1.6940013768049216e-51,0
2021-04-19_2021-04-19 09:03:32-04:00,44.03922453703704,1.0,3.0,1.1604645073646636e-51,0
2021-04-19_2021-04-19 09:04:21-04:00,44.038657407407406,0.0,3.0,1.3948530043282754e-51,0
2021-04-19_2021-04-19 09:21:37-04:00,44.02666666666666,2.0,3.0,1.3533675822102362e-51,0
2021-04-19_2021-04-19 09:21:42-04:00,44.02660879629629,2.0,0.0,1.947878958997837e-52,0
2021-04-19_2021-04-19 09:21:48-04:00,44.02653935185185,3.0,3.0,1.354349406309105e-51,0
2021-04-19_2021-04-19 09:21:53-04:00,44.02648148148148,0.0,5.0,4.116524606197997e-52,0
2021-04-19_2021-04-19 09:21:55-04:00,44.02645833333333,4.0,3.0,1.355401562486454e-51,0
2021-04-19_2021-04-19 09:22:01-04:00,44.02638888888889,2.0,0.0,1.9485316261259414e-52,0
2021-04-19_2021-04-19 09:22:05-04:00,44.02634259259259,90.0,3.0,1.1818171949648663e-51,0
2021-04-19_2021-04-19 09:23:37-04:00,44.02527777777778,5.0,3.0,1.3563887741830937e-51,0
2021-04-19_2021-04-19 09:23:44-04:00,44.02519675925926,1.0,3.0,1.352357165898114e-51,0
2021-04-19_2021-04-19 09:23:50-04:00,44.02512731481482,0.0,5.0,4.1163815040972814e-52,0
2021-04-19_2021-04-19 09:23:55-04:00,44.02506944444445,0.0,3.0,1.351395324954527e-51,0
2021-04-19_2021-04-19 09:24:22-04:00,44.02475694444445,2.0,3.0,1.3641968142885633e-51,0
2021-04-19_2021-04-19 09:24:29-04:00,44.024675925925926,0.0,5.0,4.149663981808281e-52,0
2021-04-19_2021-04-19 09:24:32-04:00,44.0246412037037,5.0,3.0,1.3674429737558415e-51,0
2021-04-19_2021-04-19 09:24:41-04:00,44.02453703703704,0.0,5.0,4.149918542712484e-52,0
2021-04-19_2021-04-19 09:29:35-04:00,44.021134259259256,19.0,3.0,1.029329643600387e-51,0
2021-04-19_2021-04-19 09:30:02-04:00,44.020821759259256,0.0,3.0,1.4888117011998197e-51,0
2021-04-19_2021-04-19 09:44:18-04:00,44.01091435185185,0.0,3.0,1.103290389615171e-53,0
2021-04-19_2021-04-19 10:24:28-04:00,43.983020833333335,331.0,4.0,6.0770764308726e-52,0
2021-04-20_2021-04-20 08:00:00-04:00,43.08334490740741,5438.0,1.0,5.455085791427664e-48,0
2021-04-20_2021-04-20 09:30:40-04:00,43.020381944444445,0.0,3.0,1.7251852902906957e-48,0
2021-04-20_2021-04-20 09:30:42-04:00,43.02035879629629,0.0,3.0,1.7249087070994452e-48,0
2021-04-20_2021-04-20 09:30:47-04:00,43.02030092592592,0.0,3.0,2.9311187416608053e-48,0
2021-04-20_2021-04-20 09:30:56-04:00,43.02019675925926,91.0,1.0,1.4100392462869004e-48,0
2021-04-20_2021-04-20 09:34:15-04:00,43.01789351851852,1.0,3.0,2.9340795743689836e-48,0
2021-04-20_2021-04-20 09:34:33-04:00,43.01768518518519,12.0,3.0,2.069550134308944e-48,0
2021-04-20_2021-04-20 09:34:47-04:00,43.01752314814815,9.0,3.0,2.078628779439334e-48,0
2021-04-20_2021-04-20 09:34:58-04:00,43.01739583333333,2.0,3.0,2.482300874225528e-48,0
2021-04-20_2021-04-20 09:35:25-04:00,43.01708333333333,2.0,3.0,2.935841765497066e-48,0
2021-04-20_2021-04-20 09:35:48-04:00,43.01681712962963,1.0,3.0,2.7067143726474843e-48,0
2021-04-20_2021-04-20 09:35:51-04:00,43.016782407407405,12.0,3.0,2.5054017312746912e-48,0
2021-04-20_2021-04-20 09:36:05-04:00,43.01662037037037,78.0,1.0,2.8145326060191404e-48,0
2021-04-20_2021-04-20 09:37:30-04:00,43.01563657407407,9.0,3.0,2.4785678796840646e-48,0
2021-04-20_2021-04-20 09:42:21-04:00,43.01226851851852,0.0,3.0,2.9312821039072883e-48,0
2021-04-20_2021-04-20 09:42:24-04:00,43.01223379629629,0.0,3.0,2.9312875874479476e-48,0
2021-04-20_2021-04-20 09:42:33-04:00,43.01212962962963,0.0,3.0,2.7042142026245136e-48,0
2021-04-20_2021-04-20 10:02:32-04:00,42.99825231481481,0.0,5.0,3.1854158045785935e-49,0
2021-04-21_2021-04-21 09:38:54-04:00,42.01466435185185,6.0,3.0,4.555485639481876e-48,0
2021-04-21_2021-04-21 09:39:07-04:00,42.01451388888889,2.0,3.0,5.577318133267764e-48,0
2021-04-21_2021-04-21 09:39:13-04:00,42.01444444444444,1.0,3.0,5.794119354068369e-48,0
2021-04-21_2021-04-21 09:39:17-04:00,42.01439814814815,1.0,3.0,5.79663093348904e-48,0
2021-04-21_2021-04-21 09:41:01-04:00,42.01319444444445,56.0,1.0,6.676828959240314e-48,0
2021-04-21_2021-04-21 09:42:08-04:00,42.01241898148148,12.0,3.0,4.7690383497294077e-48,0
2021-04-22_2021-04-22 08:00:00-04:00,41.08334490740741,2961.0,3.0,2.248730493429752e-46,0
2021-04-22_2021-04-22 08:49:37-04:00,41.04888888888889,4.0,2.0,6.14096264647446e-47,0
2021-04-22_2021-04-22 08:50:35-04:00,41.04821759259259,8.0,2.0,4.324101324620507e-47,0
2021-04-22_2021-04-22 08:52:15-04:00,41.04706018518519,0.0,5.0,2.2721843808673703e-47,0
2021-04-22_2021-04-22 08:53:18-04:00,41.04633101851852,4.0,2.0,6.142139786323116e-47,0
2021-04-22_2021-04-22 08:53:38-04:00,41.04609953703704,1.0,2.0,4.306149307418562e-47,0
2021-04-22_2021-04-22 08:54:05-04:00,41.04578703703704,840.0,3.0,7.545746255703055e-47,0
2021-04-22_2021-04-22 09:16:47-04:00,41.03002314814815,0.0,0.0,1.1646986340672559e-47,0
2021-04-22_2021-04-22 09:17:46-04:00,41.02934027777778,0.0,0.0,1.1647414845142096e-47,0
2021-04-22_2021-04-22 09:19:46-04:00,41.02795138888889,1.0,3.0,8.095905555995762e-47,0
2021-04-22_2021-04-22 09:19:58-04:00,41.0278125,0.0,0.0,1.1648373590200968e-47,0
2021-04-22_2021-04-22 09:20:11-04:00,41.02766203703704,0.0,3.0,8.09065386113686e-47,0
2021-04-22_2021-04-22 09:20:24-04:00,41.02751157407408,6.0,3.0,7.800896754223455e-47,0
2021-04-22_2021-04-22 09:20:33-04:00,41.02740740740741,6.0,0.0,7.826635783098748e-48,0
2021-04-22_2021-04-22 09:20:51-04:00,41.02719907407408,3.0,2.0,4.112834096262504e-47,0
2021-04-22_2021-04-22 09:21:00-04:00,41.02709490740741,547.0,3.0,5.286772614687507e-47,0
2021-04-22_2021-04-22 09:30:09-04:00,41.02074074074074,3.0,3.0,7.527023425476981e-47,0
2021-04-22_2021-04-22 09:30:14-04:00,41.02068287037037,1.0,3.0,8.10867902020732e-47,0
2021-04-22_2021-04-22 09:30:18-04:00,41.02063657407408,3.0,3.0,8.122981920498972e-47,0
2021-04-22_2021-04-22 09:30:23-04:00,41.020578703703706,3.0,3.0,8.123444765816142e-47,0
2021-04-22_2021-04-22 09:30:28-04:00,41.020520833333336,2.0,3.0,8.1106442553186e-47,0
2021-04-22_2021-04-22 09:30:32-04:00,41.02047453703704,9.0,3.0,8.190278645404921e-47,0
2021-04-22_2021-04-22 09:33:55-04:00,41.018125,2.0,3.0,8.114750090798912e-47,0
2021-04-22_2021-04-22 09:33:59-04:00,41.0180787037037,3.0,3.0,8.126727231167216e-47,0
2021-04-22_2021-04-22 09:34:04-04:00,41.01802083333333,1.0,3.0,8.105911817386508e-47,0
2021-04-22_2021-04-22 09:34:44-04:00,41.01755787037037,0.0,3.0,8.098548157135524e-47,0
2021-04-23_2021-04-23 08:00:00-04:00,40.08334490740741,134.0,2.0,1.3913030971906026e-44,0
2021-04-23_2021-04-23 08:03:33-04:00,40.08087962962963,21.0,2.0,4.025273641869949e-44,0
2021-04-23_2021-04-23 08:06:55-04:00,40.078541666666666,0.0,5.0,1.5972529863710685e-44,0
2021-04-23_2021-04-23 09:26:45-04:00,40.023101851851855,1.0,5.0,1.8083568607820559e-44,0
2021-04-23_2021-04-23 09:26:54-04:00,40.02299768518518,0.0,5.0,1.8070684441904104e-44,0
2021-04-23_2021-04-23 09:27:24-04:00,40.02265046296296,2.0,2.0,4.502155631453872e-44,0
2021-04-23_2021-04-23 09:27:48-04:00,40.02237268518518,0.0,2.0,4.49648584031274e-44,0
2021-04-23_2021-04-23 09:27:56-04:00,40.0222800925926,0.0,0.0,8.540734867824888e-45,0
2021-04-23_2021-04-23 09:30:05-04:00,40.02078703703704,0.0,3.0,7.870574128482799e-44,0
2021-04-23_2021-04-23 09:30:07-04:00,40.02076388888889,0.0,3.0,7.994617958599957e-44,0
2021-04-23_2021-04-23 09:30:09-04:00,40.02074074074074,2.0,3.0,7.905292812464663e-44,0
2021-04-23_2021-04-23 09:30:13-04:00,40.020694444444445,1.0,0.0,1.1328820657471607e-44,0
2021-04-23_2021-04-23 09:30:16-04:00,40.02065972222222,0.0,2.0,5.963313060942765e-44,0
2021-04-23_2021-04-23 09:30:19-04:00,40.020625,2.0,0.0,1.133456180718486e-44,0
2021-04-23_2021-04-23 09:30:36-04:00,40.02042824074074,2.0,3.0,7.941727585204238e-44,0
2021-04-23_2021-04-23 09:30:40-04:00,40.020381944444445,2.0,3.0,7.940036599263484e-44,0
2021-04-23_2021-04-23 09:30:46-04:00,40.0203125,1.0,3.0,7.928811077829951e-44,0
2021-04-23_2021-04-23 09:30:51-04:00,40.020254629629626,5.0,3.0,7.967513217689e-44,0
2021-04-23_2021-04-23 09:30:59-04:00,40.02016203703704,61.0,3.0,5.104738108944463e-44,0
2021-04-23_2021-04-23 09:32:02-04:00,40.01943287037037,2.0,3.0,7.871858242284275e-44,0
2021-04-23_2021-04-23 09:32:09-04:00,40.01935185185185,3.0,3.0,7.275695040497218e-44,0
2021-04-23_2021-04-23 09:32:14-04:00,40.01929398148148,68.0,3.0,4.3153187368582287e-44,0
2021-04-23_2021-04-23 09:33:24-04:00,40.01848379629629,278.0,1.0,4.36393227242774e-44,0
2021-04-26_2021-04-26 10:10:49-04:00,36.9925,403.0,4.0,1.811604651126174e-46,0
2021-04-26_2021-04-26 10:17:36-04:00,36.98778935185185,8.0,3.0,9.219778871005298e-46,0
2021-04-26_2021-04-26 10:17:50-04:00,36.987627314814816,46.0,3.0,6.776872924273296e-46,0
2021-04-26_2021-04-26 10:18:38-04:00,36.98707175925926,0.0,3.0,1.1648378775752924e-45,0
2021-04-26_2021-04-26 10:18:40-04:00,36.98704861111111,29.0,3.0,8.595566873536206e-46,0
2021-04-26_2021-04-26 10:19:27-04:00,36.98650462962963,13.0,3.0,9.648849436083481e-46,0
2021-04-26_2021-04-26 10:19:42-04:00,36.98633101851852,12.0,3.0,8.966986334191852e-46,0
2021-04-26_2021-04-26 10:19:56-04:00,36.98616898148149,0.0,3.0,1.1230770042760738e-45,0
2021-04-26_2021-04-26 10:19:58-04:00,36.98614583333333,0.0,3.0,1.0927763607679185e-45,0
2021-04-26_2021-04-26 10:20:01-04:00,36.98611111111112,64.0,3.0,8.468445582294382e-46,0
2021-04-26_2021-04-26 10:22:05-04:00,36.98467592592593,345.0,1.0,1.0055917819322814e-45,0
2021-04-26_2021-04-26 10:27:52-04:00,36.98065972222222,1.0,3.0,1.1201952573107559e-45,0
2021-04-26_2021-04-26 10:27:55-04:00,36.980625,0.0,3.0,1.1278086155681846e-45,0
2021-04-26_2021-04-26 10:28:39-04:00,36.98011574074074,1.0,3.0,1.1202884254052636e-45,0
2021-04-26_2021-04-26 10:28:43-04:00,36.980069444444446,1.0,0.0,1.6122374041453146e-46,0
2021-04-26_2021-04-26 10:28:49-04:00,36.98,0.0,3.0,1.1191895014208678e-45,0
2021-04-26_2021-04-26 10:28:55-04:00,36.97993055555556,10.0,3.0,8.252388725714211e-46,0
2021-04-26_2021-04-26 10:29:07-04:00,36.97979166666666,0.0,3.0,1.1278592515742711e-45,0
2021-04-26_2021-04-26 10:29:16-04:00,36.9796875,0.0,0.0,1.6901665746846343e-46,0
2021-04-26_2021-04-26 10:29:19-04:00,36.97965277777778,19.0,3.0,8.644851159644342e-46,0
2021-04-26_2021-04-26 10:29:40-04:00,36.97940972222222,18.0,3.0,8.16973015957627e-46,0
2021-04-27_2021-04-27 08:00:00-04:00,36.08334490740741,3913.0,1.0,9.811380358886773e-56,0
2021-04-27_2021-04-27 09:05:15-04:00,36.03803240740741,12.0,3.0,2.2209254731355845e-55,0
2021-04-27_2021-04-27 09:05:29-04:00,36.03787037037037,4.0,3.0,2.2624157625569294e-55,0
2021-04-27_2021-04-27 09:05:35-04:00,36.03780092592593,206.0,1.0,3.1675289667115627e-55,0
2021-04-27_2021-04-27 09:09:03-04:00,36.03539351851852,1.0,0.0,3.7553256449737966e-56,0
2021-04-27_2021-04-27 09:09:08-04:00,36.03533564814815,0.0,0.0,3.7524385807674943e-56,0
2021-04-27_2021-04-27 09:09:10-04:00,36.0353125,1.0,3.0,2.608762134467036e-55,0
2021-04-27_2021-04-27 09:09:13-04:00,36.03527777777778,3.0,0.0,4.922101957290413e-56,0
2021-04-27_2021-04-27 09:09:21-04:00,36.03518518518519,12.0,3.0,2.629334117437993e-55,0
2021-04-27_2021-04-27 09:09:35-04:00,36.03502314814815,3.0,3.0,2.9223980692560587e-55,0
2021-04-27_2021-04-27 09:09:42-04:00,36.03494212962963,1.0,0.0,4.202613657945756e-56,0
2021-04-27_2021-04-27 09:09:47-04:00,36.03488425925926,1.0,3.0,2.918538708715324e-55,0
2021-04-27_2021-04-27 09:09:50-04:00,36.03484953703704,3.0,3.0,2.9233699725076273e-55,0
2021-04-27_2021-04-27 09:09:57-04:00,36.03476851851852,0.0,0.0,4.370707555949129e-56,0
2021-04-27_2021-04-27 09:09:59-04:00,36.03474537037037,0.0,5.0,1.0101891712432106e-55,0
2021-04-27_2021-04-27 09:10:01-04:00,36.03472222222222,0.0,3.0,3.0362520113662337e-55,0
2021-04-27_2021-04-27 09:10:03-04:00,36.03469907407408,1.0,2.0,2.3963580352884536e-55,0
2021-04-27_2021-04-27 09:10:06-04:00,36.03466435185185,0.0,3.0,3.3166025907875946e-55,0
2021-04-27_2021-04-27 09:10:08-04:00,36.03464120370371,0.0,3.0,3.316606727025332e-55,0
2021-04-27_2021-04-27 09:10:10-04:00,36.03461805555556,1.0,3.0,3.038287276542716e-55,0
2021-04-27_2021-04-27 09:10:17-04:00,36.03453703703704,4.0,3.0,3.045183255734724e-55,0
2021-04-27_2021-04-27 09:10:25-04:00,36.034444444444446,0.0,5.0,1.0102055492621042e-55,0
2021-04-27_2021-04-27 09:10:30-04:00,36.03438657407408,2.0,3.0,3.570684081559688e-55,0
2021-04-27_2021-04-27 09:10:34-04:00,36.03434027777778,0.0,3.0,3.565182626706025e-55,0
2021-04-27_2021-04-27 09:10:36-04:00,36.03431712962963,0.0,0.0,5.132126347349293e-56,0
2021-04-27_2021-04-27 09:10:38-04:00,36.03429398148148,0.0,0.0,5.132409173340754e-56,0
2021-04-27_2021-04-27 09:10:44-04:00,36.03422453703703,5.0,3.0,3.5776477138023954e-55,0
2021-04-27_2021-04-27 09:10:51-04:00,36.03414351851852,0.0,3.0,3.564644395218217e-55,0
2021-04-27_2021-04-27 09:10:53-04:00,36.03412037037037,6.0,3.0,3.580045888189329e-55,0
2021-04-27_2021-04-27 09:11:01-04:00,36.03402777777778,2.0,0.0,5.139031434818177e-56,0
2021-04-27_2021-04-27 09:11:06-04:00,36.03396990740741,0.0,3.0,3.56525376736483e-55,0
2021-04-27_2021-04-27 09:11:11-04:00,36.03391203703704,1.0,0.0,5.136756333671584e-56,0
2021-04-27_2021-04-27 09:11:14-04:00,36.033877314814816,3.0,3.0,3.573732970689834e-55,0
2021-04-27_2021-04-27 09:11:21-04:00,36.033796296296295,2.0,3.0,3.5698361462599146e-55,0
2021-04-27_2021-04-27 09:11:25-04:00,36.03375,4.0,3.0,3.574977498383651e-55,0
2021-04-27_2021-04-27 09:11:32-04:00,36.03366898148148,1.0,3.0,3.5676814532086826e-55,0
2021-04-27_2021-04-27 09:11:37-04:00,36.03361111111112,2.0,0.0,5.1402541016984345e-56,0
2021-04-27_2021-04-27 09:12:01-04:00,36.03333333333333,0.0,0.0,5.132674812681277e-56,0
2021-04-27_2021-04-27 09:12:04-04:00,36.03329861111112,1.0,0.0,5.13609613907728e-56,0
2021-04-27_2021-04-27 09:12:07-04:00,36.03326388888889,1.0,2.0,2.704628861725994e-55,0
2021-04-27_2021-04-27 09:12:10-04:00,36.033229166666665,2.0,3.0,3.569560687363463e-55,0
2021-04-27_2021-04-27 09:12:16-04:00,36.03315972222222,2.0,0.0,5.139548589559771e-56,0
2021-04-27_2021-04-27 09:12:22-04:00,36.03309027777778,1.0,2.0,2.704071528553895e-55,0
2021-04-27_2021-04-27 09:12:30-04:00,36.03299768518519,2.0,3.0,3.570758950766106e-55,0
2021-04-27_2021-04-27 09:12:34-04:00,36.03295138888889,0.0,3.0,3.564873349712462e-55,0
2021-04-27_2021-04-27 09:12:36-04:00,36.03292824074074,0.0,5.0,1.085990407671842e-55,0
2021-04-27_2021-04-27 09:12:38-04:00,36.03290509259259,3.0,0.0,5.144697731423042e-56,0
2021-04-27_2021-04-27 09:12:50-04:00,36.0327662037037,1.0,2.0,2.7042643900931717e-55,0
2021-04-27_2021-04-27 09:12:54-04:00,36.032719907407404,3.0,3.0,3.350359650889659e-55,0
2021-04-27_2021-04-27 09:13:00-04:00,36.03265046296296,6.0,3.0,2.6169735425580816e-55,0
2021-04-27_2021-04-27 09:13:08-04:00,36.03255787037037,75.0,3.0,2.143258850422497e-55,0
2021-04-27_2021-04-27 09:14:25-04:00,36.031666666666666,6.0,3.0,2.2117748607623834e-55,0
2021-04-27_2021-04-27 09:14:33-04:00,36.03157407407407,949.0,1.0,9.158530971828264e-56,0
2021-04-27_2021-04-27 09:30:24-04:00,36.02056712962963,0.0,3.0,3.0415156764452453e-55,0
2021-04-27_2021-04-27 09:30:29-04:00,36.020509259259256,0.0,5.0,8.846012496432398e-56,0
2021-04-27_2021-04-27 09:30:35-04:00,36.020439814814814,0.0,3.0,2.923275870745492e-55,0
2021-04-27_2021-04-27 09:30:39-04:00,36.02039351851852,0.0,3.0,3.092275256252451e-55,0
2021-04-27_2021-04-27 09:30:41-04:00,36.02037037037037,0.0,3.0,3.0932785803486342e-55,0
2021-04-27_2021-04-27 09:30:43-04:00,36.02034722222222,0.0,3.0,3.0964495545077276e-55,0
2021-04-27_2021-04-27 09:36:10-04:00,36.0165625,79.0,1.0,2.3838903810953005e-55,0
2021-04-27_2021-04-27 09:37:41-04:00,36.01550925925926,274.0,4.0,3.065373029599831e-56,0
2021-04-27_2021-04-27 10:27:56-04:00,35.980613425925924,0.0,3.0,8.256101522179536e-56,0
2021-04-28_2021-04-28 08:00:00-04:00,35.08334490740741,5411.0,1.0,9.379240101545038e-51,0
2021-04-28_2021-04-28 09:30:13-04:00,35.020694444444445,0.0,3.0,2.5209299798440673e-51,0
2021-04-28_2021-04-28 09:30:15-04:00,35.0206712962963,0.0,3.0,2.517269777572449e-51,0
2021-04-28_2021-04-28 09:30:29-04:00,35.020509259259256,7.0,3.0,3.3084945271918286e-51,0
2021-04-28_2021-04-28 09:30:40-04:00,35.020381944444445,1.0,3.0,2.5204751358622407e-51,0
2021-04-28_2021-04-28 09:30:56-04:00,35.02019675925926,0.0,3.0,3.284693710284655e-51,0
2021-04-28_2021-04-28 09:30:58-04:00,35.02017361111111,35.0,3.0,2.214724645164328e-51,0
2021-04-28_2021-04-28 09:33:07-04:00,35.018680555555555,0.0,3.0,3.2807184858931846e-51,0
2021-04-28_2021-04-28 09:33:09-04:00,35.01865740740741,2.0,3.0,2.9159723247999365e-51,0
2021-04-28_2021-04-28 09:33:34-04:00,35.018368055555555,0.0,3.0,3.2816573573337396e-51,0
2021-04-28_2021-04-28 09:33:36-04:00,35.01834490740741,16.0,3.0,2.484200114957985e-51,0
2021-04-28_2021-04-28 09:34:10-04:00,35.01795138888889,1.0,3.0,3.2858585847038987e-51,0
2021-04-28_2021-04-28 09:34:13-04:00,35.017916666666665,4.0,3.0,2.997896478390424e-51,0
2021-04-28_2021-04-28 09:34:19-04:00,35.01784722222222,14.0,3.0,2.4355382256770127e-51,0
2021-04-28_2021-04-28 09:34:35-04:00,35.017662037037034,0.0,3.0,3.3066329087452093e-51,0
2021-04-28_2021-04-28 09:34:37-04:00,35.01763888888889,7.0,3.0,2.979448619559865e-51,0
2021-04-28_2021-04-28 09:34:46-04:00,35.01753472222222,189.0,1.0,1.3559864032540372e-51,0
2021-04-28_2021-04-28 09:37:57-04:00,35.01532407407407,2.0,3.0,3.312339227016701e-51,0
2021-04-28_2021-04-28 09:38:01-04:00,35.015277777777776,1.0,3.0,3.373374565495999e-51,0
2021-04-28_2021-04-28 09:38:04-04:00,35.01524305555556,0.0,3.0,3.281679612719649e-51,0
2021-04-28_2021-04-28 09:38:19-04:00,35.01506944444444,8.0,3.0,2.7275175469534117e-51,0
2021-04-28_2021-04-28 09:38:34-04:00,35.014895833333334,24.0,3.0,2.0590172681225074e-51,0
2021-04-28_2021-04-28 09:39:10-04:00,35.01447916666667,2.0,3.0,3.333122617516727e-51,0
2021-04-29_2021-04-29 08:00:00-04:00,34.08334490740741,0.0,5.0,5.335672273912246e-54,0
2021-04-29_2021-04-29 08:00:02-04:00,34.083321759259256,0.0,3.0,2.7942901099851624e-53,0
2021-04-29_2021-04-29 08:44:46-04:00,34.052256944444444,0.0,5.0,5.745096234012391e-54,0
2021-04-29_2021-04-29 08:45:28-04:00,34.051770833333336,1275.0,5.0,4.4139385431774516e-54,0
2021-04-29_2021-04-29 09:06:51-04:00,34.0369212962963,0.0,0.0,3.642725184766448e-54,0
2021-04-29_2021-04-29 09:06:55-04:00,34.036875,50.0,3.0,2.1627244267763594e-53,0
2021-04-29_2021-04-29 09:07:48-04:00,34.036261574074075,0.0,5.0,6.697609863044505e-54,0
2021-04-29_2021-04-29 09:07:55-04:00,34.03618055555555,0.0,2.0,1.6665016427564142e-53,0
2021-04-29_2021-04-29 09:08:09-04:00,34.03601851851852,1250.0,3.0,1.2366682415774093e-53,0
2021-04-29_2021-04-29 09:30:06-04:00,34.020775462962966,0.0,3.0,2.8043261418990025e-53,0
2021-04-29_2021-04-29 09:30:08-04:00,34.020752314814814,1.0,2.0,2.128336506457975e-53,0
2021-04-29_2021-04-29 09:30:12-04:00,34.02070601851852,0.0,3.0,2.808417744432337e-53,0
2021-04-29_2021-04-29 09:30:14-04:00,34.02068287037037,0.0,0.0,4.0312295766656076e-54,0
2021-04-29_2021-04-29 09:30:16-04:00,34.02065972222222,56.0,1.0,2.6049102749026632e-53,0
2021-04-29_2021-04-29 09:31:19-04:00,34.019930555555554,0.0,3.0,2.4630628036768225e-53,0
2021-04-29_2021-04-29 09:31:28-04:00,34.01982638888889,0.0,3.0,2.8008466909101195e-53,0
2021-04-29_2021-04-29 09:31:30-04:00,34.01980324074074,1.0,3.0,2.425979399737424e-53,0
2021-04-29_2021-04-29 09:31:34-04:00,34.019756944444445,0.0,3.0,2.799952186495893e-53,0
2021-04-29_2021-04-29 09:31:37-04:00,34.01972222222222,1.0,3.0,2.805140488016865e-53,0
2021-04-29_2021-04-29 09:33:06-04:00,34.01869212962963,21.0,3.0,1.4666107119268078e-53,0
2021-04-29_2021-04-29 09:33:30-04:00,34.01841435185185,3.0,3.0,1.7766710596487894e-53,0
2021-04-29_2021-04-29 09:33:35-04:00,34.01835648148148,7.0,3.0,1.7835172642349146e-53,0
2021-04-29_2021-04-29 09:33:44-04:00,34.018252314814816,20.0,3.0,1.3309102242496482e-53,0
2021-04-29_2021-04-29 09:34:19-04:00,34.01784722222222,142.0,1.0,1.6116543079720715e-53,0
2021-04-29_2021-04-29 09:37:09-04:00,34.01587962962963,0.0,3.0,2.800537141652212e-53,0
2021-04-29_2021-04-29 09:37:11-04:00,34.01585648148148,0.0,3.0,2.801144050912596e-53,0
2021-04-30_2021-04-30 09:48:55-04:00,33.00770833333333,142.0,1.0,6.69761748781353e-55,0
2021-04-30_2021-04-30 09:51:53-04:00,33.00564814814815,1.0,3.0,1.4007658915706728e-54,0
2021-04-30_2021-04-30 09:51:59-04:00,33.005578703703705,1.0,3.0,1.4008465803518073e-54,0
2021-04-30_2021-04-30 09:52:02-04:00,33.00554398148148,1.0,3.0,1.303092716672281e-54,0
2021-04-30_2021-04-30 09:52:05-04:00,33.005509259259256,6.0,3.0,1.407786662967875e-54,0
2021-04-30_2021-04-30 09:52:13-04:00,33.00541666666667,30.0,3.0,5.979902907865094e-55,0
2021-04-30_2021-04-30 09:55:12-04:00,33.00334490740741,2.0,3.0,1.41599023512745e-54,0
2021-04-30_2021-04-30 09:55:34-04:00,33.00309027777778,13.0,3.0,1.2650365871577637e-54,0
2021-04-30_2021-04-30 09:55:49-04:00,33.002916666666664,1.0,3.0,1.3288124618661723e-54,0
2021-04-30_2021-04-30 09:55:52-04:00,33.00288194444445,5.0,3.0,1.384190576191844e-54,0
2021-05-03_2021-05-03 08:00:00-04:00,30.083344907407408,3.0,3.0,8.475745974373463e-53,0
2021-05-03_2021-05-03 08:00:09-04:00,30.08324074074074,45.0,3.0,1.1304721460960504e-52,0
2021-05-03_2021-05-03 08:01:51-04:00,30.082060185185185,19.0,2.0,9.045154739965315e-53,0
2021-05-03_2021-05-03 08:03:19-04:00,30.081041666666668,0.0,5.0,3.2449803113422727e-53,0
2021-05-03_2021-05-03 08:03:48-04:00,30.08070601851852,0.0,2.0,8.074282194261294e-53,0
2021-05-03_2021-05-03 08:04:30-04:00,30.080219907407407,43.0,0.0,1.574908425710165e-53,0
2021-05-03_2021-05-03 08:05:26-04:00,30.07957175925926,33.0,0.0,1.565206995925666e-53,0
2021-05-03_2021-05-03 08:07:09-04:00,30.07837962962963,0.0,2.0,9.293440171239e-53,0
2021-05-03_2021-05-03 08:07:31-04:00,30.078125,1260.0,3.0,1.1389717150740011e-52,0
2021-05-03_2021-05-03 08:29:43-04:00,30.062708333333333,45.0,0.0,1.3547326023393557e-53,0
2021-05-03_2021-05-03 08:30:43-04:00,30.062013888888888,0.0,2.0,8.213245157937161e-53,0
2021-05-03_2021-05-03 08:32:03-04:00,30.06108796296296,1884.0,1.0,2.2470562005422124e-52,0
2021-05-03_2021-05-03 09:03:29-04:00,30.03925925925926,13.0,0.0,1.6460969014349368e-53,0
2021-05-03_2021-05-03 09:03:46-04:00,30.0390625,6.0,0.0,1.2827463546639144e-53,0
2021-05-03_2021-05-03 09:03:56-04:00,30.03894675925926,3.0,3.0,1.0194381932566125e-52,0
2021-05-03_2021-05-03 09:04:05-04:00,30.03884259259259,0.0,5.0,3.8035672215128985e-53,0
2021-05-03_2021-05-03 09:04:15-04:00,30.03872685185185,0.0,0.0,1.6657004545906382e-53,0
2021-05-03_2021-05-03 09:04:21-04:00,30.03865740740741,0.0,2.0,8.769105486147374e-53,0
2021-05-03_2021-05-03 09:04:33-04:00,30.03851851851852,0.0,0.0,1.6656294371170622e-53,0
2021-05-03_2021-05-03 09:04:35-04:00,30.03849537037037,0.0,0.0,1.8048721510597252e-53,0
2021-05-03_2021-05-03 09:04:41-04:00,30.038425925925925,0.0,5.0,3.81895218627595e-53,0
2021-05-03_2021-05-03 09:04:50-04:00,30.038321759259254,2.0,0.0,1.8072892705760325e-53,0
2021-05-03_2021-05-03 09:04:54-04:00,30.038275462962964,5.0,3.0,9.883555399988451e-53,0
2021-05-03_2021-05-03 09:05:04-04:00,30.038159722222225,0.0,0.0,1.8341202268083036e-53,0
2021-05-03_2021-05-03 09:05:21-04:00,30.03796296296296,3.0,2.0,7.48265079388167e-53,0
2021-05-03_2021-05-03 09:05:30-04:00,30.03785879629629,2.0,3.0,9.867282247220867e-53,0
2021-05-03_2021-05-03 09:05:37-04:00,30.037777777777777,0.0,3.0,9.8531592048448e-53,0
2021-05-03_2021-05-03 09:05:43-04:00,30.03770833333333,8.0,3.0,1.163235355348592e-52,0
2021-05-03_2021-05-03 09:05:54-04:00,30.03758101851852,9.0,3.0,9.990115965943763e-53,0
2021-05-03_2021-05-03 09:06:09-04:00,30.037407407407407,1.0,5.0,3.028058305526952e-53,0
2021-05-03_2021-05-03 09:06:14-04:00,30.03734953703704,2.0,2.0,7.5394241034007565e-53,0
2021-05-03_2021-05-03 09:06:19-04:00,30.03729166666667,0.0,5.0,3.698683295018918e-53,0
2021-05-03_2021-05-03 09:06:30-04:00,30.037164351851853,2.0,2.0,7.539093256302659e-53,0
2021-05-03_2021-05-03 09:06:35-04:00,30.03710648148148,3.0,2.0,7.543721738074463e-53,0
2021-05-03_2021-05-03 09:06:41-04:00,30.03703703703704,1.0,0.0,1.8136743305901031e-53,0
2021-05-03_2021-05-03 09:06:50-04:00,30.03693287037037,0.0,0.0,1.6083419320173221e-53,0
2021-05-03_2021-05-03 09:06:58-04:00,30.036840277777777,0.0,2.0,9.165896410737067e-53,0
2021-05-03_2021-05-03 09:07:10-04:00,30.03670138888889,3.0,0.0,1.7443771662076797e-53,0
2021-05-03_2021-05-03 09:07:16-04:00,30.036631944444444,7.0,2.0,8.977068487553581e-53,0
2021-05-03_2021-05-03 09:07:27-04:00,30.03650462962963,2.0,3.0,1.1586196078546353e-52,0
2021-05-03_2021-05-03 09:07:35-04:00,30.03641203703704,0.0,0.0,1.6658184782056411e-53,0
2021-05-03_2021-05-03 09:07:38-04:00,30.03637731481481,0.0,0.0,1.6658215944472355e-53,0
2021-05-03_2021-05-03 09:07:42-04:00,30.03633101851852,0.0,2.0,9.54158706959433e-53,0
2021-05-03_2021-05-03 09:07:46-04:00,30.036284722222224,2.0,3.0,9.946057351707302e-53,0
2021-05-03_2021-05-03 09:07:51-04:00,30.03622685185185,0.0,0.0,1.8123534486587128e-53,0
2021-05-03_2021-05-03 09:07:53-04:00,30.036203703703706,2.0,3.0,1.2554286588486929e-52,0
2021-05-03_2021-05-03 09:07:57-04:00,30.03615740740741,0.0,2.0,9.54167631702011e-53,0
2021-05-03_2021-05-03 09:08:03-04:00,30.036087962962963,0.0,5.0,3.8347963074823203e-53,0
2021-05-03_2021-05-03 09:08:07-04:00,30.036041666666662,0.0,2.0,9.503509479445746e-53,0
2021-05-03_2021-05-03 09:09:11-04:00,30.035300925925927,4.0,0.0,1.8098897686881293e-53,0
2021-05-03_2021-05-03 09:09:21-04:00,30.035185185185185,0.0,0.0,1.80519405996662e-53,0
2021-05-03_2021-05-03 09:09:31-04:00,30.03506944444445,1272.0,1.0,1.9583996109125996e-52,0
2021-05-04_2021-05-04 08:00:00-04:00,29.083344907407408,3031.0,3.0,4.030159394533167e-47,0
2021-05-04_2021-05-04 08:50:50-04:00,29.04804398148148,74.0,3.0,4.841333721075075e-47,0
2021-05-04_2021-05-04 08:52:18-04:00,29.047025462962964,0.0,3.0,6.912079632546002e-47,0
2021-05-04_2021-05-04 08:52:46-04:00,29.046701388888888,1.0,5.0,2.1072187958251445e-47,0
2021-05-04_2021-05-04 08:53:47-04:00,29.04599537037037,3.0,2.0,5.292375857171702e-47,0
2021-05-04_2021-05-04 08:53:58-04:00,29.045868055555555,0.0,5.0,2.1059135922678392e-47,0
2021-05-04_2021-05-04 08:54:04-04:00,29.04579861111111,7.0,2.0,5.262950623702717e-47,0
2021-05-04_2021-05-04 08:54:24-04:00,29.045567129629628,6.0,0.0,1.0825722215001111e-47,0
2021-05-04_2021-05-04 08:54:49-04:00,29.045277777777777,11.0,0.0,1.0858994266466673e-47,0
2021-05-04_2021-05-04 08:55:46-04:00,29.04461805555556,0.0,5.0,2.1432405299425374e-47,0
2021-05-04_2021-05-04 08:55:55-04:00,29.04451388888889,0.0,5.0,2.1230439463251484e-47,0
2021-05-04_2021-05-04 08:56:29-04:00,29.04412037037037,46.0,0.0,8.046894511265906e-48,0
2021-05-04_2021-05-04 08:57:35-04:00,29.04335648148148,0.0,2.0,5.240627818489445e-47,0
2021-05-04_2021-05-04 08:57:47-04:00,29.043217592592597,6.0,2.0,5.260186038484078e-47,0
2021-05-04_2021-05-04 08:57:59-04:00,29.043078703703703,26.0,3.0,5.620941767121006e-47,0
2021-05-04_2021-05-04 08:58:30-04:00,29.04271990740741,0.0,5.0,2.106270805939469e-47,0
2021-05-04_2021-05-04 08:58:34-04:00,29.042673611111116,11.0,2.0,4.2148383173820374e-47,0
2021-05-04_2021-05-04 09:00:03-04:00,29.04164351851852,0.0,5.0,2.106506409368629e-47,0
2021-05-04_2021-05-04 09:00:11-04:00,29.041550925925925,1.0,5.0,1.6726755169021883e-47,0
2021-05-04_2021-05-04 09:00:15-04:00,29.041504629629628,0.0,2.0,5.241150704178015e-47,0
2021-05-04_2021-05-04 09:00:19-04:00,29.04145833333333,1.0,2.0,5.244930094361804e-47,0
2021-05-04_2021-05-04 09:00:24-04:00,29.04140046296296,1.0,5.0,2.1079342191764412e-47,0
2021-05-04_2021-05-04 09:00:27-04:00,29.04136574074074,0.0,2.0,4.13922852556258e-47,0
2021-05-04_2021-05-04 09:00:32-04:00,29.04130787037037,3.0,3.0,5.44480492732407e-47,0
2021-05-04_2021-05-04 09:00:38-04:00,29.04123842592593,0.0,5.0,1.7540862277055325e-47,0
2021-05-04_2021-05-04 09:00:40-04:00,29.041215277777777,1.0,5.0,2.1078417182228697e-47,0
2021-05-04_2021-05-04 09:00:43-04:00,29.04118055555556,0.0,0.0,7.824408748077981e-48,0
2021-05-04_2021-05-04 09:00:47-04:00,29.04113425925926,0.0,0.0,9.956390907629776e-48,0
2021-05-04_2021-05-04 09:01:51-04:00,29.04039351851852,0.0,0.0,9.955715763786215e-48,0
2021-05-04_2021-05-04 09:01:53-04:00,29.04037037037037,0.0,5.0,2.1065374423925776e-47,0
2021-05-04_2021-05-04 09:01:55-04:00,29.040347222222223,0.0,3.0,6.914939456440483e-47,0
2021-05-04_2021-05-04 09:02:05-04:00,29.04023148148148,0.0,3.0,7.039335724773767e-47,0
2021-05-04_2021-05-04 09:02:12-04:00,29.040150462962963,6.0,0.0,9.995618421898037e-48,0
2021-05-04_2021-05-04 09:02:28-04:00,29.039965277777775,0.0,5.0,2.1291979564269699e-47,0
2021-05-04_2021-05-04 09:02:35-04:00,29.03988425925926,0.0,0.0,1.0363779443222278e-47,0
2021-05-04_2021-05-04 09:02:39-04:00,29.039837962962963,0.0,0.0,9.956550002152498e-48,0
2021-05-04_2021-05-04 09:02:43-04:00,29.039791666666662,1.0,5.0,2.1080033927323753e-47,0
2021-05-04_2021-05-04 09:02:49-04:00,29.039722222222224,8.0,0.0,1.0009142055228257e-47,0
2021-05-04_2021-05-04 09:03:01-04:00,29.039583333333333,3.0,3.0,6.929769422350965e-47,0
2021-05-04_2021-05-04 09:03:11-04:00,29.039467592592597,0.0,5.0,2.1066399028137936e-47,0
2021-05-04_2021-05-04 09:03:27-04:00,29.03928240740741,0.0,5.0,2.19294831676856e-47,0
2021-05-04_2021-05-04 09:03:35-04:00,29.03918981481481,0.0,0.0,1.0364167199936447e-47,0
2021-05-04_2021-05-04 09:03:48-04:00,29.03903935185185,0.0,5.0,2.1929770333226905e-47,0
2021-05-04_2021-05-04 09:03:52-04:00,29.038993055555554,0.0,0.0,9.956466964571285e-48,0
2021-05-04_2021-05-04 09:03:57-04:00,29.038935185185185,0.0,0.0,1.0364309381033202e-47,0
2021-05-04_2021-05-04 09:06:48-04:00,29.03695601851852,1.0,0.0,9.964715256314651e-48,0
2021-05-04_2021-05-04 09:06:52-04:00,29.036909722222223,2.0,0.0,9.971363730743299e-48,0
2021-05-04_2021-05-04 09:07:03-04:00,29.036782407407408,0.0,5.0,2.106944686344138e-47,0
2021-05-04_2021-05-04 09:07:08-04:00,29.03672453703704,0.0,5.0,2.1069512554400388e-47,0
2021-05-04_2021-05-04 09:07:16-04:00,29.036631944444444,0.0,3.0,6.916696244802885e-47,0
2021-05-04_2021-05-04 09:07:21-04:00,29.036574074074075,0.0,5.0,2.1069683351853902e-47,0
2021-05-04_2021-05-04 09:07:31-04:00,29.03645833333333,0.0,3.0,6.916760940259758e-47,0
2021-05-04_2021-05-04 09:07:41-04:00,29.036342592592597,0.0,3.0,6.916804070900325e-47,0
2021-05-04_2021-05-04 09:07:53-04:00,29.036203703703706,0.0,3.0,6.916483294255744e-47,0
2021-05-04_2021-05-04 09:08:03-04:00,29.036087962962963,1.0,0.0,9.965718032773082e-48,0
2021-05-04_2021-05-04 09:08:17-04:00,29.035925925925927,0.0,3.0,6.973091526870941e-47,0
2021-05-04_2021-05-04 09:08:27-04:00,29.035810185185184,0.0,5.0,2.1240397195472863e-47,0
2021-05-04_2021-05-04 09:08:29-04:00,29.03578703703704,0.0,2.0,5.285026626047662e-47,0
2021-05-04_2021-05-04 09:08:43-04:00,29.035625,1.0,0.0,9.965966606825347e-48,0
2021-05-04_2021-05-04 09:09:04-04:00,29.035381944444445,0.0,5.0,2.1240887257618646e-47,0
2021-05-04_2021-05-04 09:09:07-04:00,29.03534722222222,0.0,0.0,1.0039236960834377e-47,0
2021-05-04_2021-05-04 09:09:19-04:00,29.035208333333333,0.0,5.0,2.1241085934683077e-47,0
2021-05-04_2021-05-04 09:09:21-04:00,29.035185185185185,0.0,2.0,5.285197997846132e-47,0
2021-05-04_2021-05-04 09:09:26-04:00,29.03512731481481,0.0,5.0,2.124117865128184e-47,0
2021-05-04_2021-05-04 09:09:28-04:00,29.035104166666667,0.0,5.0,2.1241205141813132e-47,0
2021-05-04_2021-05-04 09:09:33-04:00,29.035046296296297,0.0,5.0,2.1241271368285908e-47,0
2021-05-04_2021-05-04 09:09:57-04:00,29.03476851851852,0.0,2.0,5.285316643115466e-47,0
2021-05-04_2021-05-04 09:10:07-04:00,29.03465277777778,0.0,2.0,5.285349600607483e-47,0
2021-05-04_2021-05-04 09:10:21-04:00,29.03449074074074,0.0,2.0,5.285395741441414e-47,0
2021-05-04_2021-05-04 09:10:55-04:00,29.034097222222226,0.0,2.0,5.681558479646515e-47,0
2021-05-04_2021-05-04 09:11:03-04:00,29.034004629629628,0.0,2.0,5.681586822289216e-47,0
2021-05-04_2021-05-04 09:15:34-04:00,29.030868055555555,0.0,0.0,1.0880519519801176e-47,0
2021-05-04_2021-05-04 09:16:50-04:00,29.029988425925925,0.0,5.0,2.28391330663447e-47,0
2021-05-04_2021-05-04 09:17:06-04:00,29.02980324074074,0.0,0.0,9.961397738212446e-48,0
2021-05-04_2021-05-04 09:17:09-04:00,29.02976851851852,4.0,2.0,5.697394742986488e-47,0
2021-05-04_2021-05-04 09:17:17-04:00,29.029675925925925,0.0,5.0,2.283951759510224e-47,0
2021-05-04_2021-05-04 09:17:47-04:00,29.029328703703705,0.0,0.0,1.0794409729546473e-47,0
2021-05-04_2021-05-04 09:17:59-04:00,29.029189814814814,0.0,2.0,5.72887117587237e-47,0
2021-05-04_2021-05-04 09:18:20-04:00,29.02894675925926,0.0,5.0,2.321012560600331e-47,0
2021-05-04_2021-05-04 09:18:28-04:00,29.028854166666665,0.0,2.0,5.775155221228497e-47,0
2021-05-04_2021-05-04 09:18:45-04:00,29.028657407407408,0.0,0.0,1.0794800135593364e-47,0
2021-05-04_2021-05-04 09:18:48-04:00,29.028622685185184,0.0,3.0,7.49773744116731e-47,0
2021-05-04_2021-05-04 09:18:56-04:00,29.028530092592597,0.0,5.0,2.321064664071354e-47,0
2021-05-04_2021-05-04 09:19:21-04:00,29.028240740740745,2.0,0.0,1.098436668313879e-47,0
2021-05-04_2021-05-04 09:19:35-04:00,29.028078703703702,0.0,0.0,1.0970465109223517e-47,0
2021-05-04_2021-05-04 09:19:41-04:00,29.02800925925926,0.0,5.0,2.321129795054906e-47,0
2021-05-04_2021-05-04 09:19:45-04:00,29.027962962962963,0.0,2.0,5.775432519142507e-47,0
2021-05-04_2021-05-04 09:19:55-04:00,29.02784722222222,0.0,2.0,5.775468532835535e-47,0
2021-05-04_2021-05-04 09:19:59-04:00,29.027800925925927,2.0,0.0,1.0984626965988934e-47,0
2021-05-04_2021-05-04 09:20:10-04:00,29.027673611111112,0.0,2.0,5.775522553795979e-47,0
2021-05-04_2021-05-04 09:20:13-04:00,29.027638888888887,0.0,3.0,7.619094473589417e-47,0
2021-05-04_2021-05-04 09:20:16-04:00,29.027604166666663,0.0,0.0,1.0970745585568239e-47,0
2021-05-04_2021-05-04 09:20:25-04:00,29.0275,0.0,5.0,2.2842195234085486e-47,0
2021-05-04_2021-05-04 09:20:33-04:00,29.02740740740741,0.0,2.0,5.683606599540721e-47,0
2021-05-04_2021-05-04 09:20:43-04:00,29.027291666666667,0.0,0.0,1.079617592296435e-47,0
2021-05-04_2021-05-04 09:30:02-04:00,29.02082175925926,0.0,2.0,8.993415373329297e-48,0
2021-05-04_2021-05-04 09:30:51-04:00,29.02025462962963,129.0,1.0,4.0690594243588156e-47,0
2021-05-04_2021-05-04 09:33:41-04:00,29.01828703703704,0.0,3.0,7.503934219037162e-47,0
2021-05-06_2021-05-06 08:00:02-04:00,27.08332175925926,0.0,3.0,1.3096610145562327e-47,0
2021-05-10_2021-05-10 08:00:00-04:00,23.083344907407408,6041.0,4.0,1.2711717411212276e-45,0
2021-05-10_2021-05-10 09:40:45-04:00,23.01337962962963,0.0,2.0,1.7772198142419082e-47,0
2021-05-10_2021-05-10 09:41:09-04:00,23.01310185185185,0.0,3.0,2.3384932970752155e-47,0
2021-05-10_2021-05-10 09:41:23-04:00,23.01293981481481,0.0,3.0,2.3385137120031534e-47,0
2021-05-10_2021-05-10 09:41:25-04:00,23.012916666666666,0.0,3.0,2.3392724695400094e-47,0
2021-05-10_2021-05-10 09:41:58-04:00,23.012534722222224,0.0,3.0,2.338438797739191e-47,0
2021-05-10_2021-05-10 09:42:00-04:00,23.012511574074075,0.0,3.0,2.3386936259036253e-47,0
2021-05-10_2021-05-10 09:42:35-04:00,23.01210648148148,31.0,3.0,4.895538341131115e-46,0
2021-05-10_2021-05-10 09:43:08-04:00,23.01172453703704,12.0,3.0,2.363873836143585e-47,0
2021-05-10_2021-05-10 09:47:51-04:00,23.008449074074075,1.0,0.0,8.469417965353113e-47,0
2021-05-11_2021-05-11 08:00:01-04:00,22.08333333333333,2.0,3.0,5.2891519152873686e-42,0
2021-05-11_2021-05-11 08:02:40-04:00,22.081493055555555,0.0,0.0,1.0272264914941641e-41,0
2021-05-11_2021-05-11 09:59:27-04:00,22.00039351851852,80.0,1.0,1.6677548517717606e-41,0
2021-05-11_2021-05-11 10:02:15-04:00,21.998449074074077,4.0,3.0,6.967753864851613e-41,0
2021-05-11_2021-05-11 10:03:15-04:00,21.99775462962963,6.0,3.0,5.798966271883242e-41,0
2021-05-11_2021-05-11 10:03:23-04:00,21.99766203703704,26.0,3.0,5.101204968499628e-41,0
2021-05-11_2021-05-11 10:03:51-04:00,21.997337962962963,5.0,3.0,7.140478040566272e-41,0
2021-05-11_2021-05-11 10:04:00-04:00,21.997233796296296,1.0,3.0,6.891667323925216e-41,0
2021-05-11_2021-05-11 10:04:07-04:00,21.997152777777774,1.0,3.0,7.060844198624492e-41,0
2021-05-11_2021-05-11 10:04:10-04:00,21.99711805555556,5.0,3.0,6.868066331563254e-41,0
2021-05-11_2021-05-11 10:04:17-04:00,21.997037037037035,0.0,0.0,1.0639637734640127e-41,0
2021-05-11_2021-05-11 10:04:19-04:00,21.99701388888889,93.0,3.0,4.986464277166404e-41,0
2021-05-11_2021-05-11 10:05:56-04:00,21.995891203703703,55.0,3.0,4.567572350894912e-41,0
2021-05-11_2021-05-11 10:06:53-04:00,21.995231481481483,0.0,0.0,9.8347665563977e-42,0
2021-05-11_2021-05-11 10:06:55-04:00,21.99520833333333,0.0,0.0,1.0068338925005294e-41,0
2021-05-14_2021-05-14 08:00:01-04:00,19.08333333333333,2.0,3.0,7.171674125251491e-48,0
2021-05-14_2021-05-14 09:13:59-04:00,19.031967592592597,0.0,5.0,2.1746199905586338e-48,0
2021-05-14_2021-05-14 09:14:13-04:00,19.031805555555557,0.0,5.0,2.174638974880851e-48,0
2021-05-14_2021-05-14 09:14:20-04:00,19.03172453703704,0.0,0.0,1.0277628391292324e-48,0
2021-05-14_2021-05-14 09:14:46-04:00,19.031423611111112,0.0,5.0,2.1746837242961913e-48,0
2021-05-14_2021-05-14 09:14:57-04:00,19.031296296296297,0.0,2.0,5.411069191275552e-48,0
2021-05-14_2021-05-14 09:15:03-04:00,19.03122685185185,0.0,0.0,1.0277903972106209e-48,0
2021-05-14_2021-05-14 09:15:15-04:00,19.031087962962964,2.0,2.0,5.418325935290068e-48,0
2021-05-14_2021-05-14 09:15:43-04:00,19.030763888888888,1.0,0.0,1.0286100249835879e-48,0
2021-05-14_2021-05-14 09:16:02-04:00,19.030543981481483,0.0,2.0,5.411288515718452e-48,0
2021-05-14_2021-05-14 09:16:32-04:00,19.03019675925926,0.0,0.0,1.0278474383777755e-48,0
2021-05-14_2021-05-14 09:16:53-04:00,19.029953703703704,0.0,0.0,1.0278608979911698e-48,0
2021-05-14_2021-05-14 09:17:03-04:00,19.02983796296296,8.0,2.0,5.893860008230751e-48,0
2021-05-14_2021-05-14 09:17:30-04:00,19.02952546296296,7.0,2.0,3.6382292994784036e-48,0
2021-05-14_2021-05-14 09:17:42-04:00,19.029386574074078,3.0,2.0,4.807200603514232e-48,0
2021-05-14_2021-05-14 09:17:48-04:00,19.02931712962963,8.0,2.0,3.6408846085953847e-48,0
2021-05-14_2021-05-14 09:18:00-04:00,19.02917824074074,5.0,0.0,6.902573571504024e-49,0
2021-05-14_2021-05-14 09:18:13-04:00,19.029027777777777,23.0,0.0,8.880498135873742e-49,0
2021-05-14_2021-05-14 09:18:44-04:00,19.02866898148148,0.0,2.0,5.86424459151188e-48,0
2021-05-14_2021-05-14 09:18:50-04:00,19.02859953703704,0.0,2.0,5.4118554262301854e-48,0
2021-05-14_2021-05-14 09:19:03-04:00,19.028449074074075,0.0,5.0,2.1750322588309815e-48,0
2021-05-14_2021-05-14 09:19:06-04:00,19.02841435185185,0.0,0.0,1.0279461463024842e-48,0
2021-05-14_2021-05-14 09:19:16-04:00,19.02829861111111,0.0,5.0,2.1750498904666858e-48,0
2021-05-14_2021-05-14 09:19:19-04:00,19.02826388888889,22.0,0.0,1.0420252838163837e-48,0
2021-05-14_2021-05-14 09:19:48-04:00,19.027928240740746,0.0,0.0,1.027973068290694e-48,0
2021-05-14_2021-05-14 09:19:54-04:00,19.027858796296297,4.0,2.0,5.4255987572797466e-48,0
2021-05-14_2021-05-14 09:20:05-04:00,19.02773148148148,3.0,2.0,5.422323957131474e-48,0
2021-05-14_2021-05-14 09:20:10-04:00,19.027673611111112,0.0,0.0,1.0280425397352365e-48,0
2021-05-14_2021-05-14 09:20:23-04:00,19.02752314814815,0.0,2.0,5.455796000411344e-48,0
2021-05-14_2021-05-14 09:20:33-04:00,19.02740740740741,0.0,2.0,5.45583002095627e-48,0
2021-05-14_2021-05-14 09:20:44-04:00,19.027280092592594,14.0,0.0,1.0454741099605882e-48,0
2021-05-14_2021-05-14 09:21:01-04:00,19.027083333333334,1.0,3.0,7.203026964898485e-48,0
2021-05-14_2021-05-14 09:21:14-04:00,19.02693287037037,3.0,2.0,5.4665621449073776e-48,0
2021-05-14_2021-05-14 10:04:32-04:00,18.996863425925927,51.0,3.0,2.2669298382897577e-48,0
2021-05-14_2021-05-14 10:05:25-04:00,18.99625,1.0,3.0,7.574736164544561e-48,0
2021-05-14_2021-05-14 10:05:28-04:00,18.99621527777778,4.0,3.0,7.599682675464315e-48,0
2021-05-14_2021-05-14 10:05:47-04:00,18.99599537037037,5.0,3.0,7.844763295783978e-48,0
2021-05-14_2021-05-14 10:06:01-04:00,18.995833333333334,0.0,0.0,1.115985286368195e-48,0
2021-05-14_2021-05-14 10:06:03-04:00,18.995810185185185,4.0,3.0,7.651625228464554e-48,0
2021-05-14_2021-05-14 10:06:09-04:00,18.99574074074074,1.0,3.0,7.632303936347193e-48,0
2021-05-14_2021-05-14 10:06:12-04:00,18.99570601851852,3.0,3.0,7.647409179892254e-48,0
2021-05-14_2021-05-14 10:06:19-04:00,18.995625,0.0,3.0,7.751994559484386e-48,0
2021-05-14_2021-05-14 10:11:44-04:00,18.991863425925924,1.0,0.0,1.0993225420010417e-48,0
2021-05-14_2021-05-14 10:11:54-04:00,18.991747685185185,1.0,3.0,7.217530181314721e-48,0
2021-05-14_2021-05-14 10:11:57-04:00,18.991712962962964,1.0,3.0,7.696325602230277e-48,0
2021-05-14_2021-05-14 10:12:02-04:00,18.99165509259259,0.0,3.0,7.815311927067964e-48,0
2021-05-14_2021-05-14 10:14:24-04:00,18.990011574074074,0.0,0.0,1.1286210468663855e-48,0
2021-05-14_2021-05-14 10:25:15-04:00,18.982476851851853,0.0,3.0,7.76497298670687e-48,0
2021-05-14_2021-05-14 10:25:38-04:00,18.982210648148147,0.0,3.0,8.010339880327708e-48,0
2021-05-14_2021-05-14 10:25:40-04:00,18.9821875,10.0,3.0,5.71776947483152e-48,0
2021-05-14_2021-05-14 10:25:52-04:00,18.98204861111111,3.0,3.0,6.01267323685273e-48,0
2021-05-14_2021-05-14 10:26:41-04:00,18.98148148148148,0.0,3.0,7.788269720232384e-48,0
2021-05-14_2021-05-14 10:28:21-04:00,18.980324074074076,0.0,3.0,7.159464918475703e-48,0
2021-05-14_2021-05-14 10:28:23-04:00,18.980300925925928,4.0,3.0,6.263360990375337e-48,0
2021-05-14_2021-05-14 10:28:29-04:00,18.98023148148148,4.0,3.0,5.8791251751403e-48,0
2021-05-14_2021-05-14 10:28:35-04:00,18.98016203703704,84.0,3.0,2.9265258509634934e-48,0
2021-05-17_2021-05-17 10:05:15-04:00,15.99636574074074,2.0,3.0,1.245020436074977e-49,0
2021-05-17_2021-05-17 10:05:33-04:00,15.996157407407408,5.0,3.0,1.2588624685789203e-49,0
2021-05-17_2021-05-17 10:05:51-04:00,15.995949074074074,12.0,3.0,1.2692496607490305e-49,0
2021-05-17_2021-05-17 10:06:05-04:00,15.995787037037037,181.0,1.0,5.074423760217139e-50,0
2021-05-17_2021-05-17 10:10:07-04:00,15.992986111111112,304.0,1.0,3.8227011018635427e-50,0
2021-05-18_2021-05-18 08:00:00-04:00,15.083344907407408,5405.0,1.0,5.544538085416903e-52,0
2021-05-18_2021-05-18 09:30:08-04:00,15.020752314814814,3.0,3.0,1.1584911382108509e-51,0
2021-05-18_2021-05-18 09:30:14-04:00,15.02068287037037,4.0,3.0,1.1827387769206462e-51,0
2021-05-18_2021-05-18 09:30:21-04:00,15.020601851851852,9.0,3.0,1.0873106339941287e-51,0
2021-05-19_2021-05-19 08:00:00-04:00,14.083344907407408,3.0,3.0,3.7149657960483097e-53,0
2021-05-19_2021-05-19 08:31:10-04:00,14.061701388888888,2.0,2.0,9.303871229062086e-53,0
2021-05-19_2021-05-19 08:31:49-04:00,14.06125,4.0,2.0,9.315968803409985e-53,0
2021-05-19_2021-05-19 08:35:11-04:00,14.058912037037038,72.0,2.0,9.712157370992175e-53,0
2021-05-19_2021-05-19 08:36:58-04:00,14.057673611111111,0.0,2.0,9.294031926723232e-53,0
2021-05-19_2021-05-19 08:38:03-04:00,14.056921296296297,10.0,2.0,9.351839894628824e-53,0
2021-05-19_2021-05-19 08:40:30-04:00,14.055219907407407,20.0,3.0,1.3452126703320691e-52,0
2021-05-19_2021-05-19 08:41:21-04:00,14.05462962962963,0.0,2.0,1.0073439105086129e-52,0
2021-05-19_2021-05-19 08:42:52-04:00,14.053576388888889,0.0,2.0,1.0073201969080686e-52,0
2021-05-19_2021-05-19 08:43:24-04:00,14.053206018518518,6.0,2.0,1.0110921633011841e-52,0
2021-05-19_2021-05-19 08:44:11-04:00,14.052662037037036,0.0,5.0,4.048600566525371e-53,0
2021-05-19_2021-05-19 08:45:23-04:00,14.051828703703704,6.0,2.0,1.0193180676726694e-52,0
2021-05-19_2021-05-19 08:49:22-04:00,14.0490625,0.0,2.0,1.0075651972822785e-52,0
2021-05-19_2021-05-19 08:56:15-04:00,14.044282407407408,0.0,5.0,4.0504287649262055e-53,0
2021-05-19_2021-05-19 09:31:57-04:00,14.01949074074074,45.0,1.0,7.846562344856907e-53,0
2021-05-19_2021-05-19 09:32:55-04:00,14.018819444444444,5.0,3.0,8.612342153903898e-53,0
2021-05-19_2021-05-19 09:33:02-04:00,14.018738425925926,1.0,3.0,1.3228689325719755e-52,0
2021-05-19_2021-05-19 09:33:15-04:00,14.018587962962965,7.0,3.0,8.43070102032358e-53,0
2021-05-19_2021-05-19 09:33:25-04:00,14.018472222222222,0.0,3.0,1.3122084271915724e-52,0
2021-05-20_2021-05-20 10:11:51-04:00,12.991782407407408,24.0,3.0,2.2003842756535743e-51,0
2021-05-20_2021-05-20 10:12:20-04:00,12.99144675925926,15.0,3.0,2.1860084866017726e-51,0
2021-05-20_2021-05-20 10:12:37-04:00,12.99125,1.0,5.0,8.23467756846126e-52,0
2021-05-20_2021-05-20 10:13:27-04:00,12.990671296296297,3.0,3.0,2.751353672204861e-51,0
2021-05-20_2021-05-20 10:13:32-04:00,12.990613425925924,6.0,3.0,2.757594961137896e-51,0
2021-05-20_2021-05-20 10:19:03-04:00,12.986782407407407,1.0,3.0,2.7475353725249635e-51,0
2021-05-20_2021-05-20 10:19:06-04:00,12.986747685185184,0.0,0.0,3.952592256662797e-52,0
2021-05-20_2021-05-20 10:19:08-04:00,12.986724537037038,1.0,3.0,2.769691497959363e-51,0
2021-05-20_2021-05-20 10:19:13-04:00,12.986666666666666,0.0,0.0,4.1807702683817416e-52,0
2021-05-20_2021-05-20 10:19:15-04:00,12.986643518518518,0.0,3.0,2.745582946952924e-51,0
2021-05-20_2021-05-20 10:19:28-04:00,12.986493055555556,1.0,2.0,2.2027437221201362e-51,0
2021-05-20_2021-05-20 10:19:51-04:00,12.986226851851852,0.0,0.0,3.9532374361438215e-52,0
2021-05-20_2021-05-20 10:19:53-04:00,12.986203703703705,4.0,3.0,2.753696953971015e-51,0
2021-05-20_2021-05-20 10:20:00-04:00,12.986122685185183,3.0,3.0,2.7517315704867543e-51,0
2021-05-20_2021-05-20 10:20:05-04:00,12.986064814814815,4.0,3.0,2.753272647297636e-51,0
2021-05-20_2021-05-20 10:20:11-04:00,12.98599537037037,588.0,1.0,3.2154421415815414e-51,0
2021-05-21_2021-05-21 09:55:26-04:00,12.00318287037037,79.0,1.0,1.9715569965615316e-52,0
2021-05-21_2021-05-21 09:57:14-04:00,12.00193287037037,7.0,3.0,2.0768054508236665e-52,0
2021-05-21_2021-05-21 09:57:23-04:00,12.001828703703705,0.0,3.0,2.0969098992322113e-52,0
2021-05-21_2021-05-21 09:57:25-04:00,12.001805555555556,147.0,1.0,2.2782645843767107e-52,0
2021-05-21_2021-05-21 09:59:54-04:00,12.000081018518518,15.0,3.0,1.5663936048673287e-52,0
2021-05-21_2021-05-21 10:00:28-04:00,11.9996875,1.0,3.0,1.760375750740542e-52,0
2021-05-21_2021-05-21 10:00:43-04:00,11.999513888888888,1.0,3.0,1.9835588057206333e-52,0
2021-05-21_2021-05-21 10:03:58-04:00,11.997256944444445,0.0,3.0,2.0634610769768816e-52,0
2021-05-21_2021-05-21 10:04:10-04:00,11.997118055555555,0.0,3.0,2.063975663177754e-52,0
2021-05-21_2021-05-21 10:04:21-04:00,11.99699074074074,1.0,3.0,1.773303868663488e-52,0
2021-05-21_2021-05-21 10:04:24-04:00,11.99695601851852,0.0,3.0,2.1136846109099247e-52,0
2021-05-21_2021-05-21 10:04:26-04:00,11.99693287037037,2.0,3.0,1.8623606214500155e-52,0
2021-05-21_2021-05-21 10:04:30-04:00,11.996886574074074,22.0,3.0,1.7782831848385704e-52,0
2021-05-21_2021-05-21 10:04:57-04:00,11.996574074074074,32.0,3.0,1.5723334085843666e-52,0
2021-05-21_2021-05-21 10:05:32-04:00,11.996168981481482,2.0,3.0,1.969360284354271e-52,0
2021-05-21_2021-05-21 10:05:38-04:00,11.996099537037036,0.0,5.0,6.416635907501573e-53,0
2021-05-24_2021-05-24 09:56:00-04:00,9.002789351851852,2.0,3.0,1.5235299190461243e-54,0
2021-05-24_2021-05-24 10:00:07-04:00,8.999930555555556,0.0,3.0,1.9151084817430525e-54,0
2021-05-25_2021-05-25 09:45:54-04:00,8.009803240740741,26.0,1.0,3.3509992722787894e-57,0
2021-05-25_2021-05-25 09:46:24-04:00,8.009456018518518,18.0,3.0,6.409883493654366e-57,0
2021-05-25_2021-05-25 09:46:56-04:00,8.009085648148147,0.0,3.0,8.954276724860528e-57,0
2021-05-25_2021-05-25 09:46:58-04:00,8.0090625,2.0,3.0,7.959180156170236e-57,0
2021-05-25_2021-05-25 10:24:32-04:00,7.982974537037037,0.0,3.0,9.560415678728496e-57,0
2021-05-25_2021-05-25 10:24:34-04:00,7.982951388888889,9.0,3.0,8.832131056757247e-57,0
2021-05-25_2021-05-25 10:24:45-04:00,7.982824074074074,314.0,1.0,2.949708409297071e-57,0
2021-05-26_2021-05-26 09:05:48-04:00,7.037650462962963,9.0,3.0,3.2718120035207673e-73,0
2021-05-26_2021-05-26 09:06:18-04:00,7.037303240740741,1.0,3.0,3.4839141743395457e-73,0
2021-05-26_2021-05-26 09:06:23-04:00,7.03724537037037,25.0,3.0,1.7328700605532668e-73,0
2021-05-26_2021-05-26 09:06:50-04:00,7.036932870370371,3.0,3.0,3.221908780448664e-73,0
2021-05-26_2021-05-26 09:06:55-04:00,7.036875,7.0,3.0,3.2318861448775433e-73,0
2021-05-26_2021-05-26 09:07:05-04:00,7.036759259259259,0.0,3.0,3.2633501098377876e-73,0
2021-05-26_2021-05-26 09:07:10-04:00,7.036701388888889,0.0,0.0,4.6978963596680866e-74,0
2021-05-26_2021-05-26 09:07:12-04:00,7.03667824074074,0.0,3.0,3.2637159046259504e-73,0
2021-05-26_2021-05-26 09:07:15-04:00,7.036643518518519,13.0,3.0,2.1734991491073772e-73,0
2021-05-26_2021-05-26 09:32:44-04:00,7.01894675925926,41.0,4.0,1.3449495299165634e-73,0
2021-05-26_2021-05-26 09:33:27-04:00,7.018449074074074,106.0,4.0,4.881580657527326e-75,0
2021-05-26_2021-05-26 09:35:15-04:00,7.017199074074074,2.0,3.0,3.335371358897733e-73,0
2021-05-26_2021-05-26 09:35:32-04:00,7.017002314814815,0.0,3.0,6.0641952150329386e-74,0
2021-05-26_2021-05-26 09:36:10-04:00,7.0165625,6.0,3.0,2.2863784758801064e-73,0
2021-05-26_2021-05-26 09:36:19-04:00,7.0164583333333335,0.0,3.0,3.2244205946169514e-73,0
2021-05-26_2021-05-26 09:37:42-04:00,7.015497685185185,5.0,3.0,3.256472479416527e-73,0
2021-05-26_2021-05-26 09:41:31-04:00,7.012847222222222,4.0,3.0,3.4613482505347905e-73,0
2021-05-26_2021-05-26 09:44:47-04:00,7.010578703703704,1.0,3.0,3.4159153348718265e-73,0
2021-05-26_2021-05-26 10:05:07-04:00,6.996458333333333,15.0,1.0,3.5600389905351e-73,0
2021-05-26_2021-05-26 10:21:34-04:00,6.985034722222222,8.0,3.0,1.503303573947867e-73,0
2021-05-26_2021-05-26 10:21:50-04:00,6.984849537037037,19.0,3.0,2.1607922181484168e-73,0
2021-05-26_2021-05-26 10:22:12-04:00,6.984594907407407,8.0,3.0,1.831514574722309e-73,0
2021-05-26_2021-05-26 10:24:06-04:00,6.983275462962963,353.0,4.0,9.98081078137531e-75,0
2021-05-27_2021-05-27 08:11:21-04:00,6.075462962962963,0.0,2.0,2.952346902373054e-75,0
2021-05-27_2021-05-27 09:59:02-04:00,6.000682870370371,0.0,3.0,1.2238965642264812e-74,0
2021-05-27_2021-05-27 09:59:06-04:00,6.000636574074074,47.0,1.0,1.079018166723732e-74,0
2021-05-27_2021-05-27 10:00:02-04:00,5.999988425925926,35.0,3.0,4.651142725787149e-75,0
2021-05-27_2021-05-27 10:00:40-04:00,5.999548611111111,0.0,3.0,1.1383440340826812e-74,0
2021-05-27_2021-05-27 10:00:47-04:00,5.999467592592593,2.0,3.0,1.141337232802261e-74,0
2021-05-27_2021-05-27 10:01:38-04:00,5.998877314814815,2.0,3.0,1.1969913217668632e-74,0
2021-05-27_2021-05-27 10:01:42-04:00,5.998831018518518,1.0,3.0,1.2061663562100288e-74,0
2021-05-27_2021-05-27 10:01:59-04:00,5.998634259259259,30.0,3.0,4.366201705423836e-75,0
2021-05-27_2021-05-27 10:04:46-04:00,5.996701388888889,1513.0,4.0,9.08278195794732e-77,0
2021-05-28_2021-05-28 08:00:00-04:00,5.083344907407407,3.0,3.0,3.160832473898329e-82,0
2021-05-28_2021-05-28 09:09:32-04:00,5.035057870370371,1.0,0.0,1.6271335254309444e-82,0
2021-05-28_2021-05-28 09:09:38-04:00,5.034988425925926,4.0,2.0,8.583624705251993e-82,0
2021-05-28_2021-05-28 09:09:45-04:00,5.034907407407408,0.0,0.0,1.4764778651666733e-82,0
2021-05-28_2021-05-28 09:09:47-04:00,5.034884259259259,2.0,0.0,1.4786024752272847e-82,0
2021-05-28_2021-05-28 09:09:54-04:00,5.03480324074074,0.0,0.0,1.7061385479989713e-82,0
2021-05-28_2021-05-28 09:09:57-04:00,5.034768518518519,2.0,0.0,1.7085946987330364e-82,0
2021-05-28_2021-05-28 09:10:39-04:00,5.034282407407408,0.0,0.0,1.706186423649929e-82,0
2021-05-28_2021-05-28 09:10:44-04:00,5.034224537037037,1.0,0.0,1.4775136456865003e-82,0
2021-05-28_2021-05-28 09:10:47-04:00,5.034189814814815,8.0,3.0,8.78549185847912e-82,0
2021-05-28_2021-05-28 09:10:57-04:00,5.034074074074074,95.0,3.0,4.918469764108297e-82,0
2021-05-28_2021-05-28 09:12:38-04:00,5.032905092592593,1.0,2.0,7.179569534509548e-82,0
2021-05-28_2021-05-28 09:12:42-04:00,5.0328587962962965,1.0,5.0,2.885462835805855e-82,0
2021-05-28_2021-05-28 09:12:46-04:00,5.0328125,3.0,3.0,8.408809415750162e-82,0
2021-05-28_2021-05-28 09:12:51-04:00,5.03275462962963,3.0,0.0,1.2105264165284479e-82,0
2021-05-28_2021-05-28 09:12:56-04:00,5.03269675925926,0.0,2.0,7.774255720686696e-82,0
2021-05-28_2021-05-28 09:13:01-04:00,5.032638888888889,3.0,0.0,1.4796049169673097e-82,0
2021-05-28_2021-05-28 09:13:06-04:00,5.032581018518519,8.0,3.0,8.435535599584708e-82,0
2021-05-28_2021-05-28 09:13:16-04:00,5.032465277777778,32.0,3.0,1.9428387389262344e-82,0
2021-05-28_2021-05-28 09:13:50-04:00,5.032071759259259,375.0,1.0,8.958676948242272e-82,0
2021-05-28_2021-05-28 09:20:07-04:00,5.027708333333333,477.0,1.0,4.461311054471282e-82,0
2021-05-28_2021-05-28 09:28:21-04:00,5.0219907407407405,71.0,3.0,2.9161006116859e-82,0
2021-05-28_2021-05-28 09:29:35-04:00,5.021134259259259,42.0,1.0,6.550366003335716e-82,0
2021-05-28_2021-05-28 09:30:19-04:00,5.020625,0.0,3.0,3.156224591018286e-82,0
2021-05-28_2021-05-28 09:30:21-04:00,5.020601851851852,1.0,3.0,6.009544745978842e-82,0
2021-05-28_2021-05-28 09:30:24-04:00,5.0205671296296295,0.0,3.0,3.7963350700438676e-82,0
2021-05-28_2021-05-28 09:30:26-04:00,5.020543981481482,1.0,3.0,4.1895833068490175e-82,0
2021-05-28_2021-05-28 09:30:31-04:00,5.020486111111111,0.0,3.0,4.185009735477115e-82,0
2021-05-28_2021-05-28 09:30:34-04:00,5.020451388888889,0.0,3.0,3.6775669391194106e-82,0
2021-05-28_2021-05-28 09:30:55-04:00,5.020208333333334,0.0,3.0,4.183269482011214e-82,0
2021-05-28_2021-05-28 09:31:10-04:00,5.020034722222222,598.0,4.0,1.7269083379131036e-83,0
2021-05-28_2021-05-28 09:41:11-04:00,5.013078703703704,3.0,3.0,9.376579505560769e-82,0
2021-05-28_2021-05-28 09:41:26-04:00,5.012905092592592,50.0,1.0,4.985816516403876e-82,0
2021-05-28_2021-05-28 09:43:10-04:00,5.011701388888889,31.0,3.0,8.94455449098683e-83,0
2021-05-28_2021-05-28 09:44:51-04:00,5.010532407407408,3.0,3.0,7.988434473778131e-82,0
2021-05-28_2021-05-28 09:44:57-04:00,5.010462962962963,49.0,1.0,1.1319657975025578e-81,0
2021-05-28_2021-05-28 09:46:27-04:00,5.0094212962962965,24.0,3.0,7.138981325355856e-82,0
2021-05-28_2021-05-28 09:46:59-04:00,5.0090509259259255,6.0,3.0,1.0689177184560736e-81,0
2021-05-28_2021-05-28 09:50:34-04:00,5.0065625,143.0,1.0,2.334029761423497e-82,0
2021-05-28_2021-05-28 09:53:08-04:00,5.0047800925925925,0.0,3.0,1.0003009228942652e-81,0
2021-05-28_2021-05-28 09:55:48-04:00,5.002928240740741,26.0,3.0,7.205711527879108e-82,0
2021-05-28_2021-05-28 10:03:00-04:00,4.997928240740741,39.0,3.0,7.224465776190111e-82,0
2021-05-28_2021-05-28 10:03:41-04:00,4.997453703703704,0.0,3.0,1.3404994139684001e-81,0
2021-05-28_2021-05-28 10:03:54-04:00,4.997303240740741,5.0,3.0,1.0346297331996741e-81,0
2021-05-28_2021-05-28 10:05:07-04:00,4.996458333333333,31.0,3.0,2.1671232160726996e-82,0
2021-06-01_2021-06-01 09:21:32-04:00,1.026724537037037,0.0,0.0,8.810930669738175e-74,0
2021-06-01_2021-06-01 09:21:36-04:00,1.0266782407407409,2.0,0.0,8.823145125117745e-74,0
2021-06-01_2021-06-01 09:21:40-04:00,1.0266319444444445,0.0,5.0,1.8643184720136624e-73,0
2021-06-01_2021-06-01 09:21:48-04:00,1.0265393518518515,0.0,2.0,4.638806674487496e-73,0
2021-06-01_2021-06-01 09:21:55-04:00,1.0264583333333333,7.0,3.0,6.197972553641231e-73,0
2021-06-01_2021-06-01 09:22:05-04:00,1.0263425925925926,22.0,3.0,6.259423071600072e-73,0
2021-06-01_2021-06-01 09:22:38-04:00,1.0259606481481482,2.0,2.0,3.651247030201732e-73,0
2021-06-01_2021-06-01 10:06:38-04:00,0.9954050925925926,3.0,3.0,6.729756163697301e-73,0
2021-06-01_2021-06-01 10:07:26-04:00,0.994849537037037,746.0,4.0,5.036151014631218e-75,0
2021-06-01_2021-06-01 10:27:17-04:00,0.9810648148148148,6.0,3.0,5.852633668365553e-73,0
2021-06-01_2021-06-01 10:27:27-04:00,0.980949074074074,0.0,3.0,8.877044391700332e-73,0
2021-06-01_2021-06-01 10:27:29-04:00,0.980925925925926,2.0,3.0,8.891968615700907e-73,0
2021-06-01_2021-06-01 10:29:13-04:00,0.9797222222222224,0.0,3.0,9.167374658545769e-73,0
2021-06-01_2021-06-01 10:29:15-04:00,0.979699074074074,0.0,3.0,8.876207895602876e-73,0
2021-06-01_2021-06-01 10:29:17-04:00,0.979675925925926,5.0,3.0,7.924714778183447e-73,0
2021-06-02_2021-06-02 08:00:01-04:00,0.0833333333333333,2.0,2.0,2.2421958746166332e-79,0
2021-06-02_2021-06-02 09:02:36-04:00,0.0398726851851851,0.0,3.0,5.758551097426123e-79,0
2021-06-02_2021-06-02 09:02:43-04:00,0.0397916666666666,0.0,2.0,4.3654322209552105e-79,0
2021-06-02_2021-06-02 09:02:56-04:00,0.0396412037037037,5.0,3.0,5.779343498848461e-79,0
2021-06-02_2021-06-02 09:03:13-04:00,0.0394444444444444,1.0,2.0,4.368180389965607e-79,0
2021-06-02_2021-06-02 09:03:17-04:00,0.0393981481481481,0.0,3.0,6.19020584825249e-79,0
2021-06-02_2021-06-02 09:06:51-04:00,0.0369212962962963,8.0,3.0,4.335617193307392e-79,0
2021-06-02_2021-06-02 09:07:03-04:00,0.0367824074074074,147.0,3.0,3.210160855959191e-79,0
2021-06-02_2021-06-02 09:09:32-04:00,0.0350578703703703,1.0,5.0,1.714097621736907e-79,0
2021-06-02_2021-06-02 09:09:35-04:00,0.0350231481481481,2.0,3.0,5.721286764040189e-79,0
2021-06-02_2021-06-02 09:09:43-04:00,0.0349305555555555,1.0,0.0,8.299898990903946e-80,0
2021-06-02_2021-06-02 09:09:46-04:00,0.0348958333333333,2.0,0.0,8.438505366060252e-80,0
2021-06-02_2021-06-02 09:09:58-04:00,0.0347569444444444,2.0,0.0,8.575622889078866e-80,0
2021-06-02_2021-06-02 09:14:40-04:00,0.0314930555555555,0.0,2.0,4.195086124498333e-79,0
2021-06-02_2021-06-02 09:14:50-04:00,0.0313773148148148,0.0,0.0,7.968258834357112e-80,0
2021-06-02_2021-06-02 09:15:02-04:00,0.0312384259259259,0.0,0.0,7.968318459316235e-80,0
2021-06-02_2021-06-02 09:15:23-04:00,0.0309953703703703,0.0,5.0,1.6860425164608775e-79,0
2021-06-02_2021-06-02 09:15:42-04:00,0.0307754629629629,0.0,5.0,1.686062492366846e-79,0
2021-06-02_2021-06-02 09:41:24-04:00,0.0129282407407407,47.0,1.0,2.3997509815972412e-79,0
2021-06-02_2021-06-02 09:42:13-04:00,0.0123611111111111,0.0,3.0,5.956768795953136e-79,0
2021-06-02_2021-06-02 09:42:17-04:00,0.0123148148148148,0.0,3.0,6.104442122157198e-79,0
2021-06-02_2021-06-02 09:42:19-04:00,0.0122916666666666,4.0,3.0,5.1391065250002473e-79,0
2021-06-02_2021-06-02 09:42:25-04:00,0.0122222222222222,1.0,3.0,5.59189582074862e-79,0
2021-06-02_2021-06-02 09:42:28-04:00,0.0121875,25.0,3.0,3.5843037258915094e-79,0
2021-06-02_2021-06-02 09:43:11-04:00,0.0116898148148148,2.0,3.0,5.3776197782283776e-79,0
2021-06-02_2021-06-02 09:43:15-04:00,0.0116435185185185,0.0,3.0,5.962244215132813e-79,0
2021-06-02_2021-06-02 09:43:33-04:00,0.0114351851851851,0.0,3.0,6.004255255796188e-79,0
2021-06-02_2021-06-02 09:43:35-04:00,0.011412037037037,3.0,3.0,6.123345430758321e-79,0
2021-06-02_2021-06-02 09:43:40-04:00,0.0113541666666666,0.0,3.0,6.102785566054685e-79,0
2021-06-02_2021-06-02 09:43:52-04:00,0.0112152777777777,0.0,5.0,1.8736737578343038e-79,0
2021-06-02_2021-06-02 09:43:54-04:00,0.0111921296296296,1.0,3.0,6.159438844295431e-79,0
2021-06-02_2021-06-02 09:44:18-04:00,0.0109143518518518,70.0,1.0,1.9624199324484523e-79,0
2021-06-02_2021-06-02 09:45:31-04:00,0.0100694444444444,0.0,3.0,5.957322805548179e-79,0
2021-06-02_2021-06-02 09:46:51-04:00,0.0091435185185185,0.0,3.0,5.54561018593378e-79,0
2021-06-02_2021-06-02 09:46:54-04:00,0.0091087962962962,2.0,3.0,5.690818040332134e-79,0
2021-06-02_2021-06-02 09:48:02-04:00,0.0083217592592592,481.0,4.0,3.8379539018359785e-80,0
2021-06-02_2021-06-02 09:56:09-04:00,0.0026851851851851,3.0,3.0,5.561305060692095e-79,0
2021-06-02_2021-06-02 09:56:14-04:00,0.0026273148148148,67.0,3.0,2.8789296593500376e-79,0
2021-06-02_2021-06-02 09:57:23-04:00,0.0018287037037037,2.0,3.0,5.0861618007503545e-79,0
2021-06-02_2021-06-02 09:57:27-04:00,0.0017824074074074,12.0,3.0,5.1361035053861316e-79,0
2021-06-02_2021-06-02 09:57:48-04:00,0.0015393518518518,50.0,3.0,2.6382806298815522e-79,0
2021-06-02_2021-06-02 09:58:40-04:00,0.0009375,25.0,3.0,3.8050754139295943e-79,0
2021-06-02_2021-06-02 09:59:18-04:00,0.0004976851851851,0.0,0.0,7.983676159798913e-80,0
2021-06-02_2021-06-02 09:59:20-04:00,0.000474537037037,2.0,3.0,5.55647691033797e-79,0
2021-06-02_2021-06-02 09:59:24-04:00,0.0004282407407407,3.0,3.0,5.69235701268395e-79,0
2021-06-02_2021-06-02 09:59:29-04:00,0.0003703703703703,1.0,3.0,5.919411199202138e-79,0
2021-06-02_2021-06-02 09:59:40-04:00,0.0002430555555555,182.0,1.0,2.1452502369439418e-79,0
2021-06-02_2021-06-02 10:02:46-04:00,0.0605787037037037,3.0,3.0,5.143194062004911e-79,0
2021-06-02_2021-06-02 10:02:51-04:00,0.0605208333333333,0.0,3.0,4.939147479679493e-79,0
2021-06-02_2021-06-02 10:02:54-04:00,0.0604861111111111,0.0,3.0,4.979238731846219e-79,0
2021-06-02_2021-06-02 10:03:42-04:00,0.0599305555555555,1.0,0.0,8.35801294516727e-80,0
2021-06-02_2021-06-02 10:03:45-04:00,0.0598958333333333,0.0,3.0,5.799960533430835e-79,0
2021-06-03_2021-06-03 08:00:01-04:00,0.0420138888888888,6140.0,4.0,1.3518833905163187e-88,0
2021-06-03_2021-06-03 09:42:23-04:00,0.0122337962962962,0.0,3.0,4.0391477383959235e-82,0
2021-06-03_2021-06-03 09:43:18-04:00,0.0115972222222222,2.0,3.0,4.79262662064014e-82,0
2021-06-03_2021-06-03 09:43:22-04:00,0.0115509259259259,1.0,3.0,9.029129823235177e-82,0
2021-06-03_2021-06-03 10:04:56-04:00,0.059074074074074,2.0,3.0,9.09348434812849e-82,0
2021-06-03_2021-06-03 10:09:01-04:00,0.0562384259259259,47.0,1.0,6.287144454010571e-82,0
2021-06-03_2021-06-03 10:09:57-04:00,0.0555902777777777,4.0,3.0,9.847383864778653e-82,0
2021-06-03_2021-06-03 10:11:02-04:00,0.0548379629629629,1.0,3.0,9.40381326836686e-82,0
2021-06-03_2021-06-03 10:11:05-04:00,0.0548032407407407,2.0,3.0,9.214968336287524e-82,0
2021-06-03_2021-06-03 10:12:31-04:00,0.0538078703703703,1.0,3.0,9.206365389876306e-82,0
2021-06-03_2021-06-03 10:29:46-04:00,0.0418287037037037,0.0,3.0,4.42534887776398e-83,0
2021-06-03_2021-06-03 10:29:52-04:00,0.0417592592592592,0.0,3.0,4.425603792599635e-83,0
2021-06-03_2021-06-03 10:29:56-04:00,0.0417129629629629,0.0,3.0,4.4612890799849314e-83,0
2021-06-04_2021-06-04 08:54:08-04:00,0.0387962962962962,48.0,0.0,6.63613040344919e-82,0
2021-06-04_2021-06-04 08:55:15-04:00,0.0380208333333333,19.0,2.0,5.169203258879761e-81,0
2021-06-04_2021-06-04 09:05:54-04:00,0.030625,6.0,0.0,1.1816107833909374e-81,0
2021-06-04_2021-06-04 09:06:14-04:00,0.0303935185185185,5.0,2.0,5.086307935143457e-81,0
2021-06-04_2021-06-04 09:06:23-04:00,0.0302893518518518,1.0,5.0,2.039422007992383e-81,0
2021-06-04_2021-06-04 09:06:53-04:00,0.0299421296296296,0.0,5.0,2.0378858853405877e-81,0
2021-06-04_2021-06-04 09:07:00-04:00,0.0298611111111111,0.0,3.0,6.68960407192173e-81,0
2021-06-04_2021-06-04 09:07:20-04:00,0.0296296296296296,0.0,0.0,9.631435508974064e-82,0
2021-06-04_2021-06-04 09:07:40-04:00,0.0293981481481481,3.0,2.0,2.294600917083642e-81,0
2021-06-04_2021-06-04 09:07:48-04:00,0.0293055555555555,188.0,3.0,1.1341354019881077e-81,0
2021-06-04_2021-06-04 09:11:00-04:00,0.0270833333333333,33.0,3.0,5.590434626339858e-81,0
2021-06-04_2021-06-04 09:30:40-04:00,0.0134259259259259,0.0,3.0,9.234614342178976e-81,0
2021-06-04_2021-06-04 09:30:43-04:00,0.0133912037037037,0.0,3.0,6.537259091429059e-81,0
2021-06-04_2021-06-04 09:30:45-04:00,0.0133680555555555,6.0,3.0,9.29453369413122e-81,0
2021-06-04_2021-06-04 09:31:12-04:00,0.0130555555555555,227.0,1.0,2.0569392493211128e-82,0
2021-06-04_2021-06-04 09:35:01-04:00,0.0104050925925925,31.0,3.0,2.1353967419473806e-81,0
2021-06-04_2021-06-04 09:36:01-04:00,0.0097106481481481,9.0,3.0,4.521206476312658e-81,0
2021-06-04_2021-06-04 09:36:13-04:00,0.0095717592592592,0.0,3.0,5.05800427619848e-81,0
2021-06-04_2021-06-04 09:36:15-04:00,0.0095486111111111,0.0,3.0,5.061255191813104e-81,0
2021-06-04_2021-06-04 09:36:17-04:00,0.0095254629629629,2.0,3.0,6.710540154293517e-81,0
2021-06-04_2021-06-04 09:36:23-04:00,0.0094560185185185,0.0,3.0,9.235097343425166e-81,0
2021-06-04_2021-06-04 09:36:26-04:00,0.0094212962962962,0.0,3.0,8.522652388461002e-81,0
2021-06-04_2021-06-04 09:36:31-04:00,0.0093634259259259,0.0,3.0,6.69843867196219e-81,0
2021-06-04_2021-06-04 09:36:33-04:00,0.0093402777777777,0.0,0.0,9.642488813046769e-82,0
2021-06-04_2021-06-04 09:37:32-04:00,0.0086574074074074,6.0,3.0,4.543446128344594e-81,0
2021-06-04_2021-06-04 09:37:41-04:00,0.0085532407407407,0.0,0.0,1.0796081437777285e-81,0
2021-06-04_2021-06-04 09:37:43-04:00,0.0085300925925925,5.0,3.0,6.779590159942491e-81,0
2021-06-04_2021-06-04 09:37:50-04:00,0.008449074074074,774.0,4.0,7.447255980468361e-82,0
2021-06-04_2021-06-04 09:51:10-04:00,0.0269791666666666,2.0,3.0,5.53030026153389e-81,0
2021-06-04_2021-06-04 09:51:15-04:00,0.0269212962962962,3.0,3.0,6.762059717611515e-81,0
2021-06-04_2021-06-04 09:51:20-04:00,0.0268634259259259,22.0,3.0,5.398761872814995e-81,0
2021-06-04_2021-06-04 09:51:44-04:00,0.0265856481481481,0.0,0.0,1.0683618846322062e-81,0
2021-06-04_2021-06-04 09:51:46-04:00,0.0265625,1.0,3.0,7.373360262786263e-81,0
2021-06-04_2021-06-04 09:51:49-04:00,0.0265277777777777,24.0,3.0,5.36541055719292e-81,0
2021-06-04_2021-06-04 09:52:16-04:00,0.0262152777777777,10.0,3.0,5.745637849385194e-81,0
2021-06-04_2021-06-04 09:52:41-04:00,0.0259259259259259,16.0,3.0,3.2885459110193896e-81,0
2021-06-04_2021-06-04 09:52:59-04:00,0.0257175925925925,0.0,5.0,2.5727317118614353e-81,0
2021-06-04_2021-06-04 09:53:02-04:00,0.0256828703703703,0.0,0.0,1.0190385832248755e-81,0
2021-06-04_2021-06-04 09:53:04-04:00,0.0256597222222222,0.0,5.0,2.3024885133875755e-81,0
2021-06-07_2021-06-07 09:50:13-04:00,0.0486342592592592,0.0,3.0,2.805346449556816e-82,0
2021-06-07_2021-06-07 09:50:15-04:00,0.0486111111111111,169.0,1.0,5.6329906418577906e-83,0
2021-06-07_2021-06-07 09:53:07-04:00,0.0466203703703703,15.0,3.0,1.8307876600719195e-82,0
2021-06-07_2021-06-07 09:53:24-04:00,0.0464236111111111,3.0,3.0,2.2030488345047946e-82,0
2021-06-07_2021-06-07 09:53:29-04:00,0.0463657407407407,422.0,4.0,3.1780273112859314e-83,0
2021-06-07_2021-06-07 10:00:38-04:00,0.0414004629629629,16.0,3.0,8.206595487922378e-83,0
2021-06-07_2021-06-07 10:00:56-04:00,0.0411921296296296,0.0,3.0,2.3628108210893696e-82,0
2021-06-07_2021-06-07 10:01:08-04:00,0.0410532407407407,0.0,3.0,2.761120367906272e-82,0
2021-06-07_2021-06-07 10:01:24-04:00,0.0408680555555555,3.0,3.0,1.8090962665481868e-82,0
2021-06-07_2021-06-07 10:01:50-04:00,0.0405671296296296,0.0,3.0,2.3321580376525868e-82,0
2021-06-07_2021-06-07 10:04:24-04:00,0.0387847222222222,52.0,3.0,1.6707256551951017e-82,0
2021-06-07_2021-06-07 10:05:21-04:00,0.038125,2.0,3.0,2.491974519625816e-82,0
2021-06-07_2021-06-07 10:05:26-04:00,0.0380671296296296,6.0,3.0,2.1286516611288075e-82,0
2021-06-07_2021-06-07 10:05:34-04:00,0.037974537037037,77.0,3.0,8.094870172380729e-83,0
2021-06-07_2021-06-07 10:06:53-04:00,0.0370601851851851,6.0,3.0,2.215482638114808e-82,0
2021-06-07_2021-06-07 10:07:10-04:00,0.0368634259259259,114.0,3.0,9.966036380945949e-83,0
2021-06-07_2021-06-07 10:09:06-04:00,0.0355208333333333,0.0,3.0,2.8025914813425256e-82,0
2021-06-07_2021-06-07 10:09:10-04:00,0.035474537037037,16.0,3.0,1.1494443244881248e-82,0
2021-06-07_2021-06-07 10:09:41-04:00,0.0351157407407407,3.0,3.0,1.8235567498220522e-82,0
2021-06-07_2021-06-07 10:09:46-04:00,0.0350578703703703,0.0,0.0,3.7280046968300334e-83,0
2021-06-07_2021-06-07 10:09:48-04:00,0.0350347222222222,8.0,3.0,1.935715481596149e-82,0
2021-06-07_2021-06-07 10:10:39-04:00,0.0344444444444444,0.0,2.0,2.1795280760573879e-82,0
2021-06-07_2021-06-07 10:10:44-04:00,0.034386574074074,1.0,3.0,2.4894796178155954e-82,0
2021-06-07_2021-06-07 10:10:48-04:00,0.0343402777777777,2.0,0.0,3.67384046793967e-83,0
2021-06-07_2021-06-07 10:10:52-04:00,0.0342939814814814,1.0,3.0,2.4903624824261726e-82,0
2021-06-08_2021-06-08 09:51:59-04:00,0.0270023148148148,64.0,4.0,8.328490204285917e-108,0
2021-06-08_2021-06-08 09:53:06-04:00,0.0262268518518518,4.0,3.0,5.988570093767136e-106,0
2021-06-08_2021-06-08 09:53:31-04:00,0.0259375,115.0,4.0,9.022601352740744e-108,0
2021-06-08_2021-06-08 09:55:50-04:00,0.0243287037037037,3.0,3.0,1.0235710915392007e-105,0
2021-06-08_2021-06-08 09:56:01-04:00,0.0242013888888888,76.0,4.0,1.1304264257228738e-106,0
2021-06-08_2021-06-08 09:57:23-04:00,0.0232523148148148,0.0,3.0,1.7562599599674486e-105,0
2021-06-08_2021-06-08 09:58:05-04:00,0.0227662037037037,19.0,1.0,1.4979090072254178e-106,0
2021-06-08_2021-06-08 09:58:34-04:00,0.0224305555555555,2.0,3.0,1.7784924490501553e-105,0
2021-06-08_2021-06-08 09:58:45-04:00,0.0223032407407407,10.0,3.0,9.840818601203461e-106,0
2021-06-08_2021-06-08 09:59:04-04:00,0.0220833333333333,3.0,3.0,1.3919627199013075e-105,0
2021-06-08_2021-06-08 09:59:36-04:00,0.0217129629629629,2.0,3.0,1.7768847095804523e-105,0
2021-06-08_2021-06-08 10:00:25-04:00,0.0211458333333333,1.0,3.0,1.7603259873903026e-105,0
2021-06-08_2021-06-08 10:00:34-04:00,0.0210416666666666,0.0,3.0,1.439515381924929e-105,0
2021-06-08_2021-06-08 10:01:45-04:00,0.0202199074074074,14.0,1.0,7.556346383777165e-106,0
2021-06-08_2021-06-08 10:02:01-04:00,0.0200347222222222,1.0,3.0,1.80499915719962e-105,0
2021-06-08_2021-06-08 10:02:04-04:00,0.02,5.0,3.0,9.793590247239296e-106,0
2021-06-08_2021-06-08 10:06:14-04:00,0.0171064814814814,11.0,3.0,8.202944773177507e-106,0
2021-06-08_2021-06-08 10:11:58-04:00,0.013125,23.0,1.0,4.228520695185842e-106,0
2021-06-08_2021-06-08 10:12:26-04:00,0.0128009259259259,0.0,3.0,1.757343800499619e-105,0
2021-06-08_2021-06-08 10:14:50-04:00,0.0111342592592592,49.0,1.0,8.252038305308924e-106,0
2021-06-08_2021-06-08 10:16:02-04:00,0.0103009259259259,54.0,1.0,1.0920050923924684e-106,0
2021-06-08_2021-06-08 10:19:34-04:00,0.0078472222222222,5.0,3.0,1.8113341885911215e-105,0
2021-06-08_2021-06-08 10:19:53-04:00,0.0076273148148148,7.0,3.0,1.3600317813401996e-105,0
2021-06-08_2021-06-08 10:20:02-04:00,0.0075231481481481,1.0,3.0,1.7724741230737523e-105,0
2021-06-08_2021-06-08 10:23:46-04:00,0.0049305555555555,30.0,1.0,1.2873357969903432e-105,0
2021-06-08_2021-06-08 10:26:57-04:00,0.0027199074074074,182.0,4.0,4.689627535150038e-110,0
2021-06-09_2021-06-09 08:00:00-04:00,2.3148148148148147e-05,105.0,2.0,9.178094939411148e-98,0
2021-06-09_2021-06-09 08:02:11-04:00,0.0818287037037037,11.0,2.0,3.4629389967685416e-96,0
2021-06-09_2021-06-09 08:02:56-04:00,0.0813078703703703,244.0,3.0,3.0075322714347406e-96,0
2021-06-09_2021-06-09 08:07:23-04:00,0.0782175925925925,259.0,3.0,5.320291374145383e-96,0
2021-06-09_2021-06-09 08:12:32-04:00,0.0746412037037037,0.0,5.0,1.8314768317488309e-96,0
2021-06-09_2021-06-09 08:16:34-04:00,0.0718402777777777,355.0,3.0,3.5151315388585534e-96,0
2021-06-09_2021-06-09 08:23:43-04:00,0.066875,0.0,2.0,5.142430364215111e-96,0
2021-06-09_2021-06-09 08:27:52-04:00,0.0639930555555555,3155.0,1.0,1.7713175086890199e-96,0
2021-06-09_2021-06-09 09:20:31-04:00,0.0274305555555555,15.0,3.0,3.7900204650261186e-96,0
2021-06-09_2021-06-09 09:20:51-04:00,0.027199074074074,14.0,3.0,3.0744895749999612e-96,0
2021-06-09_2021-06-09 09:21:08-04:00,0.0270023148148148,0.0,0.0,9.78861407640409e-97,0
2021-06-09_2021-06-09 09:21:21-04:00,0.0268518518518518,1.0,5.0,2.072906126149287e-96,0
2021-06-09_2021-06-09 09:21:24-04:00,0.0268171296296296,10.0,3.0,4.58080510765148e-96,0
2021-06-09_2021-06-09 09:21:39-04:00,0.0266435185185185,0.0,5.0,1.934587451319789e-96,0
2021-06-09_2021-06-09 09:21:41-04:00,0.0266203703703703,3.0,2.0,4.822977850149821e-96,0
2021-06-09_2021-06-09 09:21:49-04:00,0.0265277777777777,6.0,3.0,5.2155758364147485e-96,0
2021-06-09_2021-06-09 09:22:02-04:00,0.0263773148148148,0.0,0.0,7.480483274585722e-97,0
2021-06-09_2021-06-09 09:22:06-04:00,0.0263310185185185,12.0,0.0,7.012495806082613e-97,0
2021-06-09_2021-06-09 09:22:21-04:00,0.0261574074074074,0.0,2.0,4.478194801961952e-96,0
2021-06-09_2021-06-09 09:22:28-04:00,0.0260763888888888,20.0,3.0,5.6353408573556705e-96,0
2021-06-09_2021-06-09 09:23:00-04:00,0.0257060185185185,9.0,2.0,4.39676821825626e-96,0
2021-06-09_2021-06-09 09:23:11-04:00,0.0255787037037037,479.0,1.0,1.409186928085715e-96,0
2021-06-09_2021-06-09 09:31:22-04:00,0.0198958333333333,0.0,3.0,4.557561580672496e-96,0
2021-06-09_2021-06-09 10:02:53-04:00,0.0396875,3.0,3.0,4.756572169039377e-96,0
2021-06-09_2021-06-09 10:02:58-04:00,0.0396296296296296,26.0,3.0,3.6260812853484054e-96,0
2021-06-09_2021-06-09 10:03:55-04:00,0.0389699074074074,1.0,3.0,5.565870491501053e-96,0
2021-06-09_2021-06-09 10:03:59-04:00,0.0389236111111111,0.0,3.0,5.560389961217244e-96,0
2021-06-09_2021-06-09 10:04:01-04:00,0.0389004629629629,4.0,3.0,5.581204621565023e-96,0
2021-06-09_2021-06-09 10:04:07-04:00,0.0388310185185185,37.0,3.0,1.6826079820942807e-96,0
2021-06-09_2021-06-09 10:04:46-04:00,0.0383796296296296,3.0,3.0,4.6357063595961e-96,0
2021-06-09_2021-06-09 10:05:09-04:00,0.0381134259259259,768.0,4.0,2.1342927366027246e-97,0
2021-06-09_2021-06-09 10:17:59-04:00,0.0292013888888888,2.0,3.0,5.888423126889475e-97,0
2021-06-09_2021-06-09 10:18:33-04:00,0.0288078703703703,32.0,3.0,2.429895657683673e-96,0
2021-06-09_2021-06-09 10:19:07-04:00,0.0284143518518518,4.0,3.0,5.7226514193983845e-96,0
2021-06-09_2021-06-09 10:19:59-04:00,0.0278125,4.0,3.0,4.608036048588372e-96,0
2021-06-09_2021-06-09 10:20:09-04:00,0.0276967592592592,3.0,3.0,4.6005414913948e-96,0
2021-06-09_2021-06-09 10:20:14-04:00,0.0276388888888888,108.0,1.0,1.855084450768782e-96,0
2021-06-09_2021-06-09 10:22:07-04:00,0.0263310185185185,4.0,3.0,5.764769165760731e-96,0
2021-06-09_2021-06-09 10:22:32-04:00,0.0260416666666666,197.0,1.0,1.1847053189904933e-96,0
2021-06-09_2021-06-09 10:25:51-04:00,0.0237384259259259,6.0,3.0,5.374272449351365e-96,0
2021-06-09_2021-06-09 10:25:59-04:00,0.0236458333333333,2.0,3.0,5.848312458077408e-96,0
2021-06-09_2021-06-09 10:26:04-04:00,0.0235879629629629,5.0,3.0,5.860947642854946e-96,0
2021-06-09_2021-06-09 10:26:11-04:00,0.0235069444444444,228.0,1.0,6.626832122118142e-97,0
2021-06-10_2021-06-10 08:00:00-04:00,0.052199074074074,1540.0,3.0,4.6000728031189655e-90,0
2021-06-10_2021-06-10 08:25:51-04:00,0.0342476851851851,5.0,2.0,1.8022800031378067e-87,0
2021-06-10_2021-06-10 08:26:03-04:00,0.0341087962962963,9.0,0.0,3.431859599938344e-88,0
2021-06-10_2021-06-10 08:26:30-04:00,0.0337962962962962,0.0,5.0,8.478802222963913e-88,0
2021-06-10_2021-06-10 08:26:44-04:00,0.0336342592592592,0.0,5.0,7.22109846744463e-88,0
2021-06-10_2021-06-10 08:27:03-04:00,0.0334143518518518,0.0,2.0,1.7967697062829144e-87,0
2021-06-10_2021-06-10 08:27:24-04:00,0.0331712962962962,0.0,5.0,7.221278582686102e-88,0
2021-06-10_2021-06-10 08:28:22-04:00,0.0325,0.0,2.0,8.380548076985164e-88,0
2021-06-10_2021-06-10 08:28:29-04:00,0.0324189814814814,28.0,0.0,1.6193580988317837e-88,0
2021-06-10_2021-06-10 08:29:12-04:00,0.0319212962962962,4.0,0.0,1.674597619702153e-88,0
2021-06-10_2021-06-10 08:29:41-04:00,0.0315856481481481,560.0,3.0,2.10489805128375e-88,0
2021-06-10_2021-06-10 08:39:24-04:00,0.0248379629629629,0.0,5.0,7.224521425373966e-88,0
2021-06-10_2021-06-10 08:39:38-04:00,0.0246759259259259,12.0,3.0,1.070554670600375e-87,0
2021-06-10_2021-06-10 08:39:55-04:00,0.0244791666666666,255.0,3.0,5.572001966970428e-88,0
2021-06-10_2021-06-10 08:44:20-04:00,0.021412037037037,85.0,3.0,5.267934739410531e-88,0
2021-06-10_2021-06-10 08:46:06-04:00,0.0201851851851851,17.0,3.0,1.0742616035171428e-87,0
2021-06-10_2021-06-10 08:46:25-04:00,0.0199652777777777,65.0,3.0,1.1062272751118137e-87,0
2021-06-10_2021-06-10 08:47:45-04:00,0.0190393518518518,0.0,0.0,1.658215520645438e-88,0
2021-06-10_2021-06-10 08:48:16-04:00,0.0186805555555555,21.0,0.0,1.6797388661466382e-88,0
2021-06-10_2021-06-10 08:48:59-04:00,0.0181828703703703,0.0,5.0,7.227112241420723e-88,0
2021-06-10_2021-06-10 08:49:09-04:00,0.0180671296296296,2575.0,4.0,5.398035004297611e-90,0
2021-06-10_2021-06-10 09:32:07-04:00,0.0511805555555555,2.0,3.0,2.601874823385008e-87,0
2021-06-10_2021-06-10 09:32:25-04:00,0.0509722222222222,611.0,4.0,8.483998129286198e-90,0
2021-06-10_2021-06-10 09:43:10-04:00,0.0435069444444444,19.0,3.0,4.6128378704117907e-88,0
2021-06-10_2021-06-10 09:44:44-04:00,0.0424189814814814,72.0,1.0,2.5778844036808465e-88,0
2021-06-10_2021-06-10 10:11:18-04:00,0.0239699074074074,0.0,3.0,3.828231102425012e-89,0
2021-06-10_2021-06-10 10:11:39-04:00,0.0237268518518518,0.0,5.0,1.1661697871259004e-89,0
2021-06-10_2021-06-10 10:12:06-04:00,0.0234143518518518,0.0,3.0,4.2835345634433584e-89,0
2021-06-10_2021-06-10 10:12:35-04:00,0.0230787037037037,0.0,3.0,4.282689258168321e-89,0
2021-06-11_2021-06-11 08:00:01-04:00,1.1574074074074072e-05,2.0,3.0,5.397413933233499e-72,0
2021-06-11_2021-06-11 08:14:28-04:00,0.0943171296296296,0.0,5.0,2.4584488166285327e-72,0
2021-06-11_2021-06-11 08:25:18-04:00,0.0867939814814814,10.0,2.0,6.15738773870254e-72,0
2021-06-11_2021-06-11 08:26:14-04:00,0.0861458333333333,73.0,3.0,3.7851429692274125e-72,0
2021-06-11_2021-06-11 08:27:30-04:00,0.0852662037037037,5.0,3.0,5.20798371961738e-72,0
2021-06-11_2021-06-11 08:27:38-04:00,0.0851736111111111,831.0,3.0,1.795218477435794e-72,0
2021-06-11_2021-06-11 08:42:02-04:00,0.0751736111111111,34.0,0.0,8.96685014748074e-73,0
2021-06-11_2021-06-11 08:45:05-04:00,0.0730555555555555,2.0,2.0,4.858258681361564e-72,0
2021-06-11_2021-06-11 08:57:25-04:00,0.0644907407407407,0.0,2.0,4.134207144450371e-72,0
2021-06-11_2021-06-11 08:57:32-04:00,0.0644097222222222,19.0,0.0,7.944672346947612e-73,0
2021-06-11_2021-06-11 08:58:00-04:00,0.0640856481481481,23.0,3.0,5.322067076173016e-72,0
2021-06-11_2021-06-11 08:58:35-04:00,0.0636805555555555,0.0,3.0,5.282289855758187e-72,0
2021-06-11_2021-06-11 08:59:06-04:00,0.0633217592592592,20.0,3.0,5.477950297161585e-72,0
2021-06-11_2021-06-11 08:59:32-04:00,0.0630208333333333,0.0,2.0,4.1014731675820333e-72,0
2021-06-11_2021-06-11 08:59:49-04:00,0.062824074074074,61.0,3.0,5.633943248171459e-72,0
2021-06-11_2021-06-11 09:36:16-04:00,0.037511574074074,2.0,3.0,8.167408824373869e-72,0
2021-06-11_2021-06-11 09:37:33-04:00,0.0366203703703703,14.0,3.0,5.412658102364532e-72,0
2021-06-11_2021-06-11 09:37:58-04:00,0.0363310185185185,1.0,3.0,8.539946183500947e-72,0
2021-06-11_2021-06-11 09:40:24-04:00,0.0346412037037037,5.0,3.0,7.863336053222984e-72,0
2021-06-11_2021-06-11 09:40:33-04:00,0.034537037037037,2.0,3.0,8.134034063014511e-72,0
2021-06-11_2021-06-11 09:40:39-04:00,0.0344675925925925,22.0,1.0,1.4741261940727591e-71,0
2021-06-11_2021-06-11 09:41:04-04:00,0.0341782407407407,37.0,1.0,8.000604445357598e-72,0
2021-06-11_2021-06-11 09:41:47-04:00,0.0336805555555555,17.0,1.0,1.0674970818291876e-71,0
2021-06-11_2021-06-11 09:57:29-04:00,0.0227777777777777,480.0,4.0,6.860684950848376e-74,0
2021-06-11_2021-06-11 10:05:31-04:00,0.017199074074074,9.0,3.0,6.1904846205539e-72,0
2021-06-11_2021-06-11 10:06:37-04:00,0.0164351851851851,1.0,3.0,9.609564218744814e-72,0
2021-06-11_2021-06-11 10:07:11-04:00,0.0160416666666666,21.0,3.0,7.061485467988019e-72,0
2021-06-11_2021-06-11 10:07:34-04:00,0.0157754629629629,10.0,3.0,7.87119937230442e-72,0
2021-06-11_2021-06-11 10:07:47-04:00,0.015625,34.0,3.0,7.131353969321655e-72,0
2021-06-11_2021-06-11 10:10:30-04:00,0.0137384259259259,1.0,3.0,9.604233418046139e-72,0
2021-06-11_2021-06-11 10:10:34-04:00,0.0136921296296296,6.0,3.0,8.9852829915848e-72,0
2021-06-11_2021-06-11 10:17:15-04:00,0.0090509259259259,0.0,3.0,9.528592851209323e-72,0
2021-06-11_2021-06-11 10:17:54-04:00,0.008599537037037,1.0,3.0,9.529559012564537e-72,0
2021-06-11_2021-06-11 10:17:57-04:00,0.0085648148148148,2.0,3.0,9.61951188891214e-72,0
2021-06-14_2021-06-14 08:00:01-04:00,0.104386574074074,5670.0,4.0,6.5205544020509e-72,0
2021-06-14_2021-06-14 09:34:33-04:00,0.0387384259259259,0.0,3.0,3.4116269400195756e-71,0
2021-06-14_2021-06-14 09:34:37-04:00,0.0386921296296296,22.0,3.0,1.3603622693094206e-71,0
2021-06-14_2021-06-14 09:35:04-04:00,0.0383796296296296,12.0,3.0,2.070513408332803e-71,0
2021-06-14_2021-06-14 09:35:19-04:00,0.0382060185185185,5.0,3.0,3.4330492133273755e-71,0
2021-06-14_2021-06-14 09:35:26-04:00,0.038125,4.0,3.0,2.6079308580504704e-71,0
2021-06-14_2021-06-14 09:35:32-04:00,0.0380555555555555,7.0,3.0,2.0709975898516667e-71,0
2021-06-14_2021-06-14 09:35:47-04:00,0.0378819444444444,4.0,3.0,2.6080365596564333e-71,0
2021-06-14_2021-06-14 09:35:55-04:00,0.0377893518518518,1.0,3.0,3.8188867125212505e-71,0
2021-06-14_2021-06-14 10:07:57-04:00,0.0155439814814814,1.0,3.0,3.882951775852253e-71,0
2021-06-14_2021-06-14 10:08:01-04:00,0.0154976851851851,10.0,3.0,2.568478138702163e-71,0
2021-06-14_2021-06-14 10:08:13-04:00,0.0153587962962962,10.0,3.0,2.499686641212568e-71,0
2021-06-14_2021-06-14 10:08:30-04:00,0.015162037037037,37.0,3.0,2.2744896591953896e-71,0
2021-06-14_2021-06-14 10:09:16-04:00,0.0146296296296296,7.0,3.0,3.1719997815820555e-71,0
2021-06-14_2021-06-14 10:12:55-04:00,0.0120949074074074,0.0,3.0,3.88192983440933e-71,0
2021-06-14_2021-06-14 10:13:05-04:00,0.0119791666666666,2.0,3.0,3.5897312166220142e-71,0
2021-06-14_2021-06-14 10:13:11-04:00,0.0119097222222222,8.0,3.0,3.073347637980233e-71,0
2021-06-14_2021-06-14 10:13:22-04:00,0.0117824074074074,27.0,3.0,1.426697504381705e-71,0
2021-06-14_2021-06-14 10:13:52-04:00,0.0114351851851851,0.0,3.0,3.849780946109245e-71,0
2021-06-14_2021-06-14 10:14:03-04:00,0.0113078703703703,16.0,3.0,2.7657324601339664e-71,0
2021-06-15_2021-06-15 08:00:00-04:00,0.115162037037037,3.0,3.0,3.681610362491458e-70,0
2021-06-15_2021-06-15 08:06:46-04:00,0.1104629629629629,0.0,2.0,1.6328504561611896e-69,0
2021-06-15_2021-06-15 08:08:31-04:00,0.1092476851851851,9.0,2.0,1.6420446283007477e-69,0
2021-06-15_2021-06-15 08:09:10-04:00,0.1087962962962963,92.0,0.0,3.281681134197001e-70,0
2021-06-15_2021-06-15 08:11:42-04:00,0.107037037037037,40.0,0.0,3.179246671955693e-70,0
2021-06-15_2021-06-15 08:13:26-04:00,0.1058333333333333,302.0,3.0,1.8651225064617258e-69,0
2021-06-15_2021-06-15 08:19:24-04:00,0.1016898148148148,118.0,3.0,1.6803601478533414e-69,0
2021-06-15_2021-06-15 08:27:37-04:00,0.0959837962962963,0.0,2.0,1.6341247069602201e-69,0
2021-06-15_2021-06-15 08:29:29-04:00,0.0946875,70.0,2.0,1.705698555667846e-69,0
2021-06-15_2021-06-15 08:32:54-04:00,0.0923148148148148,0.0,5.0,6.568815125495636e-70,0
2021-06-15_2021-06-15 08:41:10-04:00,0.086574074074074,0.0,2.0,1.6349533502558634e-69,0
2021-06-15_2021-06-15 08:42:06-04:00,0.0859259259259259,62.0,2.0,1.6984623801548322e-69,0
2021-06-15_2021-06-15 08:44:10-04:00,0.0844907407407407,77.0,0.0,3.255845802378616e-70,0
2021-06-15_2021-06-15 08:47:21-04:00,0.0822800925925926,0.0,2.0,1.6485138030238598e-69,0
2021-06-15_2021-06-15 08:48:31-04:00,0.0814699074074074,321.0,3.0,2.647462284718502e-69,0
2021-06-15_2021-06-15 08:57:55-04:00,0.0749421296296296,47.0,3.0,6.613798283470172e-70,0
2021-06-15_2021-06-15 08:59:04-04:00,0.0741435185185185,45.0,3.0,1.010259611194914e-69,0
2021-06-15_2021-06-15 09:00:18-04:00,0.073287037037037,0.0,2.0,9.252453318013492e-70,0
2021-06-15_2021-06-15 09:00:31-04:00,0.073136574074074,15.0,3.0,1.232224660732977e-69,0
2021-06-15_2021-06-15 09:00:48-04:00,0.0729398148148148,2.0,0.0,1.759889604441448e-70,0
2021-06-15_2021-06-15 09:00:56-04:00,0.0728472222222222,2.0,3.0,1.2223033751840335e-69,0
2021-06-15_2021-06-15 09:01:02-04:00,0.0727777777777777,0.0,5.0,3.718846094102989e-70,0
2021-06-15_2021-06-15 09:01:04-04:00,0.0727546296296296,0.0,5.0,6.019916168256513e-70,0
2021-06-15_2021-06-15 09:01:07-04:00,0.0727199074074074,40.0,3.0,1.2027527410974897e-69,0
2021-06-15_2021-06-15 09:01:50-04:00,0.0722222222222222,44.0,3.0,1.205661443531613e-69,0
2021-06-15_2021-06-15 09:02:54-04:00,0.0714814814814814,13.0,3.0,2.1593230718780326e-69,0
2021-06-15_2021-06-15 09:03:15-04:00,0.0712384259259259,0.0,5.0,6.523691783228905e-70,0
2021-06-15_2021-06-15 09:03:22-04:00,0.0711574074074074,0.0,2.0,1.6232272849415514e-69,0
2021-06-15_2021-06-15 09:03:29-04:00,0.0710763888888888,0.0,0.0,3.083195570591572e-70,0
2021-06-15_2021-06-15 09:03:45-04:00,0.0708912037037037,0.0,2.0,1.6233379965159304e-69,0
2021-06-15_2021-06-15 09:03:52-04:00,0.0708101851851851,0.0,0.0,3.083239790090123e-70,0
2021-06-15_2021-06-15 09:04:02-04:00,0.0706944444444444,0.0,2.0,1.623267772960843e-69,0
2021-06-15_2021-06-15 09:04:11-04:00,0.0705902777777777,3.0,0.0,3.089262428754334e-70,0
2021-06-15_2021-06-15 09:04:18-04:00,0.0705092592592592,17.0,3.0,1.233905079458196e-69,0
2021-06-15_2021-06-15 09:04:37-04:00,0.0702893518518518,1.0,5.0,4.4410630114417385e-70,0
2021-06-15_2021-06-15 09:04:45-04:00,0.0701967592592592,42.0,3.0,1.254257368275343e-69,0
2021-06-15_2021-06-15 09:05:32-04:00,0.0696527777777777,9.0,0.0,2.7054523625636433e-70,0
2021-06-15_2021-06-15 09:09:09-04:00,0.0671412037037037,0.0,5.0,4.367689213400432e-70,0
2021-06-15_2021-06-15 09:09:26-04:00,0.0669444444444444,0.0,5.0,4.3677355138003215e-70,0
2021-06-15_2021-06-15 09:09:33-04:00,0.0668634259259259,0.0,2.0,1.623602850077848e-69,0
2021-06-15_2021-06-15 09:09:49-04:00,0.0666782407407407,0.0,5.0,6.792566377604979e-70,0
2021-06-15_2021-06-15 09:09:57-04:00,0.0665856481481481,11.0,5.0,4.7667739419282975e-70,0
2021-06-15_2021-06-15 09:10:12-04:00,0.066412037037037,33.0,0.0,2.2832590626163687e-70,0
2021-06-15_2021-06-15 09:10:52-04:00,0.065949074074074,63.0,3.0,1.6165436197541197e-69,0
2021-06-15_2021-06-15 09:12:01-04:00,0.0651504629629629,16.0,0.0,2.2593467991868267e-70,0
2021-06-15_2021-06-15 09:12:22-04:00,0.0649074074074074,1015.0,3.0,1.2161000058034946e-69,0
2021-06-15_2021-06-15 09:29:36-04:00,0.0529398148148148,0.0,2.0,1.6913728219925084e-69,0
2021-06-15_2021-06-15 09:29:46-04:00,0.052824074074074,143.0,1.0,5.3984936150948835e-70,0
2021-06-15_2021-06-15 09:32:14-04:00,0.0511111111111111,0.0,3.0,2.402557025986048e-69,0
2021-06-15_2021-06-15 09:32:22-04:00,0.0510185185185185,1.0,3.0,1.557109965663545e-69,0
2021-06-15_2021-06-15 09:32:26-04:00,0.0509722222222222,0.0,0.0,2.240888573982801e-70,0
2021-06-15_2021-06-15 09:32:28-04:00,0.050949074074074,1.0,3.0,1.5579974275679595e-69,0
2021-06-15_2021-06-15 09:32:31-04:00,0.0509143518518518,1.0,0.0,2.1361322867253514e-70,0
2021-06-15_2021-06-15 09:32:35-04:00,0.0508680555555555,64.0,3.0,1.3671481789363987e-69,0
2021-06-15_2021-06-15 10:00:07-04:00,0.0317476851851851,6.0,3.0,1.8856495580602395e-69,0
2021-06-16_2021-06-16 08:00:00-04:00,0.0836689814814814,1968.0,3.0,4.3268723369713715e-67,0
2021-06-16_2021-06-16 08:33:11-04:00,0.060625,118.0,3.0,9.494167651715479e-67,0
2021-06-16_2021-06-16 08:35:32-04:00,0.0589930555555555,26.0,2.0,7.370779556776403e-67,0
2021-06-16_2021-06-16 08:37:37-04:00,0.0575462962962963,51.0,0.0,2.4150297590646132e-67,0
2021-06-16_2021-06-16 08:39:05-04:00,0.0565277777777777,81.0,3.0,1.7644552296529603e-66,0
2021-06-16_2021-06-16 08:40:54-04:00,0.0552662037037037,0.0,2.0,1.494479288261313e-66,0
2021-06-16_2021-06-16 08:41:01-04:00,0.0551851851851851,0.0,5.0,6.006310672767064e-67,0
2021-06-16_2021-06-16 08:41:18-04:00,0.0549884259259259,36.0,3.0,2.0155859260023855e-66,0
2021-06-16_2021-06-16 08:42:49-04:00,0.0539351851851851,0.0,0.0,2.8388398135247133e-67,0
2021-06-16_2021-06-16 08:42:54-04:00,0.0538773148148148,0.0,5.0,6.006733909473623e-67,0
2021-06-16_2021-06-16 09:32:08-04:00,0.0196875,29.0,3.0,1.1178083625424368e-66,0
2021-06-16_2021-06-16 09:34:33-04:00,0.0180092592592592,52.0,3.0,4.333307473965947e-67,0
2021-06-16_2021-06-16 09:35:33-04:00,0.0173148148148148,0.0,3.0,1.9761936474401878e-66,0
2021-06-16_2021-06-16 09:35:37-04:00,0.0172685185185185,0.0,3.0,1.9761985765877802e-66,0
2021-06-16_2021-06-16 09:35:39-04:00,0.0172453703703703,31.0,3.0,1.3607694215854556e-66,0
2021-06-16_2021-06-16 09:36:12-04:00,0.0168634259259259,7.0,3.0,1.3529799687920285e-66,0
2021-06-16_2021-06-16 09:40:28-04:00,0.0139004629629629,0.0,3.0,1.6047012740582524e-66,0
2021-06-16_2021-06-16 09:40:30-04:00,0.0138773148148148,2.0,3.0,1.5563062843103944e-66,0
2021-06-16_2021-06-16 10:13:41-04:00,0.1055439814814814,11.0,3.0,1.2491828306961854e-66,0
2021-06-16_2021-06-16 10:13:59-04:00,0.1053356481481481,1.0,3.0,1.969105953859633e-66,0
2021-06-16_2021-06-16 10:14:11-04:00,0.1051967592592592,0.0,3.0,1.9663294140271182e-66,0
2021-06-16_2021-06-16 10:17:34-04:00,0.1028472222222222,39.0,3.0,1.134079543690272e-66,0
2021-06-16_2021-06-16 10:19:10-04:00,0.1017361111111111,649.0,4.0,3.534163194315788e-67,0
2021-06-17_2021-06-17 10:06:35-04:00,0.0376388888888888,145.0,1.0,2.367855278672526e-71,0
2021-06-17_2021-06-17 10:09:02-04:00,0.0359375,2.0,3.0,6.632556487218674e-71,0
2021-06-17_2021-06-17 10:09:06-04:00,0.0358912037037037,0.0,3.0,6.799389677717864e-71,0
2021-06-17_2021-06-17 10:09:37-04:00,0.0355324074074074,0.0,3.0,6.798422531106943e-71,0
2021-06-18_2021-06-18 08:00:00-04:00,0.5416782407407408,2365.0,3.0,3.9456381414338795e-68,0
2021-06-18_2021-06-18 08:40:03-04:00,0.5138657407407408,179.0,0.0,1.2451399441494182e-68,0
2021-06-18_2021-06-18 08:43:23-04:00,0.5115509259259259,0.0,5.0,2.773091269215314e-68,0
2021-06-18_2021-06-18 08:44:03-04:00,0.511087962962963,10.0,2.0,6.407177946376537e-68,0
2021-06-18_2021-06-18 08:47:52-04:00,0.5084375,800.0,3.0,3.540252378540016e-68,0
2021-06-18_2021-06-18 09:01:14-04:00,0.4991550925925926,5.0,3.0,7.782346569148043e-68,0
2021-06-18_2021-06-18 09:01:21-04:00,0.499074074074074,9.0,0.0,1.12320341890758e-68,0
2021-06-18_2021-06-18 09:01:37-04:00,0.4988888888888889,1.0,0.0,1.312359624173372e-68,0
2021-06-18_2021-06-18 09:01:42-04:00,0.4988310185185185,0.0,0.0,1.1169419518850539e-68,0
2021-06-18_2021-06-18 09:01:48-04:00,0.498761574074074,5.0,0.0,1.1206632715750625e-68,0
2021-06-18_2021-06-18 09:02:03-04:00,0.498587962962963,0.0,2.0,8.010440113512388e-68,0
2021-06-18_2021-06-18 09:02:05-04:00,0.4985648148148148,7.0,0.0,1.122044611092082e-68,0
2021-06-18_2021-06-18 09:02:25-04:00,0.4983333333333333,0.0,0.0,1.6687059756479935e-68,0
2021-06-18_2021-06-18 09:05:45-04:00,0.4960185185185185,0.0,2.0,2.635126208404734e-68,0
2021-06-18_2021-06-18 09:05:50-04:00,0.4959606481481481,0.0,0.0,1.1171146937701882e-68,0
2021-06-18_2021-06-18 09:05:56-04:00,0.4958912037037037,0.0,5.0,2.3637173411921493e-68,0
2021-06-18_2021-06-18 09:06:05-04:00,0.495787037037037,0.0,2.0,7.189093974589499e-68,0
2021-06-18_2021-06-18 09:06:22-04:00,0.4955902777777777,2.0,0.0,1.1186226132802198e-68,0
2021-06-18_2021-06-18 09:06:44-04:00,0.4953356481481481,0.0,0.0,1.668975499028678e-68,0
2021-06-18_2021-06-18 09:07:03-04:00,0.4951157407407407,2.0,2.0,8.798102880220858e-68,0
2021-06-18_2021-06-18 09:07:10-04:00,0.4950347222222222,0.0,0.0,1.6690025578341314e-68,0
2021-06-18_2021-06-18 09:07:18-04:00,0.4949421296296296,3.0,0.0,1.6725214549936367e-68,0
2021-06-18_2021-06-18 09:07:46-04:00,0.4946180555555555,0.0,2.0,8.787127093482036e-68,0
2021-06-18_2021-06-18 09:07:57-04:00,0.4944907407407407,0.0,5.0,3.531554254506792e-68,0
2021-06-18_2021-06-18 09:08:06-04:00,0.494386574074074,0.0,0.0,1.6690608398281208e-68,0
2021-06-18_2021-06-18 09:08:11-04:00,0.4943287037037037,0.0,0.0,1.6690660436765145e-68,0
2021-06-18_2021-06-18 09:08:17-04:00,0.4942592592592592,5.0,0.0,1.674356311509281e-68,0
2021-06-18_2021-06-18 09:08:35-04:00,0.4940509259259259,9.0,3.0,1.1656859155263503e-67,0
2021-06-18_2021-06-18 09:08:50-04:00,0.4938773148148148,2.0,0.0,1.6714163217197978e-68,0
2021-06-18_2021-06-18 09:09:06-04:00,0.4936921296296296,4.0,0.0,1.6733853493912425e-68,0
2021-06-18_2021-06-18 09:09:35-04:00,0.4933564814814815,2.0,0.0,1.118817503647072e-68,0
2021-06-18_2021-06-18 09:09:39-04:00,0.4933101851851852,0.0,0.0,1.1172742251217618e-68,0
2021-06-18_2021-06-18 09:09:58-04:00,0.4930902777777777,3.0,3.0,7.776225978074663e-68,0
2021-06-18_2021-06-18 09:10:05-04:00,0.4930092592592592,3.0,3.0,7.776678763856287e-68,0
2021-06-18_2021-06-18 09:10:14-04:00,0.4929050925925926,16.0,3.0,7.840389594278937e-68,0
2021-06-18_2021-06-18 09:10:32-04:00,0.4926967592592592,0.0,2.0,8.78803671193739e-68,0
2021-06-18_2021-06-18 09:10:35-04:00,0.492662037037037,0.0,5.0,2.889614341989695e-68,0
2021-06-18_2021-06-18 09:10:47-04:00,0.4925231481481481,29.0,3.0,7.901760977717744e-68,0
2021-06-18_2021-06-18 09:11:19-04:00,0.4921527777777778,27.0,3.0,7.898227695603917e-68,0
2021-06-18_2021-06-18 09:11:49-04:00,0.4918055555555555,95.0,3.0,3.7222316948940185e-68,0
2021-06-18_2021-06-18 09:13:35-04:00,0.4905787037037037,1.0,3.0,3.7706780394096994e-68,0
2021-06-18_2021-06-18 09:13:43-04:00,0.4904861111111111,14.0,0.0,5.473282379262387e-69,0
2021-06-18_2021-06-18 09:14:02-04:00,0.4902662037037037,262.0,3.0,4.815977930917305e-68,0
2021-06-18_2021-06-18 09:19:30-04:00,0.4864699074074074,0.0,2.0,5.884370175702472e-68,0
2021-06-18_2021-06-18 09:19:39-04:00,0.4863657407407407,3.0,2.0,5.895510088516924e-68,0
2021-06-18_2021-06-18 09:19:56-04:00,0.4861689814814814,0.0,0.0,1.1177643690090503e-68,0
2021-06-18_2021-06-18 09:20:09-04:00,0.4860185185185185,3.0,2.0,8.808267098656887e-68,0
2021-06-18_2021-06-18 09:20:15-04:00,0.485949074074074,0.0,0.0,1.117777612065327e-68,0
2021-06-18_2021-06-18 09:20:19-04:00,0.4859027777777778,5.0,2.0,8.819560763263756e-68,0
2021-06-18_2021-06-18 09:20:36-04:00,0.4857060185185185,0.0,0.0,1.6698415984320693e-68,0
2021-06-18_2021-06-18 09:20:46-04:00,0.4855902777777778,3.0,2.0,5.895756401356913e-68,0
2021-06-18_2021-06-18 09:20:59-04:00,0.4854398148148148,7.0,2.0,8.829607297749874e-68,0
2021-06-18_2021-06-18 09:21:11-04:00,0.4853009259259259,13.0,3.0,7.826295741546885e-68,0
2021-06-18_2021-06-18 09:21:29-04:00,0.4850925925925926,20.0,0.0,1.1317472259825554e-68,0
2021-06-18_2021-06-18 09:21:54-04:00,0.4848032407407407,3.0,3.0,7.778022738580946e-68,0
2021-06-18_2021-06-18 09:22:04-04:00,0.4846875,0.0,2.0,7.857144552058251e-68,0
2021-06-18_2021-06-18 09:22:44-04:00,0.484224537037037,2.0,2.0,7.867789642256219e-68,0
2021-06-18_2021-06-18 09:22:56-04:00,0.4840856481481481,0.0,5.0,3.533534545897035e-68,0
2021-06-18_2021-06-18 09:23:30-04:00,0.4836921296296296,0.0,5.0,3.157941122776651e-68,0
2021-06-18_2021-06-18 09:23:46-04:00,0.4835069444444444,0.0,5.0,3.157972629842969e-68,0
2021-06-18_2021-06-18 09:25:16-04:00,0.4824652777777777,0.0,5.0,1.7156931743488357e-68,0
2021-06-18_2021-06-18 09:25:52-04:00,0.4820486111111111,0.0,3.0,7.7649397220306e-68,0
2021-06-18_2021-06-18 09:27:24-04:00,0.4809837962962963,0.0,0.0,1.6702664844849e-68,0
2021-06-18_2021-06-18 09:27:30-04:00,0.4809143518518518,4.0,2.0,8.816071303477075e-68,0
2021-06-18_2021-06-18 09:27:39-04:00,0.4808101851851852,0.0,0.0,1.6702821073558717e-68,0
2021-06-18_2021-06-18 09:29:36-04:00,0.4794560185185185,0.0,0.0,1.431548778028247e-68,0
2021-06-18_2021-06-18 09:29:52-04:00,0.4792708333333333,0.0,0.0,1.6544046608125947e-68,0
2021-06-18_2021-06-18 09:30:53-04:00,0.4785648148148148,3.0,3.0,9.517249159445864e-68,0
2021-06-18_2021-06-18 09:30:58-04:00,0.4785069444444444,1.0,3.0,9.425082035342088e-68,0
2021-06-18_2021-06-18 09:31:01-04:00,0.4784722222222222,178.0,1.0,5.443409981305325e-68,0
2021-06-18_2021-06-18 09:34:01-04:00,0.4763888888888888,14.0,3.0,8.196701344695838e-68,0
2021-06-18_2021-06-18 09:34:45-04:00,0.4758796296296296,2.0,3.0,9.902182330202654e-68,0
2021-06-18_2021-06-18 09:34:53-04:00,0.475787037037037,2.0,3.0,9.90037022375906e-68,0
2021-06-18_2021-06-18 09:34:59-04:00,0.4757175925925926,1.0,3.0,9.891699470571765e-68,0
2021-06-18_2021-06-18 09:35:04-04:00,0.4756597222222222,2.0,0.0,1.4252558163822356e-68,0
2021-06-18_2021-06-18 09:35:08-04:00,0.4756134259259259,10.0,3.0,5.6462680458194806e-68,0
2021-06-18_2021-06-18 09:35:20-04:00,0.475474537037037,67.0,3.0,5.903566155092805e-68,0
2021-06-18_2021-06-18 09:36:29-04:00,0.4746759259259259,10.0,3.0,8.158542969176759e-68,0
2021-06-18_2021-06-18 09:36:41-04:00,0.474537037037037,4.0,3.0,1.1837147900885995e-67,0
2021-06-18_2021-06-18 09:36:49-04:00,0.4744444444444444,3.0,3.0,9.219008878653804e-68,0
2021-06-18_2021-06-18 09:36:55-04:00,0.474375,2.0,3.0,9.210438772165119e-68,0
2021-06-18_2021-06-18 09:36:59-04:00,0.4743287037037037,148.0,1.0,5.934276890100284e-68,0
2021-06-18_2021-06-18 09:39:29-04:00,0.4725925925925926,8.0,3.0,8.41093085990499e-68,0
2021-06-18_2021-06-18 09:39:39-04:00,0.4724768518518518,4.0,3.0,8.585753931259876e-68,0
2021-06-18_2021-06-18 09:39:45-04:00,0.4724074074074074,51.0,3.0,6.437105060544337e-68,0
2021-06-18_2021-06-18 09:40:48-04:00,0.4716782407407407,6.0,3.0,8.880516991428425e-68,0
2021-06-18_2021-06-18 09:40:57-04:00,0.4715740740740741,2.0,3.0,8.848411598015671e-68,0
2021-06-18_2021-06-18 09:41:03-04:00,0.4715046296296296,6.0,3.0,1.0600212766209013e-67,0
2021-06-18_2021-06-18 09:41:14-04:00,0.4713773148148148,1.0,3.0,1.1616735612199891e-67,0
2021-06-18_2021-06-18 09:41:17-04:00,0.4713425925925926,129.0,3.0,4.918661833550562e-68,0
2021-06-18_2021-06-18 09:43:29-04:00,0.4698148148148148,4.0,3.0,8.381951881703268e-68,0
2021-06-18_2021-06-18 09:43:35-04:00,0.4697453703703704,23.0,3.0,9.520551500352339e-68,0
2021-06-18_2021-06-18 09:44:26-04:00,0.4691550925925926,3.0,3.0,9.912092945236798e-68,0
2021-06-18_2021-06-18 09:44:31-04:00,0.4690972222222222,4.0,3.0,9.918178284674549e-68,0
2021-06-18_2021-06-18 09:44:37-04:00,0.4690277777777777,0.0,0.0,1.4888683340497028e-68,0
2021-06-18_2021-06-18 09:44:39-04:00,0.4690046296296296,1.0,3.0,9.898475917643572e-68,0
2021-06-18_2021-06-18 09:44:42-04:00,0.4689699074074074,1.0,3.0,9.894230267875184e-68,0
2021-06-18_2021-06-18 09:44:45-04:00,0.4689351851851852,0.0,3.0,1.0887091428485482e-67,0
2021-06-18_2021-06-18 09:44:47-04:00,0.468912037037037,2.0,3.0,1.0322407075203004e-67,0
2021-06-18_2021-06-18 09:44:52-04:00,0.4688541666666667,1.0,3.0,1.0897309959635292e-67,0
2021-06-18_2021-06-18 09:45:30-04:00,0.4684143518518519,0.0,3.0,8.4899461362971e-68,0
2021-06-18_2021-06-18 09:46:19-04:00,0.4678472222222222,5.0,3.0,1.0346457294472637e-67,0
2021-06-18_2021-06-18 09:46:26-04:00,0.4677662037037037,0.0,3.0,1.0459368512761947e-67,0
2024-05-14_2024-05-14 08:00:00-04:00,0.125011574074074,380.0,4.0,1.5015317911178692e-16,0
2024-05-14_2024-05-14 08:02:00-04:00,0.1236226851851851,1.0,3.0,2.6256252674179984e-18,0
2024-05-14_2024-05-14 08:05:00-04:00,0.1215393518518518,0.0,,1.8549894579909628e-13,0
2024-05-14_2024-05-14 08:06:29-04:00,0.1205092592592592,18.0,1.0,1.8197914129901888e-10,0
2024-05-14_2024-05-14 08:07:11-04:00,0.1200231481481481,1.0,3.0,1.539797560747618e-10,0
2024-05-14_2024-05-14 08:07:15-04:00,0.1199768518518518,11.0,3.0,1.4497197000350952e-10,0
2024-05-14_2024-05-14 08:07:39-04:00,0.119699074074074,7.0,3.0,1.264558403832965e-10,0
2024-05-14_2024-05-14 08:07:49-04:00,0.1195833333333333,139.0,1.0,1.3382739938379009e-10,0
2024-05-14_2024-05-14 08:10:10-04:00,0.1179513888888888,0.0,3.0,2.051373950344204e-10,0
2024-05-14_2024-05-14 08:10:13-04:00,0.1179166666666666,665.0,4.0,1.3918890106215762e-13,0
2024-05-14_2024-05-14 08:21:20-04:00,0.1101967592592592,17.0,1.0,3.526163677716453e-12,0
2024-05-14_2024-05-14 08:21:39-04:00,0.1099768518518518,4.0,3.0,1.7614815794412423e-12,0
2024-05-14_2024-05-14 08:21:45-04:00,0.1099074074074074,1.0,3.0,2.206710346781764e-12,0
2024-05-14_2024-05-14 08:21:48-04:00,0.1098726851851851,32.0,4.0,5.653580208992619e-12,0
2024-05-14_2024-05-14 08:22:22-04:00,0.1094791666666666,110.0,1.0,2.6483625873762795e-11,0
2024-05-14_2024-05-14 08:24:17-04:00,0.1081481481481481,8.0,3.0,1.8430262417838596e-10,0
2024-05-14_2024-05-14 08:24:35-04:00,0.1079398148148148,4270.0,4.0,2.5145908158958512e-12,0
2024-05-14_2024-05-14 08:33:57-04:00,0.1014351851851851,11.0,3.0,8.75313908692716e-15,0
2024-05-14_2024-05-14 08:34:11-04:00,0.1012731481481481,4.0,3.0,1.3090839768189272e-14,0
2024-05-14_2024-05-14 08:53:37-04:00,0.0877777777777777,26.0,3.0,1.2313374829219024e-14,0
2024-05-14_2024-05-14 08:54:28-04:00,0.0871875,326.0,4.0,4.999131831493491e-15,0
2024-05-14_2024-05-14 09:14:56-04:00,0.072974537037037,1.0,3.0,1.3901680464889188e-14,0
2024-05-14_2024-05-14 09:14:59-04:00,0.0729398148148148,63.0,1.0,2.048375144055201e-14,0
2024-05-14_2024-05-14 09:16:04-04:00,0.0721875,22.0,3.0,1.260493129975794e-14,0
2024-05-14_2024-05-14 09:16:35-04:00,0.0718287037037037,168.0,1.0,3.90021034928915e-15,0
2024-05-14_2024-05-14 09:20:49-04:00,0.0688888888888888,34.0,3.0,9.22287739500348e-15,0
2024-05-14_2024-05-14 09:35:47-04:00,0.0584953703703703,4.0,4.0,8.339248516053592e-11,0
2024-05-14_2024-05-14 09:35:53-04:00,0.0584259259259259,0.0,4.0,5.979380482484226e-11,0
2024-05-14_2024-05-14 09:35:55-04:00,0.0584027777777777,1.0,1.0,5.655308165833408e-11,0
2024-05-14_2024-05-14 09:36:01-04:00,0.0583333333333333,0.0,2.0,1.1213087138437273e-12,0
2024-05-14_2024-05-14 09:36:06-04:00,0.0582754629629629,1.0,1.0,5.1294920152908196e-11,0
2024-05-14_2024-05-14 09:36:10-04:00,0.0582291666666666,0.0,5.0,7.428775517684887e-12,0
2024-05-14_2024-05-14 09:36:21-04:00,0.0581018518518518,7.0,3.0,2.4524681709269894e-11,0
2024-05-14_2024-05-14 10:21:33-04:00,0.0267129629629629,0.0,2.0,1.0581508310883576e-12,0
2024-05-15_2024-05-15 08:00:00-04:00,2.3148148148148147e-05,2315.0,4.0,1.090704612010703e-09,0
2024-05-15_2024-05-15 08:01:54-04:00,0.0090972222222222,6.0,3.0,3.8838143872239314e-10,0
2024-05-15_2024-05-15 08:25:30-04:00,0.003125,0.0,,3.5354765862198426e-10,0
2024-05-15_2024-05-15 08:38:50-04:00,0.0042824074074074,43.0,3.0,2.1864511654862202e-05,0
2024-05-15_2024-05-15 08:39:43-04:00,0.0036689814814814,104.0,1.0,5.110753298886374e-05,0
2024-05-15_2024-05-15 08:41:36-04:00,0.0023611111111111,2.0,2.0,2.3953000050059114e-05,0
2024-05-15_2024-05-15 08:41:40-04:00,0.0023148148148148,33.0,3.0,2.4469033628175632e-05,0
2024-05-15_2024-05-15 08:42:36-04:00,0.0016666666666666,239.0,1.0,3.488722859013013e-05,0
2024-05-15_2024-05-15 08:46:40-04:00,0.0092824074074074,4.0,3.0,2.2777410929739054e-05,0
2024-05-15_2024-05-15 08:46:46-04:00,0.0092129629629629,1.0,0.0,3.933277916886561e-06,0
2024-05-15_2024-05-15 08:46:50-04:00,0.0091666666666666,14.0,3.0,2.9464425007492945e-05,0
2024-05-15_2024-05-15 08:47:06-04:00,0.0089814814814814,14.0,3.0,2.465969416454708e-05,0
2024-05-15_2024-05-15 08:47:22-04:00,0.0087962962962962,28.0,3.0,2.3009855422461228e-05,0
2024-05-15_2024-05-15 09:00:07-04:00,0.0103356481481481,8.0,1.0,2.1259441687602742e-12,0
2024-05-15_2024-05-15 09:00:18-04:00,0.0102083333333333,7.0,1.0,1.7378164355973292e-12,0
2024-05-15_2024-05-15 09:00:27-04:00,0.0101041666666666,39.0,4.0,1.7626158681760678e-12,0
2024-05-15_2024-05-15 09:01:08-04:00,0.0096296296296296,7.0,1.0,1.7064102004192842e-12,0
2024-05-15_2024-05-15 09:01:17-04:00,0.0095254629629629,109.0,4.0,2.7980798298604854e-12,0
2024-05-15_2024-05-15 09:03:08-04:00,0.0082407407407407,232.0,4.0,6.3730883437136104e-12,0
2024-05-15_2024-05-15 09:08:19-04:00,0.0046412037037037,6.0,3.0,3.09682758564534e-05,0
2024-05-15_2024-05-15 09:08:33-04:00,0.0044791666666666,3.0,3.0,3.087526394963298e-05,0
2024-05-15_2024-05-15 09:08:40-04:00,0.0043981481481481,4.0,3.0,3.089092950362848e-05,0
2024-05-15_2024-05-15 09:08:46-04:00,0.0043287037037037,5.0,3.0,3.0911577895107143e-05,0
2024-05-15_2024-05-15 09:08:53-04:00,0.0042476851851851,0.0,3.0,3.1550030918518886e-05,0
2024-05-15_2024-05-15 09:08:55-04:00,0.004224537037037,0.0,0.0,4.506443245255659e-06,0
2024-05-15_2024-05-15 09:08:59-04:00,0.0041782407407407,1.0,3.0,3.131867248517805e-05,0
2024-05-15_2024-05-15 09:09:02-04:00,0.0041435185185185,1.0,0.0,4.510672935367689e-06,0
2024-05-15_2024-05-15 09:09:06-04:00,0.0040972222222222,0.0,0.0,4.543044717058711e-06,0
2024-05-15_2024-05-15 09:09:08-04:00,0.004074074074074,2.0,3.0,3.135823792268784e-05,0
2024-05-15_2024-05-15 09:09:12-04:00,0.0040277777777777,58.0,3.0,2.5947163091624577e-05,0
2024-05-15_2024-05-15 09:10:12-04:00,0.0033333333333333,11.0,3.0,2.798941943070652e-05,0
2024-05-15_2024-05-15 09:10:25-04:00,0.0031828703703703,40.0,3.0,2.7053444285706755e-05,0
2024-05-15_2024-05-15 09:11:08-04:00,0.0026851851851851,0.0,0.0,4.294402278602881e-06,0
2024-05-15_2024-05-15 09:11:10-04:00,0.002662037037037,10.0,3.0,2.7947745105318284e-05,0
2024-05-15_2024-05-15 09:11:22-04:00,0.0025231481481481,85.0,3.0,2.6676470409752543e-05,0
2024-05-15_2024-05-15 09:12:49-04:00,0.0015162037037037,4.0,3.0,2.827667377472666e-05,0
2024-05-15_2024-05-15 09:12:55-04:00,0.0014467592592592,2.0,0.0,4.5128684156667495e-06,0
2024-05-15_2024-05-15 09:13:00-04:00,0.0013888888888888,6.0,3.0,3.145132459329019e-05,0
2024-05-15_2024-05-15 09:13:08-04:00,0.0012962962962962,3.0,3.0,3.163845362767241e-05,0
2024-05-15_2024-05-15 09:15:18-04:00,0.0102083333333333,4.0,3.0,2.8506605546020327e-05,0
2024-05-15_2024-05-15 09:15:38-04:00,0.0099768518518518,3.0,0.0,4.44165479319344e-06,0
2024-05-15_2024-05-15 09:15:43-04:00,0.0099189814814814,35.0,3.0,2.389711823430168e-05,0
2024-05-15_2024-05-15 09:16:20-04:00,0.0094907407407407,80.0,3.0,2.6575147880456187e-05,0
2024-05-15_2024-05-15 09:17:45-04:00,0.0085069444444444,0.0,0.0,4.433160472877076e-06,0
2024-05-15_2024-05-15 09:17:47-04:00,0.0084837962962962,7.0,3.0,3.12069610763737e-05,0
2024-05-15_2024-05-15 09:17:56-04:00,0.0083796296296296,2.0,3.0,3.1085206400375217e-05,0
2024-05-15_2024-05-15 09:18:00-04:00,0.0083333333333333,33.0,3.0,2.9144119225482433e-05,0
2024-05-15_2024-05-15 09:18:38-04:00,0.0078935185185185,0.0,0.0,4.311618302309268e-06,0
2024-05-15_2024-05-15 09:18:46-04:00,0.0078009259259259,5.0,3.0,3.09041315018423e-05,0
2024-05-15_2024-05-15 09:18:54-04:00,0.0077083333333333,3.0,3.0,3.086158113934826e-05,0
2024-05-15_2024-05-15 09:20:02-04:00,0.0069212962962962,12.0,3.0,2.347391430586887e-05,0
2024-05-15_2024-05-15 09:20:16-04:00,0.0067592592592592,18.0,3.0,2.376938488898437e-05,0
2024-05-15_2024-05-15 09:20:36-04:00,0.0065277777777777,5.0,3.0,2.9935968408879963e-05,0
2024-05-15_2024-05-15 09:20:43-04:00,0.0064467592592592,12.0,3.0,2.986089518838862e-05,0
2024-05-15_2024-05-15 09:20:57-04:00,0.0062847222222222,2.0,0.0,4.4417399618637e-06,0
2024-05-15_2024-05-15 09:21:01-04:00,0.0062384259259259,14.0,3.0,3.1134007270028055e-05,0
2024-05-15_2024-05-15 09:21:18-04:00,0.0060416666666666,4.0,3.0,3.113717200239881e-05,0
2024-05-15_2024-05-15 09:21:24-04:00,0.0059722222222222,49.0,3.0,2.7932080035553746e-05,0
2024-05-15_2024-05-15 09:22:15-04:00,0.0053819444444444,27.0,3.0,2.972930527465772e-05,0
2024-05-15_2024-05-15 09:22:44-04:00,0.0050462962962962,6.0,3.0,3.043660992116253e-05,0
2024-05-15_2024-05-15 09:22:52-04:00,0.0049537037037037,1.0,0.0,4.367692411637383e-06,0
2024-05-15_2024-05-15 09:22:56-04:00,0.0049074074074074,3.0,3.0,3.0372953616354268e-05,0
2024-05-15_2024-05-15 09:23:02-04:00,0.0048379629629629,155.0,3.0,2.146599171832299e-05,0
2024-05-15_2024-05-15 09:37:02-04:00,0.0055324074074074,0.0,5.0,3.1868858100093838e-06,0
2024-05-16_2024-05-16 08:02:27-04:00,0.0816435185185185,1.0,3.0,0.0003277205152015746,0
2024-05-16_2024-05-16 08:14:04-04:00,0.0735763888888888,18.0,3.0,0.003143195379112872,0
2024-05-16_2024-05-16 08:14:30-04:00,0.0732754629629629,78.0,3.0,0.0029847512734227435,0
2024-05-16_2024-05-16 08:15:50-04:00,0.072349537037037,1.0,3.0,0.0032747890993714804,0
2024-05-16_2024-05-16 08:23:37-04:00,0.0669444444444444,10.0,3.0,0.003195454240376619,0
2024-05-16_2024-05-16 08:25:21-04:00,0.0657407407407407,7.0,3.0,0.003036681532537356,0
2024-05-16_2024-05-16 08:25:30-04:00,0.065636574074074,289.0,1.0,0.004896368616643826,0
2024-05-17_2024-05-17 08:00:00-04:00,0.0905555555555555,5.0,4.0,0.985350942391075,1
2024-05-17_2024-05-17 08:00:50-04:00,0.0899768518518518,0.0,,0.9962615604324613,1
2024-05-17_2024-05-17 08:00:53-04:00,0.0899421296296296,2.0,1.0,0.9823685889756473,1
2024-05-17_2024-05-17 08:02:00-04:00,0.0891666666666666,0.0,3.0,0.9688004231315804,1
2024-05-17_2024-05-17 08:03:26-04:00,0.0881712962962963,265.0,4.0,0.2889063220398811,1
2024-05-17_2024-05-17 08:15:02-04:00,0.0801157407407407,0.0,,0.9646996753610534,1
2024-05-17_2024-05-17 08:17:46-04:00,0.0782175925925925,0.0,,0.951425576488066,1
2024-05-17_2024-05-17 08:19:43-04:00,0.0768634259259259,2.0,3.0,0.4557243219864523,1
2024-05-17_2024-05-17 08:19:47-04:00,0.0768171296296296,8.0,3.0,0.45563090210675716,1
2024-05-17_2024-05-17 08:19:58-04:00,0.0766898148148148,7.0,3.0,0.44509179208289895,1
2024-05-17_2024-05-17 08:20:09-04:00,0.0765625,6.0,3.0,0.4531675049719341,1
2024-05-17_2024-05-17 08:20:19-04:00,0.0764467592592592,6.0,3.0,0.4556134831007456,1
2024-05-17_2024-05-17 08:20:29-04:00,0.0763310185185185,6.0,3.0,0.5435397150397262,1
2024-05-17_2024-05-17 08:20:39-04:00,0.0762152777777777,2.0,0.0,0.10309127197076161,1
2024-05-17_2024-05-17 08:22:37-04:00,0.074849537037037,0.0,,0.9682746494597289,1
2024-05-17_2024-05-17 08:22:47-04:00,0.0747337962962963,2.0,3.0,0.09454341102380662,1
2024-05-17_2024-05-17 08:22:52-04:00,0.0746759259259259,8.0,1.0,0.19982550002144514,1
2024-05-17_2024-05-17 08:23:02-04:00,0.0745601851851851,24.0,4.0,0.34654358681342406,1
2024-05-17_2024-05-17 08:23:29-04:00,0.0742476851851851,7.0,1.0,0.34077109002455924,1
2024-05-17_2024-05-17 08:23:38-04:00,0.0741435185185185,4.0,1.0,0.5007558140345404,1
2024-05-17_2024-05-17 08:23:50-04:00,0.0740046296296296,0.0,,0.955442957005145,1
2024-05-17_2024-05-17 08:23:59-04:00,0.0739004629629629,0.0,,0.9476832304278163,1
2024-05-17_2024-05-17 08:24:08-04:00,0.0737962962962962,0.0,,0.9456543414503537,1
2024-05-17_2024-05-17 08:24:18-04:00,0.0736805555555555,0.0,,0.9635279983626271,1
2024-05-17_2024-05-17 08:24:29-04:00,0.0735532407407407,0.0,,0.9612007110078864,1
2024-05-17_2024-05-17 08:24:37-04:00,0.0734606481481481,0.0,,0.9480863241331345,1
2024-05-17_2024-05-17 08:24:48-04:00,0.0733333333333333,0.0,,0.9203635700941125,1
2024-05-17_2024-05-17 08:24:57-04:00,0.0732291666666666,0.0,,0.9185685918580097,1
2024-05-17_2024-05-17 08:25:07-04:00,0.0731134259259259,0.0,,0.9318715846068196,1
2024-05-17_2024-05-17 08:25:16-04:00,0.0730092592592592,0.0,,0.9323764861886426,1
2024-05-17_2024-05-17 08:25:25-04:00,0.0729050925925925,0.0,,0.9303237008888472,1
2024-05-17_2024-05-17 08:25:35-04:00,0.0727893518518518,0.0,,0.9400372286198032,1
2024-05-17_2024-05-17 08:25:45-04:00,0.0726736111111111,0.0,,0.9529842248950346,1
2024-05-17_2024-05-17 08:26:02-04:00,0.0724768518518518,0.0,,0.9123653867277225,1
2024-05-17_2024-05-17 08:26:11-04:00,0.0723726851851851,0.0,,0.950027152707905,1
2024-05-17_2024-05-17 08:26:20-04:00,0.0722685185185185,0.0,,0.8971723728290492,1
2024-05-17_2024-05-17 08:26:29-04:00,0.0721643518518518,0.0,,0.8587592690837618,1
2024-05-17_2024-05-17 08:26:40-04:00,0.072037037037037,0.0,,0.8779715343617711,1
2024-05-17_2024-05-17 08:26:49-04:00,0.0719328703703703,0.0,,0.8187215823411772,1
2024-05-17_2024-05-17 08:26:59-04:00,0.0718171296296296,0.0,,0.7573962620402906,1
2024-05-17_2024-05-17 08:27:08-04:00,0.0717129629629629,0.0,,0.7988816138184593,1
2024-05-17_2024-05-17 08:27:18-04:00,0.0715972222222222,0.0,,0.9348719096395045,1
2024-05-17_2024-05-17 08:27:31-04:00,0.0714467592592592,0.0,,0.9391298493212641,1
2024-05-17_2024-05-17 08:27:41-04:00,0.0713310185185185,0.0,,0.9333875146209948,1
2024-05-17_2024-05-17 08:27:50-04:00,0.0712268518518518,0.0,,0.9564566523635751,1
2024-05-17_2024-05-17 08:27:59-04:00,0.0711226851851851,0.0,,0.9540647957568738,1
2024-05-17_2024-05-17 08:28:08-04:00,0.0710185185185185,0.0,,0.953707150290886,1
2024-05-17_2024-05-17 08:28:18-04:00,0.0709027777777777,0.0,,0.9536979130297234,1
2024-05-17_2024-05-17 08:28:28-04:00,0.070787037037037,0.0,,0.9537029448712544,1
2024-05-17_2024-05-17 08:28:37-04:00,0.0706828703703703,0.0,,0.9564646016621758,1
2024-05-17_2024-05-17 08:28:46-04:00,0.0705787037037037,0.0,,0.9537105742431452,1
2024-05-17_2024-05-17 08:28:52-04:00,0.0705092592592592,0.0,,0.9571176727008343,1
2024-05-17_2024-05-17 08:29:01-04:00,0.0704050925925925,0.0,,0.954057047719007,1
2024-05-17_2024-05-17 08:29:11-04:00,0.0702893518518518,0.0,,0.9571247902409393,1
2024-05-17_2024-05-17 08:29:21-04:00,0.0701736111111111,0.0,,0.9540670365877592,1
2024-05-17_2024-05-17 08:31:04-04:00,0.0689814814814814,0.0,,0.9540604094659623,1
2024-05-17_2024-05-17 08:31:14-04:00,0.0688657407407407,0.0,,0.9540630433473891,1
2024-05-17_2024-05-17 08:31:24-04:00,0.06875,0.0,,0.9540538736797854,1
2024-05-17_2024-05-17 08:31:40-04:00,0.0685648148148148,0.0,,0.9540566719128104,1
2024-05-17_2024-05-17 08:31:50-04:00,0.068449074074074,0.0,,0.9571222280685513,1
2024-05-17_2024-05-17 08:34:01-04:00,0.0669328703703703,6.0,3.0,0.45310921211029237,1
2024-05-17_2024-05-17 08:34:09-04:00,0.0668402777777777,5.0,3.0,0.40394406308935055,1
2024-05-17_2024-05-17 08:34:16-04:00,0.0667592592592592,5.0,3.0,0.41356813962125943,1
2024-05-17_2024-05-17 08:34:24-04:00,0.0666666666666666,6.0,3.0,0.3773311682017625,1
2024-05-17_2024-05-17 08:34:33-04:00,0.0665625,4.0,3.0,0.4526514097108438,1
2024-05-17_2024-05-17 08:34:40-04:00,0.0664814814814814,5.0,3.0,0.4135064570237828,1
2024-05-17_2024-05-17 08:34:48-04:00,0.0663888888888888,5.0,3.0,0.4134946047498607,1
2024-05-17_2024-05-17 08:34:56-04:00,0.0662962962962963,6.0,3.0,0.45335796202376427,1
2024-05-17_2024-05-17 08:35:04-04:00,0.0662037037037037,7.0,3.0,0.3987435045507512,1
2024-05-17_2024-05-17 08:35:14-04:00,0.0660879629629629,4.0,3.0,0.45264439962428044,1
2024-05-17_2024-05-17 08:39:49-04:00,0.0629050925925926,0.0,,0.9798673767612452,1
2024-05-17_2024-05-17 08:40:26-04:00,0.0624768518518518,0.0,,0.9790549770552606,1
2024-05-17_2024-05-17 08:40:46-04:00,0.0622453703703703,0.0,,0.9782137419201686,1
2024-05-20_2024-05-20 08:01:03-04:00,13.501203703703704,0.0,2.0,0.9345047076546565,1
2024-05-20_2024-05-20 08:03:35-04:00,13.499444444444444,0.0,3.0,0.9488611901990682,1
2024-05-20_2024-05-20 08:03:37-04:00,13.499421296296296,1.0,3.0,0.948531668241736,1
2024-05-20_2024-05-20 08:03:40-04:00,13.499386574074077,2.0,3.0,0.9490431283391723,1
2024-05-20_2024-05-20 08:03:44-04:00,13.499340277777778,3.0,3.0,0.9468292080207067,1
2024-05-20_2024-05-20 08:03:50-04:00,13.499270833333334,2.0,3.0,0.9486747510477023,1
2024-05-20_2024-05-20 08:03:54-04:00,13.499224537037035,0.0,3.0,0.9488931176184995,1
2024-05-20_2024-05-20 08:03:56-04:00,13.499201388888888,2.0,3.0,0.9479486026100923,1
2024-05-20_2024-05-20 08:04:00-04:00,13.499155092592591,2.0,3.0,0.9470670755221793,1
2024-05-20_2024-05-20 08:04:08-04:00,13.4990625,0.0,3.0,0.9468924287084158,1
2024-05-20_2024-05-20 08:04:10-04:00,13.499039351851852,0.0,3.0,0.9464272605552255,1
2024-05-20_2024-05-20 08:04:13-04:00,13.49900462962963,0.0,3.0,0.9476595594705856,1
2024-05-20_2024-05-20 08:04:24-04:00,13.498877314814814,3.0,3.0,0.9467055982328,1
2024-05-20_2024-05-20 08:04:29-04:00,13.498819444444443,1.0,5.0,0.8435208970889185,1
2024-05-20_2024-05-20 08:04:32-04:00,13.498784722222222,2.0,3.0,0.9466124628269096,1
2024-05-20_2024-05-20 08:04:36-04:00,13.498738425925923,1.0,3.0,0.9481162745410644,1
2024-05-20_2024-05-20 08:04:39-04:00,13.498703703703704,2.0,3.0,0.9465745633816367,1
2024-05-20_2024-05-20 08:04:43-04:00,13.498657407407409,4.0,3.0,0.9475676731955065,1
2024-05-20_2024-05-20 08:04:52-04:00,13.49855324074074,1.0,3.0,0.9477310798435631,1
2024-05-20_2024-05-20 08:04:55-04:00,13.498518518518518,0.0,3.0,0.9495959010531396,1
2024-05-20_2024-05-20 08:04:59-04:00,13.498472222222222,2.0,3.0,0.9485902374761613,1
2024-05-20_2024-05-20 08:05:04-04:00,13.498414351851851,1.0,3.0,0.9481303790308233,1
2024-05-20_2024-05-20 08:05:07-04:00,13.49837962962963,1.0,3.0,0.9488988175164315,1
2024-05-20_2024-05-20 08:05:14-04:00,13.49829861111111,0.0,3.0,0.949586155463707,1
2024-05-20_2024-05-20 08:05:16-04:00,13.498275462962964,0.0,3.0,0.9464293472015359,1
2024-05-20_2024-05-20 08:05:18-04:00,13.498252314814817,3.0,3.0,0.9478988477184864,1
2024-05-20_2024-05-20 08:05:24-04:00,13.498182870370371,0.0,3.0,0.948801731689363,1
2024-05-20_2024-05-20 08:05:26-04:00,13.498159722222224,6.0,3.0,0.9468622585513832,1
2024-05-20_2024-05-20 08:05:34-04:00,13.49806712962963,2.0,3.0,0.9466661083211356,1
2024-05-20_2024-05-20 08:05:38-04:00,13.498020833333332,8.0,3.0,0.9481029020611322,1
2024-05-20_2024-05-20 08:05:54-04:00,13.497835648148149,0.0,3.0,0.9464742230220937,1
2024-05-20_2024-05-20 08:05:56-04:00,13.4978125,0.0,3.0,0.9468714350589101,1
2024-05-20_2024-05-20 08:06:00-04:00,13.497766203703703,0.0,3.0,0.9485167268037465,1
2024-05-20_2024-05-20 08:06:05-04:00,13.497708333333334,1.0,3.0,0.9465463883380603,1
2024-05-20_2024-05-20 08:06:08-04:00,13.49767361111111,5.0,3.0,0.9469871805724649,1
2024-05-20_2024-05-20 08:06:17-04:00,13.497569444444444,0.0,5.0,0.8495330858891095,1
2024-05-20_2024-05-20 08:06:28-04:00,13.49744212962963,0.0,3.0,0.9464288927379277,1
2024-05-20_2024-05-20 08:06:30-04:00,13.49741898148148,0.0,3.0,0.947639749582676,1
2024-05-20_2024-05-20 08:06:33-04:00,13.49738425925926,6.0,3.0,0.9471886027665523,1
2024-05-20_2024-05-20 08:06:41-04:00,13.497291666666667,3.0,3.0,0.9468347642276645,1
2024-05-20_2024-05-20 08:06:46-04:00,13.497233796296296,0.0,3.0,0.9488852585238121,1
2024-05-20_2024-05-20 08:06:48-04:00,13.497210648148148,1.0,3.0,0.9481970990247949,1
2024-05-20_2024-05-20 08:06:52-04:00,13.497164351851852,2.0,3.0,0.9467419361727856,1
2024-05-20_2024-05-20 08:06:56-04:00,13.497118055555555,0.0,3.0,0.9468733171683785,1
2024-05-20_2024-05-20 08:06:59-04:00,13.497083333333334,10.0,1.0,0.9732773927563005,1
2024-05-28_2024-05-28 08:01:04-04:00,5.501192129629629,0.0,3.0,0.9546565911706671,1
2024-05-28_2024-05-28 08:01:14-04:00,5.5010763888888885,0.0,3.0,0.9511620850737275,1
2024-05-28_2024-05-28 08:04:40-04:00,5.49869212962963,0.0,3.0,0.958613796697832,1
2024-05-28_2024-05-28 08:04:45-04:00,5.498634259259259,1.0,3.0,0.9589701467016851,1
2024-05-28_2024-05-28 08:04:48-04:00,5.498599537037037,1.0,3.0,0.961131357167829,1
2024-05-28_2024-05-28 08:04:51-04:00,5.498564814814815,19.0,3.0,0.9527507438587952,1
2024-05-28_2024-05-28 08:05:12-04:00,5.49832175925926,0.0,3.0,0.9653219704528705,1
2024-05-28_2024-05-28 08:05:14-04:00,5.498298611111111,7.0,3.0,0.9517917009762772,1
2024-05-28_2024-05-28 08:05:26-04:00,5.498159722222222,0.0,3.0,0.9524349956539327,1
2024-05-28_2024-05-28 08:05:31-04:00,5.498101851851852,2.0,3.0,0.9546840143623503,1
2024-05-28_2024-05-28 08:05:35-04:00,5.498055555555555,3.0,3.0,0.9522738265092768,1
2024-05-28_2024-05-28 08:05:42-04:00,5.497974537037037,0.0,3.0,0.9616499731349041,1
2024-05-28_2024-05-28 08:05:44-04:00,5.497951388888889,2.0,3.0,0.9570788438444234,1
2024-05-28_2024-05-28 08:05:48-04:00,5.4979050925925925,1.0,3.0,0.9589547359725589,1
2024-05-28_2024-05-28 08:05:51-04:00,5.497870370370371,0.0,3.0,0.9545686666280249,1
2024-05-28_2024-05-28 08:05:54-04:00,5.497835648148148,5.0,3.0,0.951640201587601,1
2024-05-28_2024-05-28 08:06:01-04:00,5.49775462962963,15.0,3.0,0.9522572336512023,1
2024-05-28_2024-05-28 08:06:18-04:00,5.49755787037037,1.0,3.0,0.9623037810736662,1
2024-05-28_2024-05-28 08:06:22-04:00,5.497511574074074,0.0,3.0,0.9527892714349779,1
2024-05-28_2024-05-28 08:06:28-04:00,5.497442129629629,0.0,3.0,0.9569477491317787,1
2024-05-28_2024-05-28 08:06:32-04:00,5.497395833333333,1.0,3.0,0.9546125867253102,1
2024-05-28_2024-05-28 08:06:37-04:00,5.497337962962963,0.0,2.0,0.951140780983935,1
2024-05-28_2024-05-28 08:06:40-04:00,5.497303240740741,0.0,3.0,0.9513340237405691,1
2024-05-28_2024-05-28 08:06:45-04:00,5.49724537037037,0.0,3.0,0.9619641435631952,1
2024-05-28_2024-05-28 08:06:48-04:00,5.497210648148148,4.0,3.0,0.9515242843528011,1
2024-05-28_2024-05-28 08:07:00-04:00,5.497071759259259,0.0,3.0,0.9610652882342632,1
2024-05-28_2024-05-28 08:07:02-04:00,5.497048611111111,1.0,3.0,0.9566665491634394,1
2024-05-28_2024-05-28 08:07:05-04:00,5.497013888888889,3.0,3.0,0.9547176156943784,1
2024-05-28_2024-05-28 08:07:12-04:00,5.496932870370371,2.0,3.0,0.9525614760093333,1
2024-05-28_2024-05-28 08:07:16-04:00,5.496886574074074,10.0,3.0,0.9532906452636655,1
2024-05-28_2024-05-28 08:07:31-04:00,5.496712962962963,11.0,3.0,0.9519593138821356,1
2024-05-28_2024-05-28 08:07:44-04:00,5.4965625,2.0,3.0,0.9517870373875061,1
2024-05-28_2024-05-28 08:07:48-04:00,5.496516203703703,1.0,3.0,0.9563359446473915,1
2024-05-28_2024-05-28 08:07:51-04:00,5.4964814814814815,2.0,3.0,0.952543100805304,1
2024-05-28_2024-05-28 08:07:56-04:00,5.496423611111111,2.0,3.0,0.9570578824378568,1
2024-05-28_2024-05-28 08:08:01-04:00,5.496365740740741,2.0,3.0,0.9517875238308173,1
2024-05-28_2024-05-28 08:08:08-04:00,5.496284722222223,0.0,3.0,0.9562771935045307,1
2024-05-28_2024-05-28 08:08:10-04:00,5.496261574074074,0.0,3.0,0.9613522128263425,1
2024-05-28_2024-05-28 08:08:13-04:00,5.496226851851852,0.0,3.0,0.9622333701017286,1
2024-05-28_2024-05-28 08:08:15-04:00,5.496203703703704,0.0,3.0,0.9625221516454378,1
2024-05-28_2024-05-28 08:08:26-04:00,5.496076388888889,0.0,3.0,0.9616557304993516,1
2024-05-28_2024-05-28 08:08:32-04:00,5.496006944444445,1.0,3.0,0.9546018258502449,1
2024-05-28_2024-05-28 08:08:36-04:00,5.495960648148148,0.0,3.0,0.9528245130842404,1
2024-05-28_2024-05-28 08:08:42-04:00,5.495891203703704,2.0,3.0,0.9522195226502527,1
2024-05-28_2024-05-28 08:08:46-04:00,5.495844907407408,0.0,3.0,0.9521223199154644,1
2024-05-28_2024-05-28 08:08:49-04:00,5.495810185185185,0.0,3.0,0.9622517972556851,1
2024-05-28_2024-05-28 08:08:52-04:00,5.495775462962963,3.0,3.0,0.957155141471487,1
2024-05-28_2024-05-28 08:08:59-04:00,5.495694444444444,0.0,3.0,0.9619356594153874,1
2024-05-29_2024-05-29 09:12:32-04:00,4.4515625,0.0,3.0,0.955941619160761,1
2024-05-29_2024-05-29 09:12:34-04:00,4.451539351851852,3.0,3.0,0.923724485606902,1
2024-05-29_2024-05-29 09:12:40-04:00,4.451469907407407,0.0,5.0,0.7745661933698226,1
2024-06-03_2024-06-03 08:00:00-04:00,6.500011574074074,5782.0,4.0,0.005800943586033703,0
2024-06-03_2024-06-03 09:36:24-04:00,6.43306712962963,9.0,4.0,0.004207015768586429,0
2024-06-03_2024-06-03 09:36:48-04:00,6.432789351851852,4.0,1.0,0.005190457738526233,0
2024-06-04_2024-06-04 08:00:00-04:00,5.500011574074074,0.0,1.0,0.45296399155849965,0
2024-06-04_2024-06-04 08:00:17-04:00,5.499814814814815,2.0,3.0,0.24809591873798378,0
2024-06-04_2024-06-04 08:01:01-04:00,5.499305555555556,1.0,0.0,0.017188904158697983,0
2024-06-04_2024-06-04 08:01:06-04:00,5.4992476851851855,1.0,2.0,0.08870881460292111,0
2024-06-04_2024-06-04 08:01:41-04:00,5.498842592592593,2.0,1.0,0.32024178957321114,0
2024-06-04_2024-06-04 08:02:15-04:00,5.498449074074074,0.0,3.0,0.19796380882055106,0
2024-06-04_2024-06-04 08:02:28-04:00,5.498298611111111,241.0,4.0,0.3272179462485371,0
2024-06-07_2024-06-07 08:00:00-04:00,2.5000115740740743,2.0,4.0,2.6488550212302e-06,0
2024-06-07_2024-06-07 08:00:05-04:00,2.499953703703704,4.0,4.0,1.3057274689297967e-06,0
2024-06-07_2024-06-07 08:00:50-04:00,2.4994328703703705,9.0,5.0,2.0838844971180659e-07,0
2024-06-07_2024-06-07 08:00:54-04:00,2.499386574074074,1.0,1.0,8.758654752020825e-07,0
2024-06-07_2024-06-07 08:01:38-04:00,2.498877314814815,0.0,,4.034977558043808e-06,0
2024-06-07_2024-06-07 08:01:41-04:00,2.498842592592593,0.0,,4.931607955605737e-06,0
2024-06-07_2024-06-07 08:02:00-04:00,2.498622685185185,0.0,3.0,1.9324078918208462e-05,0
2024-06-07_2024-06-07 08:02:51-04:00,2.498032407407408,0.0,,2.4495566461592207e-05,0
2024-06-07_2024-06-07 08:04:17-04:00,2.497037037037037,5.0,3.0,2.2144657127343038e-07,0
2024-06-07_2024-06-07 08:04:25-04:00,2.4969444444444444,7.0,3.0,1.7189633298854024e-07,0
2024-06-07_2024-06-07 08:04:35-04:00,2.496828703703704,7.0,3.0,1.882650695746405e-07,0
2024-06-07_2024-06-07 08:04:45-04:00,2.4967129629629627,7.0,3.0,1.724548852613082e-07,0
2024-06-07_2024-06-07 08:04:56-04:00,2.496585648148148,2.0,3.0,1.7210695403648805e-07,0
2024-06-07_2024-06-07 08:05:26-04:00,2.496238425925926,0.0,,4.9651155268697765e-06,0
2024-06-07_2024-06-07 08:26:23-04:00,2.481689814814815,3.0,3.0,1.7216478259969865e-07,0
2024-06-07_2024-06-07 08:26:56-04:00,2.48130787037037,6.0,3.0,1.702584304971944e-07,0
2024-06-07_2024-06-07 08:27:33-04:00,2.4808796296296296,3.0,3.0,1.7218157117525496e-07,0
2024-06-07_2024-06-07 08:28:04-04:00,2.4805208333333333,0.0,,5.6871310376562675e-06,0
2024-06-07_2024-06-07 08:28:34-04:00,2.4801736111111112,4.0,3.0,1.7965001542643384e-07,0
2024-06-07_2024-06-07 08:29:07-04:00,2.479791666666667,3.0,3.0,1.7368254607376945e-07,0
2024-06-07_2024-06-07 08:29:39-04:00,2.4794212962962963,2.0,3.0,1.7069549701671613e-07,0
2024-06-07_2024-06-07 08:30:10-04:00,2.4790625,2.0,3.0,2.1181255026278358e-07,0
2024-06-07_2024-06-07 08:30:39-04:00,2.478726851851852,3.0,3.0,1.7219226791118185e-07,0
2024-06-07_2024-06-07 08:45:24-04:00,2.4684837962962964,0.0,,5.014478163797123e-10,0
2024-06-07_2024-06-07 08:45:40-04:00,2.468298611111111,0.0,,5.015878795049767e-10,0
2024-06-07_2024-06-07 08:45:58-04:00,2.468090277777778,0.0,,4.97448585828072e-10,0
2024-06-07_2024-06-07 08:46:12-04:00,2.467928240740741,0.0,,2.394419857171512e-10,0
2024-06-07_2024-06-07 08:46:25-04:00,2.4677777777777776,0.0,,2.2469349990596523e-10,0
2024-06-07_2024-06-07 08:46:41-04:00,2.467592592592593,0.0,,2.245747525203641e-10,0
2024-06-07_2024-06-07 08:46:57-04:00,2.4674074074074075,0.0,,2.2275718899642463e-10,0
2024-06-07_2024-06-07 08:47:11-04:00,2.4672453703703705,0.0,,2.1224860168190547e-10,0
2024-06-07_2024-06-07 08:47:27-04:00,2.467060185185185,0.0,,1.9754022192868122e-10,0
2024-06-07_2024-06-07 08:47:43-04:00,2.466875,0.0,,1.822925686240574e-10,0
2024-06-07_2024-06-07 08:47:55-04:00,2.466736111111111,0.0,,1.5276255012228028e-10,0
2024-06-07_2024-06-07 08:48:11-04:00,2.466550925925926,0.0,,1.4675316462550612e-10,0
2024-06-07_2024-06-07 08:48:25-04:00,2.466388888888889,0.0,,1.3649506150870316e-10,0
2024-06-07_2024-06-07 08:48:38-04:00,2.466238425925926,0.0,,1.2906448826022986e-10,0
2024-06-07_2024-06-07 08:48:53-04:00,2.466064814814815,0.0,,1.2806122131588057e-10,0
2024-06-07_2024-06-07 08:49:09-04:00,2.465879629629629,0.0,,1.1820194731656213e-10,0
2024-06-07_2024-06-07 08:49:23-04:00,2.4657175925925925,0.0,,1.1817115127084144e-10,0
2024-06-07_2024-06-07 08:49:38-04:00,2.4655439814814817,0.0,,1.117141713758666e-10,0
2024-06-07_2024-06-07 08:49:53-04:00,2.4653703703703704,0.0,,1.1083383526221252e-10,0
2024-06-07_2024-06-07 08:50:25-04:00,2.465,0.0,,1.0815759823643332e-10,0
2024-06-07_2024-06-07 08:50:38-04:00,2.464849537037037,0.0,,1.0643563421358018e-10,0
2024-06-07_2024-06-07 08:50:53-04:00,2.464675925925926,0.0,,1.0060905546699295e-10,0
2024-06-07_2024-06-07 08:51:08-04:00,2.464502314814814,0.0,,1.0063167438174357e-10,0
2024-06-07_2024-06-07 08:51:24-04:00,2.4643171296296296,0.0,,1.0063267839312928e-10,0
2024-06-07_2024-06-07 08:51:39-04:00,2.4641435185185183,0.0,,1.0060652253637902e-10,0
2024-06-07_2024-06-07 08:51:54-04:00,2.4639699074074075,0.0,,9.904223580763486e-11,0
2024-06-07_2024-06-07 08:52:12-04:00,2.463761574074074,0.0,,9.825135732903422e-11,0
2024-06-07_2024-06-07 08:52:26-04:00,2.463599537037037,0.0,,9.742456355683368e-11,0
2024-06-07_2024-06-07 08:52:41-04:00,2.463425925925926,0.0,,9.670369822689347e-11,0
2024-06-07_2024-06-07 08:52:57-04:00,2.4632407407407406,0.0,,9.67359193407973e-11,0
2024-06-07_2024-06-07 08:53:13-04:00,2.463055555555556,0.0,,9.666396811701635e-11,0
2024-06-07_2024-06-07 08:53:28-04:00,2.4628819444444443,0.0,,9.589190135097758e-11,0
2024-06-07_2024-06-07 08:53:44-04:00,2.4626967592592592,0.0,,9.59135195640582e-11,0
2024-06-07_2024-06-07 08:53:59-04:00,2.462523148148148,0.0,,9.286313032580196e-11,0
2024-06-07_2024-06-07 08:54:13-04:00,2.462361111111111,0.0,,8.922437755676431e-11,0
2024-06-07_2024-06-07 08:54:16-04:00,2.462326388888889,88.0,4.0,2.8092100084391724e-12,0
2024-06-07_2024-06-07 08:55:46-04:00,2.461284722222222,40.0,1.0,2.1506114668143276e-12,0
2024-06-07_2024-06-07 08:55:55-04:00,2.4611805555555555,31.0,1.0,2.0616971100501874e-12,0
2024-06-07_2024-06-07 08:56:28-04:00,2.460798611111111,91.0,4.0,4.370360985768584e-12,0
2024-06-07_2024-06-07 08:58:01-04:00,2.459722222222222,14.0,1.0,1.4652471977093435e-12,0
2024-06-07_2024-06-07 08:58:35-04:00,2.4593287037037035,24.0,1.0,1.46057504212181e-12,0
2024-06-07_2024-06-07 08:59:09-04:00,2.4589351851851853,90.0,4.0,2.0416426150488557e-12,0
2024-06-07_2024-06-07 09:00:41-04:00,2.45787037037037,75.0,4.0,2.6961971739533957e-12,0
2024-06-07_2024-06-07 09:01:58-04:00,2.4569791666666667,61.0,4.0,6.233222025331005e-12,0
2024-06-07_2024-06-07 09:03:01-04:00,2.45625,52.0,4.0,7.978888686786796e-12,0
2024-06-07_2024-06-07 09:04:01-04:00,2.455555555555556,0.0,,4.928787696028177e-11,0
2024-06-07_2024-06-07 09:04:03-04:00,2.455532407407407,29.0,4.0,5.9334907557350625e-12,0
2024-06-07_2024-06-07 09:04:36-04:00,2.455150462962963,0.0,,1.23312499155266e-09,0
2024-06-07_2024-06-07 09:04:44-04:00,2.4550578703703705,0.0,,4.890032972438836e-11,0
2024-06-07_2024-06-07 09:04:54-04:00,2.4549421296296297,0.0,,1.1663761381969045e-09,0
2024-06-07_2024-06-07 09:04:59-04:00,2.4548842592592592,0.0,,4.8908689183450095e-11,0
2024-06-07_2024-06-07 09:05:08-04:00,2.4547800925925927,0.0,,1.2133762225402612e-09,0
2024-06-07_2024-06-07 09:05:15-04:00,2.454699074074074,0.0,,4.890654295879789e-11,0
2024-06-07_2024-06-07 09:05:28-04:00,2.454548611111111,0.0,,4.735873446759061e-11,0
2024-06-07_2024-06-07 09:05:43-04:00,2.454375,0.0,,4.6962765213938606e-11,0
2024-06-07_2024-06-07 09:06:01-04:00,2.4541666666666666,0.0,,4.657521063949525e-11,0
2024-06-07_2024-06-07 09:06:16-04:00,2.453993055555556,0.0,,4.659070017842266e-11,0
2024-06-07_2024-06-07 09:06:35-04:00,2.453773148148148,0.0,,4.585157633469762e-11,0
2024-06-07_2024-06-07 09:06:51-04:00,2.453587962962963,0.0,,4.5487832551727477e-11,0
2024-06-07_2024-06-07 09:07:05-04:00,2.453425925925926,0.0,,4.5117196947807106e-11,0
2024-06-07_2024-06-07 09:07:20-04:00,2.453252314814814,0.0,,4.5127340190151464e-11,0
2024-06-07_2024-06-07 09:07:33-04:00,2.453101851851852,0.0,,4.511555469102061e-11,0
2024-06-07_2024-06-07 09:07:48-04:00,2.4529282407407407,0.0,,4.5120836860424116e-11,0
2024-06-07_2024-06-07 09:07:59-04:00,2.452800925925926,0.0,,4.510899680288369e-11,0
2024-06-07_2024-06-07 09:08:15-04:00,2.452615740740741,0.0,,4.511673627084991e-11,0
2024-06-07_2024-06-07 09:08:29-04:00,2.4524537037037035,0.0,,4.511713013766978e-11,0
2024-06-07_2024-06-07 09:08:43-04:00,2.4522916666666665,0.0,,4.5122384354775756e-11,0
2024-06-07_2024-06-07 09:08:58-04:00,2.452118055555556,0.0,,4.510822680152621e-11,0
2024-06-07_2024-06-07 09:09:13-04:00,2.4519444444444445,0.0,,4.513295091136343e-11,0
2024-06-07_2024-06-07 09:09:27-04:00,2.4517824074074075,0.0,,4.43952890971788e-11,0
2024-06-07_2024-06-07 09:09:43-04:00,2.4515972222222224,0.0,,4.4054960608887926e-11,0
2024-06-07_2024-06-07 09:10:10-04:00,2.4512847222222223,0.0,,4.3703415349594466e-11,0
2024-06-07_2024-06-07 09:10:24-04:00,2.4511226851851853,0.0,,4.3342650060104055e-11,0
2024-06-07_2024-06-07 09:10:40-04:00,2.4509375,0.0,,4.230705134924826e-11,0
2024-06-07_2024-06-07 09:10:55-04:00,2.450763888888889,0.0,,4.197366101292096e-11,0
2024-06-07_2024-06-07 09:11:07-04:00,2.450625,0.0,,4.097729037942989e-11,0
2024-06-07_2024-06-07 09:11:28-04:00,2.450381944444445,0.0,,3.9061181162898276e-11,0
2024-06-07_2024-06-07 09:11:42-04:00,2.450219907407408,0.0,,3.8435176315739214e-11,0
2024-06-07_2024-06-07 09:11:56-04:00,2.45005787037037,0.0,,3.843137178090563e-11,0
2024-06-07_2024-06-07 09:12:10-04:00,2.449895833333333,0.0,,3.5754631465974314e-11,0
2024-06-07_2024-06-07 09:12:25-04:00,2.4497222222222224,0.0,,3.1698236125875545e-11,0
2024-06-07_2024-06-07 09:12:41-04:00,2.449537037037037,0.0,,3.1453547444914574e-11,0
2024-06-07_2024-06-07 09:12:59-04:00,2.449328703703704,0.0,,2.810086189942219e-11,0
2024-06-07_2024-06-07 09:13:14-04:00,2.4491550925925925,0.0,,2.7877918399995223e-11,0
2024-06-07_2024-06-07 09:13:29-04:00,2.4489814814814816,0.0,,2.7885687800524402e-11,0
2024-06-07_2024-06-07 09:13:44-04:00,2.4488078703703704,0.0,,2.7873935657829163e-11,0
2024-06-07_2024-06-07 09:13:58-04:00,2.4486458333333334,0.0,,2.722402602061464e-11,0
2024-06-07_2024-06-07 09:14:13-04:00,2.448472222222222,0.0,,2.5721236915485803e-11,0
2024-06-07_2024-06-07 09:14:27-04:00,2.448310185185185,0.0,,2.5731160844960128e-11,0
2024-06-07_2024-06-07 09:14:41-04:00,2.448148148148148,0.0,,2.4125459530482563e-11,0
2024-06-07_2024-06-07 09:14:54-04:00,2.447997685185185,0.0,,2.3743918581550205e-11,0
2024-06-07_2024-06-07 09:15:07-04:00,2.4478472222222223,0.0,,2.3741553467503666e-11,0
2024-06-07_2024-06-07 09:15:22-04:00,2.447673611111111,0.0,,2.1907806560671635e-11,0
2024-06-07_2024-06-07 09:15:37-04:00,2.4475,0.0,,2.1556719685451186e-11,0
2024-06-07_2024-06-07 09:15:49-04:00,2.4473611111111118,0.0,,2.0551926832489535e-11,0
2024-06-07_2024-06-07 09:16:00-04:00,2.447233796296296,0.0,,1.821435952901603e-11,0
2024-06-07_2024-06-07 09:38:12-04:00,2.43181712962963,862.0,4.0,7.741162853850387e-05,0
2024-06-07_2024-06-07 09:52:49-04:00,2.421666666666667,0.0,3.0,2.7873301005722608e-05,0
2024-06-10_2024-06-10 08:00:00-04:00,0.1875,1.0,1.0,0.3407068839894435,0
2024-06-10_2024-06-10 08:00:03-04:00,0.1874652777777777,3.0,1.0,0.3303719886332367,0
2024-06-10_2024-06-10 08:00:30-04:00,0.1871527777777777,3.0,3.0,0.1722847018716665,0
2024-06-10_2024-06-10 08:01:03-04:00,0.1867708333333333,1.0,3.0,0.13645013988635554,0
2024-06-10_2024-06-10 08:01:10-04:00,0.1866898148148148,1.0,3.0,0.15239600046492102,0
2024-06-10_2024-06-10 08:01:51-04:00,0.1862152777777777,1.0,3.0,0.2688192675880474,0
2024-06-10_2024-06-10 08:02:36-04:00,0.1856944444444444,0.0,3.0,0.28486059702336847,0
2024-06-10_2024-06-10 08:02:44-04:00,0.1856018518518518,294.0,4.0,0.5185791583506673,0
2024-06-10_2024-06-10 09:04:20-04:00,0.142824074074074,0.0,3.0,0.12244246837583542,0
2024-06-10_2024-06-10 09:04:25-04:00,0.1427662037037037,0.0,3.0,0.10139955916030884,0
2024-06-10_2024-06-10 09:04:35-04:00,0.1426504629629629,0.0,3.0,0.08295808401715556,0
2024-06-10_2024-06-10 09:04:45-04:00,0.1425347222222222,0.0,3.0,0.10137125327611328,0
2024-06-10_2024-06-10 09:04:54-04:00,0.1424305555555555,0.0,3.0,0.10140120688865238,0
2024-06-10_2024-06-10 09:05:12-04:00,0.1422222222222222,1.0,0.0,0.01599495749485394,0
2024-06-10_2024-06-10 09:05:18-04:00,0.1421527777777777,0.0,3.0,0.11327411941594046,0
2024-06-10_2024-06-10 09:05:22-04:00,0.1421064814814814,0.0,3.0,0.24928413040178668,0
2024-06-10_2024-06-10 09:05:27-04:00,0.1420486111111111,0.0,2.0,0.20113937603017829,0
2024-06-10_2024-06-10 09:05:46-04:00,0.1418287037037037,0.0,3.0,0.24949866212813931,0
2024-06-10_2024-06-10 09:05:55-04:00,0.141724537037037,0.0,3.0,0.24931822138162893,0
2024-06-10_2024-06-10 09:06:04-04:00,0.1416203703703703,0.0,3.0,0.25005113425493586,0
2024-06-10_2024-06-10 09:09:29-04:00,0.1392476851851851,0.0,5.0,0.10319249016766752,0
2024-06-10_2024-06-10 09:09:43-04:00,0.1390856481481481,0.0,0.0,0.04616149692623175,0
2024-06-10_2024-06-10 09:09:48-04:00,0.1390277777777777,0.0,0.0,0.04528821309242918,0
2024-06-10_2024-06-10 09:09:53-04:00,0.1389699074074074,1.0,3.0,0.24659611401268336,0
2024-06-10_2024-06-10 09:10:02-04:00,0.1388657407407407,1.0,3.0,0.034753588677909855,0
2024-06-10_2024-06-10 09:10:12-04:00,0.13875,0.0,3.0,0.01025787962645573,0
2024-06-10_2024-06-10 09:10:21-04:00,0.1386458333333333,1.0,3.0,0.009113590534760019,0
2024-06-10_2024-06-10 09:10:31-04:00,0.1385300925925925,0.0,3.0,0.010131047561154084,0
2024-06-10_2024-06-10 09:10:36-04:00,0.1384722222222222,0.0,3.0,0.010247100677464387,0
2024-06-10_2024-06-10 09:10:41-04:00,0.1384143518518518,0.0,3.0,0.010125170320286724,0
2024-06-10_2024-06-10 09:10:51-04:00,0.1382986111111111,0.0,3.0,0.010249380817274851,0
2024-06-10_2024-06-10 09:10:55-04:00,0.1382523148148148,0.0,5.0,0.0031065569578580254,0
2024-06-10_2024-06-10 09:11:14-04:00,0.1380324074074074,0.0,5.0,0.0022827065116392516,0
2024-06-10_2024-06-10 09:11:24-04:00,0.1379166666666666,0.0,0.0,0.0009198581621272927,0
2024-06-10_2024-06-10 09:11:33-04:00,0.1378125,1.0,3.0,0.005733480912570954,0
2024-06-10_2024-06-10 09:12:36-04:00,0.1370833333333333,0.0,0.0,0.001273123055964666,0
2024-06-10_2024-06-10 09:12:45-04:00,0.1369791666666666,0.0,0.0,0.0012730617097533525,0
2024-06-10_2024-06-10 09:12:54-04:00,0.136875,0.0,3.0,0.0077574064747870245,0
2024-06-10_2024-06-10 09:12:59-04:00,0.1368171296296296,0.0,0.0,0.0013794243851161596,0
2024-06-10_2024-06-10 09:13:08-04:00,0.1367129629629629,0.0,5.0,0.002914730814439912,0
2024-06-10_2024-06-10 09:13:18-04:00,0.1365972222222222,0.0,3.0,0.007762498224511027,0
2024-06-10_2024-06-10 09:13:27-04:00,0.1364930555555555,0.0,3.0,0.00775756486726123,0
2024-06-10_2024-06-10 09:13:37-04:00,0.1363773148148148,0.0,3.0,0.007696879992050552,0
2024-06-10_2024-06-10 09:13:56-04:00,0.1361574074074074,0.0,3.0,0.00776102149251039,0
2024-06-10_2024-06-10 09:14:01-04:00,0.136099537037037,0.0,3.0,0.007695348983371592,0
2024-06-10_2024-06-10 09:14:05-04:00,0.1360532407407407,5.0,3.0,0.007780452592069213,0
2024-06-10_2024-06-10 09:14:20-04:00,0.1358796296296296,0.0,3.0,0.007757819261889623,0
2024-06-10_2024-06-10 09:14:30-04:00,0.1357638888888888,0.0,2.0,0.00630358441048288,0
2024-06-10_2024-06-10 09:14:39-04:00,0.1356597222222222,0.0,3.0,0.007759154365861889,0
2024-06-10_2024-06-10 09:14:58-04:00,0.1354398148148148,0.0,3.0,0.008302692587508896,0
2024-06-10_2024-06-10 09:15:03-04:00,0.1353819444444444,0.0,2.0,0.00656126842388336,0
2024-06-10_2024-06-10 09:15:07-04:00,0.1353356481481481,0.0,3.0,0.00950233083525718,0
2024-06-10_2024-06-10 09:15:12-04:00,0.1352777777777777,0.0,3.0,0.007757239688533497,0
2024-06-10_2024-06-10 09:15:21-04:00,0.1351736111111111,1.0,3.0,0.007774023307573483,0
2024-06-10_2024-06-10 09:15:31-04:00,0.1350578703703703,0.0,3.0,0.008403059859253086,0
2024-06-10_2024-06-10 09:15:40-04:00,0.1349537037037037,0.0,3.0,0.009245600734786072,0
2024-06-10_2024-06-10 09:15:49-04:00,0.134849537037037,0.0,0.0,0.0014473205992895633,0
2024-06-10_2024-06-10 09:15:58-04:00,0.1347453703703703,0.0,5.0,0.019449226184604675,0
2024-06-10_2024-06-10 09:16:03-04:00,0.1346875,0.0,3.0,0.01033148318395167,0
2024-06-10_2024-06-10 09:16:13-04:00,0.1345717592592592,0.0,3.0,0.018857937722265863,0
2024-06-10_2024-06-10 09:16:31-04:00,0.1343634259259259,1.0,5.0,0.005919734520381361,0
2024-06-10_2024-06-10 09:16:51-04:00,0.1341319444444444,0.0,3.0,0.005780465713075298,0
2024-06-10_2024-06-10 09:16:55-04:00,0.1340856481481481,0.0,5.0,0.001767289229031618,0
2024-06-10_2024-06-10 09:17:14-04:00,0.1338657407407407,0.0,3.0,0.02105593880537106,0
2024-06-10_2024-06-10 09:17:33-04:00,0.1336458333333333,0.0,3.0,0.020242307655776642,0
2024-06-10_2024-06-10 09:17:43-04:00,0.1335300925925926,0.0,3.0,0.021216848126018366,0
2024-06-10_2024-06-10 09:17:52-04:00,0.1334259259259259,0.0,3.0,0.020247884314246765,0
2024-06-10_2024-06-10 09:17:57-04:00,0.1333680555555555,0.0,3.0,0.020247946165471657,0
2024-06-10_2024-06-10 09:18:02-04:00,0.1333101851851852,0.0,3.0,0.021053225335260294,0
2024-06-10_2024-06-10 09:18:06-04:00,0.1332638888888888,1.0,0.0,0.0029711391642973624,0
2024-06-10_2024-06-10 09:18:16-04:00,0.1331481481481481,0.0,3.0,0.02023856702224229,0
2024-06-10_2024-06-10 09:18:25-04:00,0.1330439814814814,0.0,3.0,0.02026218765563227,0
2024-06-10_2024-06-10 09:18:35-04:00,0.1329282407407407,0.0,3.0,0.021053649444494546,0
2024-06-10_2024-06-10 09:18:44-04:00,0.132824074074074,1.0,0.0,0.0008954248871820531,0
2024-06-10_2024-06-10 09:18:54-04:00,0.1327083333333333,0.0,3.0,0.006181361073306168,0
2024-06-10_2024-06-10 09:19:04-04:00,0.1325925925925926,0.0,0.0,0.0030860450293465997,0
2024-06-10_2024-06-10 09:20:29-04:00,0.1316087962962963,0.0,3.0,0.004769546750508034,0
2024-06-10_2024-06-10 09:20:48-04:00,0.1313888888888889,1.0,3.0,0.005130202854210476,0
2024-06-10_2024-06-10 09:20:58-04:00,0.1312731481481481,0.0,3.0,0.004769376927822379,0
2024-06-10_2024-06-10 09:21:07-04:00,0.1311689814814814,0.0,0.0,0.0011381674097173122,0
2024-06-10_2024-06-10 09:21:17-04:00,0.1310532407407407,0.0,5.0,0.0056829475601270826,0
2024-06-10_2024-06-10 09:21:22-04:00,0.1309953703703703,0.0,3.0,0.018416039001033696,0
2024-06-10_2024-06-10 09:21:31-04:00,0.1308912037037037,1.0,3.0,0.018443750728537413,0
2024-06-10_2024-06-10 09:21:41-04:00,0.1307754629629629,0.0,3.0,0.01841820054831314,0
2024-06-10_2024-06-10 09:21:50-04:00,0.1306712962962962,1.0,0.0,0.0026970422860972156,0
2024-06-10_2024-06-10 09:22:00-04:00,0.1305555555555555,0.0,3.0,0.018422310146740693,0
2024-06-10_2024-06-10 09:22:09-04:00,0.1304513888888888,0.0,3.0,0.01264984552862552,0
2024-06-10_2024-06-10 09:22:14-04:00,0.1303935185185185,0.0,0.0,0.002408017795295824,0
2024-06-10_2024-06-10 09:22:23-04:00,0.1302893518518518,0.0,3.0,0.014530453657495803,0
2024-06-10_2024-06-10 09:22:32-04:00,0.1301851851851851,1.0,5.0,0.004984359742395141,0
2024-06-10_2024-06-10 09:22:42-04:00,0.1300694444444444,0.0,3.0,0.004567285499137857,0
2024-06-10_2024-06-10 09:23:43-04:00,0.1293634259259259,0.0,0.0,0.0013149512641267794,0
2024-06-10_2024-06-10 09:24:02-04:00,0.1291435185185185,0.0,3.0,0.007138835769752328,0
2024-06-10_2024-06-10 09:24:07-04:00,0.1290856481481481,0.0,3.0,0.009583944857008244,0
2024-06-10_2024-06-10 09:24:16-04:00,0.1289814814814814,0.0,0.0,0.0028609314530927787,0
2024-06-10_2024-06-10 09:24:26-04:00,0.1288657407407407,0.0,3.0,0.005166962973412067,0
2024-06-10_2024-06-10 09:24:35-04:00,0.128761574074074,0.0,3.0,0.006258110393055751,0
2024-06-10_2024-06-10 09:24:44-04:00,0.1286574074074074,0.0,0.0,0.0008735620417626258,0
2024-06-11_2024-06-11 08:55:28-04:00,0.1501041666666666,0.0,3.0,0.7941234953261379,0
2024-06-11_2024-06-11 08:55:45-04:00,0.1499074074074074,0.0,0.0,0.3860690872180828,0
2024-06-11_2024-06-11 08:55:51-04:00,0.1498379629629629,0.0,0.0,0.3728377084817462,0
2024-06-11_2024-06-11 08:56:08-04:00,0.1496412037037037,0.0,3.0,0.8633716968734523,0
2024-06-11_2024-06-11 08:56:14-04:00,0.1495717592592592,0.0,3.0,0.8666593287572135,0
2024-06-11_2024-06-11 08:56:20-04:00,0.1495023148148148,0.0,3.0,0.8853706214685813,0
2024-06-11_2024-06-11 08:56:54-04:00,0.1491087962962963,1.0,0.0,0.4785723264442447,0
2024-06-11_2024-06-11 08:57:00-04:00,0.1490393518518518,0.0,3.0,0.808809674346395,0
2024-06-11_2024-06-11 08:57:23-04:00,0.1487731481481481,6.0,0.0,0.36719266644758464,0
2024-06-11_2024-06-11 08:57:41-04:00,0.1485648148148148,0.0,0.0,0.2962497201065109,0
2024-06-11_2024-06-11 08:57:47-04:00,0.1484953703703703,0.0,0.0,0.28961031459107367,0
2024-06-11_2024-06-11 08:57:53-04:00,0.1484259259259259,0.0,3.0,0.692565464359089,0
2024-06-11_2024-06-11 08:57:59-04:00,0.1483564814814814,6.0,0.0,0.18314934812821765,0
2024-06-11_2024-06-11 08:58:11-04:00,0.1482175925925926,0.0,3.0,0.5973669685412035,0
2024-06-11_2024-06-11 08:58:16-04:00,0.1481597222222222,0.0,5.0,0.3191509116687419,0
2024-06-11_2024-06-11 08:58:22-04:00,0.1480902777777777,0.0,3.0,0.6080062339346224,0
2024-06-11_2024-06-11 08:58:28-04:00,0.1480208333333333,1.0,3.0,0.6062634849032692,0
2024-06-11_2024-06-11 08:58:34-04:00,0.1479513888888889,0.0,3.0,0.6079566691416105,0
2024-06-11_2024-06-11 08:58:40-04:00,0.1478819444444444,0.0,0.0,0.18134641066878657,0
2024-06-11_2024-06-11 08:58:46-04:00,0.1478125,0.0,0.0,0.19166600295311326,0
2024-06-11_2024-06-11 08:59:48-04:00,0.1470949074074074,0.0,5.0,0.3243489552484221,0
2024-06-11_2024-06-11 10:21:42-04:00,0.0902199074074074,1.0,5.0,0.6604102865117006,0
2024-06-13_2024-06-13 08:37:27-04:00,0.2239930555555555,0.0,3.0,0.09426536636146413,0
2024-06-13_2024-06-13 08:37:32-04:00,0.2239351851851851,0.0,3.0,0.07019021802794531,0
2024-06-13_2024-06-13 08:37:37-04:00,0.2238773148148148,1.0,3.0,0.09199437945141094,0
2024-06-13_2024-06-13 08:37:41-04:00,0.2238310185185185,1.0,3.0,0.34615942584855325,0
2024-06-13_2024-06-13 08:37:46-04:00,0.2237731481481481,1.0,3.0,0.18808984592301684,0
2024-06-13_2024-06-13 08:37:51-04:00,0.2237152777777777,1.0,3.0,0.3599373454803919,0
2024-06-13_2024-06-13 08:37:56-04:00,0.2236574074074074,0.0,3.0,0.19410128873913152,0
2024-06-18_2024-06-18 08:44:31-04:00,9.177430555555556,1.0,3.0,0.7185066234592802,0
2024-06-18_2024-06-18 08:44:38-04:00,9.177349537037037,0.0,3.0,0.48405692926281774,0
2024-06-18_2024-06-18 08:44:43-04:00,9.177291666666669,2.0,3.0,0.5908277574416075,0
2024-06-18_2024-06-18 08:44:50-04:00,9.177210648148147,1.0,0.0,0.17139353398238008,0
2024-06-18_2024-06-18 08:45:02-04:00,9.17707175925926,0.0,5.0,0.3111412103635162,0
2024-07-01_2024-07-01 08:00:19-04:00,67.16644675925926,0.0,2.0,0.23782336933139203,0
