start,end,max,count,date
2024-05-14 08:00:00-04:00,2024-05-14 08:00:48-04:00,80.0,49200,2024-05-14
2024-05-14 08:02:00-04:00,2024-05-14 08:02:01-04:00,79.9997,365,2024-05-14
2024-05-14 08:05:00-04:00,2024-05-14 08:05:00-04:00,70.0,17,2024-05-14
2024-05-14 08:33:57-04:00,2024-05-14 08:34:08-04:00,69.9,290,2024-05-14
2024-05-14 08:34:11-04:00,2024-05-14 08:34:15-04:00,69.38,91,2024-05-14
2024-05-14 08:53:37-04:00,2024-05-14 08:54:03-04:00,69.49,331,2024-05-14
2024-05-14 08:54:28-04:00,2024-05-14 08:59:54-04:00,72.0,4235,2024-05-14
2024-05-14 09:14:56-04:00,2024-05-14 09:14:57-04:00,69.3,20,2024-05-14
2024-05-14 09:14:59-04:00,2024-05-14 09:16:02-04:00,69.75,626,2024-05-14
2024-05-14 09:16:04-04:00,2024-05-14 09:16:26-04:00,69.45,199,2024-05-14
2024-05-14 09:16:35-04:00,2024-05-14 09:19:23-04:00,72.0,2179,2024-05-14
2024-05-14 09:20:49-04:00,2024-05-14 09:21:23-04:00,69.86,371,2024-05-14
2024-05-15 08:01:54-04:00,2024-05-15 08:02:00-04:00,56.575,297,2024-05-15
2024-05-15 08:25:30-04:00,2024-05-15 08:25:30-04:00,60.6,8,2024-05-15
2024-05-15 09:00:07-04:00,2024-05-15 09:00:15-04:00,63.95,923,2024-05-15
2024-05-15 09:00:18-04:00,2024-05-15 09:00:25-04:00,64.2,918,2024-05-15
2024-05-15 09:00:27-04:00,2024-05-15 09:01:06-04:00,64.48,4215,2024-05-15
2024-05-15 09:01:08-04:00,2024-05-15 09:01:15-04:00,64.23,1026,2024-05-15
2024-05-15 09:01:17-04:00,2024-05-15 09:03:06-04:00,64.47,11852,2024-05-15
2024-05-15 09:03:08-04:00,2024-05-15 09:07:00-04:00,64.74,29764,2024-05-15
2024-05-16 08:02:27-04:00,2024-05-16 08:02:28-04:00,39.55,7,2024-05-16
2024-05-17 08:00:50-04:00,2024-05-17 08:00:50-04:00,26.54,153,2024-05-17
2024-05-17 08:03:26-04:00,2024-05-17 08:07:51-04:00,33.0,18249,2024-05-17
2024-05-17 08:15:02-04:00,2024-05-17 08:15:02-04:00,29.37,44,2024-05-17
2024-05-17 08:17:46-04:00,2024-05-17 08:17:46-04:00,29.8,268,2024-05-17
2024-05-17 08:19:43-04:00,2024-05-17 08:19:45-04:00,29.78,20,2024-05-17
2024-05-17 08:19:47-04:00,2024-05-17 08:19:55-04:00,29.79,94,2024-05-17
2024-05-17 08:19:58-04:00,2024-05-17 08:20:05-04:00,29.84,60,2024-05-17
2024-05-17 08:20:09-04:00,2024-05-17 08:20:15-04:00,29.8,81,2024-05-17
2024-05-17 08:20:19-04:00,2024-05-17 08:20:25-04:00,29.79,115,2024-05-17
2024-05-17 08:20:29-04:00,2024-05-17 08:20:35-04:00,29.35,103,2024-05-17
2024-05-17 08:20:39-04:00,2024-05-17 08:20:41-04:00,29.84,28,2024-05-17
2024-05-17 08:22:37-04:00,2024-05-17 08:22:37-04:00,29.23,3,2024-05-17
2024-05-17 08:22:47-04:00,2024-05-17 08:22:49-04:00,32.38,122,2024-05-17
2024-05-17 08:22:52-04:00,2024-05-17 08:23:00-04:00,32.19,816,2024-05-17
2024-05-17 08:23:02-04:00,2024-05-17 08:23:26-04:00,31.49,3406,2024-05-17
2024-05-17 08:23:29-04:00,2024-05-17 08:23:36-04:00,31.3,1068,2024-05-17
2024-05-17 08:23:38-04:00,2024-05-17 08:23:42-04:00,30.44,590,2024-05-17
2024-05-17 08:23:50-04:00,2024-05-17 08:23:50-04:00,29.67,7,2024-05-17
2024-05-17 08:23:59-04:00,2024-05-17 08:23:59-04:00,29.88,5,2024-05-17
2024-05-17 08:24:08-04:00,2024-05-17 08:24:08-04:00,29.93,4,2024-05-17
2024-05-17 08:24:18-04:00,2024-05-17 08:24:18-04:00,29.41,5,2024-05-17
2024-05-17 08:24:29-04:00,2024-05-17 08:24:29-04:00,29.49,4,2024-05-17
2024-05-17 08:24:37-04:00,2024-05-17 08:24:37-04:00,29.87,7,2024-05-17
2024-05-17 08:24:48-04:00,2024-05-17 08:24:48-04:00,30.44,8,2024-05-17
2024-05-17 08:24:57-04:00,2024-05-17 08:24:57-04:00,30.47,5,2024-05-17
2024-05-17 08:25:07-04:00,2024-05-17 08:25:07-04:00,30.23,6,2024-05-17
2024-05-17 08:25:16-04:00,2024-05-17 08:25:16-04:00,30.22,5,2024-05-17
2024-05-17 08:25:25-04:00,2024-05-17 08:25:25-04:00,30.26,5,2024-05-17
2024-05-17 08:25:35-04:00,2024-05-17 08:25:35-04:00,30.06,4,2024-05-17
2024-05-17 08:25:45-04:00,2024-05-17 08:25:45-04:00,29.74,4,2024-05-17
2024-05-17 08:26:02-04:00,2024-05-17 08:26:02-04:00,30.57,6,2024-05-17
2024-05-17 08:26:11-04:00,2024-05-17 08:26:11-04:00,29.82,6,2024-05-17
2024-05-17 08:26:20-04:00,2024-05-17 08:26:20-04:00,30.79,5,2024-05-17
2024-05-17 08:26:29-04:00,2024-05-17 08:26:29-04:00,31.24,7,2024-05-17
2024-05-17 08:26:40-04:00,2024-05-17 08:26:40-04:00,31.03,2,2024-05-17
2024-05-17 08:26:49-04:00,2024-05-17 08:26:49-04:00,31.61,2,2024-05-17
2024-05-17 08:26:59-04:00,2024-05-17 08:26:59-04:00,32.07,3,2024-05-17
2024-05-17 08:27:08-04:00,2024-05-17 08:27:08-04:00,31.77,3,2024-05-17
2024-05-17 08:27:18-04:00,2024-05-17 08:27:18-04:00,30.17,6,2024-05-17
2024-05-17 08:27:31-04:00,2024-05-17 08:27:31-04:00,30.08,4,2024-05-17
2024-05-17 08:27:41-04:00,2024-05-17 08:27:41-04:00,30.2,5,2024-05-17
2024-05-17 08:27:50-04:00,2024-05-17 08:27:50-04:00,29.64,4,2024-05-17
2024-05-17 08:27:59-04:00,2024-05-17 08:27:59-04:00,29.71,8,2024-05-17
2024-05-17 08:28:08-04:00,2024-05-17 08:28:08-04:00,29.72,6,2024-05-17
2024-05-17 08:28:18-04:00,2024-05-17 08:28:18-04:00,29.72,2,2024-05-17
2024-05-17 08:28:28-04:00,2024-05-17 08:28:28-04:00,29.72,4,2024-05-17
2024-05-17 08:28:37-04:00,2024-05-17 08:28:37-04:00,29.64,7,2024-05-17
2024-05-17 08:28:46-04:00,2024-05-17 08:28:46-04:00,29.72,7,2024-05-17
2024-05-17 08:28:52-04:00,2024-05-17 08:28:52-04:00,29.62,2,2024-05-17
2024-05-17 08:29:01-04:00,2024-05-17 08:29:01-04:00,29.71,4,2024-05-17
2024-05-17 08:29:11-04:00,2024-05-17 08:29:11-04:00,29.62,5,2024-05-17
2024-05-17 08:29:21-04:00,2024-05-17 08:29:21-04:00,29.71,8,2024-05-17
2024-05-17 08:31:04-04:00,2024-05-17 08:31:04-04:00,29.71,4,2024-05-17
2024-05-17 08:31:14-04:00,2024-05-17 08:31:14-04:00,29.71,5,2024-05-17
2024-05-17 08:31:24-04:00,2024-05-17 08:31:24-04:00,29.71,1,2024-05-17
2024-05-17 08:31:40-04:00,2024-05-17 08:31:40-04:00,29.71,2,2024-05-17
2024-05-17 08:31:50-04:00,2024-05-17 08:31:50-04:00,29.62,2,2024-05-17
2024-05-17 08:34:01-04:00,2024-05-17 08:34:07-04:00,29.8,67,2024-05-17
2024-05-17 08:34:09-04:00,2024-05-17 08:34:14-04:00,30.05,74,2024-05-17
2024-05-17 08:34:16-04:00,2024-05-17 08:34:21-04:00,30.0,68,2024-05-17
2024-05-17 08:34:24-04:00,2024-05-17 08:34:30-04:00,30.19,73,2024-05-17
2024-05-17 08:34:33-04:00,2024-05-17 08:34:37-04:00,29.8,55,2024-05-17
2024-05-17 08:34:40-04:00,2024-05-17 08:34:45-04:00,30.0,63,2024-05-17
2024-05-17 08:34:48-04:00,2024-05-17 08:34:53-04:00,30.0,62,2024-05-17
2024-05-17 08:34:56-04:00,2024-05-17 08:35:02-04:00,29.8,85,2024-05-17
2024-05-17 08:35:04-04:00,2024-05-17 08:35:11-04:00,30.08,96,2024-05-17
2024-05-17 08:35:14-04:00,2024-05-17 08:35:18-04:00,29.8,54,2024-05-17
2024-05-17 08:39:49-04:00,2024-05-17 08:39:49-04:00,28.65,10,2024-05-17
2024-05-17 08:40:26-04:00,2024-05-17 08:40:26-04:00,28.7,5,2024-05-17
2024-05-17 08:40:46-04:00,2024-05-17 08:40:46-04:00,28.75,3,2024-05-17
2024-06-07 08:00:00-04:00,2024-06-07 08:00:01-04:00,47.8721,19764,2024-06-07
2024-06-07 08:00:05-04:00,2024-06-07 08:00:08-04:00,48.26,10106,2024-06-07
2024-06-07 08:00:50-04:00,2024-06-07 08:00:51-04:00,47.8129,1390,2024-06-07
2024-06-07 08:00:54-04:00,2024-06-07 08:00:55-04:00,47.7927,2690,2024-06-07
2024-06-07 08:01:38-04:00,2024-06-07 08:01:38-04:00,48.82,367,2024-06-07
2024-06-07 08:01:41-04:00,2024-06-07 08:01:41-04:00,48.5494,59,2024-06-07
2024-06-07 08:02:51-04:00,2024-06-07 08:02:51-04:00,46.55,14,2024-06-07
2024-06-07 08:04:17-04:00,2024-06-07 08:04:22-04:00,48.4899,101,2024-06-07
2024-06-07 08:04:25-04:00,2024-06-07 08:04:32-04:00,48.81,147,2024-06-07
2024-06-07 08:04:35-04:00,2024-06-07 08:04:42-04:00,48.7,196,2024-06-07
2024-06-07 08:04:45-04:00,2024-06-07 08:04:52-04:00,48.81,207,2024-06-07
2024-06-07 08:04:56-04:00,2024-06-07 08:04:58-04:00,48.8,77,2024-06-07
2024-06-07 08:05:26-04:00,2024-06-07 08:05:26-04:00,48.54,42,2024-06-07
2024-06-07 08:26:23-04:00,2024-06-07 08:26:26-04:00,48.8,57,2024-06-07
2024-06-07 08:26:56-04:00,2024-06-07 08:27:02-04:00,48.82,114,2024-06-07
2024-06-07 08:27:33-04:00,2024-06-07 08:27:36-04:00,48.8,58,2024-06-07
2024-06-07 08:28:04-04:00,2024-06-07 08:28:04-04:00,48.37,13,2024-06-07
2024-06-07 08:28:34-04:00,2024-06-07 08:28:38-04:00,48.75,89,2024-06-07
2024-06-07 08:29:07-04:00,2024-06-07 08:29:10-04:00,48.79,69,2024-06-07
2024-06-07 08:29:39-04:00,2024-06-07 08:29:41-04:00,48.81,56,2024-06-07
2024-06-07 08:30:10-04:00,2024-06-07 08:30:12-04:00,48.54,38,2024-06-07
2024-06-07 08:30:39-04:00,2024-06-07 08:30:42-04:00,48.8,57,2024-06-07
2024-06-07 08:45:24-04:00,2024-06-07 08:45:24-04:00,60.0,19,2024-06-07
2024-06-07 08:45:40-04:00,2024-06-07 08:45:40-04:00,60.0,24,2024-06-07
2024-06-07 08:45:58-04:00,2024-06-07 08:45:58-04:00,60.01,19,2024-06-07
2024-06-07 08:46:12-04:00,2024-06-07 08:46:12-04:00,60.92,8,2024-06-07
2024-06-07 08:46:25-04:00,2024-06-07 08:46:25-04:00,61.0,20,2024-06-07
2024-06-07 08:46:41-04:00,2024-06-07 08:46:41-04:00,61.0,10,2024-06-07
2024-06-07 08:46:57-04:00,2024-06-07 08:46:57-04:00,61.01,8,2024-06-07
2024-06-07 08:47:11-04:00,2024-06-07 08:47:11-04:00,61.07,5,2024-06-07
2024-06-07 08:47:27-04:00,2024-06-07 08:47:27-04:00,61.16,13,2024-06-07
2024-06-07 08:47:43-04:00,2024-06-07 08:47:43-04:00,61.26,12,2024-06-07
2024-06-07 08:47:55-04:00,2024-06-07 08:47:55-04:00,61.48,10,2024-06-07
2024-06-07 08:48:11-04:00,2024-06-07 08:48:11-04:00,61.53,10,2024-06-07
2024-06-07 08:48:25-04:00,2024-06-07 08:48:25-04:00,61.62,6,2024-06-07
2024-06-07 08:48:38-04:00,2024-06-07 08:48:38-04:00,61.69,10,2024-06-07
2024-06-07 08:48:53-04:00,2024-06-07 08:48:53-04:00,61.7,14,2024-06-07
2024-06-07 08:49:09-04:00,2024-06-07 08:49:09-04:00,61.8,17,2024-06-07
2024-06-07 08:49:23-04:00,2024-06-07 08:49:23-04:00,61.8,12,2024-06-07
2024-06-07 08:49:38-04:00,2024-06-07 08:49:38-04:00,61.87,12,2024-06-07
2024-06-07 08:49:53-04:00,2024-06-07 08:49:53-04:00,61.88,14,2024-06-07
2024-06-07 08:50:25-04:00,2024-06-07 08:50:25-04:00,61.91,7,2024-06-07
2024-06-07 08:50:38-04:00,2024-06-07 08:50:38-04:00,61.93,7,2024-06-07
2024-06-07 08:50:53-04:00,2024-06-07 08:50:53-04:00,62.0,5,2024-06-07
2024-06-07 08:51:08-04:00,2024-06-07 08:51:08-04:00,62.0,9,2024-06-07
2024-06-07 08:51:24-04:00,2024-06-07 08:51:24-04:00,62.0,9,2024-06-07
2024-06-07 08:51:39-04:00,2024-06-07 08:51:39-04:00,62.0,4,2024-06-07
2024-06-07 08:51:54-04:00,2024-06-07 08:51:54-04:00,62.02,11,2024-06-07
2024-06-07 08:52:12-04:00,2024-06-07 08:52:12-04:00,62.03,11,2024-06-07
2024-06-07 08:52:26-04:00,2024-06-07 08:52:26-04:00,62.04,3,2024-06-07
2024-06-07 08:52:41-04:00,2024-06-07 08:52:41-04:00,62.05,14,2024-06-07
2024-06-07 08:52:57-04:00,2024-06-07 08:52:57-04:00,62.05,20,2024-06-07
2024-06-07 08:53:13-04:00,2024-06-07 08:53:13-04:00,62.05,6,2024-06-07
2024-06-07 08:53:28-04:00,2024-06-07 08:53:28-04:00,62.06,6,2024-06-07
2024-06-07 08:53:44-04:00,2024-06-07 08:53:44-04:00,62.06,10,2024-06-07
2024-06-07 08:53:59-04:00,2024-06-07 08:53:59-04:00,62.1,6,2024-06-07
2024-06-07 08:54:13-04:00,2024-06-07 08:54:13-04:00,62.15,9,2024-06-07
2024-06-07 08:54:16-04:00,2024-06-07 08:55:44-04:00,63.94,6717,2024-06-07
2024-06-07 08:55:46-04:00,2024-06-07 08:55:53-04:00,63.94,668,2024-06-07
2024-06-07 08:55:55-04:00,2024-06-07 08:56:26-04:00,63.94,2395,2024-06-07
2024-06-07 08:56:28-04:00,2024-06-07 08:57:59-04:00,63.49,8179,2024-06-07
2024-06-07 08:58:01-04:00,2024-06-07 08:58:15-04:00,64.31,1761,2024-06-07
2024-06-07 08:58:35-04:00,2024-06-07 08:58:59-04:00,64.32,1737,2024-06-07
2024-06-07 08:59:09-04:00,2024-06-07 09:00:39-04:00,64.35,6877,2024-06-07
2024-06-07 09:00:41-04:00,2024-06-07 09:01:56-04:00,64.17,9526,2024-06-07
2024-06-07 09:01:58-04:00,2024-06-07 09:02:59-04:00,63.28,11977,2024-06-07
2024-06-07 09:03:01-04:00,2024-06-07 09:03:53-04:00,62.88,10700,2024-06-07
2024-06-07 09:04:01-04:00,2024-06-07 09:04:01-04:00,62.89,14,2024-06-07
2024-06-07 09:04:03-04:00,2024-06-07 09:04:32-04:00,62.9,5759,2024-06-07
2024-06-07 09:04:36-04:00,2024-06-07 09:04:36-04:00,58.88,17,2024-06-07
2024-06-07 09:04:44-04:00,2024-06-07 09:04:44-04:00,62.9,16,2024-06-07
2024-06-07 09:04:54-04:00,2024-06-07 09:04:54-04:00,58.95,27,2024-06-07
2024-06-07 09:04:59-04:00,2024-06-07 09:04:59-04:00,62.9,19,2024-06-07
2024-06-07 09:05:08-04:00,2024-06-07 09:05:08-04:00,58.9,15,2024-06-07
2024-06-07 09:05:15-04:00,2024-06-07 09:05:15-04:00,62.9,18,2024-06-07
2024-06-07 09:05:28-04:00,2024-06-07 09:05:28-04:00,62.94,17,2024-06-07
2024-06-07 09:05:43-04:00,2024-06-07 09:05:43-04:00,62.95,10,2024-06-07
2024-06-07 09:06:01-04:00,2024-06-07 09:06:01-04:00,62.96,5,2024-06-07
2024-06-07 09:06:16-04:00,2024-06-07 09:06:16-04:00,62.96,11,2024-06-07
2024-06-07 09:06:35-04:00,2024-06-07 09:06:35-04:00,62.98,12,2024-06-07
2024-06-07 09:06:51-04:00,2024-06-07 09:06:51-04:00,62.99,13,2024-06-07
2024-06-07 09:07:05-04:00,2024-06-07 09:07:05-04:00,63.0,10,2024-06-07
2024-06-07 09:07:20-04:00,2024-06-07 09:07:20-04:00,63.0,14,2024-06-07
2024-06-07 09:07:33-04:00,2024-06-07 09:07:33-04:00,63.0,9,2024-06-07
2024-06-07 09:07:48-04:00,2024-06-07 09:07:48-04:00,63.0,11,2024-06-07
2024-06-07 09:07:59-04:00,2024-06-07 09:07:59-04:00,63.0,6,2024-06-07
2024-06-07 09:08:15-04:00,2024-06-07 09:08:15-04:00,63.0,9,2024-06-07
2024-06-07 09:08:29-04:00,2024-06-07 09:08:29-04:00,63.0,9,2024-06-07
2024-06-07 09:08:43-04:00,2024-06-07 09:08:43-04:00,63.0,11,2024-06-07
2024-06-07 09:08:58-04:00,2024-06-07 09:08:58-04:00,63.0,5,2024-06-07
2024-06-07 09:09:13-04:00,2024-06-07 09:09:13-04:00,63.0,15,2024-06-07
2024-06-07 09:09:27-04:00,2024-06-07 09:09:27-04:00,63.02,7,2024-06-07
2024-06-07 09:09:43-04:00,2024-06-07 09:09:43-04:00,63.03,13,2024-06-07
2024-06-07 09:10:10-04:00,2024-06-07 09:10:10-04:00,63.04,13,2024-06-07
2024-06-07 09:10:24-04:00,2024-06-07 09:10:24-04:00,63.05,8,2024-06-07
2024-06-07 09:10:40-04:00,2024-06-07 09:10:40-04:00,63.08,6,2024-06-07
2024-06-07 09:10:55-04:00,2024-06-07 09:10:55-04:00,63.09,8,2024-06-07
2024-06-07 09:11:07-04:00,2024-06-07 09:11:07-04:00,63.12,9,2024-06-07
2024-06-07 09:11:28-04:00,2024-06-07 09:11:28-04:00,63.18,14,2024-06-07
2024-06-07 09:11:42-04:00,2024-06-07 09:11:42-04:00,63.2,12,2024-06-07
2024-06-07 09:11:56-04:00,2024-06-07 09:11:56-04:00,63.2,10,2024-06-07
2024-06-07 09:12:10-04:00,2024-06-07 09:12:10-04:00,63.29,11,2024-06-07
2024-06-07 09:12:25-04:00,2024-06-07 09:12:25-04:00,63.44,11,2024-06-07
2024-06-07 09:12:41-04:00,2024-06-07 09:12:41-04:00,63.45,16,2024-06-07
2024-06-07 09:12:59-04:00,2024-06-07 09:12:59-04:00,63.59,10,2024-06-07
2024-06-07 09:13:14-04:00,2024-06-07 09:13:14-04:00,63.6,11,2024-06-07
2024-06-07 09:13:29-04:00,2024-06-07 09:13:29-04:00,63.6,16,2024-06-07
2024-06-07 09:13:44-04:00,2024-06-07 09:13:44-04:00,63.6,8,2024-06-07
2024-06-07 09:13:58-04:00,2024-06-07 09:13:58-04:00,63.63,17,2024-06-07
2024-06-07 09:14:13-04:00,2024-06-07 09:14:13-04:00,63.7,6,2024-06-07
2024-06-07 09:14:27-04:00,2024-06-07 09:14:27-04:00,63.7,13,2024-06-07
2024-06-07 09:14:41-04:00,2024-06-07 09:14:41-04:00,63.78,9,2024-06-07
2024-06-07 09:14:54-04:00,2024-06-07 09:14:54-04:00,63.8,11,2024-06-07
2024-06-07 09:15:07-04:00,2024-06-07 09:15:07-04:00,63.8,9,2024-06-07
2024-06-07 09:15:22-04:00,2024-06-07 09:15:22-04:00,63.9,7,2024-06-07
2024-06-07 09:15:37-04:00,2024-06-07 09:15:37-04:00,63.92,5,2024-06-07
2024-06-07 09:15:49-04:00,2024-06-07 09:15:49-04:00,63.98,13,2024-06-07
2024-06-07 09:16:00-04:00,2024-06-07 09:16:00-04:00,64.13,7,2024-06-07
2021-01-25 08:31:11-05:00,2021-01-25 08:31:14-05:00,102.7498,9,2021-01-25
2021-01-25 08:31:18-05:00,2021-01-25 08:31:30-05:00,102.79,29,2021-01-25
2021-01-25 08:31:37-05:00,2021-01-25 08:31:55-05:00,103.0,41,2021-01-25
2021-01-25 08:31:57-05:00,2021-01-25 08:31:58-05:00,102.5,9,2021-01-25
2021-01-25 08:32:00-05:00,2021-01-25 08:36:31-05:00,104.53,495,2021-01-25
2021-01-25 08:36:34-05:00,2021-01-25 08:36:35-05:00,103.0,4,2021-01-25
2021-01-25 09:01:43-05:00,2021-01-25 09:02:04-05:00,103.0,596,2021-01-25
2021-01-25 09:02:06-05:00,2021-01-25 09:02:17-05:00,102.98,374,2021-01-25
2021-01-25 09:02:19-05:00,2021-01-25 09:02:24-05:00,102.85,158,2021-01-25
2021-01-26 08:00:06-05:00,2021-01-26 08:01:55-05:00,94.39,1286,2021-01-26
2021-01-26 08:01:59-05:00,2021-01-26 08:01:59-05:00,90.79,1,2021-01-26
2021-01-26 08:02:02-05:00,2021-01-26 08:02:02-05:00,90.5,1,2021-01-26
2021-01-26 08:02:06-05:00,2021-01-26 08:02:44-05:00,91.0,13,2021-01-26
2021-01-26 08:02:46-05:00,2021-01-26 08:03:58-05:00,91.0,30,2021-01-26
2021-01-26 08:04:00-05:00,2021-01-26 08:04:55-05:00,90.88,20,2021-01-26
2021-01-26 08:05:07-05:00,2021-01-26 08:05:07-05:00,90.5,1,2021-01-26
2021-01-26 08:05:26-05:00,2021-01-26 08:07:16-05:00,91.4,33,2021-01-26
2021-01-26 08:07:27-05:00,2021-01-26 08:08:13-05:00,90.99,19,2021-01-26
2021-01-26 08:17:05-05:00,2021-01-26 08:17:05-05:00,90.71,1,2021-01-26
2021-01-27 08:37:39-05:00,2021-01-27 08:37:54-05:00,275.0,62,2021-01-27
2021-01-27 08:38:31-05:00,2021-01-27 08:38:31-05:00,254.0,2,2021-01-27
2021-01-27 08:38:40-05:00,2021-01-27 08:38:41-05:00,255.72,7,2021-01-27
2021-01-27 08:39:04-05:00,2021-01-27 08:39:18-05:00,273.25,53,2021-01-27
2021-01-27 08:40:05-05:00,2021-01-27 08:40:07-05:00,255.0,7,2021-01-27
2021-01-27 08:40:09-05:00,2021-01-27 08:40:09-05:00,255.0,5,2021-01-27
2021-01-27 08:40:31-05:00,2021-01-27 08:40:45-05:00,275.0,56,2021-01-27
2021-01-27 08:44:09-05:00,2021-01-27 08:44:09-05:00,254.0,6,2021-01-27
2021-01-27 08:44:20-05:00,2021-01-27 08:44:21-05:00,254.82,5,2021-01-27
2021-01-27 08:45:03-05:00,2021-01-27 08:45:15-05:00,275.0,61,2021-01-27
2021-01-27 08:49:30-05:00,2021-01-27 08:49:30-05:00,254.96,4,2021-01-27
2021-01-27 08:49:44-05:00,2021-01-27 08:49:53-05:00,276.0,40,2021-01-27
2021-01-27 08:50:30-05:00,2021-01-27 08:50:30-05:00,254.4999,3,2021-01-27
2021-01-27 08:50:36-05:00,2021-01-27 08:50:36-05:00,254.0,2,2021-01-27
2021-01-27 08:57:10-05:00,2021-01-27 08:57:14-05:00,275.0,18,2021-01-27
2021-01-27 08:57:56-05:00,2021-01-27 08:58:00-05:00,273.53,137,2021-01-27
2021-01-27 09:03:19-05:00,2021-01-27 09:03:20-05:00,260.15,34,2021-01-27
2021-01-27 09:05:14-05:00,2021-01-27 09:05:18-05:00,273.01,61,2021-01-27
2021-01-27 09:05:39-05:00,2021-01-27 09:05:39-05:00,255.0201,17,2021-01-27
2021-01-27 09:05:47-05:00,2021-01-27 09:05:51-05:00,273.43,99,2021-01-27
2021-01-27 09:06:25-05:00,2021-01-27 09:06:29-05:00,268.8001,122,2021-01-27
2021-01-27 09:06:31-05:00,2021-01-27 09:06:31-05:00,255.0,18,2021-01-27
2021-01-27 09:06:54-05:00,2021-01-27 09:06:55-05:00,255.0,47,2021-01-27
2021-01-27 09:07:14-05:00,2021-01-27 09:07:15-05:00,265.0,32,2021-01-27
2021-01-27 09:07:17-05:00,2021-01-27 09:07:18-05:00,268.0,41,2021-01-27
2021-01-27 09:07:41-05:00,2021-01-27 09:07:42-05:00,255.0504,17,2021-01-27
2021-01-27 09:07:51-05:00,2021-01-27 09:07:51-05:00,270.0,26,2021-01-27
2021-01-27 09:08:08-05:00,2021-01-27 09:08:08-05:00,258.69,15,2021-01-27
2021-01-27 09:08:38-05:00,2021-01-27 09:08:38-05:00,256.89,25,2021-01-27
2021-01-27 09:08:40-05:00,2021-01-27 09:08:40-05:00,271.25,7,2021-01-27
2021-01-27 09:08:43-05:00,2021-01-27 09:08:45-05:00,269.44,39,2021-01-27
2021-01-27 09:09:00-05:00,2021-01-27 09:09:00-05:00,255.48,27,2021-01-27
2021-01-27 09:09:06-05:00,2021-01-27 09:09:06-05:00,254.0,30,2021-01-27
2021-01-27 09:09:08-05:00,2021-01-27 09:09:10-05:00,256.98,78,2021-01-27
2021-01-27 09:09:13-05:00,2021-01-27 09:09:14-05:00,260.01,38,2021-01-27
2021-01-27 09:09:17-05:00,2021-01-27 09:09:19-05:00,264.81,65,2021-01-27
2021-01-27 09:09:39-05:00,2021-01-27 09:09:40-05:00,254.0,21,2021-01-27
2021-01-27 09:09:47-05:00,2021-01-27 09:09:47-05:00,275.0,40,2021-01-27
2021-01-27 09:09:49-05:00,2021-01-27 09:09:51-05:00,264.0,49,2021-01-27
2021-01-27 09:09:53-05:00,2021-01-27 09:09:54-05:00,262.19,38,2021-01-27
2021-01-27 09:10:18-05:00,2021-01-27 09:10:18-05:00,255.0,10,2021-01-27
2021-01-27 09:10:20-05:00,2021-01-27 09:10:20-05:00,254.31,11,2021-01-27
2021-01-27 09:10:27-05:00,2021-01-27 09:10:29-05:00,265.08,42,2021-01-27
2021-01-27 09:10:47-05:00,2021-01-27 09:10:47-05:00,260.0,20,2021-01-27
2021-01-27 09:12:07-05:00,2021-01-27 09:12:07-05:00,267.99,45,2021-01-27
2021-01-27 09:13:00-05:00,2021-01-27 09:13:00-05:00,255.98,50,2021-01-27
2021-01-27 09:14:13-05:00,2021-01-27 09:14:21-05:00,276.0,257,2021-01-27
2021-01-27 09:14:24-05:00,2021-01-27 09:14:25-05:00,255.0,102,2021-01-27
2021-01-27 09:15:13-05:00,2021-01-27 09:15:31-05:00,275.0,655,2021-01-27
2021-01-27 09:15:44-05:00,2021-01-27 09:15:48-05:00,256.0,213,2021-01-27
2021-01-27 09:15:51-05:00,2021-01-27 09:15:51-05:00,254.5,40,2021-01-27
2021-01-27 09:16:19-05:00,2021-01-27 09:29:59-05:00,385.0,24748,2021-01-27
2021-01-28 08:00:04-05:00,2021-01-28 08:42:29-05:00,489.7,6810,2021-01-28
2021-01-28 08:43:04-05:00,2021-01-28 08:44:00-05:00,427.0,178,2021-01-28
2021-01-28 08:44:11-05:00,2021-01-28 08:45:22-05:00,431.99,163,2021-01-28
2021-01-28 08:45:24-05:00,2021-01-28 08:45:40-05:00,424.99,39,2021-01-28
2021-01-28 08:45:42-05:00,2021-01-28 08:45:42-05:00,420.0,3,2021-01-28
2021-01-28 08:45:45-05:00,2021-01-28 08:45:51-05:00,419.99,19,2021-01-28
2021-01-28 08:49:58-05:00,2021-01-28 08:49:58-05:00,418.99,2,2021-01-28
2021-01-28 08:50:00-05:00,2021-01-28 08:50:01-05:00,419.0,5,2021-01-28
2021-01-28 09:18:32-05:00,2021-01-28 09:18:32-05:00,434.06,6,2021-01-28
2021-01-28 09:20:25-05:00,2021-01-28 09:20:26-05:00,509.0,994,2021-01-28
2021-01-29 08:00:08-05:00,2021-01-29 08:00:12-05:00,368.0,4151,2021-01-29
2021-01-29 08:14:50-05:00,2021-01-29 08:15:15-05:00,393.55,619,2021-01-29
2021-01-29 08:15:17-05:00,2021-01-29 08:15:34-05:00,394.0,424,2021-01-29
2021-01-29 08:33:51-05:00,2021-01-29 08:33:58-05:00,355.0,25,2021-01-29
2021-01-29 08:34:00-05:00,2021-01-29 08:34:01-05:00,354.68,3,2021-01-29
2021-01-29 08:38:26-05:00,2021-01-29 08:39:19-05:00,384.0,408,2021-01-29
2021-01-29 08:39:21-05:00,2021-01-29 08:39:21-05:00,354.5296,3,2021-01-29
2021-01-29 08:39:23-05:00,2021-01-29 08:39:24-05:00,354.53,3,2021-01-29
2021-01-29 08:40:22-05:00,2021-01-29 08:40:22-05:00,354.5,1,2021-01-29
2021-01-29 08:40:47-05:00,2021-01-29 08:40:57-05:00,356.52,15,2021-01-29
2021-01-29 08:41:00-05:00,2021-01-29 08:41:00-05:00,355.25,3,2021-01-29
2021-01-29 08:43:43-05:00,2021-01-29 08:43:44-05:00,354.6,4,2021-01-29
2021-01-29 08:43:47-05:00,2021-01-29 08:44:00-05:00,357.0,15,2021-01-29
2021-01-29 08:44:09-05:00,2021-01-29 08:44:14-05:00,355.72,11,2021-01-29
2021-01-29 08:44:21-05:00,2021-01-29 08:44:21-05:00,354.87,2,2021-01-29
2021-01-29 08:44:23-05:00,2021-01-29 08:44:34-05:00,355.0,22,2021-01-29
2021-01-29 08:44:42-05:00,2021-01-29 08:44:55-05:00,355.0,13,2021-01-29
2021-01-29 08:45:19-05:00,2021-01-29 08:45:22-05:00,354.77,3,2021-01-29
2021-01-29 08:45:24-05:00,2021-01-29 08:45:33-05:00,354.77,12,2021-01-29
2021-01-29 08:47:18-05:00,2021-01-29 08:47:22-05:00,355.0,4,2021-01-29
2021-01-29 08:47:25-05:00,2021-01-29 08:47:28-05:00,355.0,6,2021-01-29
2021-01-29 08:47:39-05:00,2021-01-29 08:47:39-05:00,355.0,1,2021-01-29
2021-01-29 08:47:42-05:00,2021-01-29 08:50:55-05:00,366.0,354,2021-01-29
2021-01-29 08:51:00-05:00,2021-01-29 08:51:30-05:00,358.0,72,2021-01-29
2021-01-29 08:52:10-05:00,2021-01-29 08:52:10-05:00,355.0,3,2021-01-29
2021-01-29 08:52:12-05:00,2021-01-29 08:52:29-05:00,356.91,14,2021-01-29
2021-01-29 08:54:25-05:00,2021-01-29 08:54:25-05:00,354.99,2,2021-01-29
2021-01-29 08:54:30-05:00,2021-01-29 08:54:30-05:00,354.97,1,2021-01-29
2021-01-29 08:54:32-05:00,2021-01-29 08:54:32-05:00,354.97,5,2021-01-29
2021-01-29 08:58:27-05:00,2021-01-29 08:58:27-05:00,354.99,1,2021-01-29
2021-01-29 08:59:08-05:00,2021-01-29 09:11:24-05:00,389.0,2351,2021-01-29
2021-01-29 09:11:27-05:00,2021-01-29 09:29:59-05:00,390.0,1911,2021-01-29
2021-02-01 08:00:01-05:00,2021-02-01 08:01:07-05:00,332.0,3426,2021-02-01
2021-02-01 08:01:12-05:00,2021-02-01 08:01:12-05:00,319.61,3,2021-02-01
2021-02-01 08:01:15-05:00,2021-02-01 08:01:15-05:00,319.61,2,2021-02-01
2021-02-01 08:01:33-05:00,2021-02-01 08:01:38-05:00,319.61,6,2021-02-01
2021-02-01 08:02:22-05:00,2021-02-01 08:02:24-05:00,319.61,2,2021-02-01
2021-02-01 08:02:29-05:00,2021-02-01 08:02:29-05:00,325.0,1,2021-02-01
2021-02-01 08:02:35-05:00,2021-02-01 08:02:35-05:00,325.0,1,2021-02-01
2021-02-01 08:02:38-05:00,2021-02-01 08:04:45-05:00,325.0,120,2021-02-01
2021-02-01 08:04:50-05:00,2021-02-01 08:04:54-05:00,320.01,5,2021-02-01
2021-02-01 08:04:58-05:00,2021-02-01 08:04:59-05:00,319.99,3,2021-02-01
2021-02-01 08:05:02-05:00,2021-02-01 08:05:08-05:00,320.0,5,2021-02-01
2021-02-01 08:05:14-05:00,2021-02-01 08:15:10-05:00,327.0,444,2021-02-01
2021-02-01 08:15:17-05:00,2021-02-01 08:18:49-05:00,324.0,145,2021-02-01
2021-02-01 08:18:52-05:00,2021-02-01 08:18:52-05:00,323.0,21,2021-02-01
2021-02-01 08:19:04-05:00,2021-02-01 08:19:07-05:00,324.0,13,2021-02-01
2021-02-01 08:19:11-05:00,2021-02-01 08:19:12-05:00,324.0,50,2021-02-01
2021-02-01 08:19:18-05:00,2021-02-01 08:19:18-05:00,322.97,25,2021-02-01
2021-02-01 08:19:20-05:00,2021-02-01 08:19:21-05:00,323.5,46,2021-02-01
2021-02-01 08:19:23-05:00,2021-02-01 08:20:20-05:00,323.5,61,2021-02-01
2021-02-01 08:20:23-05:00,2021-02-01 08:20:25-05:00,320.0,2,2021-02-01
2021-02-01 08:20:30-05:00,2021-02-01 08:20:30-05:00,319.99,1,2021-02-01
2021-02-01 08:20:49-05:00,2021-02-01 08:20:51-05:00,320.0,5,2021-02-01
2021-02-01 08:21:29-05:00,2021-02-01 08:21:29-05:00,319.75,2,2021-02-01
2021-02-01 08:21:33-05:00,2021-02-01 08:21:33-05:00,319.7,1,2021-02-01
2021-02-01 08:21:39-05:00,2021-02-01 08:21:45-05:00,320.0,5,2021-02-01
2021-02-01 08:21:59-05:00,2021-02-01 08:21:59-05:00,319.5,2,2021-02-01
2021-02-01 08:22:50-05:00,2021-02-01 08:22:50-05:00,319.5,1,2021-02-01
2021-02-01 08:22:55-05:00,2021-02-01 08:23:02-05:00,320.0,6,2021-02-01
2021-02-01 08:23:06-05:00,2021-02-01 08:23:06-05:00,320.0,1,2021-02-01
2021-02-01 08:23:08-05:00,2021-02-01 08:23:21-05:00,320.0,9,2021-02-01
2021-02-01 08:23:27-05:00,2021-02-01 08:23:38-05:00,320.0,4,2021-02-01
2021-02-01 08:23:44-05:00,2021-02-01 08:24:02-05:00,320.0,10,2021-02-01
2021-02-01 08:24:35-05:00,2021-02-01 08:24:35-05:00,320.0,4,2021-02-01
2021-02-01 08:24:39-05:00,2021-02-01 08:24:39-05:00,320.0,1,2021-02-01
2021-02-01 08:24:47-05:00,2021-02-01 08:24:47-05:00,320.0,1,2021-02-01
2021-02-01 08:24:54-05:00,2021-02-01 08:24:54-05:00,320.0,1,2021-02-01
2021-02-01 08:24:59-05:00,2021-02-01 08:24:59-05:00,320.0,1,2021-02-01
2021-02-01 08:25:12-05:00,2021-02-01 08:27:21-05:00,323.0,38,2021-02-01
2021-02-01 08:27:26-05:00,2021-02-01 08:27:30-05:00,320.0,5,2021-02-01
2021-02-01 08:27:32-05:00,2021-02-01 08:27:32-05:00,320.0,1,2021-02-01
2021-02-01 08:27:46-05:00,2021-02-01 08:27:46-05:00,321.0,1,2021-02-01
2021-02-01 08:27:53-05:00,2021-02-01 08:27:53-05:00,319.98,2,2021-02-01
2021-02-01 08:28:35-05:00,2021-02-01 08:28:37-05:00,320.0,3,2021-02-01
2021-02-01 08:29:11-05:00,2021-02-01 08:29:11-05:00,320.0,3,2021-02-01
2021-02-01 08:29:22-05:00,2021-02-01 08:29:22-05:00,320.0,1,2021-02-01
2021-02-01 08:29:36-05:00,2021-02-01 08:30:00-05:00,320.0,12,2021-02-01
2021-02-01 08:30:05-05:00,2021-02-01 08:30:09-05:00,319.99,3,2021-02-01
2021-02-01 08:30:11-05:00,2021-02-01 08:30:13-05:00,319.5,4,2021-02-01
2021-02-01 08:30:25-05:00,2021-02-01 08:30:25-05:00,319.99,1,2021-02-01
2021-02-01 08:31:08-05:00,2021-02-01 08:45:05-05:00,333.0,711,2021-02-01
2021-02-01 08:45:07-05:00,2021-02-01 08:49:31-05:00,323.99,114,2021-02-01
2021-02-01 08:49:36-05:00,2021-02-01 08:49:36-05:00,324.0,14,2021-02-01
2021-02-01 08:49:38-05:00,2021-02-01 08:49:38-05:00,324.0,7,2021-02-01
2021-02-01 08:49:46-05:00,2021-02-01 08:49:46-05:00,323.89,1,2021-02-01
2021-02-01 08:49:49-05:00,2021-02-01 08:56:04-05:00,324.5,204,2021-02-01
2021-02-01 08:56:08-05:00,2021-02-01 08:56:22-05:00,319.99,13,2021-02-01
2021-02-01 08:56:55-05:00,2021-02-01 08:57:09-05:00,320.35,16,2021-02-01
2021-02-01 08:57:14-05:00,2021-02-01 08:57:14-05:00,320.35,2,2021-02-01
2021-02-01 08:57:17-05:00,2021-02-01 08:57:18-05:00,320.35,3,2021-02-01
2021-02-01 08:57:20-05:00,2021-02-01 08:57:20-05:00,320.0,1,2021-02-01
2021-02-01 08:57:30-05:00,2021-02-01 08:57:30-05:00,319.5,1,2021-02-01
2021-02-01 08:57:34-05:00,2021-02-01 08:57:39-05:00,320.0,3,2021-02-01
2021-02-01 09:12:04-05:00,2021-02-01 09:12:04-05:00,325.0,1,2021-02-01
2021-02-02 08:00:06-05:00,2021-02-02 08:03:57-05:00,149.46,3313,2021-02-02
2021-02-02 08:04:00-05:00,2021-02-02 08:04:00-05:00,139.0,1,2021-02-02
2021-02-02 08:04:03-05:00,2021-02-02 08:04:11-05:00,139.0,18,2021-02-02
2021-02-02 08:04:40-05:00,2021-02-02 08:04:41-05:00,139.0,7,2021-02-02
2021-02-02 08:04:45-05:00,2021-02-02 08:05:06-05:00,139.56,15,2021-02-02
2021-02-02 08:23:51-05:00,2021-02-02 08:25:05-05:00,162.0,1488,2021-02-02
2021-02-02 09:07:57-05:00,2021-02-02 09:08:11-05:00,162.0,158,2021-02-02
2021-02-02 09:08:13-05:00,2021-02-02 09:08:32-05:00,161.38,285,2021-02-02
2021-02-02 09:08:34-05:00,2021-02-02 09:08:53-05:00,162.0,423,2021-02-02
2021-02-02 09:08:56-05:00,2021-02-02 09:09:15-05:00,162.0,305,2021-02-02
2021-02-02 09:09:17-05:00,2021-02-02 09:09:36-05:00,161.42,317,2021-02-02
2021-02-02 09:09:39-05:00,2021-02-02 09:09:59-05:00,162.0,335,2021-02-02
2021-02-02 09:10:01-05:00,2021-02-02 09:10:18-05:00,161.38,345,2021-02-02
2021-02-02 09:10:20-05:00,2021-02-02 09:10:38-05:00,162.0,327,2021-02-02
2021-02-02 09:10:41-05:00,2021-02-02 09:10:58-05:00,162.0,316,2021-02-02
2021-02-02 09:11:01-05:00,2021-02-02 09:11:24-05:00,162.0,383,2021-02-02
2021-02-02 09:14:47-05:00,2021-02-02 09:14:48-05:00,139.23,5,2021-02-02
2021-02-02 09:14:52-05:00,2021-02-02 09:14:53-05:00,139.44,3,2021-02-02
2021-02-02 09:28:37-05:00,2021-02-02 09:29:22-05:00,141.4,11,2021-02-02
2021-02-03 09:04:14-05:00,2021-02-03 09:04:18-05:00,105.84,25,2021-02-03
2021-02-03 09:04:21-05:00,2021-02-03 09:04:29-05:00,105.84,18,2021-02-03
2021-02-03 09:04:31-05:00,2021-02-03 09:12:48-05:00,117.4,1510,2021-02-03
2021-02-03 09:12:58-05:00,2021-02-03 09:12:59-05:00,105.0,3,2021-02-03
2021-02-03 09:13:02-05:00,2021-02-03 09:16:33-05:00,109.0,330,2021-02-03
2021-02-03 09:16:36-05:00,2021-02-03 09:16:36-05:00,104.99,4,2021-02-03
2021-02-03 09:17:47-05:00,2021-02-03 09:17:48-05:00,105.0,2,2021-02-03
2021-02-03 09:18:41-05:00,2021-02-03 09:29:58-05:00,121.7,1091,2021-02-03
2021-02-05 08:05:19-05:00,2021-02-05 08:05:19-05:00,59.56,1,2021-02-05
2021-02-05 08:05:24-05:00,2021-02-05 08:05:25-05:00,59.67,42,2021-02-05
2021-02-05 08:05:27-05:00,2021-02-05 08:05:42-05:00,59.6,23,2021-02-05
2021-02-05 08:07:23-05:00,2021-02-05 08:08:32-05:00,59.99,79,2021-02-05
2021-02-05 08:08:42-05:00,2021-02-05 08:08:43-05:00,59.89,4,2021-02-05
2021-02-05 08:08:59-05:00,2021-02-05 08:09:08-05:00,59.77,5,2021-02-05
2021-02-05 08:09:24-05:00,2021-02-05 08:09:35-05:00,59.7801,7,2021-02-05
2021-02-05 08:09:41-05:00,2021-02-05 08:09:58-05:00,59.75,8,2021-02-05
2021-02-05 08:10:02-05:00,2021-02-05 08:10:04-05:00,59.65,3,2021-02-05
2021-02-05 08:10:22-05:00,2021-02-05 08:10:22-05:00,59.65,1,2021-02-05
2021-02-05 08:10:27-05:00,2021-02-05 08:10:27-05:00,59.58,1,2021-02-05
2021-02-05 08:10:43-05:00,2021-02-05 08:11:37-05:00,59.95,45,2021-02-05
2021-02-05 08:12:26-05:00,2021-02-05 08:12:31-05:00,59.6,8,2021-02-05
2021-02-05 08:12:42-05:00,2021-02-05 08:12:42-05:00,59.59,1,2021-02-05
2021-02-08 09:29:37-05:00,2021-02-08 09:29:37-05:00,73.4,1,2021-02-08
2021-02-24 08:27:22-05:00,2021-02-24 08:27:22-05:00,350.0,1,2021-02-24
2021-02-25 08:23:51-05:00,2021-02-25 08:23:51-05:00,167.0,27,2021-02-25
2021-02-25 08:23:53-05:00,2021-02-25 08:24:00-05:00,167.0,205,2021-02-25
2021-02-25 08:59:37-05:00,2021-02-25 08:59:38-05:00,167.0,54,2021-02-25
2021-02-25 08:59:45-05:00,2021-02-25 08:59:46-05:00,167.0,54,2021-02-25
2021-02-25 08:59:50-05:00,2021-02-25 08:59:51-05:00,167.0,63,2021-02-25
2021-02-25 08:59:55-05:00,2021-02-25 08:59:55-05:00,167.0,32,2021-02-25
2021-02-25 08:59:59-05:00,2021-02-25 09:00:00-05:00,167.0,61,2021-02-25
2021-02-25 09:00:03-05:00,2021-02-25 09:00:05-05:00,167.0,212,2021-02-25
2021-02-25 09:00:08-05:00,2021-02-25 09:00:09-05:00,167.0,189,2021-02-25
2021-02-25 09:00:12-05:00,2021-02-25 09:00:13-05:00,167.0,164,2021-02-25
2021-02-25 09:00:17-05:00,2021-02-25 09:00:18-05:00,167.0,227,2021-02-25
2021-02-25 09:00:22-05:00,2021-02-25 09:00:23-05:00,166.98,148,2021-02-25
2021-02-25 09:12:41-05:00,2021-02-25 09:12:45-05:00,166.66,237,2021-02-25
2021-02-25 09:12:49-05:00,2021-02-25 09:13:07-05:00,166.99,849,2021-02-25
2021-02-25 09:13:21-05:00,2021-02-25 09:13:23-05:00,166.0,134,2021-02-25
2021-02-25 09:13:27-05:00,2021-02-25 09:15:17-05:00,172.2,5731,2021-02-25
2021-02-25 09:15:19-05:00,2021-02-25 09:15:20-05:00,166.0,93,2021-02-25
2021-02-25 09:15:24-05:00,2021-02-25 09:15:33-05:00,167.16,388,2021-02-25
2021-02-25 09:15:35-05:00,2021-02-25 09:18:38-05:00,171.97,5976,2021-02-25
2021-02-25 09:18:41-05:00,2021-02-25 09:18:48-05:00,167.0,210,2021-02-25
2021-02-25 09:19:39-05:00,2021-02-25 09:29:06-05:00,175.48,16459,2021-02-25
2021-02-25 09:29:18-05:00,2021-02-25 09:29:59-05:00,170.0,963,2021-02-25
2021-02-26 08:00:02-05:00,2021-02-26 08:00:05-05:00,130.0,3153,2021-02-26
2021-02-26 09:00:50-05:00,2021-02-26 09:00:57-05:00,124.9,237,2021-02-26
2021-02-26 09:01:08-05:00,2021-02-26 09:01:11-05:00,124.79,61,2021-02-26
2021-02-26 09:01:13-05:00,2021-02-26 09:01:13-05:00,124.79,17,2021-02-26
2021-03-01 08:00:02-05:00,2021-03-01 08:07:13-05:00,111.0,1258,2021-03-01
2021-03-01 08:07:20-05:00,2021-03-01 08:07:32-05:00,108.0,3,2021-03-01
2021-03-01 08:08:01-05:00,2021-03-01 08:08:57-05:00,108.47,8,2021-03-01
2021-03-01 08:09:36-05:00,2021-03-01 08:11:21-05:00,108.15,9,2021-03-01
2021-03-01 08:11:41-05:00,2021-03-01 08:11:42-05:00,108.06,2,2021-03-01
2021-03-01 08:12:34-05:00,2021-03-01 08:12:43-05:00,108.0,3,2021-03-01
2021-03-01 08:13:08-05:00,2021-03-01 08:13:08-05:00,108.0,1,2021-03-01
2021-03-01 08:13:54-05:00,2021-03-01 08:16:55-05:00,108.2,31,2021-03-01
2021-03-01 08:17:05-05:00,2021-03-01 08:17:10-05:00,108.0,2,2021-03-01
2021-03-01 08:18:01-05:00,2021-03-01 08:18:01-05:00,107.98,1,2021-03-01
2021-03-01 08:19:28-05:00,2021-03-01 08:19:35-05:00,108.0,2,2021-03-01
2021-03-01 08:22:35-05:00,2021-03-01 08:22:36-05:00,108.09,3,2021-03-01
2021-03-02 08:02:37-05:00,2021-03-02 08:02:37-05:00,120.4,1,2021-03-02
2021-03-02 08:08:55-05:00,2021-03-02 08:08:55-05:00,120.4,1,2021-03-02
2021-03-03 09:21:31-05:00,2021-03-03 09:29:59-05:00,125.51,1824,2021-03-03
2021-03-05 08:00:01-05:00,2021-03-05 08:04:36-05:00,133.0,368,2021-03-05
2021-03-05 08:05:07-05:00,2021-03-05 08:05:25-05:00,131.49,3,2021-03-05
2021-03-05 08:05:52-05:00,2021-03-05 08:05:52-05:00,131.5,2,2021-03-05
2021-03-05 08:08:21-05:00,2021-03-05 08:10:36-05:00,131.25,9,2021-03-05
2021-03-05 08:11:01-05:00,2021-03-05 08:11:51-05:00,131.24,5,2021-03-05
2021-03-09 09:04:17-05:00,2021-03-09 09:07:09-05:00,228.0,2095,2021-03-09
2021-03-09 09:07:49-05:00,2021-03-09 09:07:58-05:00,226.8,113,2021-03-09
2021-03-09 09:08:00-05:00,2021-03-09 09:08:14-05:00,226.78,130,2021-03-09
2021-03-09 09:08:16-05:00,2021-03-09 09:08:36-05:00,226.71,220,2021-03-09
2021-03-09 09:08:38-05:00,2021-03-09 09:08:46-05:00,226.35,95,2021-03-09
2021-03-09 09:08:48-05:00,2021-03-09 09:09:00-05:00,226.35,122,2021-03-09
2021-03-09 09:09:02-05:00,2021-03-09 09:09:02-05:00,226.35,7,2021-03-09
2021-03-09 09:09:04-05:00,2021-03-09 09:09:04-05:00,226.35,10,2021-03-09
2021-03-09 09:09:06-05:00,2021-03-09 09:09:10-05:00,226.35,45,2021-03-09
2021-03-09 09:09:12-05:00,2021-03-09 09:09:14-05:00,226.35,28,2021-03-09
2021-03-09 09:09:18-05:00,2021-03-09 09:09:22-05:00,226.35,37,2021-03-09
2021-03-09 09:09:24-05:00,2021-03-09 09:10:02-05:00,226.89,314,2021-03-09
2021-03-10 08:00:00-05:00,2021-03-10 08:56:39-05:00,287.5,2959,2021-03-10
2021-03-10 08:56:42-05:00,2021-03-10 08:56:42-05:00,275.0,2,2021-03-10
2021-03-10 08:56:44-05:00,2021-03-10 08:56:45-05:00,274.0,5,2021-03-10
2021-03-10 08:56:47-05:00,2021-03-10 08:57:17-05:00,274.94,25,2021-03-10
2021-03-10 08:57:22-05:00,2021-03-10 08:57:27-05:00,274.37,7,2021-03-10
2021-03-10 08:57:35-05:00,2021-03-10 08:57:42-05:00,274.34,10,2021-03-10
2021-03-10 08:57:50-05:00,2021-03-10 08:57:50-05:00,274.13,1,2021-03-10
2021-03-10 08:57:52-05:00,2021-03-10 08:57:56-05:00,273.96,4,2021-03-10
2021-03-10 08:58:00-05:00,2021-03-10 08:58:04-05:00,273.95,155,2021-03-10
2021-03-10 08:58:59-05:00,2021-03-10 08:58:59-05:00,273.9499,2,2021-03-10
2021-03-10 08:59:02-05:00,2021-03-10 08:59:03-05:00,273.95,3,2021-03-10
2021-03-10 08:59:10-05:00,2021-03-10 09:00:12-05:00,275.97,157,2021-03-10
2021-03-10 09:00:15-05:00,2021-03-10 09:00:26-05:00,274.06,100,2021-03-10
2021-03-10 09:18:46-05:00,2021-03-10 09:18:54-05:00,274.06,69,2021-03-10
2021-03-10 09:18:56-05:00,2021-03-10 09:18:58-05:00,273.98,17,2021-03-10
2021-03-10 09:19:05-05:00,2021-03-10 09:19:05-05:00,273.99,6,2021-03-10
2021-03-10 09:19:35-05:00,2021-03-10 09:19:36-05:00,273.75,16,2021-03-10
2021-03-10 09:19:38-05:00,2021-03-10 09:19:49-05:00,274.0,67,2021-03-10
2021-03-10 09:19:51-05:00,2021-03-10 09:19:51-05:00,273.67,9,2021-03-10
2021-03-10 09:20:08-05:00,2021-03-10 09:20:08-05:00,273.67,7,2021-03-10
2021-03-10 09:20:25-05:00,2021-03-10 09:20:26-05:00,273.68,11,2021-03-10
2021-03-11 08:00:01-05:00,2021-03-11 09:03:39-05:00,265.0,3087,2021-03-11
2021-03-11 09:03:46-05:00,2021-03-11 09:04:45-05:00,246.51,324,2021-03-11
2021-03-11 09:04:56-05:00,2021-03-11 09:04:58-05:00,245.41,14,2021-03-11
2021-03-11 09:05:03-05:00,2021-03-11 09:05:18-05:00,245.41,91,2021-03-11
2021-03-11 09:05:21-05:00,2021-03-11 09:05:56-05:00,245.41,346,2021-03-11
2021-03-11 09:23:52-05:00,2021-03-11 09:26:25-05:00,248.0,950,2021-03-11
2021-03-11 09:26:42-05:00,2021-03-11 09:26:45-05:00,246.0,17,2021-03-11
2021-03-12 08:00:03-05:00,2021-03-12 08:00:04-05:00,276.49,687,2021-03-12
2021-03-15 08:00:00-04:00,2021-03-15 08:00:18-04:00,282.0,690,2021-03-15
2021-03-15 08:00:36-04:00,2021-03-15 08:00:36-04:00,278.51,3,2021-03-15
2021-03-15 08:00:40-04:00,2021-03-15 08:00:50-04:00,278.79,3,2021-03-15
2021-03-15 08:01:14-04:00,2021-03-15 08:01:14-04:00,278.5482,1,2021-03-15
2021-03-15 08:01:19-04:00,2021-03-15 08:01:19-04:00,278.6,1,2021-03-15
2021-03-15 08:01:22-04:00,2021-03-15 08:01:22-04:00,278.5,2,2021-03-15
2021-03-15 08:01:33-04:00,2021-03-15 08:01:33-04:00,278.5,1,2021-03-15
2021-03-15 08:01:39-04:00,2021-03-15 08:01:39-04:00,278.6,1,2021-03-15
2021-03-15 08:01:48-04:00,2021-03-15 08:01:48-04:00,278.6,1,2021-03-15
2021-03-15 08:01:59-04:00,2021-03-15 08:01:59-04:00,278.6,1,2021-03-15
2021-03-15 09:07:35-04:00,2021-03-15 09:07:42-04:00,278.55,36,2021-03-15
2021-03-15 09:07:44-04:00,2021-03-15 09:07:44-04:00,278.53,4,2021-03-15
2021-03-15 09:07:46-04:00,2021-03-15 09:07:47-04:00,278.55,14,2021-03-15
2021-03-15 09:07:49-04:00,2021-03-15 09:07:49-04:00,278.55,9,2021-03-15
2021-03-15 09:07:51-04:00,2021-03-15 09:10:24-04:00,279.46,1001,2021-03-15
2021-03-15 09:10:26-04:00,2021-03-15 09:10:54-04:00,279.0,134,2021-03-15
2021-03-15 09:10:56-04:00,2021-03-15 09:11:08-04:00,278.88,72,2021-03-15
2021-03-15 09:11:10-04:00,2021-03-15 09:11:10-04:00,278.51,5,2021-03-15
2021-03-15 09:11:13-04:00,2021-03-15 09:11:14-04:00,278.6,15,2021-03-15
2021-03-15 09:11:16-04:00,2021-03-15 09:11:21-04:00,278.6,31,2021-03-15
2021-03-15 09:11:23-04:00,2021-03-15 09:11:24-04:00,278.51,15,2021-03-15
2021-03-15 09:11:28-04:00,2021-03-15 09:11:29-04:00,278.51,11,2021-03-15
2021-03-15 09:13:33-04:00,2021-03-15 09:13:33-04:00,278.9,2,2021-03-15
2021-03-15 09:13:35-04:00,2021-03-15 09:13:35-04:00,278.9,8,2021-03-15
2021-03-15 09:13:37-04:00,2021-03-15 09:13:37-04:00,278.9,9,2021-03-15
2021-03-15 09:13:40-04:00,2021-03-15 09:13:43-04:00,278.9,21,2021-03-15
2021-03-15 09:13:45-04:00,2021-03-15 09:13:45-04:00,278.5,3,2021-03-15
2021-03-15 09:13:52-04:00,2021-03-15 09:13:55-04:00,278.9,14,2021-03-15
2021-03-15 09:14:01-04:00,2021-03-15 09:14:01-04:00,278.88,7,2021-03-15
2021-03-15 09:14:03-04:00,2021-03-15 09:14:07-04:00,278.9,20,2021-03-15
2021-03-15 09:14:09-04:00,2021-03-15 09:14:09-04:00,278.83,6,2021-03-15
2021-03-15 09:14:11-04:00,2021-03-15 09:14:11-04:00,278.83,4,2021-03-15
2021-03-15 09:14:13-04:00,2021-03-15 09:14:15-04:00,278.83,5,2021-03-15
2021-03-15 09:14:17-04:00,2021-03-15 09:14:20-04:00,278.83,11,2021-03-15
2021-03-15 09:14:23-04:00,2021-03-15 09:14:24-04:00,278.83,9,2021-03-15
2021-03-15 09:14:26-04:00,2021-03-15 09:14:26-04:00,278.5,6,2021-03-15
2021-03-15 09:14:28-04:00,2021-03-15 09:14:30-04:00,278.83,11,2021-03-15
2021-03-15 09:14:33-04:00,2021-03-15 09:14:34-04:00,278.83,10,2021-03-15
2021-03-15 09:14:37-04:00,2021-03-15 09:14:37-04:00,278.83,3,2021-03-15
2021-03-15 09:14:39-04:00,2021-03-15 09:14:40-04:00,278.83,11,2021-03-15
2021-03-15 09:14:42-04:00,2021-03-15 09:14:43-04:00,278.83,11,2021-03-15
2021-03-15 09:14:47-04:00,2021-03-15 09:14:47-04:00,278.83,4,2021-03-15
2021-03-15 09:14:49-04:00,2021-03-15 09:15:04-04:00,278.83,50,2021-03-15
2021-03-15 09:15:06-04:00,2021-03-15 09:15:06-04:00,278.465,6,2021-03-15
2021-03-15 09:15:08-04:00,2021-03-15 09:15:09-04:00,278.83,7,2021-03-15
2021-03-15 09:15:11-04:00,2021-03-15 09:15:15-04:00,278.83,25,2021-03-15
2021-03-15 09:15:18-04:00,2021-03-15 09:15:19-04:00,278.46,12,2021-03-15
2021-03-15 09:15:21-04:00,2021-03-15 09:15:24-04:00,278.46,17,2021-03-15
2021-03-15 09:15:26-04:00,2021-03-15 09:15:33-04:00,278.75,40,2021-03-15
2021-03-15 09:15:35-04:00,2021-03-15 09:15:37-04:00,278.75,10,2021-03-15
2021-03-15 09:15:40-04:00,2021-03-15 09:15:43-04:00,278.5,13,2021-03-15
2021-03-15 09:15:45-04:00,2021-03-15 09:15:45-04:00,278.5,9,2021-03-15
2021-03-15 09:15:47-04:00,2021-03-15 09:15:48-04:00,278.4996,4,2021-03-15
2021-03-15 09:15:52-04:00,2021-03-15 09:15:52-04:00,278.5,4,2021-03-15
2021-03-15 09:15:54-04:00,2021-03-15 09:15:54-04:00,278.5,5,2021-03-15
2021-03-15 09:15:57-04:00,2021-03-15 09:15:59-04:00,278.5,7,2021-03-15
2021-03-15 09:19:14-04:00,2021-03-15 09:19:14-04:00,278.49,4,2021-03-15
2021-03-15 09:19:22-04:00,2021-03-15 09:19:22-04:00,278.49,4,2021-03-15
2021-03-15 09:19:24-04:00,2021-03-15 09:19:24-04:00,278.49,1,2021-03-15
2021-03-15 09:19:30-04:00,2021-03-15 09:19:30-04:00,278.83,2,2021-03-15
2021-03-15 09:19:32-04:00,2021-03-15 09:19:34-04:00,278.83,8,2021-03-15
2021-03-15 09:19:36-04:00,2021-03-15 09:19:41-04:00,278.83,23,2021-03-15
2021-03-15 09:19:44-04:00,2021-03-15 09:20:08-04:00,278.83,106,2021-03-15
2021-03-15 09:20:11-04:00,2021-03-15 09:20:27-04:00,278.83,50,2021-03-15
2021-03-15 09:20:29-04:00,2021-03-15 09:20:36-04:00,278.83,24,2021-03-15
2021-03-15 09:20:38-04:00,2021-03-15 09:21:22-04:00,279.23,198,2021-03-15
2021-03-15 09:21:24-04:00,2021-03-15 09:21:26-04:00,278.5,13,2021-03-15
2021-03-15 09:21:28-04:00,2021-03-15 09:21:30-04:00,278.5,8,2021-03-15
2021-03-15 09:21:32-04:00,2021-03-15 09:21:39-04:00,278.5,41,2021-03-15
2021-03-15 09:21:47-04:00,2021-03-15 09:21:51-04:00,278.5,22,2021-03-15
2021-03-15 09:21:55-04:00,2021-03-15 09:22:28-04:00,279.0,116,2021-03-15
2021-03-15 09:22:30-04:00,2021-03-15 09:23:36-04:00,278.99,200,2021-03-15
2021-03-15 09:23:40-04:00,2021-03-15 09:23:44-04:00,278.7,19,2021-03-15
2021-03-15 09:25:41-04:00,2021-03-15 09:25:42-04:00,278.6,13,2021-03-15
2021-03-15 09:25:44-04:00,2021-03-15 09:27:58-04:00,279.0,456,2021-03-15
2021-03-15 09:28:00-04:00,2021-03-15 09:28:15-04:00,278.74,44,2021-03-15
2021-03-15 09:28:17-04:00,2021-03-15 09:28:18-04:00,278.5,9,2021-03-15
2021-03-15 09:28:23-04:00,2021-03-15 09:28:25-04:00,278.5,3,2021-03-15
2021-03-15 09:28:29-04:00,2021-03-15 09:28:30-04:00,278.5,8,2021-03-15
2021-03-15 09:28:32-04:00,2021-03-15 09:28:32-04:00,278.5,3,2021-03-15
2021-03-15 09:33:39-04:00,2021-03-15 09:35:57-04:00,283.0,5013,2021-03-15
2021-03-15 09:36:12-04:00,2021-03-15 09:36:47-04:00,279.5,753,2021-03-15
2021-03-15 09:36:51-04:00,2021-03-15 09:38:45-04:00,281.99,2447,2021-03-15
2021-03-15 09:38:51-04:00,2021-03-15 09:39:06-04:00,279.4401,312,2021-03-15
2021-03-15 09:40:10-04:00,2021-03-15 09:40:11-04:00,278.4499,37,2021-03-15
2021-03-15 09:41:08-04:00,2021-03-15 09:41:43-04:00,280.5,646,2021-03-15
2021-03-15 09:42:11-04:00,2021-03-15 09:42:16-04:00,279.0,91,2021-03-15
2021-03-15 09:59:45-04:00,2021-03-15 10:00:00-04:00,279.46,337,2021-03-15
2021-03-16 08:00:02-04:00,2021-03-16 08:30:11-04:00,213.73,2625,2021-03-16
2021-03-16 08:30:33-04:00,2021-03-16 08:30:33-04:00,191.98,2,2021-03-16
2021-03-16 08:30:38-04:00,2021-03-16 08:30:38-04:00,191.98,3,2021-03-16
2021-03-16 08:31:02-04:00,2021-03-16 08:31:02-04:00,192.0,4,2021-03-16
2021-03-16 08:38:53-04:00,2021-03-16 08:38:53-04:00,191.78,2,2021-03-16
2021-03-16 08:38:55-04:00,2021-03-16 08:38:58-04:00,191.78,7,2021-03-16
2021-03-16 08:39:00-04:00,2021-03-16 08:39:21-04:00,191.99,19,2021-03-16
2021-03-16 08:39:24-04:00,2021-03-16 08:39:24-04:00,191.65,1,2021-03-16
2021-03-16 08:41:39-04:00,2021-03-16 09:11:27-04:00,213.91,5816,2021-03-16
2021-03-16 09:11:30-04:00,2021-03-16 09:12:10-04:00,192.51,240,2021-03-16
2021-03-16 09:12:12-04:00,2021-03-16 09:12:12-04:00,191.94,4,2021-03-16
2021-03-16 09:12:14-04:00,2021-03-16 09:12:19-04:00,191.92,22,2021-03-16
2021-03-16 09:12:21-04:00,2021-03-16 09:18:42-04:00,194.0,1848,2021-03-16
2021-03-16 09:18:55-04:00,2021-03-16 09:19:00-04:00,191.72,37,2021-03-16
2021-03-16 09:19:02-04:00,2021-03-16 09:19:02-04:00,191.6,6,2021-03-16
2021-03-16 09:19:08-04:00,2021-03-16 09:19:10-04:00,191.6,17,2021-03-16
2021-03-16 09:19:12-04:00,2021-03-16 09:19:14-04:00,191.6,15,2021-03-16
2021-03-16 09:19:16-04:00,2021-03-16 09:19:16-04:00,192.0,11,2021-03-16
2021-03-16 09:19:18-04:00,2021-03-16 09:19:22-04:00,192.0,21,2021-03-16
2021-03-16 09:19:24-04:00,2021-03-16 09:19:24-04:00,192.0,3,2021-03-16
2021-03-16 09:19:28-04:00,2021-03-16 09:19:28-04:00,191.97,3,2021-03-16
2021-03-16 09:19:32-04:00,2021-03-16 09:19:32-04:00,191.97,4,2021-03-16
2021-03-16 09:19:34-04:00,2021-03-16 09:19:34-04:00,191.95,2,2021-03-16
2021-03-16 09:19:36-04:00,2021-03-16 09:38:05-04:00,212.6,35461,2021-03-16
2021-03-16 09:38:21-04:00,2021-03-16 09:38:24-04:00,192.0,471,2021-03-16
2021-03-16 09:38:30-04:00,2021-03-16 09:38:33-04:00,191.86,345,2021-03-16
2021-03-16 09:39:00-04:00,2021-03-16 09:39:00-04:00,191.8,111,2021-03-16
2021-03-16 09:40:35-04:00,2021-03-16 09:40:35-04:00,194.69,51,2021-03-16
2021-03-16 09:41:15-04:00,2021-03-16 09:41:20-04:00,191.8,381,2021-03-16
2021-03-16 09:48:39-04:00,2021-03-16 09:50:50-04:00,196.47,7438,2021-03-16
2021-03-16 09:50:57-04:00,2021-03-16 09:50:58-04:00,191.82,80,2021-03-16
2021-03-16 09:51:05-04:00,2021-03-16 09:54:18-04:00,220.14,6336,2021-03-16
2021-03-16 09:54:20-04:00,2021-03-16 09:54:20-04:00,191.72,29,2021-03-16
2021-03-16 09:54:37-04:00,2021-03-16 09:54:39-04:00,191.72,86,2021-03-16
2021-03-16 09:54:42-04:00,2021-03-16 09:54:42-04:00,191.62,26,2021-03-16
2021-03-16 09:58:44-04:00,2021-03-16 09:59:04-04:00,192.92,538,2021-03-16
2021-03-16 10:00:18-04:00,2021-03-16 10:00:19-04:00,191.79,36,2021-03-16
2021-03-16 10:01:25-04:00,2021-03-16 10:03:23-04:00,195.0,3020,2021-03-16
2021-03-17 09:32:06-04:00,2021-03-17 09:32:28-04:00,226.9,2083,2021-03-17
2021-03-17 09:32:42-04:00,2021-03-17 09:32:42-04:00,225.5922,90,2021-03-17
2021-03-17 09:36:16-04:00,2021-03-17 09:36:19-04:00,226.0,223,2021-03-17
2021-03-17 09:36:27-04:00,2021-03-17 09:36:30-04:00,225.63,175,2021-03-17
2021-03-17 09:41:15-04:00,2021-03-17 09:41:50-04:00,227.33,1665,2021-03-17
2021-03-17 09:41:54-04:00,2021-03-17 09:42:23-04:00,226.55,1049,2021-03-17
2021-03-17 09:42:58-04:00,2021-03-17 09:43:37-04:00,226.49,1086,2021-03-17
2021-03-17 09:43:53-04:00,2021-03-17 09:43:54-04:00,225.7,31,2021-03-17
2021-03-17 09:45:01-04:00,2021-03-17 09:51:00-04:00,231.47,13618,2021-03-17
2021-03-17 09:51:02-04:00,2021-03-17 09:51:38-04:00,226.28,1114,2021-03-17
2021-03-17 09:52:05-04:00,2021-03-17 09:52:13-04:00,225.8,233,2021-03-17
2021-03-17 09:52:15-04:00,2021-03-17 09:52:18-04:00,225.77,91,2021-03-17
2021-03-17 09:52:22-04:00,2021-03-17 09:52:32-04:00,226.5,266,2021-03-17
2021-03-17 09:52:52-04:00,2021-03-17 09:53:17-04:00,226.25,444,2021-03-17
2021-03-17 09:53:24-04:00,2021-03-17 09:54:31-04:00,227.47,1375,2021-03-17
2021-03-17 09:54:44-04:00,2021-03-17 09:54:50-04:00,225.96,118,2021-03-17
2021-03-17 09:55:00-04:00,2021-03-17 09:55:00-04:00,225.65,24,2021-03-17
2021-03-17 09:55:03-04:00,2021-03-17 09:55:03-04:00,225.63,19,2021-03-17
2021-03-17 09:55:07-04:00,2021-03-17 09:55:33-04:00,225.71,413,2021-03-17
2021-03-17 09:55:35-04:00,2021-03-17 09:55:38-04:00,225.59,50,2021-03-17
2021-03-17 09:55:45-04:00,2021-03-17 09:55:45-04:00,225.62,13,2021-03-17
2021-03-17 09:55:52-04:00,2021-03-17 09:55:52-04:00,225.58,23,2021-03-17
2021-03-17 09:56:09-04:00,2021-03-17 09:56:12-04:00,225.59,69,2021-03-17
2021-03-17 09:56:16-04:00,2021-03-17 09:56:17-04:00,225.56,19,2021-03-17
2021-03-17 09:56:20-04:00,2021-03-17 09:58:16-04:00,227.49,1831,2021-03-17
2021-03-18 08:00:00-04:00,2021-03-18 09:32:21-04:00,218.98,6196,2021-03-18
2021-03-18 09:32:28-04:00,2021-03-18 09:34:39-04:00,215.3272,2704,2021-03-18
2021-03-18 09:36:53-04:00,2021-03-18 09:37:49-04:00,213.37,1461,2021-03-18
2021-03-18 09:38:03-04:00,2021-03-18 09:40:30-04:00,213.39,2026,2021-03-18
2021-03-18 09:40:40-04:00,2021-03-18 09:40:42-04:00,213.0,42,2021-03-18
2021-03-18 09:40:51-04:00,2021-03-18 09:41:11-04:00,211.8999,252,2021-03-18
2021-03-18 09:44:11-04:00,2021-03-18 09:44:14-04:00,211.48,42,2021-03-18
2021-03-18 09:44:38-04:00,2021-03-18 09:44:43-04:00,211.6,45,2021-03-18
2021-03-18 09:44:46-04:00,2021-03-18 09:45:19-04:00,212.9699,330,2021-03-18
2021-03-18 09:45:28-04:00,2021-03-18 09:45:35-04:00,211.65,67,2021-03-18
2021-03-18 10:23:14-04:00,2021-03-18 10:23:17-04:00,211.66,85,2021-03-18
2021-03-18 10:23:22-04:00,2021-03-18 10:25:18-04:00,212.49,1752,2021-03-18
2021-03-18 10:25:20-04:00,2021-03-18 10:25:21-04:00,211.21,34,2021-03-18
2021-03-18 10:25:24-04:00,2021-03-18 10:25:27-04:00,211.257,44,2021-03-18
2021-03-18 10:26:15-04:00,2021-03-18 10:26:34-04:00,211.45,190,2021-03-18
2021-03-18 10:26:37-04:00,2021-03-18 10:26:52-04:00,211.34,122,2021-03-18
2021-03-18 10:26:56-04:00,2021-03-18 10:26:56-04:00,211.27,6,2021-03-18
2021-03-18 10:26:58-04:00,2021-03-18 10:26:59-04:00,211.26,6,2021-03-18
2021-03-18 10:27:01-04:00,2021-03-18 10:27:07-04:00,211.4,33,2021-03-18
2021-03-18 10:27:23-04:00,2021-03-18 10:27:28-04:00,211.37,44,2021-03-18
2021-03-18 10:27:30-04:00,2021-03-18 10:27:30-04:00,211.185,5,2021-03-18
2021-03-18 10:28:04-04:00,2021-03-18 10:28:07-04:00,211.25,26,2021-03-18
2021-03-19 08:00:00-04:00,2021-03-19 09:30:57-04:00,206.5,5960,2021-03-19
2021-03-19 09:31:36-04:00,2021-03-19 09:35:53-04:00,198.6199,7649,2021-03-19
2021-03-19 09:35:55-04:00,2021-03-19 09:35:55-04:00,193.74,44,2021-03-19
2021-03-19 09:51:10-04:00,2021-03-19 09:51:14-04:00,193.79,128,2021-03-19
2021-03-19 09:51:26-04:00,2021-03-19 09:51:27-04:00,193.59,38,2021-03-19
2021-03-19 09:51:29-04:00,2021-03-19 09:51:31-04:00,193.59,48,2021-03-19
2021-03-19 09:51:43-04:00,2021-03-19 09:51:44-04:00,193.71,60,2021-03-19
2021-03-22 09:07:01-04:00,2021-03-22 09:07:01-04:00,200.674,1,2021-03-22
2021-03-22 09:07:04-04:00,2021-03-22 09:07:04-04:00,201.0,2,2021-03-22
2021-03-22 09:07:09-04:00,2021-03-22 09:07:09-04:00,201.0,3,2021-03-22
2021-03-22 09:07:14-04:00,2021-03-22 09:07:24-04:00,201.0,20,2021-03-22
2021-03-22 09:07:26-04:00,2021-03-22 09:07:35-04:00,201.0,49,2021-03-22
2021-03-22 09:07:37-04:00,2021-03-22 09:10:48-04:00,203.0,601,2021-03-22
2021-03-22 09:10:50-04:00,2021-03-22 09:12:04-04:00,201.0,125,2021-03-22
2021-03-22 09:12:08-04:00,2021-03-22 09:12:23-04:00,201.0,26,2021-03-22
2021-03-22 09:12:25-04:00,2021-03-22 09:13:31-04:00,201.0,68,2021-03-22
2021-03-22 09:13:33-04:00,2021-03-22 09:13:49-04:00,200.99,21,2021-03-22
2021-03-22 09:14:07-04:00,2021-03-22 09:14:13-04:00,201.0,7,2021-03-22
2021-03-22 09:14:17-04:00,2021-03-22 09:14:17-04:00,200.75,1,2021-03-22
2021-03-22 09:14:20-04:00,2021-03-22 09:14:23-04:00,201.0,3,2021-03-22
2021-03-22 09:14:25-04:00,2021-03-22 09:14:33-04:00,201.0,14,2021-03-22
2021-03-22 09:14:40-04:00,2021-03-22 09:35:00-04:00,210.5,12124,2021-03-22
2021-03-22 09:35:02-04:00,2021-03-22 09:37:33-04:00,204.77,2942,2021-03-22
2021-03-22 09:37:37-04:00,2021-03-22 09:38:34-04:00,202.29,1009,2021-03-22
2021-03-22 09:38:38-04:00,2021-03-22 09:39:19-04:00,204.74,584,2021-03-22
2021-03-22 09:39:37-04:00,2021-03-22 09:39:39-04:00,200.82,54,2021-03-22
2021-03-22 09:39:51-04:00,2021-03-22 09:39:53-04:00,200.8299,50,2021-03-22
2021-03-22 09:39:58-04:00,2021-03-22 09:40:09-04:00,200.81,198,2021-03-22
2021-03-22 09:40:11-04:00,2021-03-22 09:40:12-04:00,200.62,35,2021-03-22
2021-03-22 09:41:20-04:00,2021-03-22 09:41:20-04:00,200.75,35,2021-03-22
2021-03-22 09:41:27-04:00,2021-03-22 09:43:42-04:00,203.9,1842,2021-03-22
2021-03-22 09:44:19-04:00,2021-03-22 09:48:59-04:00,202.75,2533,2021-03-22
2021-03-22 09:49:03-04:00,2021-03-22 09:49:34-04:00,201.34,272,2021-03-22
2021-03-23 08:00:01-04:00,2021-03-23 09:43:04-04:00,201.75,16299,2021-03-23
2021-03-23 10:08:18-04:00,2021-03-23 10:08:18-04:00,196.99,12,2021-03-23
2021-03-24 08:00:00-04:00,2021-03-24 08:53:23-04:00,163.94,1837,2021-03-24
2021-03-24 08:53:46-04:00,2021-03-24 09:42:29-04:00,166.97,38526,2021-03-24
2021-03-24 10:04:49-04:00,2021-03-24 10:04:50-04:00,154.9,72,2021-03-24
2021-03-24 10:06:45-04:00,2021-03-24 10:06:57-04:00,154.84,271,2021-03-24
2021-03-25 10:00:01-04:00,2021-03-25 10:00:03-04:00,135.06,259,2021-03-25
2021-03-25 10:01:49-04:00,2021-03-25 10:01:49-04:00,135.0,47,2021-03-25
2021-03-25 10:01:59-04:00,2021-03-25 10:16:31-04:00,143.89,34731,2021-03-25
2021-03-25 10:16:33-04:00,2021-03-25 10:16:35-04:00,135.0,73,2021-03-25
2021-03-25 10:16:37-04:00,2021-03-25 10:16:37-04:00,135.0,38,2021-03-25
2021-03-25 10:20:31-04:00,2021-03-25 10:20:31-04:00,136.08,17,2021-03-25
2021-03-25 10:21:00-04:00,2021-03-25 10:21:03-04:00,135.0,65,2021-03-25
2021-03-25 10:21:06-04:00,2021-03-25 10:21:06-04:00,135.0,18,2021-03-25
2021-03-25 10:21:34-04:00,2021-03-25 10:21:57-04:00,135.77,487,2021-03-25
2021-03-25 10:24:58-04:00,2021-03-25 10:26:54-04:00,135.88,1806,2021-03-25
2021-03-26 09:49:30-04:00,2021-03-26 09:49:30-04:00,208.42,91,2021-03-26
2021-03-26 09:49:32-04:00,2021-03-26 09:54:19-04:00,219.0,23032,2021-03-26
2021-03-26 09:54:22-04:00,2021-03-26 09:54:23-04:00,208.52,213,2021-03-26
2021-03-26 09:54:26-04:00,2021-03-26 09:55:08-04:00,209.94,2377,2021-03-26
2021-03-26 09:55:17-04:00,2021-03-26 09:57:15-04:00,212.57,5727,2021-03-26
2021-03-26 09:57:30-04:00,2021-03-26 09:57:30-04:00,210.8613,139,2021-03-26
2021-03-26 10:04:01-04:00,2021-03-26 10:04:14-04:00,208.99,554,2021-03-26
2021-03-26 10:04:16-04:00,2021-03-26 10:19:06-04:00,217.28,28971,2021-03-26
2021-03-26 10:19:16-04:00,2021-03-26 10:19:16-04:00,211.2563,51,2021-03-26
2021-03-26 10:19:28-04:00,2021-03-26 10:19:30-04:00,208.55,119,2021-03-26
2021-03-26 10:19:34-04:00,2021-03-26 10:19:45-04:00,208.97,393,2021-03-26
2021-03-26 10:19:51-04:00,2021-03-26 10:20:16-04:00,211.57,569,2021-03-26
2021-03-26 10:20:18-04:00,2021-03-26 10:20:43-04:00,208.71,515,2021-03-26
2021-03-26 10:20:45-04:00,2021-03-26 10:20:51-04:00,208.66,122,2021-03-26
2021-03-26 10:21:20-04:00,2021-03-26 10:21:21-04:00,208.5,41,2021-03-26
2021-03-26 10:21:24-04:00,2021-03-26 10:21:24-04:00,208.29,19,2021-03-26
2021-03-26 10:21:26-04:00,2021-03-26 10:21:28-04:00,208.29,46,2021-03-26
2021-03-26 10:21:31-04:00,2021-03-26 10:29:59-04:00,213.88,8977,2021-03-26
2021-03-29 09:41:21-04:00,2021-03-29 09:41:31-04:00,189.27,408,2021-03-29
2021-03-29 09:45:41-04:00,2021-03-29 09:45:45-04:00,189.27,175,2021-03-29
2021-03-29 09:57:17-04:00,2021-03-29 09:57:45-04:00,190.0,732,2021-03-29
2021-03-29 09:57:49-04:00,2021-03-29 09:57:49-04:00,189.15,30,2021-03-29
2021-03-29 09:57:53-04:00,2021-03-29 09:57:59-04:00,189.39,119,2021-03-29
2021-03-29 09:58:02-04:00,2021-03-29 10:03:15-04:00,193.89,8354,2021-03-29
2021-03-29 10:06:23-04:00,2021-03-29 10:06:37-04:00,189.75,232,2021-03-29
2021-03-30 09:37:32-04:00,2021-03-30 09:37:36-04:00,192.88,235,2021-03-30
2021-03-30 09:37:38-04:00,2021-03-30 09:37:40-04:00,193.0,130,2021-03-30
2021-03-30 09:38:04-04:00,2021-03-30 09:47:12-04:00,202.25,28578,2021-03-30
2021-03-30 09:47:15-04:00,2021-03-30 09:47:15-04:00,192.9,34,2021-03-30
2021-03-30 09:47:19-04:00,2021-03-30 09:47:19-04:00,192.7628,41,2021-03-30
2021-03-30 09:47:22-04:00,2021-03-30 09:47:24-04:00,192.9,116,2021-03-30
2021-03-30 09:47:27-04:00,2021-03-30 09:47:27-04:00,192.68,40,2021-03-30
2021-03-30 09:47:33-04:00,2021-03-30 09:47:34-04:00,192.68,112,2021-03-30
2021-03-31 08:00:00-04:00,2021-03-31 09:31:21-04:00,199.4,3855,2021-03-31
2021-03-31 09:31:28-04:00,2021-03-31 09:31:33-04:00,197.05,144,2021-03-31
2021-03-31 09:31:37-04:00,2021-03-31 09:32:26-04:00,198.0,703,2021-03-31
2021-03-31 09:32:42-04:00,2021-03-31 09:32:42-04:00,196.99,26,2021-03-31
2021-03-31 09:34:27-04:00,2021-03-31 09:34:30-04:00,196.99,46,2021-03-31
2021-03-31 09:34:38-04:00,2021-03-31 09:36:05-04:00,199.0,1244,2021-03-31
2021-03-31 09:36:07-04:00,2021-03-31 09:36:10-04:00,197.0,69,2021-03-31
2021-03-31 09:36:30-04:00,2021-03-31 09:37:13-04:00,197.48,397,2021-03-31
2021-03-31 09:37:15-04:00,2021-03-31 09:38:58-04:00,198.69,964,2021-03-31
2021-03-31 09:39:01-04:00,2021-03-31 09:39:02-04:00,196.98,15,2021-03-31
2021-03-31 09:39:04-04:00,2021-03-31 09:39:04-04:00,196.98,8,2021-03-31
2021-03-31 09:39:06-04:00,2021-03-31 09:39:07-04:00,196.98,38,2021-03-31
2021-03-31 09:39:13-04:00,2021-03-31 09:39:15-04:00,196.9,28,2021-03-31
2021-03-31 09:39:37-04:00,2021-03-31 09:41:15-04:00,199.35,1253,2021-03-31
2021-03-31 09:41:17-04:00,2021-03-31 09:41:51-04:00,198.13,358,2021-03-31
2021-03-31 09:41:56-04:00,2021-03-31 09:41:57-04:00,196.8058,26,2021-03-31
2021-03-31 09:42:00-04:00,2021-03-31 09:42:02-04:00,196.93,44,2021-03-31
2021-03-31 09:42:10-04:00,2021-03-31 09:43:04-04:00,197.77,397,2021-03-31
2021-03-31 09:47:41-04:00,2021-03-31 09:47:49-04:00,197.43,106,2021-03-31
2021-03-31 09:47:51-04:00,2021-03-31 09:47:51-04:00,196.93,20,2021-03-31
2021-04-01 08:00:00-04:00,2021-04-01 09:09:56-04:00,195.1,1082,2021-04-01
2021-04-01 09:10:32-04:00,2021-04-01 09:10:32-04:00,192.7,1,2021-04-01
2021-04-01 09:10:44-04:00,2021-04-01 09:10:44-04:00,192.5,1,2021-04-01
2021-04-01 09:10:48-04:00,2021-04-01 09:10:49-04:00,192.5,5,2021-04-01
2021-04-01 09:10:52-04:00,2021-04-01 09:10:55-04:00,192.5,4,2021-04-01
2021-04-01 09:11:05-04:00,2021-04-01 09:11:05-04:00,192.5,1,2021-04-01
2021-04-01 09:11:08-04:00,2021-04-01 09:11:12-04:00,192.5,2,2021-04-01
2021-04-01 09:11:17-04:00,2021-04-01 09:11:18-04:00,192.505,3,2021-04-01
2021-04-01 09:11:26-04:00,2021-04-01 09:11:26-04:00,192.5,1,2021-04-01
2021-04-01 09:11:31-04:00,2021-04-01 09:11:31-04:00,192.5,1,2021-04-01
2021-04-01 09:13:15-04:00,2021-04-01 09:13:15-04:00,192.5,1,2021-04-01
2021-04-01 09:13:18-04:00,2021-04-01 09:13:45-04:00,193.21,15,2021-04-01
2021-04-01 09:13:51-04:00,2021-04-01 09:14:19-04:00,192.75,17,2021-04-01
2021-04-01 09:14:39-04:00,2021-04-01 09:14:39-04:00,192.75,3,2021-04-01
2021-04-01 09:14:44-04:00,2021-04-01 09:14:53-04:00,192.75,6,2021-04-01
2021-04-01 09:14:59-04:00,2021-04-01 09:15:01-04:00,192.75,3,2021-04-01
2021-04-01 09:15:05-04:00,2021-04-01 09:15:06-04:00,192.75,3,2021-04-01
2021-04-01 09:15:13-04:00,2021-04-01 09:15:16-04:00,192.75,4,2021-04-01
2021-04-01 09:15:19-04:00,2021-04-01 09:15:19-04:00,192.66,2,2021-04-01
2021-04-01 09:15:24-04:00,2021-04-01 09:15:24-04:00,192.75,1,2021-04-01
2021-04-01 09:15:27-04:00,2021-04-01 09:15:27-04:00,192.75,1,2021-04-01
2021-04-01 09:15:31-04:00,2021-04-01 09:15:34-04:00,192.75,2,2021-04-01
2021-04-01 09:15:44-04:00,2021-04-01 09:15:44-04:00,192.75,2,2021-04-01
2021-04-01 09:15:51-04:00,2021-04-01 09:15:56-04:00,192.75,7,2021-04-01
2021-04-01 09:16:00-04:00,2021-04-01 09:16:00-04:00,192.75,1,2021-04-01
2021-04-01 09:16:09-04:00,2021-04-01 09:16:09-04:00,192.75,1,2021-04-01
2021-04-01 09:16:13-04:00,2021-04-01 09:16:13-04:00,192.75,2,2021-04-01
2021-04-01 09:16:16-04:00,2021-04-01 09:16:26-04:00,192.75,12,2021-04-01
2021-04-01 09:16:36-04:00,2021-04-01 09:16:37-04:00,192.6,8,2021-04-01
2021-04-01 09:16:44-04:00,2021-04-01 09:16:44-04:00,192.6,2,2021-04-01
2021-04-01 09:17:30-04:00,2021-04-01 09:17:30-04:00,192.6,3,2021-04-01
2021-04-01 09:17:36-04:00,2021-04-01 09:17:49-04:00,192.6,9,2021-04-01
2021-04-01 09:18:27-04:00,2021-04-01 09:18:27-04:00,192.55,2,2021-04-01
2021-04-01 09:18:37-04:00,2021-04-01 09:18:45-04:00,192.55,9,2021-04-01
2021-04-01 09:18:47-04:00,2021-04-01 09:18:47-04:00,192.55,1,2021-04-01
2021-04-01 09:18:53-04:00,2021-04-01 09:18:53-04:00,192.55,2,2021-04-01
2021-04-01 09:18:56-04:00,2021-04-01 09:18:57-04:00,192.75,3,2021-04-01
2021-04-01 09:19:00-04:00,2021-04-01 09:19:22-04:00,192.75,8,2021-04-01
2021-04-01 09:19:33-04:00,2021-04-01 09:19:35-04:00,192.75,7,2021-04-01
2021-04-01 09:19:56-04:00,2021-04-01 09:20:13-04:00,192.75,15,2021-04-01
2021-04-01 09:20:19-04:00,2021-04-01 09:20:22-04:00,192.7,5,2021-04-01
2021-04-01 09:20:27-04:00,2021-04-01 09:20:27-04:00,192.7,1,2021-04-01
2021-04-01 09:20:44-04:00,2021-04-01 09:20:44-04:00,192.575,1,2021-04-01
2021-04-01 09:20:52-04:00,2021-04-01 09:21:03-04:00,192.7,9,2021-04-01
2021-04-01 09:21:23-04:00,2021-04-01 09:21:23-04:00,192.7,1,2021-04-01
2021-04-01 09:21:29-04:00,2021-04-01 09:21:35-04:00,192.7,6,2021-04-01
2021-04-01 09:21:41-04:00,2021-04-01 09:22:06-04:00,192.7,8,2021-04-01
2021-04-01 09:22:18-04:00,2021-04-01 09:22:18-04:00,192.5,2,2021-04-01
2021-04-01 09:22:23-04:00,2021-04-01 09:22:23-04:00,192.5,1,2021-04-01
2021-04-01 09:22:29-04:00,2021-04-01 09:22:29-04:00,192.5,1,2021-04-01
2021-04-01 09:22:39-04:00,2021-04-01 09:22:39-04:00,192.69,1,2021-04-01
2021-04-01 09:22:51-04:00,2021-04-01 09:23:52-04:00,192.7,36,2021-04-01
2021-04-01 09:23:55-04:00,2021-04-01 09:24:29-04:00,192.75,17,2021-04-01
2021-04-01 09:24:39-04:00,2021-04-01 09:24:44-04:00,192.79,5,2021-04-01
2021-04-01 09:24:46-04:00,2021-04-01 09:24:49-04:00,192.79,3,2021-04-01
2021-04-01 09:25:04-04:00,2021-04-01 09:25:44-04:00,193.0,16,2021-04-01
2021-04-01 09:25:48-04:00,2021-04-01 09:30:20-04:00,193.75,579,2021-04-01
2021-04-01 09:30:55-04:00,2021-04-01 09:32:21-04:00,193.87,917,2021-04-01
2021-04-01 10:10:50-04:00,2021-04-01 10:10:51-04:00,192.5,36,2021-04-01
2021-04-01 10:12:22-04:00,2021-04-01 10:12:22-04:00,192.5,5,2021-04-01
2021-04-01 10:12:24-04:00,2021-04-01 10:12:29-04:00,192.58,73,2021-04-01
2021-04-01 10:21:13-04:00,2021-04-01 10:21:13-04:00,192.5,21,2021-04-01
2021-04-05 09:44:55-04:00,2021-04-05 09:44:55-04:00,177.77,49,2021-04-05
2021-04-05 09:48:59-04:00,2021-04-05 09:49:00-04:00,177.78,49,2021-04-05
2021-04-05 09:50:23-04:00,2021-04-05 09:55:43-04:00,181.45,6260,2021-04-05
2021-04-05 09:55:57-04:00,2021-04-05 09:56:03-04:00,177.87,73,2021-04-05
2021-04-05 09:56:16-04:00,2021-04-05 09:56:21-04:00,177.9499,73,2021-04-05
2021-04-05 09:56:23-04:00,2021-04-05 09:56:25-04:00,177.7499,30,2021-04-05
2021-04-05 09:56:32-04:00,2021-04-05 09:56:34-04:00,177.85,30,2021-04-05
2021-04-05 09:56:36-04:00,2021-04-05 09:56:39-04:00,177.81,40,2021-04-05
2021-04-05 09:57:10-04:00,2021-04-05 09:57:14-04:00,177.85,48,2021-04-05
2021-04-05 09:57:21-04:00,2021-04-05 09:57:36-04:00,178.0,185,2021-04-05
2021-04-05 10:05:21-04:00,2021-04-05 10:06:11-04:00,178.84,591,2021-04-05
2021-04-05 10:06:13-04:00,2021-04-05 10:06:35-04:00,177.8999,262,2021-04-05
2021-04-05 10:09:29-04:00,2021-04-05 10:14:47-04:00,180.0,3271,2021-04-05
2021-04-05 10:14:49-04:00,2021-04-05 10:16:18-04:00,178.6099,621,2021-04-05
2021-04-05 10:17:06-04:00,2021-04-05 10:17:06-04:00,177.7499,2,2021-04-05
2021-04-05 10:17:09-04:00,2021-04-05 10:17:15-04:00,177.83,52,2021-04-05
2021-04-05 10:17:17-04:00,2021-04-05 10:17:20-04:00,177.83,21,2021-04-05
2021-04-05 10:17:22-04:00,2021-04-05 10:17:39-04:00,177.8299,127,2021-04-05
2021-04-05 10:17:43-04:00,2021-04-05 10:17:43-04:00,177.7699,7,2021-04-05
2021-04-05 10:20:09-04:00,2021-04-05 10:20:09-04:00,177.9,5,2021-04-05
2021-04-05 10:20:16-04:00,2021-04-05 10:20:16-04:00,177.8999,3,2021-04-05
2021-04-05 10:20:18-04:00,2021-04-05 10:21:36-04:00,178.81,578,2021-04-05
2021-04-05 10:21:38-04:00,2021-04-05 10:25:55-04:00,179.0,1626,2021-04-05
2021-04-05 10:26:00-04:00,2021-04-05 10:26:00-04:00,177.7799,6,2021-04-05
2021-04-05 10:26:05-04:00,2021-04-05 10:26:05-04:00,177.7723,12,2021-04-05
2021-04-05 10:26:24-04:00,2021-04-05 10:27:30-04:00,178.3399,442,2021-04-05
2021-04-05 10:27:40-04:00,2021-04-05 10:27:41-04:00,177.77,12,2021-04-05
2021-04-05 10:28:19-04:00,2021-04-05 10:28:19-04:00,177.83,10,2021-04-05
2021-04-05 10:28:23-04:00,2021-04-05 10:29:59-04:00,179.0,582,2021-04-05
2021-04-06 08:08:46-04:00,2021-04-06 08:08:56-04:00,189.56,3,2021-04-06
2021-04-06 08:10:15-04:00,2021-04-06 08:11:47-04:00,189.9,7,2021-04-06
2021-04-06 08:13:43-04:00,2021-04-06 08:13:56-04:00,189.25,3,2021-04-06
2021-04-06 08:16:02-04:00,2021-04-06 08:17:21-04:00,189.8,5,2021-04-06
2021-04-06 08:18:53-04:00,2021-04-06 08:21:04-04:00,189.7,9,2021-04-06
2021-04-06 08:31:42-04:00,2021-04-06 08:32:32-04:00,189.49,4,2021-04-06
2021-04-06 08:32:40-04:00,2021-04-06 08:32:40-04:00,189.45,1,2021-04-06
2021-04-06 08:33:27-04:00,2021-04-06 08:33:27-04:00,189.3,1,2021-04-06
2021-04-06 08:33:59-04:00,2021-04-06 08:33:59-04:00,189.45,1,2021-04-06
2021-04-06 08:37:17-04:00,2021-04-06 08:40:43-04:00,189.49,7,2021-04-06
2021-04-06 08:41:18-04:00,2021-04-06 08:41:18-04:00,189.45,1,2021-04-06
2021-04-06 08:51:45-04:00,2021-04-06 08:51:45-04:00,189.25,1,2021-04-06
2021-04-06 09:31:48-04:00,2021-04-06 09:32:07-04:00,189.95,340,2021-04-06
2021-04-06 10:29:46-04:00,2021-04-06 10:29:53-04:00,189.2,94,2021-04-06
2021-04-06 10:29:58-04:00,2021-04-06 10:29:59-04:00,189.2,14,2021-04-06
2021-04-07 08:00:00-04:00,2021-04-07 08:00:01-04:00,185.0,171,2021-04-07
2021-04-08 08:00:01-04:00,2021-04-08 09:31:48-04:00,189.25,7503,2021-04-08
2021-04-08 09:31:51-04:00,2021-04-08 09:31:54-04:00,183.24,73,2021-04-08
2021-04-08 09:31:57-04:00,2021-04-08 09:32:00-04:00,183.25,75,2021-04-08
2021-04-08 09:32:53-04:00,2021-04-08 09:32:54-04:00,183.0,35,2021-04-08
2021-04-08 09:33:16-04:00,2021-04-08 09:33:18-04:00,183.1999,65,2021-04-08
2021-04-08 09:33:21-04:00,2021-04-08 09:33:22-04:00,183.2,33,2021-04-08
2021-04-08 09:33:37-04:00,2021-04-08 09:33:37-04:00,182.97,11,2021-04-08
2021-04-08 09:33:39-04:00,2021-04-08 09:33:39-04:00,182.97,12,2021-04-08
2021-04-09 08:00:00-04:00,2021-04-09 08:00:04-04:00,173.6,263,2021-04-09
2021-04-12 08:00:01-04:00,2021-04-12 09:50:47-04:00,163.929,27065,2021-04-12
2021-04-12 09:50:49-04:00,2021-04-12 09:50:49-04:00,149.4248,30,2021-04-12
2021-04-12 09:51:00-04:00,2021-04-12 09:54:10-04:00,151.42,3246,2021-04-12
2021-04-12 09:54:13-04:00,2021-04-12 09:54:13-04:00,149.49,15,2021-04-12
2021-04-12 09:54:20-04:00,2021-04-12 09:54:21-04:00,149.49,43,2021-04-12
2021-04-13 08:00:01-04:00,2021-04-13 09:31:14-04:00,144.0,2988,2021-04-13
2021-04-13 09:31:16-04:00,2021-04-13 09:31:17-04:00,140.0,24,2021-04-13
2021-04-13 09:31:24-04:00,2021-04-13 09:35:56-04:00,143.44,2914,2021-04-13
2021-04-13 09:35:58-04:00,2021-04-13 09:36:02-04:00,140.0,41,2021-04-13
2021-04-13 09:36:04-04:00,2021-04-13 09:36:05-04:00,140.0,20,2021-04-13
2021-04-13 09:36:46-04:00,2021-04-13 09:36:47-04:00,139.99,30,2021-04-13
2021-04-13 10:16:56-04:00,2021-04-13 10:17:14-04:00,140.5,263,2021-04-13
2021-04-13 10:17:19-04:00,2021-04-13 10:17:25-04:00,140.0,72,2021-04-13
2021-04-13 10:19:34-04:00,2021-04-13 10:29:59-04:00,145.4,8825,2021-04-13
2021-04-14 09:34:43-04:00,2021-04-14 09:38:41-04:00,156.47,10172,2021-04-14
2021-04-14 09:38:44-04:00,2021-04-14 09:38:46-04:00,152.19,116,2021-04-14
2021-04-14 09:39:01-04:00,2021-04-14 09:39:02-04:00,152.19,78,2021-04-14
2021-04-15 08:00:00-04:00,2021-04-15 09:30:10-04:00,166.53,2006,2021-04-15
2021-04-15 09:30:12-04:00,2021-04-15 09:30:13-04:00,163.0,76,2021-04-15
2021-04-15 09:30:20-04:00,2021-04-15 09:30:20-04:00,163.17,9,2021-04-15
2021-04-15 09:30:23-04:00,2021-04-15 09:30:24-04:00,162.91,40,2021-04-15
2021-04-15 09:30:26-04:00,2021-04-15 09:30:26-04:00,162.91,22,2021-04-15
2021-04-15 09:30:29-04:00,2021-04-15 09:30:29-04:00,163.0,17,2021-04-15
2021-04-15 09:30:57-04:00,2021-04-15 09:31:00-04:00,163.0,81,2021-04-15
2021-04-15 09:31:02-04:00,2021-04-15 09:31:05-04:00,162.9899,68,2021-04-15
2021-04-15 09:31:12-04:00,2021-04-15 09:31:25-04:00,162.76,218,2021-04-15
2021-04-15 09:31:29-04:00,2021-04-15 09:31:32-04:00,162.7,72,2021-04-15
2021-04-15 09:31:34-04:00,2021-04-15 09:31:37-04:00,162.67,111,2021-04-15
2021-04-15 09:32:56-04:00,2021-04-15 09:32:57-04:00,162.7,29,2021-04-15
2021-04-15 09:35:41-04:00,2021-04-15 09:36:15-04:00,163.46,573,2021-04-15
2021-04-15 09:37:00-04:00,2021-04-15 09:37:07-04:00,162.66,90,2021-04-15
2021-04-15 09:37:24-04:00,2021-04-15 09:37:26-04:00,162.94,31,2021-04-15
2021-04-15 09:38:13-04:00,2021-04-15 09:38:23-04:00,163.09,100,2021-04-15
2021-04-15 09:46:34-04:00,2021-04-15 09:48:20-04:00,166.27,2099,2021-04-15
2021-04-15 09:48:23-04:00,2021-04-15 09:48:23-04:00,164.05,19,2021-04-15
2021-04-15 09:48:25-04:00,2021-04-15 09:50:51-04:00,164.75,1320,2021-04-15
2021-04-16 08:00:00-04:00,2021-04-16 08:24:28-04:00,158.9,352,2021-04-16
2021-04-16 08:25:49-04:00,2021-04-16 08:25:49-04:00,157.51,1,2021-04-16
2021-04-16 08:26:33-04:00,2021-04-16 08:27:18-04:00,157.62,12,2021-04-16
2021-04-16 08:27:47-04:00,2021-04-16 08:27:47-04:00,157.5,1,2021-04-16
2021-04-16 08:28:24-04:00,2021-04-16 08:28:27-04:00,157.62,2,2021-04-16
2021-04-16 08:30:36-04:00,2021-04-16 08:30:46-04:00,157.8,3,2021-04-16
2021-04-16 08:31:22-04:00,2021-04-16 08:31:39-04:00,157.72,3,2021-04-16
2021-04-16 08:32:14-04:00,2021-04-16 08:33:41-04:00,157.7,4,2021-04-16
2021-04-16 08:35:30-04:00,2021-04-16 08:36:24-04:00,157.65,6,2021-04-16
2021-04-16 08:36:34-04:00,2021-04-16 08:36:44-04:00,157.5,4,2021-04-16
2021-04-16 08:38:10-04:00,2021-04-16 08:38:10-04:00,157.42,1,2021-04-16
2021-04-16 08:38:49-04:00,2021-04-16 08:39:16-04:00,157.5,3,2021-04-16
2021-04-16 09:34:34-04:00,2021-04-16 09:35:06-04:00,158.1,559,2021-04-16
2021-04-16 09:35:17-04:00,2021-04-16 09:35:32-04:00,157.88,283,2021-04-16
2021-04-16 09:35:42-04:00,2021-04-16 09:36:34-04:00,158.5,818,2021-04-16
2021-04-16 09:36:39-04:00,2021-04-16 09:36:39-04:00,157.41,19,2021-04-16
2021-04-16 10:29:48-04:00,2021-04-16 10:29:49-04:00,157.37,17,2021-04-16
2021-04-16 10:29:51-04:00,2021-04-16 10:29:59-04:00,157.6,90,2021-04-16
2021-04-19 08:40:52-04:00,2021-04-19 08:41:31-04:00,172.49,11,2021-04-19
2021-04-19 08:41:34-04:00,2021-04-19 08:41:45-04:00,172.47,3,2021-04-19
2021-04-19 08:41:49-04:00,2021-04-19 08:42:26-04:00,173.06,10,2021-04-19
2021-04-19 08:43:23-04:00,2021-04-19 08:43:23-04:00,172.99,3,2021-04-19
2021-04-19 08:43:26-04:00,2021-04-19 08:45:38-04:00,173.1,105,2021-04-19
2021-04-19 08:45:40-04:00,2021-04-19 08:45:49-04:00,172.53,5,2021-04-19
2021-04-19 08:45:52-04:00,2021-04-19 08:46:00-04:00,172.75,7,2021-04-19
2021-04-19 08:46:03-04:00,2021-04-19 08:46:18-04:00,172.9999,12,2021-04-19
2021-04-19 08:46:21-04:00,2021-04-19 08:46:32-04:00,173.0,9,2021-04-19
2021-04-19 08:46:39-04:00,2021-04-19 08:46:40-04:00,172.9,3,2021-04-19
2021-04-19 08:46:45-04:00,2021-04-19 08:51:20-04:00,174.28,189,2021-04-19
2021-04-19 08:51:23-04:00,2021-04-19 08:52:40-04:00,173.0,43,2021-04-19
2021-04-19 08:52:48-04:00,2021-04-19 08:52:51-04:00,172.4677,3,2021-04-19
2021-04-19 08:53:06-04:00,2021-04-19 08:53:06-04:00,172.46,1,2021-04-19
2021-04-19 08:53:14-04:00,2021-04-19 08:53:16-04:00,172.5,2,2021-04-19
2021-04-19 08:54:17-04:00,2021-04-19 08:54:17-04:00,172.4,2,2021-04-19
2021-04-19 08:58:00-04:00,2021-04-19 08:58:00-04:00,172.49,28,2021-04-19
2021-04-19 08:58:46-04:00,2021-04-19 08:58:47-04:00,172.893,4,2021-04-19
2021-04-19 08:58:51-04:00,2021-04-19 08:58:54-04:00,172.98,7,2021-04-19
2021-04-19 08:59:00-04:00,2021-04-19 08:59:00-04:00,172.97,10,2021-04-19
2021-04-19 08:59:04-04:00,2021-04-19 08:59:11-04:00,172.97,11,2021-04-19
2021-04-19 08:59:14-04:00,2021-04-19 08:59:18-04:00,172.84,3,2021-04-19
2021-04-19 08:59:21-04:00,2021-04-19 08:59:21-04:00,172.97,3,2021-04-19
2021-04-19 08:59:24-04:00,2021-04-19 08:59:24-04:00,172.5,2,2021-04-19
2021-04-19 08:59:44-04:00,2021-04-19 08:59:44-04:00,172.75,1,2021-04-19
2021-04-19 08:59:53-04:00,2021-04-19 08:59:53-04:00,172.4,3,2021-04-19
2021-04-19 08:59:58-04:00,2021-04-19 08:59:58-04:00,172.7,1,2021-04-19
2021-04-19 09:00:01-04:00,2021-04-19 09:03:29-04:00,173.3,1188,2021-04-19
2021-04-19 09:03:32-04:00,2021-04-19 09:03:33-04:00,172.69,12,2021-04-19
2021-04-19 09:04:21-04:00,2021-04-19 09:04:21-04:00,172.46,10,2021-04-19
2021-04-19 09:21:37-04:00,2021-04-19 09:21:39-04:00,172.5,11,2021-04-19
2021-04-19 09:21:42-04:00,2021-04-19 09:21:44-04:00,172.5,4,2021-04-19
2021-04-19 09:21:48-04:00,2021-04-19 09:21:51-04:00,172.5,13,2021-04-19
2021-04-19 09:21:53-04:00,2021-04-19 09:21:53-04:00,172.5,3,2021-04-19
2021-04-19 09:21:55-04:00,2021-04-19 09:21:59-04:00,172.5,16,2021-04-19
2021-04-19 09:22:01-04:00,2021-04-19 09:22:03-04:00,172.5,10,2021-04-19
2021-04-19 09:22:05-04:00,2021-04-19 09:23:35-04:00,172.75,223,2021-04-19
2021-04-19 09:23:37-04:00,2021-04-19 09:23:42-04:00,172.5,17,2021-04-19
2021-04-19 09:23:44-04:00,2021-04-19 09:23:45-04:00,172.5,7,2021-04-19
2021-04-19 09:23:50-04:00,2021-04-19 09:23:50-04:00,172.5,1,2021-04-19
2021-04-19 09:23:55-04:00,2021-04-19 09:23:55-04:00,172.5,5,2021-04-19
2021-04-19 09:24:22-04:00,2021-04-19 09:24:24-04:00,172.49,8,2021-04-19
2021-04-19 09:24:29-04:00,2021-04-19 09:24:29-04:00,172.49,1,2021-04-19
2021-04-19 09:24:32-04:00,2021-04-19 09:24:37-04:00,172.49,18,2021-04-19
2021-04-19 09:24:41-04:00,2021-04-19 09:24:41-04:00,172.49,2,2021-04-19
2021-04-19 09:29:35-04:00,2021-04-19 09:29:54-04:00,172.855,23,2021-04-19
2021-04-19 09:30:02-04:00,2021-04-19 09:30:02-04:00,172.38,10,2021-04-19
2021-04-19 09:44:18-04:00,2021-04-19 09:44:18-04:00,178.49,11,2021-04-19
2021-04-19 10:24:28-04:00,2021-04-19 10:29:59-04:00,175.17,7799,2021-04-19
2021-04-20 08:00:00-04:00,2021-04-20 09:30:38-04:00,167.3684,2484,2021-04-20
2021-04-20 09:30:40-04:00,2021-04-20 09:30:40-04:00,163.66,16,2021-04-20
2021-04-20 09:30:42-04:00,2021-04-20 09:30:42-04:00,163.66,13,2021-04-20
2021-04-20 09:30:47-04:00,2021-04-20 09:30:47-04:00,163.0,19,2021-04-20
2021-04-20 09:30:56-04:00,2021-04-20 09:32:27-04:00,164.9,1127,2021-04-20
2021-04-20 09:34:15-04:00,2021-04-20 09:34:16-04:00,163.0,24,2021-04-20
2021-04-20 09:34:33-04:00,2021-04-20 09:34:45-04:00,163.45,126,2021-04-20
2021-04-20 09:34:47-04:00,2021-04-20 09:34:56-04:00,163.4406,101,2021-04-20
2021-04-20 09:34:58-04:00,2021-04-20 09:35:00-04:00,163.21,38,2021-04-20
2021-04-20 09:35:25-04:00,2021-04-20 09:35:27-04:00,163.0,23,2021-04-20
2021-04-20 09:35:48-04:00,2021-04-20 09:35:49-04:00,163.1,16,2021-04-20
2021-04-20 09:35:51-04:00,2021-04-20 09:36:03-04:00,163.21,96,2021-04-20
2021-04-20 09:36:05-04:00,2021-04-20 09:37:23-04:00,164.0,688,2021-04-20
2021-04-20 09:37:30-04:00,2021-04-20 09:37:39-04:00,163.22,78,2021-04-20
2021-04-20 09:42:21-04:00,2021-04-20 09:42:21-04:00,163.0,12,2021-04-20
2021-04-20 09:42:24-04:00,2021-04-20 09:42:24-04:00,163.0,12,2021-04-20
2021-04-20 09:42:33-04:00,2021-04-20 09:42:33-04:00,163.0999,4,2021-04-20
2021-04-20 10:02:32-04:00,2021-04-20 10:02:32-04:00,164.285,12,2021-04-20
2021-04-21 09:38:54-04:00,2021-04-21 09:39:00-04:00,162.53,126,2021-04-21
2021-04-21 09:39:07-04:00,2021-04-21 09:39:09-04:00,162.27,53,2021-04-21
2021-04-21 09:39:13-04:00,2021-04-21 09:39:14-04:00,162.22,27,2021-04-21
2021-04-21 09:39:17-04:00,2021-04-21 09:39:18-04:00,162.22,35,2021-04-21
2021-04-21 09:41:01-04:00,2021-04-21 09:41:57-04:00,162.98,768,2021-04-21
2021-04-21 09:42:08-04:00,2021-04-21 09:42:20-04:00,162.48,161,2021-04-21
2021-04-22 08:00:00-04:00,2021-04-22 08:49:21-04:00,160.0,375,2021-04-22
2021-04-22 08:49:37-04:00,2021-04-22 08:49:41-04:00,159.0,2,2021-04-22
2021-04-22 08:50:35-04:00,2021-04-22 08:50:43-04:00,159.44,2,2021-04-22
2021-04-22 08:52:15-04:00,2021-04-22 08:52:15-04:00,159.1,1,2021-04-22
2021-04-22 08:53:18-04:00,2021-04-22 08:53:22-04:00,159.0,3,2021-04-22
2021-04-22 08:53:38-04:00,2021-04-22 08:53:39-04:00,159.44,2,2021-04-22
2021-04-22 08:54:05-04:00,2021-04-22 09:08:05-04:00,159.75,383,2021-04-22
2021-04-22 09:16:47-04:00,2021-04-22 09:16:47-04:00,159.0,2,2021-04-22
2021-04-22 09:17:46-04:00,2021-04-22 09:17:46-04:00,159.0,2,2021-04-22
2021-04-22 09:19:46-04:00,2021-04-22 09:19:47-04:00,159.0,4,2021-04-22
2021-04-22 09:19:58-04:00,2021-04-22 09:19:58-04:00,159.0,2,2021-04-22
2021-04-22 09:20:11-04:00,2021-04-22 09:20:11-04:00,159.0,3,2021-04-22
2021-04-22 09:20:24-04:00,2021-04-22 09:20:30-04:00,159.05,3,2021-04-22
2021-04-22 09:20:33-04:00,2021-04-22 09:20:39-04:00,159.5,4,2021-04-22
2021-04-22 09:20:51-04:00,2021-04-22 09:20:54-04:00,159.5,2,2021-04-22
2021-04-22 09:21:00-04:00,2021-04-22 09:30:07-04:00,159.98,509,2021-04-22
2021-04-22 09:30:09-04:00,2021-04-22 09:30:12-04:00,159.1,112,2021-04-22
2021-04-22 09:30:14-04:00,2021-04-22 09:30:15-04:00,159.0,26,2021-04-22
2021-04-22 09:30:18-04:00,2021-04-22 09:30:21-04:00,159.0,36,2021-04-22
2021-04-22 09:30:23-04:00,2021-04-22 09:30:26-04:00,159.0,37,2021-04-22
2021-04-22 09:30:28-04:00,2021-04-22 09:30:30-04:00,159.0,19,2021-04-22
2021-04-22 09:30:32-04:00,2021-04-22 09:30:41-04:00,159.0,121,2021-04-22
2021-04-22 09:33:55-04:00,2021-04-22 09:33:57-04:00,159.0,26,2021-04-22
2021-04-22 09:33:59-04:00,2021-04-22 09:34:02-04:00,159.0,42,2021-04-22
2021-04-22 09:34:04-04:00,2021-04-22 09:34:05-04:00,159.0,17,2021-04-22
2021-04-22 09:34:44-04:00,2021-04-22 09:34:44-04:00,159.0,11,2021-04-22
2021-04-23 08:00:00-04:00,2021-04-23 08:02:14-04:00,152.42,166,2021-04-23
2021-04-23 08:03:33-04:00,2021-04-23 08:03:54-04:00,151.0,2,2021-04-23
2021-04-23 08:06:55-04:00,2021-04-23 08:06:55-04:00,151.0,1,2021-04-23
2021-04-23 09:26:45-04:00,2021-04-23 09:26:46-04:00,150.85,3,2021-04-23
2021-04-23 09:26:54-04:00,2021-04-23 09:26:54-04:00,150.85,1,2021-04-23
2021-04-23 09:27:24-04:00,2021-04-23 09:27:26-04:00,150.85,2,2021-04-23
2021-04-23 09:27:48-04:00,2021-04-23 09:27:48-04:00,150.85,1,2021-04-23
2021-04-23 09:27:56-04:00,2021-04-23 09:27:56-04:00,150.85,2,2021-04-23
2021-04-23 09:30:05-04:00,2021-04-23 09:30:05-04:00,150.5,34,2021-04-23
2021-04-23 09:30:07-04:00,2021-04-23 09:30:07-04:00,150.482,56,2021-04-23
2021-04-23 09:30:09-04:00,2021-04-23 09:30:11-04:00,150.5,93,2021-04-23
2021-04-23 09:30:13-04:00,2021-04-23 09:30:14-04:00,150.5,17,2021-04-23
2021-04-23 09:30:16-04:00,2021-04-23 09:30:16-04:00,150.5,24,2021-04-23
2021-04-23 09:30:19-04:00,2021-04-23 09:30:21-04:00,150.5,15,2021-04-23
2021-04-23 09:30:36-04:00,2021-04-23 09:30:38-04:00,150.49,29,2021-04-23
2021-04-23 09:30:40-04:00,2021-04-23 09:30:42-04:00,150.49,25,2021-04-23
2021-04-23 09:30:46-04:00,2021-04-23 09:30:47-04:00,150.49,10,2021-04-23
2021-04-23 09:30:51-04:00,2021-04-23 09:30:56-04:00,150.49,55,2021-04-23
2021-04-23 09:30:59-04:00,2021-04-23 09:32:00-04:00,151.11,396,2021-04-23
2021-04-23 09:32:02-04:00,2021-04-23 09:32:04-04:00,150.5,13,2021-04-23
2021-04-23 09:32:09-04:00,2021-04-23 09:32:12-04:00,150.6,30,2021-04-23
2021-04-23 09:32:14-04:00,2021-04-23 09:33:22-04:00,151.33,476,2021-04-23
2021-04-23 09:33:24-04:00,2021-04-23 09:38:02-04:00,152.4199,1953,2021-04-23
2021-04-26 10:10:49-04:00,2021-04-26 10:17:32-04:00,159.89,6258,2021-04-26
2021-04-26 10:17:36-04:00,2021-04-26 10:17:44-04:00,156.2525,93,2021-04-26
2021-04-26 10:17:50-04:00,2021-04-26 10:18:36-04:00,156.68,319,2021-04-26
2021-04-26 10:18:38-04:00,2021-04-26 10:18:38-04:00,155.95,15,2021-04-26
2021-04-26 10:18:40-04:00,2021-04-26 10:19:09-04:00,156.36,155,2021-04-26
2021-04-26 10:19:27-04:00,2021-04-26 10:19:40-04:00,156.2,97,2021-04-26
2021-04-26 10:19:42-04:00,2021-04-26 10:19:54-04:00,156.29,89,2021-04-26
2021-04-26 10:19:56-04:00,2021-04-26 10:19:56-04:00,155.9952,10,2021-04-26
2021-04-26 10:19:58-04:00,2021-04-26 10:19:58-04:00,156.029,6,2021-04-26
2021-04-26 10:20:01-04:00,2021-04-26 10:21:05-04:00,156.42,375,2021-04-26
2021-04-26 10:22:05-04:00,2021-04-26 10:27:50-04:00,157.36,1794,2021-04-26
2021-04-26 10:27:52-04:00,2021-04-26 10:27:53-04:00,156.0,17,2021-04-26
2021-04-26 10:27:55-04:00,2021-04-26 10:27:55-04:00,155.99,5,2021-04-26
2021-04-26 10:28:39-04:00,2021-04-26 10:28:40-04:00,156.0,18,2021-04-26
2021-04-26 10:28:43-04:00,2021-04-26 10:28:44-04:00,156.0,9,2021-04-26
2021-04-26 10:28:49-04:00,2021-04-26 10:28:49-04:00,156.0,11,2021-04-26
2021-04-26 10:28:55-04:00,2021-04-26 10:29:05-04:00,156.39,54,2021-04-26
2021-04-26 10:29:07-04:00,2021-04-26 10:29:07-04:00,155.99,5,2021-04-26
2021-04-26 10:29:16-04:00,2021-04-26 10:29:16-04:00,155.94,2,2021-04-26
2021-04-26 10:29:19-04:00,2021-04-26 10:29:38-04:00,156.34,69,2021-04-26
2021-04-26 10:29:40-04:00,2021-04-26 10:29:58-04:00,156.41,74,2021-04-26
2021-04-27 08:00:00-04:00,2021-04-27 09:05:13-04:00,188.87,2169,2021-04-27
2021-04-27 09:05:15-04:00,2021-04-27 09:05:27-04:00,183.9,30,2021-04-27
2021-04-27 09:05:29-04:00,2021-04-27 09:05:33-04:00,183.87,17,2021-04-27
2021-04-27 09:05:35-04:00,2021-04-27 09:09:01-04:00,184.49,621,2021-04-27
2021-04-27 09:09:03-04:00,2021-04-27 09:09:04-04:00,183.69,6,2021-04-27
2021-04-27 09:09:08-04:00,2021-04-27 09:09:08-04:00,183.69,3,2021-04-27
2021-04-27 09:09:10-04:00,2021-04-27 09:09:11-04:00,183.69,10,2021-04-27
2021-04-27 09:09:13-04:00,2021-04-27 09:09:16-04:00,183.355,13,2021-04-27
2021-04-27 09:09:21-04:00,2021-04-27 09:09:33-04:00,183.69,31,2021-04-27
2021-04-27 09:09:35-04:00,2021-04-27 09:09:38-04:00,183.55,8,2021-04-27
2021-04-27 09:09:42-04:00,2021-04-27 09:09:43-04:00,183.55,8,2021-04-27
2021-04-27 09:09:47-04:00,2021-04-27 09:09:48-04:00,183.55,6,2021-04-27
2021-04-27 09:09:50-04:00,2021-04-27 09:09:53-04:00,183.55,14,2021-04-27
2021-04-27 09:09:57-04:00,2021-04-27 09:09:57-04:00,183.5,2,2021-04-27
2021-04-27 09:09:59-04:00,2021-04-27 09:09:59-04:00,183.39,1,2021-04-27
2021-04-27 09:10:01-04:00,2021-04-27 09:10:01-04:00,183.5,6,2021-04-27
2021-04-27 09:10:03-04:00,2021-04-27 09:10:04-04:00,183.4505,5,2021-04-27
2021-04-27 09:10:06-04:00,2021-04-27 09:10:06-04:00,183.39,6,2021-04-27
2021-04-27 09:10:08-04:00,2021-04-27 09:10:08-04:00,183.39,6,2021-04-27
2021-04-27 09:10:10-04:00,2021-04-27 09:10:11-04:00,183.5,7,2021-04-27
2021-04-27 09:10:17-04:00,2021-04-27 09:10:21-04:00,183.5,15,2021-04-27
2021-04-27 09:10:25-04:00,2021-04-27 09:10:25-04:00,183.39,1,2021-04-27
2021-04-27 09:10:30-04:00,2021-04-27 09:10:32-04:00,183.3,12,2021-04-27
2021-04-27 09:10:34-04:00,2021-04-27 09:10:34-04:00,183.3,6,2021-04-27
2021-04-27 09:10:36-04:00,2021-04-27 09:10:36-04:00,183.3,2,2021-04-27
2021-04-27 09:10:38-04:00,2021-04-27 09:10:38-04:00,183.3,3,2021-04-27
2021-04-27 09:10:44-04:00,2021-04-27 09:10:49-04:00,183.3,14,2021-04-27
2021-04-27 09:10:51-04:00,2021-04-27 09:10:51-04:00,183.3,3,2021-04-27
2021-04-27 09:10:53-04:00,2021-04-27 09:10:59-04:00,183.3,15,2021-04-27
2021-04-27 09:11:01-04:00,2021-04-27 09:11:03-04:00,183.3,4,2021-04-27
2021-04-27 09:11:06-04:00,2021-04-27 09:11:06-04:00,183.3,6,2021-04-27
2021-04-27 09:11:11-04:00,2021-04-27 09:11:12-04:00,183.3,7,2021-04-27
2021-04-27 09:11:14-04:00,2021-04-27 09:11:17-04:00,183.3,16,2021-04-27
2021-04-27 09:11:21-04:00,2021-04-27 09:11:23-04:00,183.3,7,2021-04-27
2021-04-27 09:11:25-04:00,2021-04-27 09:11:29-04:00,183.3,11,2021-04-27
2021-04-27 09:11:32-04:00,2021-04-27 09:11:33-04:00,183.3,7,2021-04-27
2021-04-27 09:11:37-04:00,2021-04-27 09:11:39-04:00,183.3,8,2021-04-27
2021-04-27 09:12:01-04:00,2021-04-27 09:12:01-04:00,183.3,3,2021-04-27
2021-04-27 09:12:04-04:00,2021-04-27 09:12:05-04:00,183.3,4,2021-04-27
2021-04-27 09:12:07-04:00,2021-04-27 09:12:08-04:00,183.3,7,2021-04-27
2021-04-27 09:12:10-04:00,2021-04-27 09:12:12-04:00,183.3,5,2021-04-27
2021-04-27 09:12:16-04:00,2021-04-27 09:12:18-04:00,183.3,5,2021-04-27
2021-04-27 09:12:22-04:00,2021-04-27 09:12:23-04:00,183.3,3,2021-04-27
2021-04-27 09:12:30-04:00,2021-04-27 09:12:32-04:00,183.3,11,2021-04-27
2021-04-27 09:12:34-04:00,2021-04-27 09:12:34-04:00,183.3,3,2021-04-27
2021-04-27 09:12:36-04:00,2021-04-27 09:12:36-04:00,183.3,1,2021-04-27
2021-04-27 09:12:38-04:00,2021-04-27 09:12:41-04:00,183.3,12,2021-04-27
2021-04-27 09:12:50-04:00,2021-04-27 09:12:51-04:00,183.3,4,2021-04-27
2021-04-27 09:12:54-04:00,2021-04-27 09:12:57-04:00,183.38,9,2021-04-27
2021-04-27 09:13:00-04:00,2021-04-27 09:13:06-04:00,183.69,9,2021-04-27
2021-04-27 09:13:08-04:00,2021-04-27 09:14:23-04:00,184.0,140,2021-04-27
2021-04-27 09:14:25-04:00,2021-04-27 09:14:31-04:00,183.9,15,2021-04-27
2021-04-27 09:14:33-04:00,2021-04-27 09:30:22-04:00,186.75,2841,2021-04-27
2021-04-27 09:30:24-04:00,2021-04-27 09:30:24-04:00,183.5,24,2021-04-27
2021-04-27 09:30:29-04:00,2021-04-27 09:30:29-04:00,183.56,56,2021-04-27
2021-04-27 09:30:35-04:00,2021-04-27 09:30:35-04:00,183.55,33,2021-04-27
2021-04-27 09:30:39-04:00,2021-04-27 09:30:39-04:00,183.48,33,2021-04-27
2021-04-27 09:30:41-04:00,2021-04-27 09:30:41-04:00,183.48,39,2021-04-27
2021-04-27 09:30:43-04:00,2021-04-27 09:30:43-04:00,183.48,58,2021-04-27
2021-04-27 09:36:10-04:00,2021-04-27 09:37:29-04:00,184.87,2427,2021-04-27
2021-04-27 09:37:41-04:00,2021-04-27 09:42:15-04:00,188.0,8012,2021-04-27
2021-04-27 10:27:56-04:00,2021-04-27 10:27:56-04:00,185.126,11,2021-04-27
2021-04-28 08:00:00-04:00,2021-04-28 09:30:11-04:00,175.78,1982,2021-04-28
2021-04-28 09:30:13-04:00,2021-04-28 09:30:13-04:00,172.33,40,2021-04-28
2021-04-28 09:30:15-04:00,2021-04-28 09:30:15-04:00,172.33,13,2021-04-28
2021-04-28 09:30:29-04:00,2021-04-28 09:30:36-04:00,172.0,89,2021-04-28
2021-04-28 09:30:40-04:00,2021-04-28 09:30:41-04:00,172.33,25,2021-04-28
2021-04-28 09:30:56-04:00,2021-04-28 09:30:56-04:00,172.0,34,2021-04-28
2021-04-28 09:30:58-04:00,2021-04-28 09:31:33-04:00,172.5413,388,2021-04-28
2021-04-28 09:33:07-04:00,2021-04-28 09:33:07-04:00,172.0,10,2021-04-28
2021-04-28 09:33:09-04:00,2021-04-28 09:33:11-04:00,172.15,35,2021-04-28
2021-04-28 09:33:34-04:00,2021-04-28 09:33:34-04:00,172.0,15,2021-04-28
2021-04-28 09:33:36-04:00,2021-04-28 09:33:52-04:00,172.37,180,2021-04-28
2021-04-28 09:34:10-04:00,2021-04-28 09:34:11-04:00,172.0,27,2021-04-28
2021-04-28 09:34:13-04:00,2021-04-28 09:34:17-04:00,172.1182,52,2021-04-28
2021-04-28 09:34:19-04:00,2021-04-28 09:34:33-04:00,172.39,133,2021-04-28
2021-04-28 09:34:35-04:00,2021-04-28 09:34:35-04:00,171.99,6,2021-04-28
2021-04-28 09:34:37-04:00,2021-04-28 09:34:44-04:00,172.13,79,2021-04-28
2021-04-28 09:34:46-04:00,2021-04-28 09:37:55-04:00,174.2,1660,2021-04-28
2021-04-28 09:37:57-04:00,2021-04-28 09:37:59-04:00,171.99,13,2021-04-28
2021-04-28 09:38:01-04:00,2021-04-28 09:38:02-04:00,171.9665,13,2021-04-28
2021-04-28 09:38:04-04:00,2021-04-28 09:38:04-04:00,172.0,12,2021-04-28
2021-04-28 09:38:19-04:00,2021-04-28 09:38:27-04:00,172.2399,63,2021-04-28
2021-04-28 09:38:34-04:00,2021-04-28 09:38:58-04:00,172.61,178,2021-04-28
2021-04-28 09:39:10-04:00,2021-04-28 09:39:12-04:00,171.9824,15,2021-04-28
2021-04-29 08:00:00-04:00,2021-04-29 08:00:00-04:00,178.58,1,2021-04-29
2021-04-29 08:00:02-04:00,2021-04-29 08:00:02-04:00,178.0,30,2021-04-29
2021-04-29 08:44:46-04:00,2021-04-29 08:44:46-04:00,178.49,1,2021-04-29
2021-04-29 08:45:28-04:00,2021-04-29 09:06:43-04:00,179.8,179,2021-04-29
2021-04-29 09:06:51-04:00,2021-04-29 09:06:51-04:00,178.125,2,2021-04-29
2021-04-29 09:06:55-04:00,2021-04-29 09:07:45-04:00,178.36,26,2021-04-29
2021-04-29 09:07:48-04:00,2021-04-29 09:07:48-04:00,178.3,1,2021-04-29
2021-04-29 09:07:55-04:00,2021-04-29 09:07:55-04:00,178.3,1,2021-04-29
2021-04-29 09:08:09-04:00,2021-04-29 09:28:59-04:00,180.0,489,2021-04-29
2021-04-29 09:30:06-04:00,2021-04-29 09:30:06-04:00,178.0,34,2021-04-29
2021-04-29 09:30:08-04:00,2021-04-29 09:30:09-04:00,178.0,44,2021-04-29
2021-04-29 09:30:12-04:00,2021-04-29 09:30:12-04:00,178.0,61,2021-04-29
2021-04-29 09:30:14-04:00,2021-04-29 09:30:14-04:00,178.0,4,2021-04-29
2021-04-29 09:30:16-04:00,2021-04-29 09:31:12-04:00,179.0,340,2021-04-29
2021-04-29 09:31:19-04:00,2021-04-29 09:31:19-04:00,178.16,9,2021-04-29
2021-04-29 09:31:28-04:00,2021-04-29 09:31:28-04:00,178.0,10,2021-04-29
2021-04-29 09:31:30-04:00,2021-04-29 09:31:31-04:00,178.18,14,2021-04-29
2021-04-29 09:31:34-04:00,2021-04-29 09:31:34-04:00,178.0,4,2021-04-29
2021-04-29 09:31:37-04:00,2021-04-29 09:31:38-04:00,178.0,27,2021-04-29
2021-04-29 09:33:06-04:00,2021-04-29 09:33:27-04:00,178.83,131,2021-04-29
2021-04-29 09:33:30-04:00,2021-04-29 09:33:33-04:00,178.57,20,2021-04-29
2021-04-29 09:33:35-04:00,2021-04-29 09:33:42-04:00,178.57,46,2021-04-29
2021-04-29 09:33:44-04:00,2021-04-29 09:34:04-04:00,178.95,128,2021-04-29
2021-04-29 09:34:19-04:00,2021-04-29 09:36:41-04:00,179.69,733,2021-04-29
2021-04-29 09:37:09-04:00,2021-04-29 09:37:09-04:00,178.0,4,2021-04-29
2021-04-29 09:37:11-04:00,2021-04-29 09:37:11-04:00,178.0,8,2021-04-29
2021-04-30 09:48:55-04:00,2021-04-30 09:51:17-04:00,183.81,2082,2021-04-30
2021-04-30 09:51:53-04:00,2021-04-30 09:51:54-04:00,181.8,12,2021-04-30
2021-04-30 09:51:59-04:00,2021-04-30 09:52:00-04:00,181.8,13,2021-04-30
2021-04-30 09:52:02-04:00,2021-04-30 09:52:03-04:00,181.8899,10,2021-04-30
2021-04-30 09:52:05-04:00,2021-04-30 09:52:11-04:00,181.8,48,2021-04-30
2021-04-30 09:52:13-04:00,2021-04-30 09:52:43-04:00,182.9,276,2021-04-30
2021-04-30 09:55:12-04:00,2021-04-30 09:55:14-04:00,181.79,50,2021-04-30
2021-04-30 09:55:34-04:00,2021-04-30 09:55:47-04:00,181.94,68,2021-04-30
2021-04-30 09:55:49-04:00,2021-04-30 09:55:50-04:00,181.866,14,2021-04-30
2021-04-30 09:55:52-04:00,2021-04-30 09:55:57-04:00,181.82,41,2021-04-30
2021-05-03 08:00:00-04:00,2021-05-03 08:00:03-04:00,176.9,200,2021-05-03
2021-05-03 08:00:09-04:00,2021-05-03 08:00:54-04:00,176.56,3,2021-05-03
2021-05-03 08:01:51-04:00,2021-05-03 08:02:10-04:00,176.473,2,2021-05-03
2021-05-03 08:03:19-04:00,2021-05-03 08:03:19-04:00,176.6,1,2021-05-03
2021-05-03 08:03:48-04:00,2021-05-03 08:03:48-04:00,176.6,1,2021-05-03
2021-05-03 08:04:30-04:00,2021-05-03 08:05:13-04:00,176.6,7,2021-05-03
2021-05-03 08:05:26-04:00,2021-05-03 08:05:59-04:00,176.6,5,2021-05-03
2021-05-03 08:07:09-04:00,2021-05-03 08:07:09-04:00,176.425,1,2021-05-03
2021-05-03 08:07:31-04:00,2021-05-03 08:28:31-04:00,177.48,76,2021-05-03
2021-05-03 08:29:43-04:00,2021-05-03 08:30:28-04:00,176.79,3,2021-05-03
2021-05-03 08:30:43-04:00,2021-05-03 08:30:43-04:00,176.58,1,2021-05-03
2021-05-03 08:32:03-04:00,2021-05-03 09:03:27-04:00,178.0,756,2021-05-03
2021-05-03 09:03:29-04:00,2021-05-03 09:03:42-04:00,176.525,9,2021-05-03
2021-05-03 09:03:46-04:00,2021-05-03 09:03:52-04:00,176.83,4,2021-05-03
2021-05-03 09:03:56-04:00,2021-05-03 09:03:59-04:00,176.66,6,2021-05-03
2021-05-03 09:04:05-04:00,2021-05-03 09:04:05-04:00,176.405,1,2021-05-03
2021-05-03 09:04:15-04:00,2021-05-03 09:04:15-04:00,176.5,3,2021-05-03
2021-05-03 09:04:21-04:00,2021-05-03 09:04:21-04:00,176.5,1,2021-05-03
2021-05-03 09:04:33-04:00,2021-05-03 09:04:33-04:00,176.5,2,2021-05-03
2021-05-03 09:04:35-04:00,2021-05-03 09:04:35-04:00,176.4,2,2021-05-03
2021-05-03 09:04:41-04:00,2021-05-03 09:04:41-04:00,176.4,1,2021-05-03
2021-05-03 09:04:50-04:00,2021-05-03 09:04:52-04:00,176.4,4,2021-05-03
2021-05-03 09:04:54-04:00,2021-05-03 09:04:59-04:00,176.7,4,2021-05-03
2021-05-03 09:05:04-04:00,2021-05-03 09:05:04-04:00,176.38,2,2021-05-03
2021-05-03 09:05:21-04:00,2021-05-03 09:05:24-04:00,176.7,2,2021-05-03
2021-05-03 09:05:30-04:00,2021-05-03 09:05:32-04:00,176.7,7,2021-05-03
2021-05-03 09:05:37-04:00,2021-05-03 09:05:37-04:00,176.7,3,2021-05-03
2021-05-03 09:05:43-04:00,2021-05-03 09:05:51-04:00,176.5,13,2021-05-03
2021-05-03 09:05:54-04:00,2021-05-03 09:06:03-04:00,176.69,8,2021-05-03
2021-05-03 09:06:09-04:00,2021-05-03 09:06:10-04:00,176.69,3,2021-05-03
2021-05-03 09:06:14-04:00,2021-05-03 09:06:16-04:00,176.69,4,2021-05-03
2021-05-03 09:06:19-04:00,2021-05-03 09:06:19-04:00,176.44,2,2021-05-03
2021-05-03 09:06:30-04:00,2021-05-03 09:06:32-04:00,176.69,3,2021-05-03
2021-05-03 09:06:35-04:00,2021-05-03 09:06:38-04:00,176.69,3,2021-05-03
2021-05-03 09:06:41-04:00,2021-05-03 09:06:42-04:00,176.395,5,2021-05-03
2021-05-03 09:06:50-04:00,2021-05-03 09:06:50-04:00,176.5437,2,2021-05-03
2021-05-03 09:06:58-04:00,2021-05-03 09:06:58-04:00,176.445,1,2021-05-03
2021-05-03 09:07:10-04:00,2021-05-03 09:07:13-04:00,176.445,4,2021-05-03
2021-05-03 09:07:16-04:00,2021-05-03 09:07:23-04:00,176.4764,3,2021-05-03
2021-05-03 09:07:27-04:00,2021-05-03 09:07:29-04:00,176.5,6,2021-05-03
2021-05-03 09:07:35-04:00,2021-05-03 09:07:35-04:00,176.5,2,2021-05-03
2021-05-03 09:07:38-04:00,2021-05-03 09:07:38-04:00,176.5,2,2021-05-03
2021-05-03 09:07:42-04:00,2021-05-03 09:07:42-04:00,176.395,1,2021-05-03
2021-05-03 09:07:46-04:00,2021-05-03 09:07:48-04:00,176.69,4,2021-05-03
2021-05-03 09:07:51-04:00,2021-05-03 09:07:51-04:00,176.395,2,2021-05-03
2021-05-03 09:07:53-04:00,2021-05-03 09:07:55-04:00,176.4,5,2021-05-03
2021-05-03 09:07:57-04:00,2021-05-03 09:07:57-04:00,176.395,1,2021-05-03
2021-05-03 09:08:03-04:00,2021-05-03 09:08:03-04:00,176.395,1,2021-05-03
2021-05-03 09:08:07-04:00,2021-05-03 09:08:07-04:00,176.4,1,2021-05-03
2021-05-03 09:09:11-04:00,2021-05-03 09:09:15-04:00,176.4,5,2021-05-03
2021-05-03 09:09:21-04:00,2021-05-03 09:09:21-04:00,176.4,2,2021-05-03
2021-05-03 09:09:31-04:00,2021-05-03 09:30:43-04:00,177.75,1389,2021-05-03
2021-05-04 08:00:00-04:00,2021-05-04 08:50:31-04:00,163.0,378,2021-05-04
2021-05-04 08:50:50-04:00,2021-05-04 08:52:04-04:00,160.5,6,2021-05-04
2021-05-04 08:52:18-04:00,2021-05-04 08:52:18-04:00,160.0,2,2021-05-04
2021-05-04 08:52:46-04:00,2021-05-04 08:52:47-04:00,160.0,2,2021-05-04
2021-05-04 08:53:47-04:00,2021-05-04 08:53:50-04:00,159.99,3,2021-05-04
2021-05-04 08:53:58-04:00,2021-05-04 08:53:58-04:00,160.0,1,2021-05-04
2021-05-04 08:54:04-04:00,2021-05-04 08:54:11-04:00,160.0,3,2021-05-04
2021-05-04 08:54:24-04:00,2021-05-04 08:54:30-04:00,159.9,4,2021-05-04
2021-05-04 08:54:49-04:00,2021-05-04 08:55:00-04:00,159.9,4,2021-05-04
2021-05-04 08:55:46-04:00,2021-05-04 08:55:46-04:00,159.9782,1,2021-05-04
2021-05-04 08:55:55-04:00,2021-05-04 08:55:55-04:00,159.99,1,2021-05-04
2021-05-04 08:56:29-04:00,2021-05-04 08:57:15-04:00,160.3,4,2021-05-04
2021-05-04 08:57:35-04:00,2021-05-04 08:57:35-04:00,160.0,1,2021-05-04
2021-05-04 08:57:47-04:00,2021-05-04 08:57:53-04:00,160.0,2,2021-05-04
2021-05-04 08:57:59-04:00,2021-05-04 08:58:25-04:00,160.28,38,2021-05-04
2021-05-04 08:58:30-04:00,2021-05-04 08:58:30-04:00,160.0,1,2021-05-04
2021-05-04 08:58:34-04:00,2021-05-04 08:58:45-04:00,160.28,5,2021-05-04
2021-05-04 09:00:03-04:00,2021-05-04 09:00:03-04:00,160.0,2,2021-05-04
2021-05-04 09:00:11-04:00,2021-05-04 09:00:12-04:00,160.288,2,2021-05-04
2021-05-04 09:00:15-04:00,2021-05-04 09:00:15-04:00,160.0,1,2021-05-04
2021-05-04 09:00:19-04:00,2021-05-04 09:00:20-04:00,160.0,3,2021-05-04
2021-05-04 09:00:24-04:00,2021-05-04 09:00:25-04:00,160.0,3,2021-05-04
2021-05-04 09:00:27-04:00,2021-05-04 09:00:27-04:00,160.294,1,2021-05-04
2021-05-04 09:00:32-04:00,2021-05-04 09:00:35-04:00,160.3,4,2021-05-04
2021-05-04 09:00:38-04:00,2021-05-04 09:00:38-04:00,160.228,1,2021-05-04
2021-05-04 09:00:40-04:00,2021-05-04 09:00:41-04:00,160.0,2,2021-05-04
2021-05-04 09:00:43-04:00,2021-05-04 09:00:43-04:00,160.3,2,2021-05-04
2021-05-04 09:00:47-04:00,2021-05-04 09:00:47-04:00,160.0,4,2021-05-04
2021-05-04 09:01:51-04:00,2021-05-04 09:01:51-04:00,160.0,2,2021-05-04
2021-05-04 09:01:53-04:00,2021-05-04 09:01:53-04:00,160.0,1,2021-05-04
2021-05-04 09:01:55-04:00,2021-05-04 09:01:55-04:00,160.0,3,2021-05-04
2021-05-04 09:02:05-04:00,2021-05-04 09:02:05-04:00,159.9778,3,2021-05-04
2021-05-04 09:02:12-04:00,2021-05-04 09:02:18-04:00,160.0,8,2021-05-04
2021-05-04 09:02:28-04:00,2021-05-04 09:02:28-04:00,159.9867,1,2021-05-04
2021-05-04 09:02:35-04:00,2021-05-04 09:02:35-04:00,159.95,2,2021-05-04
2021-05-04 09:02:39-04:00,2021-05-04 09:02:39-04:00,160.0,3,2021-05-04
2021-05-04 09:02:43-04:00,2021-05-04 09:02:44-04:00,160.0,2,2021-05-04
2021-05-04 09:02:49-04:00,2021-05-04 09:02:57-04:00,160.0,10,2021-05-04
2021-05-04 09:03:01-04:00,2021-05-04 09:03:04-04:00,160.0,8,2021-05-04
2021-05-04 09:03:11-04:00,2021-05-04 09:03:11-04:00,160.0,1,2021-05-04
2021-05-04 09:03:27-04:00,2021-05-04 09:03:27-04:00,159.95,1,2021-05-04
2021-05-04 09:03:35-04:00,2021-05-04 09:03:35-04:00,159.95,2,2021-05-04
2021-05-04 09:03:48-04:00,2021-05-04 09:03:48-04:00,159.95,1,2021-05-04
2021-05-04 09:03:52-04:00,2021-05-04 09:03:52-04:00,160.0,2,2021-05-04
2021-05-04 09:03:57-04:00,2021-05-04 09:03:57-04:00,159.95,2,2021-05-04
2021-05-04 09:06:48-04:00,2021-05-04 09:06:49-04:00,160.0,4,2021-05-04
2021-05-04 09:06:52-04:00,2021-05-04 09:06:54-04:00,160.0,5,2021-05-04
2021-05-04 09:07:03-04:00,2021-05-04 09:07:03-04:00,160.0,1,2021-05-04
2021-05-04 09:07:08-04:00,2021-05-04 09:07:08-04:00,160.0,1,2021-05-04
2021-05-04 09:07:16-04:00,2021-05-04 09:07:16-04:00,160.0,4,2021-05-04
2021-05-04 09:07:21-04:00,2021-05-04 09:07:21-04:00,160.0,1,2021-05-04
2021-05-04 09:07:31-04:00,2021-05-04 09:07:31-04:00,160.0,4,2021-05-04
2021-05-04 09:07:41-04:00,2021-05-04 09:07:41-04:00,160.0,4,2021-05-04
2021-05-04 09:07:53-04:00,2021-05-04 09:07:53-04:00,160.0,3,2021-05-04
2021-05-04 09:08:03-04:00,2021-05-04 09:08:04-04:00,160.0,5,2021-05-04
2021-05-04 09:08:17-04:00,2021-05-04 09:08:17-04:00,159.99,5,2021-05-04
2021-05-04 09:08:27-04:00,2021-05-04 09:08:27-04:00,159.99,1,2021-05-04
2021-05-04 09:08:29-04:00,2021-05-04 09:08:29-04:00,159.99,1,2021-05-04
2021-05-04 09:08:43-04:00,2021-05-04 09:08:44-04:00,160.0,5,2021-05-04
2021-05-04 09:09:04-04:00,2021-05-04 09:09:04-04:00,159.99,1,2021-05-04
2021-05-04 09:09:07-04:00,2021-05-04 09:09:07-04:00,159.99,3,2021-05-04
2021-05-04 09:09:19-04:00,2021-05-04 09:09:19-04:00,159.99,1,2021-05-04
2021-05-04 09:09:21-04:00,2021-05-04 09:09:21-04:00,159.99,1,2021-05-04
2021-05-04 09:09:26-04:00,2021-05-04 09:09:26-04:00,159.99,1,2021-05-04
2021-05-04 09:09:28-04:00,2021-05-04 09:09:28-04:00,159.99,1,2021-05-04
2021-05-04 09:09:33-04:00,2021-05-04 09:09:33-04:00,159.99,1,2021-05-04
2021-05-04 09:09:57-04:00,2021-05-04 09:09:57-04:00,159.99,1,2021-05-04
2021-05-04 09:10:07-04:00,2021-05-04 09:10:07-04:00,159.99,1,2021-05-04
2021-05-04 09:10:21-04:00,2021-05-04 09:10:21-04:00,159.99,1,2021-05-04
2021-05-04 09:10:55-04:00,2021-05-04 09:10:55-04:00,159.9,1,2021-05-04
2021-05-04 09:11:03-04:00,2021-05-04 09:11:03-04:00,159.9,1,2021-05-04
2021-05-04 09:15:34-04:00,2021-05-04 09:15:34-04:00,159.89,2,2021-05-04
2021-05-04 09:16:50-04:00,2021-05-04 09:16:50-04:00,159.9,1,2021-05-04
2021-05-04 09:17:06-04:00,2021-05-04 09:17:06-04:00,160.0,2,2021-05-04
2021-05-04 09:17:09-04:00,2021-05-04 09:17:13-04:00,159.9,3,2021-05-04
2021-05-04 09:17:17-04:00,2021-05-04 09:17:17-04:00,159.9,1,2021-05-04
2021-05-04 09:17:47-04:00,2021-05-04 09:17:47-04:00,159.9,2,2021-05-04
2021-05-04 09:17:59-04:00,2021-05-04 09:17:59-04:00,159.89,1,2021-05-04
2021-05-04 09:18:20-04:00,2021-05-04 09:18:20-04:00,159.88,1,2021-05-04
2021-05-04 09:18:28-04:00,2021-05-04 09:18:28-04:00,159.88,1,2021-05-04
2021-05-04 09:18:45-04:00,2021-05-04 09:18:45-04:00,159.9,2,2021-05-04
2021-05-04 09:18:48-04:00,2021-05-04 09:18:48-04:00,159.9,3,2021-05-04
2021-05-04 09:18:56-04:00,2021-05-04 09:18:56-04:00,159.88,1,2021-05-04
2021-05-04 09:19:21-04:00,2021-05-04 09:19:23-04:00,159.88,4,2021-05-04
2021-05-04 09:19:35-04:00,2021-05-04 09:19:35-04:00,159.88,3,2021-05-04
2021-05-04 09:19:41-04:00,2021-05-04 09:19:41-04:00,159.88,1,2021-05-04
2021-05-04 09:19:45-04:00,2021-05-04 09:19:45-04:00,159.88,1,2021-05-04
2021-05-04 09:19:55-04:00,2021-05-04 09:19:55-04:00,159.88,1,2021-05-04
2021-05-04 09:19:59-04:00,2021-05-04 09:20:01-04:00,159.88,4,2021-05-04
2021-05-04 09:20:10-04:00,2021-05-04 09:20:10-04:00,159.88,1,2021-05-04
2021-05-04 09:20:13-04:00,2021-05-04 09:20:13-04:00,159.88,2,2021-05-04
2021-05-04 09:20:16-04:00,2021-05-04 09:20:16-04:00,159.88,3,2021-05-04
2021-05-04 09:20:25-04:00,2021-05-04 09:20:25-04:00,159.9,1,2021-05-04
2021-05-04 09:20:33-04:00,2021-05-04 09:20:33-04:00,159.9,1,2021-05-04
2021-05-04 09:20:43-04:00,2021-05-04 09:20:43-04:00,159.9,3,2021-05-04
2021-05-04 09:30:02-04:00,2021-05-04 09:30:02-04:00,162.2,48,2021-05-04
2021-05-04 09:30:51-04:00,2021-05-04 09:33:00-04:00,161.7,1420,2021-05-04
2021-05-04 09:33:41-04:00,2021-05-04 09:33:41-04:00,159.9,8,2021-05-04
2021-05-06 08:00:02-04:00,2021-05-06 08:00:02-04:00,162.21,95,2021-05-06
2021-05-10 08:00:00-04:00,2021-05-10 09:40:41-04:00,162.6,4995,2021-05-10
2021-05-10 09:40:45-04:00,2021-05-10 09:40:45-04:00,161.755,52,2021-05-10
2021-05-10 09:41:09-04:00,2021-05-10 09:41:09-04:00,161.755,5,2021-05-10
2021-05-10 09:41:23-04:00,2021-05-10 09:41:23-04:00,161.755,5,2021-05-10
2021-05-10 09:41:25-04:00,2021-05-10 09:41:25-04:00,161.755,11,2021-05-10
2021-05-10 09:41:58-04:00,2021-05-10 09:41:58-04:00,161.755,4,2021-05-10
2021-05-10 09:42:00-04:00,2021-05-10 09:42:00-04:00,161.755,6,2021-05-10
2021-05-10 09:42:35-04:00,2021-05-10 09:43:06-04:00,158.0,148,2021-05-10
2021-05-10 09:43:08-04:00,2021-05-10 09:43:20-04:00,161.755,68,2021-05-10
2021-05-10 09:47:51-04:00,2021-05-10 09:47:52-04:00,157.74,18,2021-05-10
2021-05-11 08:00:01-04:00,2021-05-11 08:00:03-04:00,146.48,268,2021-05-11
2021-05-11 08:02:40-04:00,2021-05-11 08:02:40-04:00,143.22,2,2021-05-11
2021-05-11 09:59:27-04:00,2021-05-11 10:00:47-04:00,146.0,872,2021-05-11
2021-05-11 10:02:15-04:00,2021-05-11 10:02:19-04:00,143.26,31,2021-05-11
2021-05-11 10:03:15-04:00,2021-05-11 10:03:21-04:00,143.49,27,2021-05-11
2021-05-11 10:03:23-04:00,2021-05-11 10:03:49-04:00,143.67,103,2021-05-11
2021-05-11 10:03:51-04:00,2021-05-11 10:03:56-04:00,143.23,26,2021-05-11
2021-05-11 10:04:00-04:00,2021-05-11 10:04:01-04:00,143.27,9,2021-05-11
2021-05-11 10:04:07-04:00,2021-05-11 10:04:08-04:00,143.24,12,2021-05-11
2021-05-11 10:04:10-04:00,2021-05-11 10:04:15-04:00,143.279,34,2021-05-11
2021-05-11 10:04:17-04:00,2021-05-11 10:04:17-04:00,143.1819,2,2021-05-11
2021-05-11 10:04:19-04:00,2021-05-11 10:05:52-04:00,143.77,411,2021-05-11
2021-05-11 10:05:56-04:00,2021-05-11 10:06:51-04:00,143.84,255,2021-05-11
2021-05-11 10:06:53-04:00,2021-05-11 10:06:53-04:00,143.28,2,2021-05-11
2021-05-11 10:06:55-04:00,2021-05-11 10:06:55-04:00,143.2509,4,2021-05-11
2021-05-14 08:00:01-04:00,2021-05-14 08:00:03-04:00,163.5,118,2021-05-14
2021-05-14 09:13:59-04:00,2021-05-14 09:13:59-04:00,163.5,1,2021-05-14
2021-05-14 09:14:13-04:00,2021-05-14 09:14:13-04:00,163.5,1,2021-05-14
2021-05-14 09:14:20-04:00,2021-05-14 09:14:20-04:00,163.5,2,2021-05-14
2021-05-14 09:14:46-04:00,2021-05-14 09:14:46-04:00,163.5,1,2021-05-14
2021-05-14 09:14:57-04:00,2021-05-14 09:14:57-04:00,163.5,1,2021-05-14
2021-05-14 09:15:03-04:00,2021-05-14 09:15:03-04:00,163.5,2,2021-05-14
2021-05-14 09:15:15-04:00,2021-05-14 09:15:17-04:00,163.5,3,2021-05-14
2021-05-14 09:15:43-04:00,2021-05-14 09:15:44-04:00,163.5,5,2021-05-14
2021-05-14 09:16:02-04:00,2021-05-14 09:16:02-04:00,163.5,1,2021-05-14
2021-05-14 09:16:32-04:00,2021-05-14 09:16:32-04:00,163.5,2,2021-05-14
2021-05-14 09:16:53-04:00,2021-05-14 09:16:53-04:00,163.5,2,2021-05-14
2021-05-14 09:17:03-04:00,2021-05-14 09:17:11-04:00,163.4,5,2021-05-14
2021-05-14 09:17:30-04:00,2021-05-14 09:17:37-04:00,164.0,3,2021-05-14
2021-05-14 09:17:42-04:00,2021-05-14 09:17:45-04:00,163.65,4,2021-05-14
2021-05-14 09:17:48-04:00,2021-05-14 09:17:56-04:00,164.0,5,2021-05-14
2021-05-14 09:18:00-04:00,2021-05-14 09:18:05-04:00,164.0,5,2021-05-14
2021-05-14 09:18:13-04:00,2021-05-14 09:18:36-04:00,163.7,7,2021-05-14
2021-05-14 09:18:44-04:00,2021-05-14 09:18:44-04:00,163.4,1,2021-05-14
2021-05-14 09:18:50-04:00,2021-05-14 09:18:50-04:00,163.5,1,2021-05-14
2021-05-14 09:19:03-04:00,2021-05-14 09:19:03-04:00,163.5,1,2021-05-14
2021-05-14 09:19:06-04:00,2021-05-14 09:19:06-04:00,163.5,2,2021-05-14
2021-05-14 09:19:16-04:00,2021-05-14 09:19:16-04:00,163.5,1,2021-05-14
2021-05-14 09:19:19-04:00,2021-05-14 09:19:41-04:00,163.5,5,2021-05-14
2021-05-14 09:19:48-04:00,2021-05-14 09:19:48-04:00,163.5,2,2021-05-14
2021-05-14 09:19:54-04:00,2021-05-14 09:19:58-04:00,163.5,2,2021-05-14
2021-05-14 09:20:05-04:00,2021-05-14 09:20:08-04:00,163.5,2,2021-05-14
2021-05-14 09:20:10-04:00,2021-05-14 09:20:10-04:00,163.5,3,2021-05-14
2021-05-14 09:20:23-04:00,2021-05-14 09:20:23-04:00,163.49,1,2021-05-14
2021-05-14 09:20:33-04:00,2021-05-14 09:20:33-04:00,163.49,1,2021-05-14
2021-05-14 09:20:44-04:00,2021-05-14 09:20:58-04:00,163.49,7,2021-05-14
2021-05-14 09:21:01-04:00,2021-05-14 09:21:02-04:00,163.49,5,2021-05-14
2021-05-14 09:21:14-04:00,2021-05-14 09:21:17-04:00,163.49,3,2021-05-14
2021-05-14 10:04:32-04:00,2021-05-14 10:05:23-04:00,165.0,452,2021-05-14
2021-05-14 10:05:25-04:00,2021-05-14 10:05:26-04:00,163.43,14,2021-05-14
2021-05-14 10:05:28-04:00,2021-05-14 10:05:32-04:00,163.43,41,2021-05-14
2021-05-14 10:05:47-04:00,2021-05-14 10:05:52-04:00,163.3899,21,2021-05-14
2021-05-14 10:06:01-04:00,2021-05-14 10:06:01-04:00,163.3999,3,2021-05-14
2021-05-14 10:06:03-04:00,2021-05-14 10:06:07-04:00,163.42,18,2021-05-14
2021-05-14 10:06:09-04:00,2021-05-14 10:06:10-04:00,163.42,5,2021-05-14
2021-05-14 10:06:12-04:00,2021-05-14 10:06:15-04:00,163.42,19,2021-05-14
2021-05-14 10:06:19-04:00,2021-05-14 10:06:19-04:00,163.4,7,2021-05-14
2021-05-14 10:11:44-04:00,2021-05-14 10:11:45-04:00,163.42,8,2021-05-14
2021-05-14 10:11:54-04:00,2021-05-14 10:11:55-04:00,163.49,7,2021-05-14
2021-05-14 10:11:57-04:00,2021-05-14 10:11:58-04:00,163.41,7,2021-05-14
2021-05-14 10:12:02-04:00,2021-05-14 10:12:02-04:00,163.39,5,2021-05-14
2021-05-14 10:14:24-04:00,2021-05-14 10:14:24-04:00,163.3862,2,2021-05-14
2021-05-14 10:25:15-04:00,2021-05-14 10:25:15-04:00,163.399,10,2021-05-14
2021-05-14 10:25:38-04:00,2021-05-14 10:25:38-04:00,163.36,6,2021-05-14
2021-05-14 10:25:40-04:00,2021-05-14 10:25:50-04:00,163.7899,41,2021-05-14
2021-05-14 10:25:52-04:00,2021-05-14 10:25:55-04:00,163.72,12,2021-05-14
2021-05-14 10:26:41-04:00,2021-05-14 10:26:41-04:00,163.395,5,2021-05-14
2021-05-14 10:28:21-04:00,2021-05-14 10:28:21-04:00,163.5,6,2021-05-14
2021-05-14 10:28:23-04:00,2021-05-14 10:28:27-04:00,163.67,12,2021-05-14
2021-05-14 10:28:29-04:00,2021-05-14 10:28:33-04:00,163.75,29,2021-05-14
2021-05-14 10:28:35-04:00,2021-05-14 10:29:59-04:00,164.7,331,2021-05-14
2021-05-17 10:05:15-04:00,2021-05-17 10:05:17-04:00,168.75,27,2021-05-17
2021-05-17 10:05:33-04:00,2021-05-17 10:05:38-04:00,168.74,49,2021-05-17
2021-05-17 10:05:51-04:00,2021-05-17 10:06:03-04:00,168.74,122,2021-05-17
2021-05-17 10:06:05-04:00,2021-05-17 10:09:06-04:00,170.9999,2275,2021-05-17
2021-05-17 10:10:07-04:00,2021-05-17 10:15:11-04:00,171.46,2477,2021-05-17
2021-05-18 08:00:00-04:00,2021-05-18 09:30:05-04:00,180.6,1381,2021-05-18
2021-05-18 09:30:08-04:00,2021-05-18 09:30:11-04:00,174.65,147,2021-05-18
2021-05-18 09:30:14-04:00,2021-05-18 09:30:18-04:00,174.62,73,2021-05-18
2021-05-18 09:30:21-04:00,2021-05-18 09:30:30-04:00,174.73,94,2021-05-18
2021-05-19 08:00:00-04:00,2021-05-19 08:00:03-04:00,179.0,184,2021-05-19
2021-05-19 08:31:10-04:00,2021-05-19 08:31:12-04:00,177.5,2,2021-05-19
2021-05-19 08:31:49-04:00,2021-05-19 08:31:53-04:00,177.5,3,2021-05-19
2021-05-19 08:35:11-04:00,2021-05-19 08:36:23-04:00,177.5,3,2021-05-19
2021-05-19 08:36:58-04:00,2021-05-19 08:36:58-04:00,177.5,1,2021-05-19
2021-05-19 08:38:03-04:00,2021-05-19 08:38:13-04:00,177.5,2,2021-05-19
2021-05-19 08:40:30-04:00,2021-05-19 08:40:50-04:00,177.4,4,2021-05-19
2021-05-19 08:41:21-04:00,2021-05-19 08:41:21-04:00,177.3999,1,2021-05-19
2021-05-19 08:42:52-04:00,2021-05-19 08:42:52-04:00,177.4,1,2021-05-19
2021-05-19 08:43:24-04:00,2021-05-19 08:43:30-04:00,177.4,2,2021-05-19
2021-05-19 08:44:11-04:00,2021-05-19 08:44:11-04:00,177.4,1,2021-05-19
2021-05-19 08:45:23-04:00,2021-05-19 08:45:29-04:00,177.39,2,2021-05-19
2021-05-19 08:49:22-04:00,2021-05-19 08:49:22-04:00,177.4,1,2021-05-19
2021-05-19 08:56:15-04:00,2021-05-19 08:56:15-04:00,177.4,1,2021-05-19
2021-05-19 09:31:57-04:00,2021-05-19 09:32:42-04:00,178.9799,631,2021-05-19
2021-05-19 09:32:55-04:00,2021-05-19 09:33:00-04:00,177.9499,55,2021-05-19
2021-05-19 09:33:02-04:00,2021-05-19 09:33:03-04:00,177.41,21,2021-05-19
2021-05-19 09:33:15-04:00,2021-05-19 09:33:22-04:00,177.98,85,2021-05-19
2021-05-19 09:33:25-04:00,2021-05-19 09:33:25-04:00,177.419,16,2021-05-19
2021-05-20 10:11:51-04:00,2021-05-20 10:12:15-04:00,174.0,101,2021-05-20
2021-05-20 10:12:20-04:00,2021-05-20 10:12:35-04:00,174.0,81,2021-05-20
2021-05-20 10:12:37-04:00,2021-05-20 10:12:38-04:00,173.72,6,2021-05-20
2021-05-20 10:13:27-04:00,2021-05-20 10:13:30-04:00,173.7,15,2021-05-20
2021-05-20 10:13:32-04:00,2021-05-20 10:13:38-04:00,173.7,23,2021-05-20
2021-05-20 10:19:03-04:00,2021-05-20 10:19:04-04:00,173.7,8,2021-05-20
2021-05-20 10:19:06-04:00,2021-05-20 10:19:06-04:00,173.6999,2,2021-05-20
2021-05-20 10:19:08-04:00,2021-05-20 10:19:09-04:00,173.69,8,2021-05-20
2021-05-20 10:19:13-04:00,2021-05-20 10:19:13-04:00,173.63,2,2021-05-20
2021-05-20 10:19:15-04:00,2021-05-20 10:19:15-04:00,173.7,6,2021-05-20
2021-05-20 10:19:28-04:00,2021-05-20 10:19:29-04:00,173.6299,2,2021-05-20
2021-05-20 10:19:51-04:00,2021-05-20 10:19:51-04:00,173.7,6,2021-05-20
2021-05-20 10:19:53-04:00,2021-05-20 10:19:57-04:00,173.7,15,2021-05-20
2021-05-20 10:20:00-04:00,2021-05-20 10:20:03-04:00,173.7,13,2021-05-20
2021-05-20 10:20:05-04:00,2021-05-20 10:20:09-04:00,173.7,12,2021-05-20
2021-05-20 10:20:11-04:00,2021-05-20 10:29:59-04:00,174.92,1862,2021-05-20
2021-05-21 09:55:26-04:00,2021-05-21 09:56:45-04:00,178.0,728,2021-05-21
2021-05-21 09:57:14-04:00,2021-05-21 09:57:21-04:00,176.99,49,2021-05-21
2021-05-21 09:57:23-04:00,2021-05-21 09:57:23-04:00,176.97,9,2021-05-21
2021-05-21 09:57:25-04:00,2021-05-21 09:59:52-04:00,177.8799,850,2021-05-21
2021-05-21 09:59:54-04:00,2021-05-21 10:00:09-04:00,177.349,71,2021-05-21
2021-05-21 10:00:28-04:00,2021-05-21 10:00:29-04:00,177.189,12,2021-05-21
2021-05-21 10:00:43-04:00,2021-05-21 10:00:44-04:00,177.04,7,2021-05-21
2021-05-21 10:03:58-04:00,2021-05-21 10:03:58-04:00,176.99,4,2021-05-21
2021-05-21 10:04:10-04:00,2021-05-21 10:04:10-04:00,176.9899,7,2021-05-21
2021-05-21 10:04:21-04:00,2021-05-21 10:04:22-04:00,177.18,11,2021-05-21
2021-05-21 10:04:24-04:00,2021-05-21 10:04:24-04:00,176.96,3,2021-05-21
2021-05-21 10:04:26-04:00,2021-05-21 10:04:28-04:00,177.12,15,2021-05-21
2021-05-21 10:04:30-04:00,2021-05-21 10:04:52-04:00,177.2,123,2021-05-21
2021-05-21 10:04:57-04:00,2021-05-21 10:05:29-04:00,177.36,109,2021-05-21
2021-05-21 10:05:32-04:00,2021-05-21 10:05:34-04:00,177.05,8,2021-05-21
2021-05-21 10:05:38-04:00,2021-05-21 10:05:38-04:00,176.9644,1,2021-05-21
2021-05-24 09:56:00-04:00,2021-05-24 09:56:02-04:00,183.31,59,2021-05-24
2021-05-24 10:00:07-04:00,2021-05-24 10:00:07-04:00,183.02,3,2021-05-24
2021-05-25 09:45:54-04:00,2021-05-25 09:46:20-04:00,191.9,624,2021-05-25
2021-05-25 09:46:24-04:00,2021-05-25 09:46:42-04:00,190.2199,308,2021-05-25
2021-05-25 09:46:56-04:00,2021-05-25 09:46:56-04:00,189.77,12,2021-05-25
2021-05-25 09:46:58-04:00,2021-05-25 09:47:00-04:00,189.92,38,2021-05-25
2021-05-25 10:24:32-04:00,2021-05-25 10:24:32-04:00,189.6899,8,2021-05-25
2021-05-25 10:24:34-04:00,2021-05-25 10:24:43-04:00,189.8,76,2021-05-25
2021-05-25 10:24:45-04:00,2021-05-25 10:29:59-04:00,192.43,2864,2021-05-25
2021-05-26 09:05:48-04:00,2021-05-26 09:05:57-04:00,236.99,101,2021-05-26
2021-05-26 09:06:18-04:00,2021-05-26 09:06:19-04:00,236.9,16,2021-05-26
2021-05-26 09:06:23-04:00,2021-05-26 09:06:48-04:00,237.8,193,2021-05-26
2021-05-26 09:06:50-04:00,2021-05-26 09:06:53-04:00,237.0,32,2021-05-26
2021-05-26 09:06:55-04:00,2021-05-26 09:07:02-04:00,237.0,44,2021-05-26
2021-05-26 09:07:05-04:00,2021-05-26 09:07:05-04:00,236.98,5,2021-05-26
2021-05-26 09:07:10-04:00,2021-05-26 09:07:10-04:00,236.98,2,2021-05-26
2021-05-26 09:07:12-04:00,2021-05-26 09:07:12-04:00,236.98,7,2021-05-26
2021-05-26 09:07:15-04:00,2021-05-26 09:07:28-04:00,237.5,63,2021-05-26
2021-05-26 09:32:44-04:00,2021-05-26 09:33:25-04:00,239.2399,3379,2021-05-26
2021-05-26 09:33:27-04:00,2021-05-26 09:35:13-04:00,243.68,7259,2021-05-26
2021-05-26 09:35:15-04:00,2021-05-26 09:35:17-04:00,236.97,219,2021-05-26
2021-05-26 09:35:32-04:00,2021-05-26 09:35:32-04:00,239.0798,39,2021-05-26
2021-05-26 09:36:10-04:00,2021-05-26 09:36:16-04:00,237.45,317,2021-05-26
2021-05-26 09:36:19-04:00,2021-05-26 09:36:19-04:00,237.0,60,2021-05-26
2021-05-26 09:37:42-04:00,2021-05-26 09:37:47-04:00,237.0,186,2021-05-26
2021-05-26 09:41:31-04:00,2021-05-26 09:41:35-04:00,236.92,135,2021-05-26
2021-05-26 09:44:47-04:00,2021-05-26 09:44:48-04:00,236.9299,69,2021-05-26
2021-05-26 10:05:07-04:00,2021-05-26 10:05:22-04:00,237.7699,589,2021-05-26
2021-05-26 10:21:34-04:00,2021-05-26 10:21:42-04:00,237.97,229,2021-05-26
2021-05-26 10:21:50-04:00,2021-05-26 10:22:09-04:00,237.5299,280,2021-05-26
2021-05-26 10:22:12-04:00,2021-05-26 10:22:20-04:00,237.7199,167,2021-05-26
2021-05-26 10:24:06-04:00,2021-05-26 10:29:59-04:00,243.0,7566,2021-05-26
2021-05-27 08:11:21-04:00,2021-05-27 08:11:21-04:00,242.56,1,2021-05-27
2021-05-27 09:59:02-04:00,2021-05-27 09:59:02-04:00,241.14,19,2021-05-27
2021-05-27 09:59:06-04:00,2021-05-27 09:59:53-04:00,242.22,650,2021-05-27
2021-05-27 10:00:02-04:00,2021-05-27 10:00:37-04:00,242.4,440,2021-05-27
2021-05-27 10:00:40-04:00,2021-05-27 10:00:40-04:00,241.23,14,2021-05-27
2021-05-27 10:00:47-04:00,2021-05-27 10:00:49-04:00,241.23,40,2021-05-27
2021-05-27 10:01:38-04:00,2021-05-27 10:01:40-04:00,241.17,29,2021-05-27
2021-05-27 10:01:42-04:00,2021-05-27 10:01:43-04:00,241.16,33,2021-05-27
2021-05-27 10:01:59-04:00,2021-05-27 10:02:29-04:00,242.47,365,2021-05-27
2021-05-27 10:04:46-04:00,2021-05-27 10:29:59-04:00,250.629,19895,2021-05-27
2021-05-28 08:00:00-04:00,2021-05-28 08:00:03-04:00,263.0,525,2021-05-28
2021-05-28 09:09:32-04:00,2021-05-28 09:09:33-04:00,261.38,6,2021-05-28
2021-05-28 09:09:38-04:00,2021-05-28 09:09:42-04:00,261.38,8,2021-05-28
2021-05-28 09:09:45-04:00,2021-05-28 09:09:45-04:00,261.5,2,2021-05-28
2021-05-28 09:09:47-04:00,2021-05-28 09:09:49-04:00,261.5,6,2021-05-28
2021-05-28 09:09:54-04:00,2021-05-28 09:09:54-04:00,261.32,3,2021-05-28
2021-05-28 09:09:57-04:00,2021-05-28 09:09:59-04:00,261.32,7,2021-05-28
2021-05-28 09:10:39-04:00,2021-05-28 09:10:39-04:00,261.32,3,2021-05-28
2021-05-28 09:10:44-04:00,2021-05-28 09:10:45-04:00,261.5,3,2021-05-28
2021-05-28 09:10:47-04:00,2021-05-28 09:10:55-04:00,261.7,21,2021-05-28
2021-05-28 09:10:57-04:00,2021-05-28 09:12:32-04:00,262.5,189,2021-05-28
2021-05-28 09:12:38-04:00,2021-05-28 09:12:39-04:00,261.6,3,2021-05-28
2021-05-28 09:12:42-04:00,2021-05-28 09:12:43-04:00,261.6,3,2021-05-28
2021-05-28 09:12:46-04:00,2021-05-28 09:12:49-04:00,261.75,8,2021-05-28
2021-05-28 09:12:51-04:00,2021-05-28 09:12:54-04:00,261.75,5,2021-05-28
2021-05-28 09:12:56-04:00,2021-05-28 09:12:56-04:00,261.5,1,2021-05-28
2021-05-28 09:13:01-04:00,2021-05-28 09:13:04-04:00,261.5,5,2021-05-28
2021-05-28 09:13:06-04:00,2021-05-28 09:13:14-04:00,261.75,10,2021-05-28
2021-05-28 09:13:16-04:00,2021-05-28 09:13:48-04:00,263.6,53,2021-05-28
2021-05-28 09:13:50-04:00,2021-05-28 09:20:05-04:00,262.84,618,2021-05-28
2021-05-28 09:20:07-04:00,2021-05-28 09:28:04-04:00,263.8,823,2021-05-28
2021-05-28 09:28:21-04:00,2021-05-28 09:29:32-04:00,263.1275,97,2021-05-28
2021-05-28 09:29:35-04:00,2021-05-28 09:30:17-04:00,262.98,656,2021-05-28
2021-05-28 09:30:19-04:00,2021-05-28 09:30:19-04:00,262.97,22,2021-05-28
2021-05-28 09:30:21-04:00,2021-05-28 09:30:22-04:00,262.17,42,2021-05-28
2021-05-28 09:30:24-04:00,2021-05-28 09:30:24-04:00,262.74,22,2021-05-28
2021-05-28 09:30:26-04:00,2021-05-28 09:30:27-04:00,262.619,37,2021-05-28
2021-05-28 09:30:31-04:00,2021-05-28 09:30:31-04:00,262.619,28,2021-05-28
2021-05-28 09:30:34-04:00,2021-05-28 09:30:34-04:00,262.78,28,2021-05-28
2021-05-28 09:30:55-04:00,2021-05-28 09:30:55-04:00,262.619,20,2021-05-28
2021-05-28 09:31:10-04:00,2021-05-28 09:41:08-04:00,268.8,12825,2021-05-28
2021-05-28 09:41:11-04:00,2021-05-28 09:41:14-04:00,261.62,73,2021-05-28
2021-05-28 09:41:26-04:00,2021-05-28 09:42:16-04:00,263.33,707,2021-05-28
2021-05-28 09:43:10-04:00,2021-05-28 09:43:41-04:00,264.599,533,2021-05-28
2021-05-28 09:44:51-04:00,2021-05-28 09:44:54-04:00,261.8196,71,2021-05-28
2021-05-28 09:44:57-04:00,2021-05-28 09:45:46-04:00,262.3,586,2021-05-28
2021-05-28 09:46:27-04:00,2021-05-28 09:46:51-04:00,261.9899,283,2021-05-28
2021-05-28 09:46:59-04:00,2021-05-28 09:47:05-04:00,261.4599,81,2021-05-28
2021-05-28 09:50:34-04:00,2021-05-28 09:52:57-04:00,264.41,1653,2021-05-28
2021-05-28 09:53:08-04:00,2021-05-28 09:53:08-04:00,261.5339,16,2021-05-28
2021-05-28 09:55:48-04:00,2021-05-28 09:56:14-04:00,261.98,279,2021-05-28
2021-05-28 10:03:00-04:00,2021-05-28 10:03:39-04:00,262.0,473,2021-05-28
2021-05-28 10:03:41-04:00,2021-05-28 10:03:41-04:00,261.1699,18,2021-05-28
2021-05-28 10:03:54-04:00,2021-05-28 10:03:59-04:00,261.5,73,2021-05-28
2021-05-28 10:05:07-04:00,2021-05-28 10:05:38-04:00,263.4904,423,2021-05-28
2021-06-01 09:21:32-04:00,2021-06-01 09:21:32-04:00,236.6,2,2021-06-01
2021-06-01 09:21:36-04:00,2021-06-01 09:21:38-04:00,236.6,5,2021-06-01
2021-06-01 09:21:40-04:00,2021-06-01 09:21:40-04:00,236.6,1,2021-06-01
2021-06-01 09:21:48-04:00,2021-06-01 09:21:48-04:00,236.6,1,2021-06-01
2021-06-01 09:21:55-04:00,2021-06-01 09:22:02-04:00,236.59,10,2021-06-01
2021-06-01 09:22:05-04:00,2021-06-01 09:22:27-04:00,236.59,23,2021-06-01
2021-06-01 09:22:38-04:00,2021-06-01 09:22:40-04:00,236.9,5,2021-06-01
2021-06-01 10:06:38-04:00,2021-06-01 10:06:41-04:00,236.49,62,2021-06-01
2021-06-01 10:07:26-04:00,2021-06-01 10:19:52-04:00,244.7797,10949,2021-06-01
2021-06-01 10:27:17-04:00,2021-06-01 10:27:23-04:00,236.67,104,2021-06-01
2021-06-01 10:27:27-04:00,2021-06-01 10:27:27-04:00,236.14,6,2021-06-01
2021-06-01 10:27:29-04:00,2021-06-01 10:27:31-04:00,236.1399,13,2021-06-01
2021-06-01 10:29:13-04:00,2021-06-01 10:29:13-04:00,236.1004,12,2021-06-01
2021-06-01 10:29:15-04:00,2021-06-01 10:29:15-04:00,236.14,3,2021-06-01
2021-06-01 10:29:17-04:00,2021-06-01 10:29:22-04:00,236.29,77,2021-06-01
2021-06-02 08:00:01-04:00,2021-06-02 08:00:03-04:00,254.8,324,2021-06-02
2021-06-02 09:02:36-04:00,2021-06-02 09:02:36-04:00,253.95,3,2021-06-02
2021-06-02 09:02:43-04:00,2021-06-02 09:02:43-04:00,253.95,3,2021-06-02
2021-06-02 09:02:56-04:00,2021-06-02 09:03:01-04:00,253.95,13,2021-06-02
2021-06-02 09:03:13-04:00,2021-06-02 09:03:14-04:00,253.95,3,2021-06-02
2021-06-02 09:03:17-04:00,2021-06-02 09:03:17-04:00,253.86,3,2021-06-02
2021-06-02 09:06:51-04:00,2021-06-02 09:06:59-04:00,254.31,6,2021-06-02
2021-06-02 09:07:03-04:00,2021-06-02 09:09:30-04:00,254.8,154,2021-06-02
2021-06-02 09:09:32-04:00,2021-06-02 09:09:33-04:00,253.98,2,2021-06-02
2021-06-02 09:09:35-04:00,2021-06-02 09:09:37-04:00,253.96,4,2021-06-02
2021-06-02 09:09:43-04:00,2021-06-02 09:09:44-04:00,253.95,6,2021-06-02
2021-06-02 09:09:46-04:00,2021-06-02 09:09:48-04:00,253.93,4,2021-06-02
2021-06-02 09:09:58-04:00,2021-06-02 09:10:00-04:00,253.91,5,2021-06-02
2021-06-02 09:14:40-04:00,2021-06-02 09:14:40-04:00,254.0,1,2021-06-02
2021-06-02 09:14:50-04:00,2021-06-02 09:14:50-04:00,254.0,2,2021-06-02
2021-06-02 09:15:02-04:00,2021-06-02 09:15:02-04:00,254.0,2,2021-06-02
2021-06-02 09:15:23-04:00,2021-06-02 09:15:23-04:00,254.0,1,2021-06-02
2021-06-02 09:15:42-04:00,2021-06-02 09:15:42-04:00,254.0,1,2021-06-02
2021-06-02 09:41:24-04:00,2021-06-02 09:42:11-04:00,255.9799,854,2021-06-02
2021-06-02 09:42:13-04:00,2021-06-02 09:42:13-04:00,253.9107,18,2021-06-02
2021-06-02 09:42:17-04:00,2021-06-02 09:42:17-04:00,253.88,15,2021-06-02
2021-06-02 09:42:19-04:00,2021-06-02 09:42:23-04:00,254.1,53,2021-06-02
2021-06-02 09:42:25-04:00,2021-06-02 09:42:26-04:00,253.99,15,2021-06-02
2021-06-02 09:42:28-04:00,2021-06-02 09:42:53-04:00,254.58,280,2021-06-02
2021-06-02 09:43:11-04:00,2021-06-02 09:43:13-04:00,254.04,23,2021-06-02
2021-06-02 09:43:15-04:00,2021-06-02 09:43:15-04:00,253.909,9,2021-06-02
2021-06-02 09:43:33-04:00,2021-06-02 09:43:33-04:00,253.9,5,2021-06-02
2021-06-02 09:43:35-04:00,2021-06-02 09:43:38-04:00,253.8799,36,2021-06-02
2021-06-02 09:43:40-04:00,2021-06-02 09:43:40-04:00,253.88,9,2021-06-02
2021-06-02 09:43:52-04:00,2021-06-02 09:43:52-04:00,253.8699,1,2021-06-02
2021-06-02 09:43:54-04:00,2021-06-02 09:43:55-04:00,253.87,20,2021-06-02
2021-06-02 09:44:18-04:00,2021-06-02 09:45:28-04:00,256.24,733,2021-06-02
2021-06-02 09:45:31-04:00,2021-06-02 09:45:31-04:00,253.91,7,2021-06-02
2021-06-02 09:46:51-04:00,2021-06-02 09:46:51-04:00,254.0,18,2021-06-02
2021-06-02 09:46:54-04:00,2021-06-02 09:46:56-04:00,253.97,28,2021-06-02
2021-06-02 09:48:02-04:00,2021-06-02 09:56:03-04:00,258.88,4349,2021-06-02
2021-06-02 09:56:09-04:00,2021-06-02 09:56:12-04:00,254.0,30,2021-06-02
2021-06-02 09:56:14-04:00,2021-06-02 09:57:21-04:00,254.8999,494,2021-06-02
2021-06-02 09:57:23-04:00,2021-06-02 09:57:25-04:00,254.11,22,2021-06-02
2021-06-02 09:57:27-04:00,2021-06-02 09:57:39-04:00,254.11,90,2021-06-02
2021-06-02 09:57:48-04:00,2021-06-02 09:58:38-04:00,254.99,408,2021-06-02
2021-06-02 09:58:40-04:00,2021-06-02 09:59:05-04:00,254.5,186,2021-06-02
2021-06-02 09:59:18-04:00,2021-06-02 09:59:18-04:00,254.0,7,2021-06-02
2021-06-02 09:59:20-04:00,2021-06-02 09:59:22-04:00,254.0,23,2021-06-02
2021-06-02 09:59:24-04:00,2021-06-02 09:59:27-04:00,253.97,13,2021-06-02
2021-06-02 09:59:29-04:00,2021-06-02 09:59:30-04:00,253.9199,15,2021-06-02
2021-06-02 09:59:40-04:00,2021-06-02 10:02:42-04:00,256.2499,1254,2021-06-02
2021-06-02 10:02:46-04:00,2021-06-02 10:02:49-04:00,254.0936,32,2021-06-02
2021-06-02 10:02:51-04:00,2021-06-02 10:02:51-04:00,254.14,6,2021-06-02
2021-06-02 10:02:54-04:00,2021-06-02 10:02:54-04:00,254.13,7,2021-06-02
2021-06-02 10:03:42-04:00,2021-06-02 10:03:43-04:00,253.9399,10,2021-06-02
2021-06-02 10:03:45-04:00,2021-06-02 10:03:45-04:00,253.94,7,2021-06-02
2021-06-03 08:00:01-04:00,2021-06-03 09:42:21-04:00,288.25,16640,2021-06-03
2021-06-03 09:42:23-04:00,2021-06-03 09:42:23-04:00,262.999,24,2021-06-03
2021-06-03 09:43:18-04:00,2021-06-03 09:43:20-04:00,262.79,61,2021-06-03
2021-06-03 09:43:22-04:00,2021-06-03 09:43:23-04:00,262.0,56,2021-06-03
2021-06-03 10:04:56-04:00,2021-06-03 10:04:58-04:00,261.99,75,2021-06-03
2021-06-03 10:09:01-04:00,2021-06-03 10:09:48-04:00,263.3584,512,2021-06-03
2021-06-03 10:09:57-04:00,2021-06-03 10:10:01-04:00,261.89,37,2021-06-03
2021-06-03 10:11:02-04:00,2021-06-03 10:11:03-04:00,261.9435,12,2021-06-03
2021-06-03 10:11:05-04:00,2021-06-03 10:11:07-04:00,261.97,19,2021-06-03
2021-06-03 10:12:31-04:00,2021-06-03 10:12:32-04:00,261.97,12,2021-06-03
2021-06-03 10:29:46-04:00,2021-06-03 10:29:46-04:00,265.75,5,2021-06-03
2021-06-03 10:29:52-04:00,2021-06-03 10:29:52-04:00,265.75,6,2021-06-03
2021-06-03 10:29:56-04:00,2021-06-03 10:29:56-04:00,265.74,6,2021-06-03
2021-06-04 08:54:08-04:00,2021-06-04 08:54:56-04:00,260.0,4,2021-06-04
2021-06-04 08:55:15-04:00,2021-06-04 08:55:34-04:00,259.49,2,2021-06-04
2021-06-04 09:05:54-04:00,2021-06-04 09:06:00-04:00,259.25,4,2021-06-04
2021-06-04 09:06:14-04:00,2021-06-04 09:06:19-04:00,259.5,2,2021-06-04
2021-06-04 09:06:23-04:00,2021-06-04 09:06:24-04:00,259.5,4,2021-06-04
2021-06-04 09:06:53-04:00,2021-06-04 09:06:53-04:00,259.5,1,2021-06-04
2021-06-04 09:07:00-04:00,2021-06-04 09:07:00-04:00,259.5,3,2021-06-04
2021-06-04 09:07:20-04:00,2021-06-04 09:07:20-04:00,259.5,2,2021-06-04
2021-06-04 09:07:40-04:00,2021-06-04 09:07:43-04:00,260.49,2,2021-06-04
2021-06-04 09:07:48-04:00,2021-06-04 09:10:56-04:00,261.86,100,2021-06-04
2021-06-04 09:11:00-04:00,2021-06-04 09:11:33-04:00,259.75,20,2021-06-04
2021-06-04 09:30:40-04:00,2021-06-04 09:30:40-04:00,259.1,10,2021-06-04
2021-06-04 09:30:43-04:00,2021-06-04 09:30:43-04:00,259.53,6,2021-06-04
2021-06-04 09:30:45-04:00,2021-06-04 09:30:51-04:00,259.1,62,2021-06-04
2021-06-04 09:31:12-04:00,2021-06-04 09:34:59-04:00,265.0,2154,2021-06-04
2021-06-04 09:35:01-04:00,2021-06-04 09:35:32-04:00,260.96,194,2021-06-04
2021-06-04 09:36:01-04:00,2021-06-04 09:36:10-04:00,260.0,60,2021-06-04
2021-06-04 09:36:13-04:00,2021-06-04 09:36:13-04:00,259.85,9,2021-06-04
2021-06-04 09:36:15-04:00,2021-06-04 09:36:15-04:00,259.849,6,2021-06-04
2021-06-04 09:36:17-04:00,2021-06-04 09:36:19-04:00,259.5,18,2021-06-04
2021-06-04 09:36:23-04:00,2021-06-04 09:36:23-04:00,259.1,7,2021-06-04
2021-06-04 09:36:26-04:00,2021-06-04 09:36:26-04:00,259.2,7,2021-06-04
2021-06-04 09:36:31-04:00,2021-06-04 09:36:31-04:00,259.5,7,2021-06-04
2021-06-04 09:36:33-04:00,2021-06-04 09:36:33-04:00,259.5,3,2021-06-04
2021-06-04 09:37:32-04:00,2021-06-04 09:37:38-04:00,259.99,35,2021-06-04
2021-06-04 09:37:41-04:00,2021-06-04 09:37:41-04:00,259.3593,3,2021-06-04
2021-06-04 09:37:43-04:00,2021-06-04 09:37:48-04:00,259.49,24,2021-06-04
2021-06-04 09:37:50-04:00,2021-06-04 09:50:44-04:00,264.0,4153,2021-06-04
2021-06-04 09:51:10-04:00,2021-06-04 09:51:12-04:00,259.7399,20,2021-06-04
2021-06-04 09:51:15-04:00,2021-06-04 09:51:18-04:00,259.49,17,2021-06-04
2021-06-04 09:51:20-04:00,2021-06-04 09:51:42-04:00,259.79,93,2021-06-04
2021-06-04 09:51:44-04:00,2021-06-04 09:51:44-04:00,259.3712,4,2021-06-04
2021-06-04 09:51:46-04:00,2021-06-04 09:51:47-04:00,259.3799,5,2021-06-04
2021-06-04 09:51:49-04:00,2021-06-04 09:52:13-04:00,259.8,104,2021-06-04
2021-06-04 09:52:16-04:00,2021-06-04 09:52:26-04:00,259.7,43,2021-06-04
2021-06-04 09:52:41-04:00,2021-06-04 09:52:57-04:00,260.4,49,2021-06-04
2021-06-04 09:52:59-04:00,2021-06-04 09:52:59-04:00,259.21,1,2021-06-04
2021-06-04 09:53:02-04:00,2021-06-04 09:53:02-04:00,259.43,2,2021-06-04
2021-06-04 09:53:04-04:00,2021-06-04 09:53:04-04:00,259.3483,2,2021-06-04
2021-06-07 09:50:13-04:00,2021-06-07 09:50:13-04:00,263.4499,14,2021-06-07
2021-06-07 09:50:15-04:00,2021-06-07 09:53:04-04:00,266.54,1756,2021-06-07
2021-06-07 09:53:07-04:00,2021-06-07 09:53:22-04:00,264.0,118,2021-06-07
2021-06-07 09:53:24-04:00,2021-06-07 09:53:27-04:00,263.7541,25,2021-06-07
2021-06-07 09:53:29-04:00,2021-06-07 10:00:31-04:00,267.6,3282,2021-06-07
2021-06-07 10:00:38-04:00,2021-06-07 10:00:54-04:00,265.0,110,2021-06-07
2021-06-07 10:00:56-04:00,2021-06-07 10:00:56-04:00,263.6647,21,2021-06-07
2021-06-07 10:01:08-04:00,2021-06-07 10:01:08-04:00,263.47,11,2021-06-07
2021-06-07 10:01:24-04:00,2021-06-07 10:01:27-04:00,264.0,27,2021-06-07
2021-06-07 10:01:50-04:00,2021-06-07 10:01:50-04:00,263.68,6,2021-06-07
2021-06-07 10:04:24-04:00,2021-06-07 10:05:16-04:00,264.15,228,2021-06-07
2021-06-07 10:05:21-04:00,2021-06-07 10:05:23-04:00,263.6,19,2021-06-07
2021-06-07 10:05:26-04:00,2021-06-07 10:05:32-04:00,263.8,29,2021-06-07
2021-06-07 10:05:34-04:00,2021-06-07 10:06:51-04:00,265.08,353,2021-06-07
2021-06-07 10:06:53-04:00,2021-06-07 10:06:59-04:00,263.75,25,2021-06-07
2021-06-07 10:07:10-04:00,2021-06-07 10:09:04-04:00,264.86,514,2021-06-07
2021-06-07 10:09:06-04:00,2021-06-07 10:09:06-04:00,263.4514,5,2021-06-07
2021-06-07 10:09:10-04:00,2021-06-07 10:09:26-04:00,264.58,99,2021-06-07
2021-06-07 10:09:41-04:00,2021-06-07 10:09:44-04:00,263.99,20,2021-06-07
2021-06-07 10:09:46-04:00,2021-06-07 10:09:46-04:00,263.55,4,2021-06-07
2021-06-07 10:09:48-04:00,2021-06-07 10:09:56-04:00,263.92,28,2021-06-07
2021-06-07 10:10:39-04:00,2021-06-07 10:10:39-04:00,263.42,10,2021-06-07
2021-06-07 10:10:44-04:00,2021-06-07 10:10:45-04:00,263.6,8,2021-06-07
2021-06-07 10:10:48-04:00,2021-06-07 10:10:50-04:00,263.57,7,2021-06-07
2021-06-07 10:10:52-04:00,2021-06-07 10:10:53-04:00,263.5999,13,2021-06-07
2021-06-08 09:51:59-04:00,2021-06-08 09:53:03-04:00,338.0,5831,2021-06-08
2021-06-08 09:53:06-04:00,2021-06-08 09:53:10-04:00,331.36,284,2021-06-08
2021-06-08 09:53:31-04:00,2021-06-08 09:55:26-04:00,338.0,6738,2021-06-08
2021-06-08 09:55:50-04:00,2021-06-08 09:55:53-04:00,330.6899,257,2021-06-08
2021-06-08 09:56:01-04:00,2021-06-08 09:57:17-04:00,334.59,3285,2021-06-08
2021-06-08 09:57:23-04:00,2021-06-08 09:57:23-04:00,330.0,30,2021-06-08
2021-06-08 09:58:05-04:00,2021-06-08 09:58:24-04:00,333.99,989,2021-06-08
2021-06-08 09:58:34-04:00,2021-06-08 09:58:36-04:00,329.99,91,2021-06-08
2021-06-08 09:58:45-04:00,2021-06-08 09:58:55-04:00,330.75,341,2021-06-08
2021-06-08 09:59:04-04:00,2021-06-08 09:59:07-04:00,330.2999,149,2021-06-08
2021-06-08 09:59:36-04:00,2021-06-08 09:59:38-04:00,329.9899,72,2021-06-08
2021-06-08 10:00:25-04:00,2021-06-08 10:00:26-04:00,329.9999,58,2021-06-08
2021-06-08 10:00:34-04:00,2021-06-08 10:00:34-04:00,330.2482,35,2021-06-08
2021-06-08 10:01:45-04:00,2021-06-08 10:01:59-04:00,331.95,681,2021-06-08
2021-06-08 10:02:01-04:00,2021-06-08 10:02:02-04:00,329.9699,75,2021-06-08
2021-06-08 10:02:04-04:00,2021-06-08 10:02:09-04:00,330.74,157,2021-06-08
2021-06-08 10:06:14-04:00,2021-06-08 10:06:25-04:00,330.99,522,2021-06-08
2021-06-08 10:11:58-04:00,2021-06-08 10:12:21-04:00,332.7,973,2021-06-08
2021-06-08 10:12:26-04:00,2021-06-08 10:12:26-04:00,330.0,31,2021-06-08
2021-06-08 10:14:50-04:00,2021-06-08 10:15:39-04:00,331.9,1165,2021-06-08
2021-06-08 10:16:02-04:00,2021-06-08 10:16:56-04:00,334.4399,1418,2021-06-08
2021-06-08 10:19:34-04:00,2021-06-08 10:19:39-04:00,329.97,84,2021-06-08
2021-06-08 10:19:53-04:00,2021-06-08 10:20:00-04:00,330.33,107,2021-06-08
2021-06-08 10:20:02-04:00,2021-06-08 10:20:03-04:00,329.9899,23,2021-06-08
2021-06-08 10:23:46-04:00,2021-06-08 10:24:16-04:00,331.3,687,2021-06-08
2021-06-08 10:26:57-04:00,2021-06-08 10:29:59-04:00,344.66,7579,2021-06-08
2021-06-09 08:00:00-04:00,2021-06-09 08:01:45-04:00,307.62,317,2021-06-09
2021-06-09 08:02:11-04:00,2021-06-09 08:02:22-04:00,303.0,3,2021-06-09
2021-06-09 08:02:56-04:00,2021-06-09 08:07:00-04:00,303.7,35,2021-06-09
2021-06-09 08:07:23-04:00,2021-06-09 08:11:42-04:00,303.0,18,2021-06-09
2021-06-09 08:12:32-04:00,2021-06-09 08:12:32-04:00,302.65,1,2021-06-09
2021-06-09 08:16:34-04:00,2021-06-09 08:22:29-04:00,303.59,23,2021-06-09
2021-06-09 08:23:43-04:00,2021-06-09 08:23:43-04:00,302.5,1,2021-06-09
2021-06-09 08:27:52-04:00,2021-06-09 09:20:27-04:00,307.49,1085,2021-06-09
2021-06-09 09:20:31-04:00,2021-06-09 09:20:46-04:00,303.24,14,2021-06-09
2021-06-09 09:20:51-04:00,2021-06-09 09:21:05-04:00,303.5,16,2021-06-09
2021-06-09 09:21:08-04:00,2021-06-09 09:21:08-04:00,302.5,2,2021-06-09
2021-06-09 09:21:21-04:00,2021-06-09 09:21:22-04:00,302.5,5,2021-06-09
2021-06-09 09:21:24-04:00,2021-06-09 09:21:34-04:00,303.0,11,2021-06-09
2021-06-09 09:21:39-04:00,2021-06-09 09:21:39-04:00,302.585,1,2021-06-09
2021-06-09 09:21:41-04:00,2021-06-09 09:21:44-04:00,302.585,3,2021-06-09
2021-06-09 09:21:49-04:00,2021-06-09 09:21:55-04:00,302.835,6,2021-06-09
2021-06-09 09:22:02-04:00,2021-06-09 09:22:02-04:00,302.835,2,2021-06-09
2021-06-09 09:22:06-04:00,2021-06-09 09:22:18-04:00,302.925,8,2021-06-09
2021-06-09 09:22:21-04:00,2021-06-09 09:22:21-04:00,302.675,1,2021-06-09
2021-06-09 09:22:28-04:00,2021-06-09 09:22:48-04:00,302.75,17,2021-06-09
2021-06-09 09:23:00-04:00,2021-06-09 09:23:09-04:00,302.705,5,2021-06-09
2021-06-09 09:23:11-04:00,2021-06-09 09:31:10-04:00,305.8,1947,2021-06-09
2021-06-09 09:31:22-04:00,2021-06-09 09:31:22-04:00,303.0,23,2021-06-09
2021-06-09 10:02:53-04:00,2021-06-09 10:02:56-04:00,302.95,57,2021-06-09
2021-06-09 10:02:58-04:00,2021-06-09 10:03:24-04:00,303.32,273,2021-06-09
2021-06-09 10:03:55-04:00,2021-06-09 10:03:56-04:00,302.75,15,2021-06-09
2021-06-09 10:03:59-04:00,2021-06-09 10:03:59-04:00,302.75,8,2021-06-09
2021-06-09 10:04:01-04:00,2021-06-09 10:04:05-04:00,302.75,32,2021-06-09
2021-06-09 10:04:07-04:00,2021-06-09 10:04:44-04:00,304.29,351,2021-06-09
2021-06-09 10:04:46-04:00,2021-06-09 10:04:49-04:00,302.98,25,2021-06-09
2021-06-09 10:05:09-04:00,2021-06-09 10:17:57-04:00,308.77,7134,2021-06-09
2021-06-09 10:17:59-04:00,2021-06-09 10:18:01-04:00,305.5524,62,2021-06-09
2021-06-09 10:18:33-04:00,2021-06-09 10:19:05-04:00,303.82,215,2021-06-09
2021-06-09 10:19:07-04:00,2021-06-09 10:19:11-04:00,302.72,39,2021-06-09
2021-06-09 10:19:59-04:00,2021-06-09 10:20:03-04:00,302.99,41,2021-06-09
2021-06-09 10:20:09-04:00,2021-06-09 10:20:12-04:00,302.99,22,2021-06-09
2021-06-09 10:20:14-04:00,2021-06-09 10:22:02-04:00,305.09,676,2021-06-09
2021-06-09 10:22:07-04:00,2021-06-09 10:22:11-04:00,302.71,24,2021-06-09
2021-06-09 10:22:32-04:00,2021-06-09 10:25:49-04:00,305.735,954,2021-06-09
2021-06-09 10:25:51-04:00,2021-06-09 10:25:57-04:00,302.8,38,2021-06-09
2021-06-09 10:25:59-04:00,2021-06-09 10:26:01-04:00,302.69,13,2021-06-09
2021-06-09 10:26:04-04:00,2021-06-09 10:26:09-04:00,302.69,19,2021-06-09
2021-06-09 10:26:11-04:00,2021-06-09 10:29:59-04:00,306.5,1217,2021-06-09
2021-06-10 08:00:00-04:00,2021-06-10 08:25:40-04:00,286.99,626,2021-06-10
2021-06-10 08:25:51-04:00,2021-06-10 08:25:56-04:00,278.0,2,2021-06-10
2021-06-10 08:26:03-04:00,2021-06-10 08:26:12-04:00,278.0,4,2021-06-10
2021-06-10 08:26:30-04:00,2021-06-10 08:26:30-04:00,277.8,1,2021-06-10
2021-06-10 08:26:44-04:00,2021-06-10 08:26:44-04:00,278.0,1,2021-06-10
2021-06-10 08:27:03-04:00,2021-06-10 08:27:03-04:00,278.0,1,2021-06-10
2021-06-10 08:27:24-04:00,2021-06-10 08:27:24-04:00,278.0,1,2021-06-10
2021-06-10 08:28:22-04:00,2021-06-10 08:28:22-04:00,278.95,1,2021-06-10
2021-06-10 08:28:29-04:00,2021-06-10 08:28:57-04:00,278.95,3,2021-06-10
2021-06-10 08:29:12-04:00,2021-06-10 08:29:16-04:00,278.89,3,2021-06-10
2021-06-10 08:29:41-04:00,2021-06-10 08:39:01-04:00,281.45,122,2021-06-10
2021-06-10 08:39:24-04:00,2021-06-10 08:39:24-04:00,278.0,1,2021-06-10
2021-06-10 08:39:38-04:00,2021-06-10 08:39:50-04:00,279.0,6,2021-06-10
2021-06-10 08:39:55-04:00,2021-06-10 08:44:10-04:00,280.0,33,2021-06-10
2021-06-10 08:44:20-04:00,2021-06-10 08:45:45-04:00,279.94,21,2021-06-10
2021-06-10 08:46:06-04:00,2021-06-10 08:46:23-04:00,279.0,9,2021-06-10
2021-06-10 08:46:25-04:00,2021-06-10 08:47:30-04:00,279.0,9,2021-06-10
2021-06-10 08:47:45-04:00,2021-06-10 08:47:45-04:00,278.9,2,2021-06-10
2021-06-10 08:48:16-04:00,2021-06-10 08:48:37-04:00,278.9,3,2021-06-10
2021-06-10 08:48:59-04:00,2021-06-10 08:48:59-04:00,278.0,1,2021-06-10
2021-06-10 08:49:09-04:00,2021-06-10 09:32:04-04:00,288.88,6628,2021-06-10
2021-06-10 09:32:07-04:00,2021-06-10 09:32:09-04:00,277.8963,182,2021-06-10
2021-06-10 09:32:25-04:00,2021-06-10 09:42:36-04:00,287.12,11087,2021-06-10
2021-06-10 09:43:10-04:00,2021-06-10 09:43:29-04:00,280.0766,362,2021-06-10
2021-06-10 09:44:44-04:00,2021-06-10 09:45:56-04:00,281.74,1156,2021-06-10
2021-06-10 10:11:18-04:00,2021-06-10 10:11:18-04:00,283.14,9,2021-06-10
2021-06-10 10:11:39-04:00,2021-06-10 10:11:39-04:00,283.14,6,2021-06-10
2021-06-10 10:12:06-04:00,2021-06-10 10:12:06-04:00,283.0,8,2021-06-10
2021-06-10 10:12:35-04:00,2021-06-10 10:12:35-04:00,283.0,4,2021-06-10
2021-06-11 08:00:01-04:00,2021-06-11 08:00:03-04:00,233.99,467,2021-06-11
2021-06-11 08:14:28-04:00,2021-06-11 08:14:28-04:00,233.45,1,2021-06-11
2021-06-11 08:25:18-04:00,2021-06-11 08:25:28-04:00,233.45,2,2021-06-11
2021-06-11 08:26:14-04:00,2021-06-11 08:27:27-04:00,234.45,17,2021-06-11
2021-06-11 08:27:30-04:00,2021-06-11 08:27:35-04:00,234.0,4,2021-06-11
2021-06-11 08:27:38-04:00,2021-06-11 08:41:29-04:00,235.96,81,2021-06-11
2021-06-11 08:42:02-04:00,2021-06-11 08:42:36-04:00,233.8,4,2021-06-11
2021-06-11 08:45:05-04:00,2021-06-11 08:45:07-04:00,233.74,2,2021-06-11
2021-06-11 08:57:25-04:00,2021-06-11 08:57:25-04:00,233.94,1,2021-06-11
2021-06-11 08:57:32-04:00,2021-06-11 08:57:51-04:00,233.94,3,2021-06-11
2021-06-11 08:58:00-04:00,2021-06-11 08:58:23-04:00,233.99,32,2021-06-11
2021-06-11 08:58:35-04:00,2021-06-11 08:58:35-04:00,233.98,4,2021-06-11
2021-06-11 08:59:06-04:00,2021-06-11 08:59:26-04:00,233.95,5,2021-06-11
2021-06-11 08:59:32-04:00,2021-06-11 08:59:32-04:00,233.95,1,2021-06-11
2021-06-11 08:59:49-04:00,2021-06-11 09:00:50-04:00,233.95,61,2021-06-11
2021-06-11 09:36:16-04:00,2021-06-11 09:36:18-04:00,233.45,146,2021-06-11
2021-06-11 09:37:33-04:00,2021-06-11 09:37:47-04:00,234.0,569,2021-06-11
2021-06-11 09:37:58-04:00,2021-06-11 09:37:59-04:00,233.389,75,2021-06-11
2021-06-11 09:40:24-04:00,2021-06-11 09:40:29-04:00,233.5,150,2021-06-11
2021-06-11 09:40:33-04:00,2021-06-11 09:40:35-04:00,233.45,67,2021-06-11
2021-06-11 09:40:39-04:00,2021-06-11 09:41:01-04:00,233.6,520,2021-06-11
2021-06-11 09:41:04-04:00,2021-06-11 09:41:41-04:00,234.4,928,2021-06-11
2021-06-11 09:41:47-04:00,2021-06-11 09:42:04-04:00,233.99,397,2021-06-11
2021-06-11 09:57:29-04:00,2021-06-11 10:05:29-04:00,241.25,8869,2021-06-11
2021-06-11 10:05:31-04:00,2021-06-11 10:05:40-04:00,233.8,118,2021-06-11
2021-06-11 10:06:37-04:00,2021-06-11 10:06:38-04:00,233.24,25,2021-06-11
2021-06-11 10:07:11-04:00,2021-06-11 10:07:32-04:00,233.65,189,2021-06-11
2021-06-11 10:07:34-04:00,2021-06-11 10:07:44-04:00,233.5,93,2021-06-11
2021-06-11 10:07:47-04:00,2021-06-11 10:08:21-04:00,233.65,224,2021-06-11
2021-06-11 10:10:30-04:00,2021-06-11 10:10:31-04:00,233.24,12,2021-06-11
2021-06-11 10:10:34-04:00,2021-06-11 10:10:40-04:00,233.33,60,2021-06-11
2021-06-11 10:17:15-04:00,2021-06-11 10:17:15-04:00,233.249,6,2021-06-11
2021-06-11 10:17:54-04:00,2021-06-11 10:17:55-04:00,233.25,11,2021-06-11
2021-06-11 10:17:57-04:00,2021-06-11 10:17:59-04:00,233.24,25,2021-06-11
2021-06-14 08:00:01-04:00,2021-06-14 09:34:31-04:00,239.38,6794,2021-06-14
2021-06-14 09:34:33-04:00,2021-06-14 09:34:33-04:00,231.659,16,2021-06-14
2021-06-14 09:34:37-04:00,2021-06-14 09:34:59-04:00,232.84,300,2021-06-14
2021-06-14 09:35:04-04:00,2021-06-14 09:35:16-04:00,232.2999,161,2021-06-14
2021-06-14 09:35:19-04:00,2021-06-14 09:35:24-04:00,231.659,75,2021-06-14
2021-06-14 09:35:26-04:00,2021-06-14 09:35:30-04:00,231.9999,64,2021-06-14
2021-06-14 09:35:32-04:00,2021-06-14 09:35:39-04:00,232.2914,95,2021-06-14
2021-06-14 09:35:47-04:00,2021-06-14 09:35:51-04:00,232.0,66,2021-06-14
2021-06-14 09:35:55-04:00,2021-06-14 09:35:56-04:00,231.5199,24,2021-06-14
2021-06-14 10:07:57-04:00,2021-06-14 10:07:58-04:00,231.5,14,2021-06-14
2021-06-14 10:08:01-04:00,2021-06-14 10:08:11-04:00,232.03,139,2021-06-14
2021-06-14 10:08:13-04:00,2021-06-14 10:08:23-04:00,232.06,82,2021-06-14
2021-06-14 10:08:30-04:00,2021-06-14 10:09:07-04:00,232.2129,302,2021-06-14
2021-06-14 10:09:16-04:00,2021-06-14 10:09:23-04:00,231.759,51,2021-06-14
2021-06-14 10:12:55-04:00,2021-06-14 10:12:55-04:00,231.5,17,2021-06-14
2021-06-14 10:13:05-04:00,2021-06-14 10:13:07-04:00,231.599,17,2021-06-14
2021-06-14 10:13:11-04:00,2021-06-14 10:13:19-04:00,231.7999,60,2021-06-14
2021-06-14 10:13:22-04:00,2021-06-14 10:13:49-04:00,232.78,206,2021-06-14
2021-06-14 10:13:52-04:00,2021-06-14 10:13:52-04:00,231.51,11,2021-06-14
2021-06-14 10:14:03-04:00,2021-06-14 10:14:19-04:00,231.94,99,2021-06-14
2021-06-15 08:00:00-04:00,2021-06-15 08:00:03-04:00,228.7,116,2021-06-15
2021-06-15 08:06:46-04:00,2021-06-15 08:06:46-04:00,226.49,1,2021-06-15
2021-06-15 08:08:31-04:00,2021-06-15 08:08:40-04:00,226.49,2,2021-06-15
2021-06-15 08:09:10-04:00,2021-06-15 08:10:42-04:00,226.49,6,2021-06-15
2021-06-15 08:11:42-04:00,2021-06-15 08:12:22-04:00,226.49,5,2021-06-15
2021-06-15 08:13:26-04:00,2021-06-15 08:18:28-04:00,226.9,11,2021-06-15
2021-06-15 08:19:24-04:00,2021-06-15 08:21:22-04:00,226.89,7,2021-06-15
2021-06-15 08:27:37-04:00,2021-06-15 08:27:37-04:00,226.49,1,2021-06-15
2021-06-15 08:29:29-04:00,2021-06-15 08:30:39-04:00,226.49,2,2021-06-15
2021-06-15 08:32:54-04:00,2021-06-15 08:32:54-04:00,226.49,1,2021-06-15
2021-06-15 08:41:10-04:00,2021-06-15 08:41:10-04:00,226.49,1,2021-06-15
2021-06-15 08:42:06-04:00,2021-06-15 08:43:08-04:00,226.49,5,2021-06-15
2021-06-15 08:44:10-04:00,2021-06-15 08:45:27-04:00,226.49,5,2021-06-15
2021-06-15 08:47:21-04:00,2021-06-15 08:47:21-04:00,226.48,1,2021-06-15
2021-06-15 08:48:31-04:00,2021-06-15 08:53:52-04:00,226.48,14,2021-06-15
2021-06-15 08:57:55-04:00,2021-06-15 08:58:42-04:00,228.0,19,2021-06-15
2021-06-15 08:59:04-04:00,2021-06-15 08:59:49-04:00,227.47,6,2021-06-15
2021-06-15 09:00:18-04:00,2021-06-15 09:00:18-04:00,227.2,1,2021-06-15
2021-06-15 09:00:31-04:00,2021-06-15 09:00:46-04:00,227.2,8,2021-06-15
2021-06-15 09:00:48-04:00,2021-06-15 09:00:50-04:00,227.2,5,2021-06-15
2021-06-15 09:00:56-04:00,2021-06-15 09:00:58-04:00,227.2,5,2021-06-15
2021-06-15 09:01:02-04:00,2021-06-15 09:01:02-04:00,227.2,2,2021-06-15
2021-06-15 09:01:04-04:00,2021-06-15 09:01:04-04:00,226.6,1,2021-06-15
2021-06-15 09:01:07-04:00,2021-06-15 09:01:47-04:00,227.25,20,2021-06-15
2021-06-15 09:01:50-04:00,2021-06-15 09:02:34-04:00,227.25,19,2021-06-15
2021-06-15 09:02:54-04:00,2021-06-15 09:03:07-04:00,226.5,10,2021-06-15
2021-06-15 09:03:15-04:00,2021-06-15 09:03:15-04:00,226.5,1,2021-06-15
2021-06-15 09:03:22-04:00,2021-06-15 09:03:22-04:00,226.5,1,2021-06-15
2021-06-15 09:03:29-04:00,2021-06-15 09:03:29-04:00,226.5,2,2021-06-15
2021-06-15 09:03:45-04:00,2021-06-15 09:03:45-04:00,226.5,2,2021-06-15
2021-06-15 09:03:52-04:00,2021-06-15 09:03:52-04:00,226.5,2,2021-06-15
2021-06-15 09:04:02-04:00,2021-06-15 09:04:02-04:00,226.5,1,2021-06-15
2021-06-15 09:04:11-04:00,2021-06-15 09:04:14-04:00,226.5,4,2021-06-15
2021-06-15 09:04:18-04:00,2021-06-15 09:04:35-04:00,227.2,8,2021-06-15
2021-06-15 09:04:37-04:00,2021-06-15 09:04:38-04:00,226.98,4,2021-06-15
2021-06-15 09:04:45-04:00,2021-06-15 09:05:27-04:00,227.2,28,2021-06-15
2021-06-15 09:05:32-04:00,2021-06-15 09:05:41-04:00,226.67,6,2021-06-15
2021-06-15 09:09:09-04:00,2021-06-15 09:09:09-04:00,227.0,1,2021-06-15
2021-06-15 09:09:26-04:00,2021-06-15 09:09:26-04:00,227.0,1,2021-06-15
2021-06-15 09:09:33-04:00,2021-06-15 09:09:33-04:00,226.5,1,2021-06-15
2021-06-15 09:09:49-04:00,2021-06-15 09:09:49-04:00,226.45,1,2021-06-15
2021-06-15 09:09:57-04:00,2021-06-15 09:10:08-04:00,226.8999,7,2021-06-15
2021-06-15 09:10:12-04:00,2021-06-15 09:10:45-04:00,226.9,9,2021-06-15
2021-06-15 09:10:52-04:00,2021-06-15 09:11:55-04:00,226.9,25,2021-06-15
2021-06-15 09:12:01-04:00,2021-06-15 09:12:17-04:00,226.9,5,2021-06-15
2021-06-15 09:12:22-04:00,2021-06-15 09:29:17-04:00,228.0,343,2021-06-15
2021-06-15 09:29:36-04:00,2021-06-15 09:29:36-04:00,226.45,1,2021-06-15
2021-06-15 09:29:46-04:00,2021-06-15 09:32:09-04:00,229.249,1161,2021-06-15
2021-06-15 09:32:14-04:00,2021-06-15 09:32:14-04:00,226.359,17,2021-06-15
2021-06-15 09:32:22-04:00,2021-06-15 09:32:23-04:00,226.8999,16,2021-06-15
2021-06-15 09:32:26-04:00,2021-06-15 09:32:26-04:00,226.899,5,2021-06-15
2021-06-15 09:32:28-04:00,2021-06-15 09:32:29-04:00,226.9,28,2021-06-15
2021-06-15 09:32:31-04:00,2021-06-15 09:32:32-04:00,226.96,14,2021-06-15
2021-06-15 09:32:35-04:00,2021-06-15 09:33:39-04:00,227.14,465,2021-06-15
2021-06-15 10:00:07-04:00,2021-06-15 10:00:13-04:00,226.6699,66,2021-06-15
2021-06-16 08:00:00-04:00,2021-06-16 08:32:48-04:00,221.4,243,2021-06-16
2021-06-16 08:33:11-04:00,2021-06-16 08:35:09-04:00,219.0,9,2021-06-16
2021-06-16 08:35:32-04:00,2021-06-16 08:35:58-04:00,218.9,2,2021-06-16
2021-06-16 08:37:37-04:00,2021-06-16 08:38:28-04:00,218.24,3,2021-06-16
2021-06-16 08:39:05-04:00,2021-06-16 08:40:26-04:00,218.2,6,2021-06-16
2021-06-16 08:40:54-04:00,2021-06-16 08:40:54-04:00,218.0,1,2021-06-16
2021-06-16 08:41:01-04:00,2021-06-16 08:41:01-04:00,218.0,1,2021-06-16
2021-06-16 08:41:18-04:00,2021-06-16 08:41:54-04:00,218.0,4,2021-06-16
2021-06-16 08:42:49-04:00,2021-06-16 08:42:49-04:00,218.0,2,2021-06-16
2021-06-16 08:42:54-04:00,2021-06-16 08:42:54-04:00,218.0,1,2021-06-16
2021-06-16 09:32:08-04:00,2021-06-16 09:32:37-04:00,218.75,282,2021-06-16
2021-06-16 09:34:33-04:00,2021-06-16 09:35:25-04:00,219.96,462,2021-06-16
2021-06-16 09:35:33-04:00,2021-06-16 09:35:33-04:00,218.0,8,2021-06-16
2021-06-16 09:35:37-04:00,2021-06-16 09:35:37-04:00,218.0,8,2021-06-16
2021-06-16 09:35:39-04:00,2021-06-16 09:36:10-04:00,218.5,182,2021-06-16
2021-06-16 09:36:12-04:00,2021-06-16 09:36:19-04:00,218.48,49,2021-06-16
2021-06-16 09:40:28-04:00,2021-06-16 09:40:28-04:00,218.26,14,2021-06-16
2021-06-16 09:40:30-04:00,2021-06-16 09:40:32-04:00,218.3,19,2021-06-16
2021-06-16 10:13:41-04:00,2021-06-16 10:13:52-04:00,218.58,101,2021-06-16
2021-06-16 10:13:59-04:00,2021-06-16 10:14:00-04:00,218.0,18,2021-06-16
2021-06-16 10:14:11-04:00,2021-06-16 10:14:11-04:00,218.0,3,2021-06-16
2021-06-16 10:17:34-04:00,2021-06-16 10:18:13-04:00,218.73,222,2021-06-16
2021-06-16 10:19:10-04:00,2021-06-16 10:29:59-04:00,221.73,3004,2021-06-16
2021-06-17 10:06:35-04:00,2021-06-17 10:09:00-04:00,233.16,1369,2021-06-17
2021-06-17 10:09:02-04:00,2021-06-17 10:09:04-04:00,230.8334,27,2021-06-17
2021-06-17 10:09:06-04:00,2021-06-17 10:09:06-04:00,230.8,13,2021-06-17
2021-06-17 10:09:37-04:00,2021-06-17 10:09:37-04:00,230.8,10,2021-06-17
2021-06-18 08:00:00-04:00,2021-06-18 08:39:25-04:00,224.65,182,2021-06-18
2021-06-18 08:40:03-04:00,2021-06-18 08:43:02-04:00,222.0,5,2021-06-18
2021-06-18 08:43:23-04:00,2021-06-18 08:43:23-04:00,221.8,1,2021-06-18
2021-06-18 08:44:03-04:00,2021-06-18 08:44:13-04:00,221.9,2,2021-06-18
2021-06-18 08:47:52-04:00,2021-06-18 09:01:12-04:00,223.59,78,2021-06-18
2021-06-18 09:01:14-04:00,2021-06-18 09:01:19-04:00,222.0,5,2021-06-18
2021-06-18 09:01:21-04:00,2021-06-18 09:01:30-04:00,222.0,4,2021-06-18
2021-06-18 09:01:37-04:00,2021-06-18 09:01:38-04:00,221.8,3,2021-06-18
2021-06-18 09:01:42-04:00,2021-06-18 09:01:42-04:00,222.0,2,2021-06-18
2021-06-18 09:01:48-04:00,2021-06-18 09:01:53-04:00,222.0,7,2021-06-18
2021-06-18 09:02:03-04:00,2021-06-18 09:02:03-04:00,221.615,1,2021-06-18
2021-06-18 09:02:05-04:00,2021-06-18 09:02:12-04:00,222.0,7,2021-06-18
2021-06-18 09:02:25-04:00,2021-06-18 09:02:25-04:00,221.5,2,2021-06-18
2021-06-18 09:05:45-04:00,2021-06-18 09:05:45-04:00,223.0,1,2021-06-18
2021-06-18 09:05:50-04:00,2021-06-18 09:05:50-04:00,222.0,2,2021-06-18
2021-06-18 09:05:56-04:00,2021-06-18 09:05:56-04:00,222.0,1,2021-06-18
2021-06-18 09:06:05-04:00,2021-06-18 09:06:05-04:00,221.75,2,2021-06-18
2021-06-18 09:06:22-04:00,2021-06-18 09:06:24-04:00,222.0,4,2021-06-18
2021-06-18 09:06:44-04:00,2021-06-18 09:06:44-04:00,221.5,2,2021-06-18
2021-06-18 09:07:03-04:00,2021-06-18 09:07:05-04:00,221.5,2,2021-06-18
2021-06-18 09:07:10-04:00,2021-06-18 09:07:10-04:00,221.5,2,2021-06-18
2021-06-18 09:07:18-04:00,2021-06-18 09:07:21-04:00,221.5,7,2021-06-18
2021-06-18 09:07:46-04:00,2021-06-18 09:07:46-04:00,221.5,1,2021-06-18
2021-06-18 09:07:57-04:00,2021-06-18 09:07:57-04:00,221.5,1,2021-06-18
2021-06-18 09:08:06-04:00,2021-06-18 09:08:06-04:00,221.5,2,2021-06-18
2021-06-18 09:08:11-04:00,2021-06-18 09:08:11-04:00,221.5,2,2021-06-18
2021-06-18 09:08:17-04:00,2021-06-18 09:08:22-04:00,221.5,4,2021-06-18
2021-06-18 09:08:35-04:00,2021-06-18 09:08:44-04:00,221.5,3,2021-06-18
2021-06-18 09:08:50-04:00,2021-06-18 09:08:52-04:00,221.5,5,2021-06-18
2021-06-18 09:09:06-04:00,2021-06-18 09:09:10-04:00,221.5,4,2021-06-18
2021-06-18 09:09:35-04:00,2021-06-18 09:09:37-04:00,222.0,5,2021-06-18
2021-06-18 09:09:39-04:00,2021-06-18 09:09:39-04:00,222.0,2,2021-06-18
2021-06-18 09:09:58-04:00,2021-06-18 09:10:01-04:00,222.0,7,2021-06-18
2021-06-18 09:10:05-04:00,2021-06-18 09:10:08-04:00,222.0,8,2021-06-18
2021-06-18 09:10:14-04:00,2021-06-18 09:10:30-04:00,222.0,12,2021-06-18
2021-06-18 09:10:32-04:00,2021-06-18 09:10:32-04:00,221.5,1,2021-06-18
2021-06-18 09:10:35-04:00,2021-06-18 09:10:35-04:00,221.75,1,2021-06-18
2021-06-18 09:10:47-04:00,2021-06-18 09:11:16-04:00,222.0,9,2021-06-18
2021-06-18 09:11:19-04:00,2021-06-18 09:11:46-04:00,222.0,23,2021-06-18
2021-06-18 09:11:49-04:00,2021-06-18 09:13:24-04:00,222.99,41,2021-06-18
2021-06-18 09:13:35-04:00,2021-06-18 09:13:36-04:00,222.9,4,2021-06-18
2021-06-18 09:13:43-04:00,2021-06-18 09:13:57-04:00,222.9,7,2021-06-18
2021-06-18 09:14:02-04:00,2021-06-18 09:18:24-04:00,222.8,97,2021-06-18
2021-06-18 09:19:30-04:00,2021-06-18 09:19:30-04:00,222.0,1,2021-06-18
2021-06-18 09:19:39-04:00,2021-06-18 09:19:42-04:00,222.0,2,2021-06-18
2021-06-18 09:19:56-04:00,2021-06-18 09:19:56-04:00,222.0,3,2021-06-18
2021-06-18 09:20:09-04:00,2021-06-18 09:20:12-04:00,221.5,3,2021-06-18
2021-06-18 09:20:15-04:00,2021-06-18 09:20:15-04:00,222.0,3,2021-06-18
2021-06-18 09:20:19-04:00,2021-06-18 09:20:24-04:00,221.5,4,2021-06-18
2021-06-18 09:20:36-04:00,2021-06-18 09:20:36-04:00,221.5,2,2021-06-18
2021-06-18 09:20:46-04:00,2021-06-18 09:20:49-04:00,222.0,2,2021-06-18
2021-06-18 09:20:59-04:00,2021-06-18 09:21:06-04:00,221.5,2,2021-06-18
2021-06-18 09:21:11-04:00,2021-06-18 09:21:24-04:00,222.0,5,2021-06-18
2021-06-18 09:21:29-04:00,2021-06-18 09:21:49-04:00,222.0,6,2021-06-18
2021-06-18 09:21:54-04:00,2021-06-18 09:21:57-04:00,222.0,3,2021-06-18
2021-06-18 09:22:04-04:00,2021-06-18 09:22:04-04:00,221.64,1,2021-06-18
2021-06-18 09:22:44-04:00,2021-06-18 09:22:46-04:00,221.64,3,2021-06-18
2021-06-18 09:22:56-04:00,2021-06-18 09:22:56-04:00,221.5,1,2021-06-18
2021-06-18 09:23:30-04:00,2021-06-18 09:23:30-04:00,221.64,1,2021-06-18
2021-06-18 09:23:46-04:00,2021-06-18 09:23:46-04:00,221.64,1,2021-06-18
2021-06-18 09:25:16-04:00,2021-06-18 09:25:16-04:00,222.4,1,2021-06-18
2021-06-18 09:25:52-04:00,2021-06-18 09:25:52-04:00,222.0,3,2021-06-18
2021-06-18 09:27:24-04:00,2021-06-18 09:27:24-04:00,221.5,2,2021-06-18
2021-06-18 09:27:30-04:00,2021-06-18 09:27:34-04:00,221.5,3,2021-06-18
2021-06-18 09:27:39-04:00,2021-06-18 09:27:39-04:00,221.5,2,2021-06-18
2021-06-18 09:29:36-04:00,2021-06-18 09:29:36-04:00,221.6922,2,2021-06-18
2021-06-18 09:29:52-04:00,2021-06-18 09:29:52-04:00,221.512,2,2021-06-18
2021-06-18 09:30:53-04:00,2021-06-18 09:30:56-04:00,221.75,17,2021-06-18
2021-06-18 09:30:58-04:00,2021-06-18 09:30:59-04:00,221.76,8,2021-06-18
2021-06-18 09:31:01-04:00,2021-06-18 09:33:59-04:00,223.5,1150,2021-06-18
2021-06-18 09:34:01-04:00,2021-06-18 09:34:15-04:00,221.95,98,2021-06-18
2021-06-18 09:34:45-04:00,2021-06-18 09:34:47-04:00,221.6999,15,2021-06-18
2021-06-18 09:34:53-04:00,2021-06-18 09:34:55-04:00,221.7,13,2021-06-18
2021-06-18 09:34:59-04:00,2021-06-18 09:35:00-04:00,221.7,8,2021-06-18
2021-06-18 09:35:04-04:00,2021-06-18 09:35:06-04:00,221.7,10,2021-06-18
2021-06-18 09:35:08-04:00,2021-06-18 09:35:18-04:00,222.41,79,2021-06-18
2021-06-18 09:35:20-04:00,2021-06-18 09:36:27-04:00,222.41,260,2021-06-18
2021-06-18 09:36:29-04:00,2021-06-18 09:36:39-04:00,221.95,55,2021-06-18
2021-06-18 09:36:41-04:00,2021-06-18 09:36:45-04:00,221.48,27,2021-06-18
2021-06-18 09:36:49-04:00,2021-06-18 09:36:52-04:00,221.79,18,2021-06-18
2021-06-18 09:36:55-04:00,2021-06-18 09:36:57-04:00,221.79,12,2021-06-18
2021-06-18 09:36:59-04:00,2021-06-18 09:39:27-04:00,223.34,704,2021-06-18
2021-06-18 09:39:29-04:00,2021-06-18 09:39:37-04:00,221.91,45,2021-06-18
2021-06-18 09:39:39-04:00,2021-06-18 09:39:43-04:00,221.88,25,2021-06-18
2021-06-18 09:39:45-04:00,2021-06-18 09:40:36-04:00,222.29,256,2021-06-18
2021-06-18 09:40:48-04:00,2021-06-18 09:40:54-04:00,221.84,32,2021-06-18
2021-06-18 09:40:57-04:00,2021-06-18 09:40:59-04:00,221.84,10,2021-06-18
2021-06-18 09:41:03-04:00,2021-06-18 09:41:09-04:00,221.62,39,2021-06-18
2021-06-18 09:41:14-04:00,2021-06-18 09:41:15-04:00,221.5,7,2021-06-18
2021-06-18 09:41:17-04:00,2021-06-18 09:43:26-04:00,222.7,487,2021-06-18
2021-06-18 09:43:29-04:00,2021-06-18 09:43:33-04:00,221.9099,22,2021-06-18
2021-06-18 09:43:35-04:00,2021-06-18 09:43:58-04:00,221.77,86,2021-06-18
2021-06-18 09:44:26-04:00,2021-06-18 09:44:29-04:00,221.7,17,2021-06-18
2021-06-18 09:44:31-04:00,2021-06-18 09:44:35-04:00,221.7,17,2021-06-18
2021-06-18 09:44:37-04:00,2021-06-18 09:44:37-04:00,221.644,2,2021-06-18
2021-06-18 09:44:39-04:00,2021-06-18 09:44:40-04:00,221.7,14,2021-06-18
2021-06-18 09:44:42-04:00,2021-06-18 09:44:43-04:00,221.7,6,2021-06-18
2021-06-18 09:44:45-04:00,2021-06-18 09:44:45-04:00,221.58,4,2021-06-18
2021-06-18 09:44:47-04:00,2021-06-18 09:44:49-04:00,221.6486,15,2021-06-18
2021-06-18 09:44:52-04:00,2021-06-18 09:44:53-04:00,221.58,10,2021-06-18
2021-06-18 09:45:30-04:00,2021-06-18 09:45:30-04:00,221.89,7,2021-06-18
2021-06-18 09:46:19-04:00,2021-06-18 09:46:24-04:00,221.65,44,2021-06-18
2021-06-18 09:46:26-04:00,2021-06-18 09:46:26-04:00,221.63,4,2021-06-18
2021-06-21 08:00:00-04:00,2021-06-21 08:46:51-04:00,218.8,421,2021-06-21
2021-06-21 08:47:19-04:00,2021-06-21 09:31:26-04:00,218.99,2348,2021-06-21
2021-06-21 09:31:40-04:00,2021-06-21 09:32:39-04:00,217.0,578,2021-06-21
2021-06-21 09:32:41-04:00,2021-06-21 09:33:25-04:00,216.38,383,2021-06-21
2021-06-21 09:33:28-04:00,2021-06-21 09:33:41-04:00,216.38,114,2021-06-21
2021-06-21 09:33:43-04:00,2021-06-21 09:41:35-04:00,217.8,3149,2021-06-21
2021-06-21 09:43:31-04:00,2021-06-21 09:43:31-04:00,216.52,7,2021-06-21
2021-06-22 08:00:02-04:00,2021-06-22 08:00:03-04:00,221.51,598,2021-06-22
2021-06-22 08:02:15-04:00,2021-06-22 08:02:20-04:00,219.49,2,2021-06-22
2021-06-22 08:26:48-04:00,2021-06-22 08:27:19-04:00,219.36,8,2021-06-22
2021-06-22 08:27:43-04:00,2021-06-22 08:27:51-04:00,219.23,6,2021-06-22
2021-06-22 08:28:10-04:00,2021-06-22 08:28:21-04:00,219.5,2,2021-06-22
2021-06-22 10:03:29-04:00,2021-06-22 10:03:38-04:00,219.49,255,2021-06-22
2021-06-22 10:13:05-04:00,2021-06-22 10:13:40-04:00,220.2,581,2021-06-22
2021-06-22 10:13:44-04:00,2021-06-22 10:13:47-04:00,219.75,45,2021-06-22
2021-06-22 10:13:52-04:00,2021-06-22 10:13:52-04:00,219.1052,6,2021-06-22
2021-06-22 10:14:05-04:00,2021-06-22 10:29:59-04:00,225.88,10680,2021-06-22
2021-06-23 08:00:00-04:00,2021-06-23 08:27:55-04:00,224.9,377,2021-06-23
2021-06-23 08:28:54-04:00,2021-06-23 09:30:06-04:00,223.3,1298,2021-06-23
2021-06-23 09:30:14-04:00,2021-06-23 09:31:32-04:00,222.0,696,2021-06-23
2021-06-23 09:31:35-04:00,2021-06-23 09:31:35-04:00,221.5899,10,2021-06-23
2021-06-23 09:31:38-04:00,2021-06-23 09:31:38-04:00,221.67,11,2021-06-23
2021-06-23 09:31:41-04:00,2021-06-23 09:31:41-04:00,221.39,8,2021-06-23
2021-06-23 09:31:44-04:00,2021-06-23 09:31:44-04:00,221.3999,18,2021-06-23
2021-06-23 10:05:30-04:00,2021-06-23 10:05:30-04:00,221.655,5,2021-06-23
2021-06-23 10:06:06-04:00,2021-06-23 10:06:06-04:00,221.655,10,2021-06-23
2021-06-23 10:26:15-04:00,2021-06-23 10:26:16-04:00,221.34,8,2021-06-23
2021-06-23 10:26:18-04:00,2021-06-23 10:26:18-04:00,221.32,5,2021-06-23
2021-06-23 10:26:29-04:00,2021-06-23 10:26:32-04:00,221.3,19,2021-06-23
2021-06-23 10:26:35-04:00,2021-06-23 10:26:38-04:00,221.3,18,2021-06-23
2021-06-23 10:26:41-04:00,2021-06-23 10:27:18-04:00,221.65,190,2021-06-23
2021-06-23 10:27:21-04:00,2021-06-23 10:27:22-04:00,221.33,9,2021-06-23
2021-06-23 10:27:25-04:00,2021-06-23 10:27:31-04:00,221.5,25,2021-06-23
2021-06-23 10:27:33-04:00,2021-06-23 10:27:37-04:00,221.5,13,2021-06-23
2021-06-23 10:27:56-04:00,2021-06-23 10:28:21-04:00,222.0,132,2021-06-23
2021-06-23 10:28:23-04:00,2021-06-23 10:28:23-04:00,221.49,2,2021-06-23
2021-06-23 10:28:25-04:00,2021-06-23 10:28:25-04:00,221.49,10,2021-06-23
2021-06-23 10:28:27-04:00,2021-06-23 10:28:37-04:00,221.49,58,2021-06-23
2021-06-23 10:28:40-04:00,2021-06-23 10:28:41-04:00,221.49,9,2021-06-23
2021-06-23 10:28:43-04:00,2021-06-23 10:28:43-04:00,221.326,6,2021-06-23
2021-06-23 10:28:45-04:00,2021-06-23 10:28:45-04:00,221.49,2,2021-06-23
2021-06-23 10:28:51-04:00,2021-06-23 10:28:51-04:00,221.655,7,2021-06-23
2021-06-23 10:28:58-04:00,2021-06-23 10:28:58-04:00,221.655,7,2021-06-23
2021-06-23 10:29:17-04:00,2021-06-23 10:29:17-04:00,221.49,7,2021-06-23
2021-06-23 10:29:32-04:00,2021-06-23 10:29:59-04:00,221.74,93,2021-06-23
2021-06-24 09:40:17-04:00,2021-06-24 09:40:17-04:00,240.3,4,2021-06-24
2021-06-24 09:43:48-04:00,2021-06-24 09:44:04-04:00,227.3099,257,2021-06-24
2021-06-24 09:44:09-04:00,2021-06-24 09:44:12-04:00,226.8,41,2021-06-24
2021-06-24 09:45:51-04:00,2021-06-24 09:45:51-04:00,226.75,14,2021-06-24
2021-06-24 09:45:54-04:00,2021-06-24 09:45:56-04:00,226.75,31,2021-06-24
2021-06-24 09:45:58-04:00,2021-06-24 09:45:58-04:00,226.6799,14,2021-06-24
2021-06-24 09:52:58-04:00,2021-06-24 09:53:29-04:00,227.48,313,2021-06-24
2021-06-24 09:53:31-04:00,2021-06-24 09:54:44-04:00,227.3,440,2021-06-24
2021-06-24 09:54:46-04:00,2021-06-24 09:55:40-04:00,227.64,327,2021-06-24
2021-06-24 09:55:42-04:00,2021-06-24 09:55:43-04:00,226.78,8,2021-06-24
2021-06-24 09:55:46-04:00,2021-06-24 09:55:49-04:00,226.78,36,2021-06-24
2021-06-24 09:55:52-04:00,2021-06-24 09:55:52-04:00,226.6999,4,2021-06-24
2021-06-24 09:55:54-04:00,2021-06-24 09:55:54-04:00,226.7,5,2021-06-24
2021-06-24 09:55:56-04:00,2021-06-24 09:55:56-04:00,226.6999,7,2021-06-24
2021-06-25 08:00:00-04:00,2021-06-25 09:33:00-04:00,217.0,2126,2021-06-25
2021-06-25 09:33:04-04:00,2021-06-25 09:33:04-04:00,210.99,11,2021-06-25
2021-06-25 09:33:13-04:00,2021-06-25 09:33:16-04:00,211.0,33,2021-06-25
2021-06-25 09:33:45-04:00,2021-06-25 09:33:51-04:00,210.6,62,2021-06-25
2021-06-25 09:34:01-04:00,2021-06-25 09:34:02-04:00,210.5916,17,2021-06-25
2021-06-25 09:34:04-04:00,2021-06-25 09:34:18-04:00,211.0,137,2021-06-25
2021-06-25 09:34:21-04:00,2021-06-25 09:34:23-04:00,210.51,28,2021-06-25
2021-06-25 09:35:02-04:00,2021-06-25 09:35:02-04:00,211.171,8,2021-06-25
2021-06-28 09:38:05-04:00,2021-06-28 09:38:06-04:00,221.99,35,2021-06-28
2021-06-28 09:38:08-04:00,2021-06-28 09:38:20-04:00,222.27,282,2021-06-28
2021-06-28 09:46:08-04:00,2021-06-28 09:46:16-04:00,222.0,99,2021-06-28
2021-06-28 09:46:20-04:00,2021-06-28 09:57:59-04:00,224.98,6752,2021-06-28
2021-06-28 09:58:02-04:00,2021-06-28 10:00:28-04:00,222.98,834,2021-06-28
2021-06-28 10:00:30-04:00,2021-06-28 10:00:57-04:00,222.8417,142,2021-06-28
2021-06-28 10:01:00-04:00,2021-06-28 10:01:01-04:00,221.9615,11,2021-06-28
2021-06-28 10:01:17-04:00,2021-06-28 10:01:19-04:00,222.0,27,2021-06-28
2021-06-28 10:01:21-04:00,2021-06-28 10:01:24-04:00,222.0,28,2021-06-28
2021-06-28 10:01:32-04:00,2021-06-28 10:01:40-04:00,222.324,59,2021-06-28
2021-06-28 10:01:42-04:00,2021-06-28 10:01:45-04:00,221.9999,20,2021-06-28
2021-06-28 10:01:47-04:00,2021-06-28 10:01:53-04:00,222.0,43,2021-06-28
2021-06-28 10:01:55-04:00,2021-06-28 10:01:56-04:00,221.9899,8,2021-06-28
2021-06-28 10:02:05-04:00,2021-06-28 10:02:15-04:00,222.0,56,2021-06-28
2021-06-28 10:02:35-04:00,2021-06-28 10:02:48-04:00,222.22,79,2021-06-28
2021-06-29 08:00:00-04:00,2021-06-29 08:02:46-04:00,216.98,152,2021-06-29
2021-06-29 08:05:22-04:00,2021-06-29 09:30:28-04:00,216.5,930,2021-06-29
2021-06-29 09:30:43-04:00,2021-06-29 09:32:43-04:00,214.98,802,2021-06-29
2021-06-29 09:32:46-04:00,2021-06-29 09:32:55-04:00,213.39,53,2021-06-29
2021-06-29 09:33:03-04:00,2021-06-29 09:33:03-04:00,213.3799,5,2021-06-29
2021-06-29 09:33:23-04:00,2021-06-29 09:33:25-04:00,214.0,23,2021-06-29
2021-06-29 09:33:28-04:00,2021-06-29 09:33:28-04:00,213.37,10,2021-06-29
2021-06-29 09:33:31-04:00,2021-06-29 09:33:31-04:00,213.37,5,2021-06-29
2021-06-29 09:33:35-04:00,2021-06-29 09:33:35-04:00,213.36,9,2021-06-29
2021-06-29 09:33:38-04:00,2021-06-29 09:34:37-04:00,215.29,413,2021-06-29
2021-06-29 09:34:39-04:00,2021-06-29 09:34:53-04:00,213.81,91,2021-06-29
2021-06-29 09:34:55-04:00,2021-06-29 09:35:03-04:00,213.75,58,2021-06-29
2021-07-01 10:23:10-04:00,2021-07-01 10:23:36-04:00,216.83,161,2021-07-01
2021-07-01 10:23:43-04:00,2021-07-01 10:23:44-04:00,216.2499,9,2021-07-01
2021-07-02 08:00:00-04:00,2021-07-02 09:27:03-04:00,208.0,687,2021-07-02
2021-07-02 09:27:14-04:00,2021-07-02 09:27:31-04:00,204.77,5,2021-07-02
2021-07-02 09:27:56-04:00,2021-07-02 09:32:31-04:00,206.0,1077,2021-07-02
2021-07-02 09:32:38-04:00,2021-07-02 09:32:39-04:00,204.0,18,2021-07-02
2021-07-02 09:32:42-04:00,2021-07-02 09:32:42-04:00,203.9999,6,2021-07-02
2021-07-02 09:32:46-04:00,2021-07-02 09:32:46-04:00,203.8858,7,2021-07-02
2021-07-02 09:32:48-04:00,2021-07-02 09:32:49-04:00,203.9,10,2021-07-02
2021-07-02 09:32:53-04:00,2021-07-02 09:32:55-04:00,203.9,20,2021-07-02
2021-07-02 09:32:57-04:00,2021-07-02 09:32:57-04:00,203.8999,8,2021-07-02
2021-07-02 09:38:50-04:00,2021-07-02 09:38:51-04:00,203.87,12,2021-07-02
2021-07-02 09:43:26-04:00,2021-07-02 09:43:47-04:00,204.3,113,2021-07-02
2021-07-02 09:43:53-04:00,2021-07-02 09:43:55-04:00,203.85,15,2021-07-02
2021-07-02 09:43:59-04:00,2021-07-02 09:44:01-04:00,203.84,11,2021-07-02
2021-07-02 09:44:03-04:00,2021-07-02 09:44:04-04:00,203.8399,11,2021-07-02
2021-07-02 09:44:06-04:00,2021-07-02 09:44:09-04:00,203.82,11,2021-07-02
2021-07-02 09:44:11-04:00,2021-07-02 09:44:11-04:00,203.82,4,2021-07-02
2021-07-02 09:44:41-04:00,2021-07-02 09:44:42-04:00,203.8,11,2021-07-02
2021-07-02 09:44:47-04:00,2021-07-02 09:44:50-04:00,203.82,14,2021-07-02
2021-07-06 08:00:00-04:00,2021-07-06 09:33:46-04:00,206.98,2663,2021-07-06
2021-07-06 09:33:48-04:00,2021-07-06 09:33:54-04:00,201.44,54,2021-07-06
2021-07-06 09:33:56-04:00,2021-07-06 09:34:31-04:00,201.45,228,2021-07-06
2021-07-06 09:34:54-04:00,2021-07-06 09:34:54-04:00,201.0,10,2021-07-06
2021-07-06 09:35:01-04:00,2021-07-06 09:35:02-04:00,202.164,14,2021-07-06
2021-07-06 09:35:04-04:00,2021-07-06 09:35:07-04:00,201.2,23,2021-07-06
2021-07-06 09:35:09-04:00,2021-07-06 09:35:20-04:00,201.2,78,2021-07-06
2021-07-06 09:35:36-04:00,2021-07-06 09:35:37-04:00,201.2,17,2021-07-06
2021-07-06 09:35:39-04:00,2021-07-06 09:35:40-04:00,201.07,13,2021-07-06
2021-07-06 09:35:46-04:00,2021-07-06 09:35:47-04:00,201.2,53,2021-07-06
2021-07-06 09:35:49-04:00,2021-07-06 09:35:50-04:00,201.2,10,2021-07-06
2021-07-06 09:36:09-04:00,2021-07-06 09:36:11-04:00,201.2,19,2021-07-06
2021-07-06 09:36:13-04:00,2021-07-06 09:36:29-04:00,201.51,124,2021-07-06
2021-07-06 09:36:31-04:00,2021-07-06 09:38:22-04:00,202.44,576,2021-07-06
2021-07-06 09:38:38-04:00,2021-07-06 09:38:39-04:00,201.0,14,2021-07-06
2021-07-06 09:38:45-04:00,2021-07-06 09:38:45-04:00,201.0,4,2021-07-06
2021-07-06 09:38:49-04:00,2021-07-06 09:38:49-04:00,201.0,7,2021-07-06
2021-07-07 08:00:00-04:00,2021-07-07 09:54:50-04:00,199.56,13069,2021-07-07
2021-07-08 09:56:29-04:00,2021-07-08 09:56:30-04:00,186.99,17,2021-07-08
2021-07-08 09:56:32-04:00,2021-07-08 09:56:35-04:00,186.9231,21,2021-07-08
2021-07-08 09:56:44-04:00,2021-07-08 09:57:15-04:00,188.9,179,2021-07-08
2021-07-08 09:57:17-04:00,2021-07-08 09:57:24-04:00,187.169,43,2021-07-08
2021-07-08 09:57:26-04:00,2021-07-08 09:57:33-04:00,187.3141,44,2021-07-08
2021-07-08 09:57:51-04:00,2021-07-08 09:57:52-04:00,186.96,13,2021-07-08
2021-07-08 09:58:00-04:00,2021-07-08 09:58:01-04:00,186.85,7,2021-07-08
2021-07-08 09:58:06-04:00,2021-07-08 09:58:13-04:00,187.0,42,2021-07-08
2021-07-08 09:58:15-04:00,2021-07-08 10:00:41-04:00,188.46,588,2021-07-08
2021-07-08 10:00:43-04:00,2021-07-08 10:00:45-04:00,186.9264,15,2021-07-08
2021-07-08 10:00:52-04:00,2021-07-08 10:00:52-04:00,186.99,10,2021-07-08
2021-07-08 10:00:54-04:00,2021-07-08 10:00:54-04:00,186.9236,8,2021-07-08
2021-07-08 10:00:57-04:00,2021-07-08 10:00:57-04:00,186.9897,4,2021-07-08
2021-07-08 10:01:00-04:00,2021-07-08 10:01:00-04:00,186.99,4,2021-07-08
2021-07-08 10:01:02-04:00,2021-07-08 10:01:02-04:00,186.99,4,2021-07-08
2021-07-08 10:01:04-04:00,2021-07-08 10:01:12-04:00,186.98,35,2021-07-08
2021-07-08 10:01:14-04:00,2021-07-08 10:01:18-04:00,186.93,11,2021-07-08
2021-07-08 10:01:20-04:00,2021-07-08 10:01:24-04:00,186.92,19,2021-07-08
2021-07-08 10:01:26-04:00,2021-07-08 10:01:27-04:00,186.8693,5,2021-07-08
2021-07-08 10:01:30-04:00,2021-07-08 10:01:31-04:00,186.8595,5,2021-07-08
2021-07-08 10:01:35-04:00,2021-07-08 10:01:39-04:00,186.89,16,2021-07-08
2021-07-08 10:03:18-04:00,2021-07-08 10:03:40-04:00,187.38,68,2021-07-08
2021-07-08 10:03:42-04:00,2021-07-08 10:03:44-04:00,186.99,10,2021-07-08
2021-07-08 10:03:46-04:00,2021-07-08 10:03:47-04:00,186.99,9,2021-07-08
2021-07-08 10:03:50-04:00,2021-07-08 10:03:50-04:00,186.9371,3,2021-07-08
2021-07-08 10:03:55-04:00,2021-07-08 10:03:56-04:00,186.9526,4,2021-07-08
2021-07-08 10:03:59-04:00,2021-07-08 10:04:02-04:00,187.0,8,2021-07-08
2021-07-08 10:04:04-04:00,2021-07-08 10:04:05-04:00,187.0,8,2021-07-08
2021-07-08 10:04:07-04:00,2021-07-08 10:04:07-04:00,186.9999,7,2021-07-08
2021-07-08 10:04:10-04:00,2021-07-08 10:04:10-04:00,186.9999,2,2021-07-08
2021-07-08 10:04:14-04:00,2021-07-08 10:04:16-04:00,186.92,12,2021-07-08
2021-07-08 10:04:20-04:00,2021-07-08 10:04:20-04:00,187.2,4,2021-07-08
2021-07-08 10:04:22-04:00,2021-07-08 10:04:35-04:00,187.2799,35,2021-07-08
2021-07-08 10:04:37-04:00,2021-07-08 10:06:04-04:00,187.52,192,2021-07-08
2021-07-08 10:06:06-04:00,2021-07-08 10:06:22-04:00,187.36,45,2021-07-08
2021-07-08 10:06:24-04:00,2021-07-08 10:06:29-04:00,187.0999,13,2021-07-08
2021-07-08 10:06:32-04:00,2021-07-08 10:06:33-04:00,187.1,5,2021-07-08
2021-07-08 10:06:35-04:00,2021-07-08 10:06:37-04:00,187.35,9,2021-07-08
2021-07-08 10:06:39-04:00,2021-07-08 10:07:19-04:00,188.0,108,2021-07-08
2021-07-08 10:07:23-04:00,2021-07-08 10:07:24-04:00,186.8656,2,2021-07-08
2021-07-08 10:07:26-04:00,2021-07-08 10:07:27-04:00,186.89,7,2021-07-08
2021-07-08 10:07:30-04:00,2021-07-08 10:07:30-04:00,186.86,2,2021-07-08
2021-07-08 10:08:42-04:00,2021-07-08 10:08:43-04:00,186.9,5,2021-07-08
2021-07-08 10:10:39-04:00,2021-07-08 10:10:40-04:00,186.9,5,2021-07-08
2021-07-08 10:10:42-04:00,2021-07-08 10:11:22-04:00,187.75,57,2021-07-08
2021-07-08 10:11:24-04:00,2021-07-08 10:11:31-04:00,187.23,19,2021-07-08
2021-07-08 10:11:35-04:00,2021-07-08 10:11:39-04:00,186.9899,6,2021-07-08
2021-07-08 10:11:41-04:00,2021-07-08 10:12:09-04:00,187.2,78,2021-07-08
2021-07-08 10:12:12-04:00,2021-07-08 10:12:12-04:00,186.9963,4,2021-07-08
2021-07-08 10:12:15-04:00,2021-07-08 10:12:21-04:00,186.99,21,2021-07-08
2021-07-08 10:12:23-04:00,2021-07-08 10:12:24-04:00,187.0,3,2021-07-08
2021-07-08 10:12:26-04:00,2021-07-08 10:12:26-04:00,186.8566,1,2021-07-08
2021-07-08 10:12:28-04:00,2021-07-08 10:12:30-04:00,186.99,6,2021-07-08
2021-07-08 10:12:33-04:00,2021-07-08 10:12:40-04:00,187.0,13,2021-07-08
2021-07-08 10:12:43-04:00,2021-07-08 10:12:45-04:00,186.9999,4,2021-07-08
2021-07-08 10:12:49-04:00,2021-07-08 10:12:50-04:00,186.9736,3,2021-07-08
2021-07-08 10:12:53-04:00,2021-07-08 10:12:54-04:00,187.0,3,2021-07-08
2021-07-08 10:12:56-04:00,2021-07-08 10:12:56-04:00,186.99,6,2021-07-08
2021-07-08 10:12:58-04:00,2021-07-08 10:13:01-04:00,186.99,15,2021-07-08
2021-07-08 10:13:03-04:00,2021-07-08 10:13:13-04:00,187.3,24,2021-07-08
2021-07-08 10:13:15-04:00,2021-07-08 10:13:20-04:00,187.0,11,2021-07-08
2021-07-08 10:13:23-04:00,2021-07-08 10:13:24-04:00,186.98,4,2021-07-08
2021-07-08 10:13:26-04:00,2021-07-08 10:21:08-04:00,189.99,1159,2021-07-08
2021-07-08 10:21:10-04:00,2021-07-08 10:21:15-04:00,187.11,21,2021-07-08
2021-07-08 10:21:17-04:00,2021-07-08 10:21:21-04:00,187.11,19,2021-07-08
2021-07-08 10:21:23-04:00,2021-07-08 10:21:23-04:00,187.0509,2,2021-07-08
2021-07-08 10:21:25-04:00,2021-07-08 10:21:25-04:00,187.0,3,2021-07-08
2021-07-08 10:21:27-04:00,2021-07-08 10:21:35-04:00,187.11,21,2021-07-08
2021-07-08 10:21:37-04:00,2021-07-08 10:21:38-04:00,186.9106,8,2021-07-08
2021-07-08 10:28:52-04:00,2021-07-08 10:28:53-04:00,187.0,3,2021-07-08
2021-07-08 10:28:56-04:00,2021-07-08 10:28:56-04:00,186.97,2,2021-07-08
2021-07-08 10:28:58-04:00,2021-07-08 10:29:04-04:00,187.6462,22,2021-07-08
2021-07-08 10:29:07-04:00,2021-07-08 10:29:58-04:00,187.6,95,2021-07-08
2021-07-09 08:41:37-04:00,2021-07-09 08:58:00-04:00,193.0,39,2021-07-09
2021-07-09 08:58:43-04:00,2021-07-09 08:58:49-04:00,192.9,2,2021-07-09
2021-07-09 08:59:38-04:00,2021-07-09 08:59:53-04:00,192.9,2,2021-07-09
2021-07-09 09:00:36-04:00,2021-07-09 09:00:36-04:00,192.9,1,2021-07-09
2021-07-09 09:01:14-04:00,2021-07-09 09:01:23-04:00,192.9,3,2021-07-09
2021-07-09 09:01:53-04:00,2021-07-09 09:01:53-04:00,192.5,1,2021-07-09
2021-07-09 09:01:59-04:00,2021-07-09 09:01:59-04:00,192.9,1,2021-07-09
2021-07-09 09:02:34-04:00,2021-07-09 09:02:34-04:00,192.89,1,2021-07-09
2021-07-09 09:02:40-04:00,2021-07-09 09:02:50-04:00,192.89,4,2021-07-09
2021-07-09 09:03:13-04:00,2021-07-09 09:03:26-04:00,192.5,5,2021-07-09
2021-07-09 09:05:25-04:00,2021-07-09 09:05:25-04:00,192.5,1,2021-07-09
2021-07-09 09:06:07-04:00,2021-07-09 09:06:27-04:00,192.5,6,2021-07-09
2021-07-09 09:06:54-04:00,2021-07-09 09:06:54-04:00,192.5,1,2021-07-09
2021-07-09 09:07:45-04:00,2021-07-09 09:07:45-04:00,192.9,1,2021-07-09
2021-07-09 09:09:25-04:00,2021-07-09 09:09:42-04:00,192.5,3,2021-07-09
2021-07-09 09:10:43-04:00,2021-07-09 09:10:47-04:00,192.5,4,2021-07-09
2021-07-09 09:10:57-04:00,2021-07-09 09:10:57-04:00,192.5,1,2021-07-09
2021-07-09 09:13:03-04:00,2021-07-09 09:13:03-04:00,192.5,1,2021-07-09
2021-07-09 09:13:05-04:00,2021-07-09 09:13:18-04:00,192.5,5,2021-07-09
2021-07-09 09:13:23-04:00,2021-07-09 09:13:23-04:00,192.49,1,2021-07-09
2021-07-09 09:13:30-04:00,2021-07-09 09:13:43-04:00,192.5,2,2021-07-09
2021-07-09 09:13:58-04:00,2021-07-09 09:14:04-04:00,192.49,2,2021-07-09
2021-07-09 09:14:11-04:00,2021-07-09 09:14:23-04:00,192.5,2,2021-07-09
2021-07-09 09:14:42-04:00,2021-07-09 09:14:47-04:00,192.5,2,2021-07-09
2021-07-09 09:15:29-04:00,2021-07-09 09:15:29-04:00,192.5,1,2021-07-09
2021-07-09 09:16:17-04:00,2021-07-09 09:16:17-04:00,192.5,1,2021-07-09
2021-07-09 09:16:20-04:00,2021-07-09 09:16:20-04:00,192.5,1,2021-07-09
2021-07-09 09:16:37-04:00,2021-07-09 09:16:37-04:00,192.5,2,2021-07-09
2021-07-09 09:29:52-04:00,2021-07-09 09:29:52-04:00,192.6696,1,2021-07-09
2021-07-12 10:26:23-04:00,2021-07-12 10:26:28-04:00,193.7,12,2021-07-12
2021-07-12 10:26:30-04:00,2021-07-12 10:29:59-04:00,197.49,1105,2021-07-12
2021-07-13 08:00:00-04:00,2021-07-13 09:00:12-04:00,191.5,127,2021-07-13
2021-07-13 09:00:25-04:00,2021-07-13 09:00:25-04:00,187.565,1,2021-07-13
2021-07-13 09:00:35-04:00,2021-07-13 09:00:46-04:00,188.07,9,2021-07-13
2021-07-13 09:01:17-04:00,2021-07-13 09:01:17-04:00,188.07,1,2021-07-13
2021-07-13 09:01:26-04:00,2021-07-13 09:01:46-04:00,187.54,2,2021-07-13
2021-07-13 09:01:53-04:00,2021-07-13 09:02:06-04:00,188.07,3,2021-07-13
2021-07-13 09:02:38-04:00,2021-07-13 09:02:39-04:00,187.98,2,2021-07-13
2021-07-13 09:02:47-04:00,2021-07-13 09:03:07-04:00,187.85,2,2021-07-13
2021-07-13 09:03:46-04:00,2021-07-13 09:03:46-04:00,187.74,1,2021-07-13
2021-07-13 09:11:29-04:00,2021-07-13 09:11:29-04:00,187.675,1,2021-07-13
2021-07-13 09:11:38-04:00,2021-07-13 09:11:38-04:00,188.5,2,2021-07-13
2021-07-13 09:11:44-04:00,2021-07-13 09:12:46-04:00,188.1,8,2021-07-13
2021-07-13 09:12:50-04:00,2021-07-13 09:12:50-04:00,188.0,1,2021-07-13
2021-07-13 09:13:21-04:00,2021-07-13 09:13:21-04:00,188.0,1,2021-07-13
2021-07-13 09:13:41-04:00,2021-07-13 09:13:47-04:00,188.0,3,2021-07-13
2021-07-13 09:14:03-04:00,2021-07-13 09:14:03-04:00,188.0,1,2021-07-13
2021-07-13 09:14:37-04:00,2021-07-13 09:14:47-04:00,187.6,3,2021-07-13
2021-07-13 09:15:24-04:00,2021-07-13 09:15:24-04:00,187.7,2,2021-07-13
2021-07-13 09:15:53-04:00,2021-07-13 09:15:53-04:00,187.5,1,2021-07-13
2021-07-13 09:16:13-04:00,2021-07-13 09:16:15-04:00,187.69,3,2021-07-13
2021-07-13 09:17:05-04:00,2021-07-13 09:17:15-04:00,187.5,3,2021-07-13
2021-07-13 09:17:39-04:00,2021-07-13 09:17:50-04:00,187.5,2,2021-07-13
2021-07-13 09:18:31-04:00,2021-07-13 09:18:36-04:00,187.5,2,2021-07-13
2021-07-13 09:19:16-04:00,2021-07-13 09:19:16-04:00,187.8,1,2021-07-13
2021-07-13 09:19:44-04:00,2021-07-13 09:19:44-04:00,187.7,1,2021-07-13
2021-07-13 09:20:10-04:00,2021-07-13 09:20:37-04:00,187.7,6,2021-07-13
2021-07-13 09:21:20-04:00,2021-07-13 09:21:20-04:00,187.7,1,2021-07-13
2021-07-13 09:21:29-04:00,2021-07-13 09:21:29-04:00,187.7,1,2021-07-13
2021-07-13 09:21:53-04:00,2021-07-13 09:21:53-04:00,187.7,2,2021-07-13
2021-07-13 09:22:12-04:00,2021-07-13 09:22:18-04:00,187.7,3,2021-07-13
2021-07-13 09:23:04-04:00,2021-07-13 09:23:04-04:00,187.8,1,2021-07-13
2021-07-13 09:23:31-04:00,2021-07-13 09:23:31-04:00,187.8,1,2021-07-13
2021-07-13 09:23:46-04:00,2021-07-13 09:23:46-04:00,187.8,1,2021-07-13
2021-07-13 09:24:45-04:00,2021-07-13 09:24:45-04:00,187.8,1,2021-07-13
2021-07-13 09:25:29-04:00,2021-07-13 09:25:29-04:00,187.5,1,2021-07-13
2021-07-13 09:26:36-04:00,2021-07-13 09:26:36-04:00,187.5,1,2021-07-13
2021-07-13 09:27:17-04:00,2021-07-13 09:27:17-04:00,187.5,2,2021-07-13
2021-07-13 09:27:35-04:00,2021-07-13 09:27:35-04:00,187.5,1,2021-07-13
2021-07-13 09:27:58-04:00,2021-07-13 09:27:58-04:00,187.5,1,2021-07-13
2021-07-13 09:30:00-04:00,2021-07-13 09:30:11-04:00,188.8,159,2021-07-13
2021-07-13 09:30:42-04:00,2021-07-13 09:30:48-04:00,187.7,31,2021-07-13
2021-07-13 09:30:50-04:00,2021-07-13 09:30:52-04:00,187.6932,12,2021-07-13
2021-07-13 09:30:55-04:00,2021-07-13 09:30:56-04:00,187.6432,7,2021-07-13
2021-07-13 09:30:58-04:00,2021-07-13 09:31:22-04:00,188.6358,133,2021-07-13
2021-07-13 09:31:24-04:00,2021-07-13 09:31:32-04:00,187.8,30,2021-07-13
2021-07-13 09:46:36-04:00,2021-07-13 09:47:01-04:00,187.99,67,2021-07-13
2021-07-13 09:47:03-04:00,2021-07-13 09:47:06-04:00,187.7179,7,2021-07-13
2021-07-13 09:47:08-04:00,2021-07-13 09:47:25-04:00,187.77,57,2021-07-13
2021-07-14 09:35:33-04:00,2021-07-14 09:35:34-04:00,182.36,13,2021-07-14
2021-07-14 09:35:39-04:00,2021-07-14 09:35:39-04:00,182.28,4,2021-07-14
2021-07-14 09:35:41-04:00,2021-07-14 09:35:47-04:00,182.45,26,2021-07-14
2021-07-14 09:35:51-04:00,2021-07-14 09:35:51-04:00,182.32,2,2021-07-14
2021-07-14 09:35:55-04:00,2021-07-14 09:35:55-04:00,182.3,4,2021-07-14
2021-07-14 09:35:57-04:00,2021-07-14 09:35:57-04:00,182.29,11,2021-07-14
2021-07-15 09:50:59-04:00,2021-07-15 09:51:04-04:00,169.6899,81,2021-07-15
2021-07-15 09:51:09-04:00,2021-07-15 09:51:09-04:00,169.4553,7,2021-07-15
2021-07-15 09:51:19-04:00,2021-07-15 09:51:35-04:00,169.64,158,2021-07-15
2021-07-15 09:57:51-04:00,2021-07-15 09:58:03-04:00,169.69,113,2021-07-15
2021-07-15 09:59:55-04:00,2021-07-15 10:00:07-04:00,169.64,68,2021-07-15
2021-07-15 10:00:10-04:00,2021-07-15 10:00:10-04:00,169.24,2,2021-07-15
2021-07-15 10:00:12-04:00,2021-07-15 10:00:12-04:00,169.24,6,2021-07-15
2021-07-15 10:00:14-04:00,2021-07-15 10:00:15-04:00,169.24,10,2021-07-15
2021-07-15 10:00:19-04:00,2021-07-15 10:00:19-04:00,169.23,5,2021-07-15
2021-07-15 10:00:24-04:00,2021-07-15 10:00:26-04:00,169.23,16,2021-07-15
2021-07-15 10:00:28-04:00,2021-07-15 10:00:28-04:00,169.24,7,2021-07-15
2021-07-15 10:00:34-04:00,2021-07-15 10:04:06-04:00,171.99,1422,2021-07-15
2021-07-15 10:04:08-04:00,2021-07-15 10:05:00-04:00,169.86,232,2021-07-15
2021-07-15 10:05:02-04:00,2021-07-15 10:05:03-04:00,169.46,16,2021-07-15
2021-07-15 10:05:09-04:00,2021-07-15 10:05:09-04:00,169.44,4,2021-07-15
2021-07-15 10:05:11-04:00,2021-07-15 10:05:20-04:00,169.69,20,2021-07-15
2021-07-15 10:05:22-04:00,2021-07-15 10:06:24-04:00,170.0,267,2021-07-15
2021-07-15 10:06:26-04:00,2021-07-15 10:07:23-04:00,169.79,246,2021-07-15
2021-07-15 10:07:25-04:00,2021-07-15 10:08:02-04:00,169.59,112,2021-07-15
2021-07-15 10:08:04-04:00,2021-07-15 10:08:14-04:00,169.48,28,2021-07-15
2021-07-15 10:08:17-04:00,2021-07-15 10:08:25-04:00,169.42,35,2021-07-15
2021-07-15 10:08:27-04:00,2021-07-15 10:08:46-04:00,169.48,53,2021-07-15
2021-07-15 10:08:48-04:00,2021-07-15 10:09:04-04:00,169.48,61,2021-07-15
2021-07-16 08:00:00-04:00,2021-07-16 08:04:26-04:00,174.95,159,2021-07-16
2021-07-16 08:05:21-04:00,2021-07-16 08:05:21-04:00,173.5,1,2021-07-16
2021-07-16 08:06:22-04:00,2021-07-16 08:10:40-04:00,174.47,16,2021-07-16
2021-07-16 08:11:06-04:00,2021-07-16 08:14:52-04:00,174.3,12,2021-07-16
2021-07-16 08:17:52-04:00,2021-07-16 08:21:50-04:00,173.48,6,2021-07-16
2021-07-16 08:22:39-04:00,2021-07-16 08:25:07-04:00,173.4,4,2021-07-16
2021-07-16 08:26:12-04:00,2021-07-16 08:26:12-04:00,173.0,2,2021-07-16
2021-07-16 08:28:19-04:00,2021-07-16 08:30:33-04:00,173.3499,7,2021-07-16
2021-07-16 08:34:13-04:00,2021-07-16 08:44:18-04:00,174.0,27,2021-07-16
2021-07-16 08:45:08-04:00,2021-07-16 08:45:08-04:00,173.03,1,2021-07-16
2021-07-16 08:45:42-04:00,2021-07-16 08:45:55-04:00,173.4,3,2021-07-16
2021-07-16 08:46:02-04:00,2021-07-16 08:46:20-04:00,173.4,2,2021-07-16
2021-07-16 08:46:23-04:00,2021-07-16 08:46:23-04:00,172.9,1,2021-07-16
2021-07-16 08:46:34-04:00,2021-07-16 08:46:34-04:00,173.0,1,2021-07-16
2021-07-16 08:46:48-04:00,2021-07-16 08:46:48-04:00,173.25,1,2021-07-16
2021-07-16 08:47:08-04:00,2021-07-16 08:47:38-04:00,174.0,8,2021-07-16
2021-07-16 08:47:44-04:00,2021-07-16 08:48:04-04:00,173.49,5,2021-07-16
2021-07-16 08:48:15-04:00,2021-07-16 08:48:15-04:00,173.03,1,2021-07-16
2021-07-16 08:48:39-04:00,2021-07-16 08:48:49-04:00,173.5,3,2021-07-16
2021-07-16 08:49:16-04:00,2021-07-16 08:49:16-04:00,173.35,1,2021-07-16
2021-07-16 08:49:49-04:00,2021-07-16 08:50:03-04:00,173.35,4,2021-07-16
2021-07-16 08:50:13-04:00,2021-07-16 08:50:52-04:00,174.0,14,2021-07-16
2021-07-16 08:50:55-04:00,2021-07-16 08:51:06-04:00,173.33,7,2021-07-16
2021-07-16 08:51:09-04:00,2021-07-16 08:51:13-04:00,174.0,3,2021-07-16
2021-07-16 08:51:34-04:00,2021-07-16 09:29:50-04:00,174.48,1016,2021-07-16
2021-07-16 09:30:01-04:00,2021-07-16 09:30:01-04:00,173.0,13,2021-07-16
2021-07-16 09:30:05-04:00,2021-07-16 09:30:05-04:00,172.95,23,2021-07-16
2021-07-16 09:30:07-04:00,2021-07-16 09:30:07-04:00,172.95,9,2021-07-16
2021-07-16 09:30:10-04:00,2021-07-16 09:30:17-04:00,173.47,57,2021-07-16
2021-07-16 09:30:19-04:00,2021-07-16 09:30:24-04:00,173.21,43,2021-07-16
2021-07-16 09:30:26-04:00,2021-07-16 09:30:26-04:00,173.11,6,2021-07-16
2021-07-16 09:30:28-04:00,2021-07-16 09:30:32-04:00,173.11,24,2021-07-16
2021-07-16 09:30:34-04:00,2021-07-16 09:30:47-04:00,173.11,80,2021-07-16
2021-07-19 08:00:00-04:00,2021-07-19 08:00:04-04:00,168.0,127,2021-07-19
2021-07-19 08:24:15-04:00,2021-07-19 08:24:15-04:00,169.04,1,2021-07-19
2021-07-19 10:28:53-04:00,2021-07-19 10:28:53-04:00,166.8,3,2021-07-19
2021-07-19 10:28:56-04:00,2021-07-19 10:28:58-04:00,166.89,6,2021-07-19
2021-07-19 10:29:00-04:00,2021-07-19 10:29:00-04:00,166.7095,2,2021-07-19
2021-07-20 08:00:01-04:00,2021-07-20 08:00:03-04:00,179.0,80,2021-07-20
2021-07-21 10:05:29-04:00,2021-07-21 10:05:30-04:00,195.2,30,2021-07-21
2021-07-21 10:05:33-04:00,2021-07-21 10:06:28-04:00,195.55,221,2021-07-21
2021-07-21 10:06:30-04:00,2021-07-21 10:06:35-04:00,195.196,18,2021-07-21
2021-07-21 10:06:38-04:00,2021-07-21 10:06:41-04:00,195.11,12,2021-07-21
2021-07-21 10:06:45-04:00,2021-07-21 10:06:47-04:00,195.11,10,2021-07-21
2021-07-21 10:07:04-04:00,2021-07-21 10:07:04-04:00,194.9552,6,2021-07-21
2021-07-21 10:07:07-04:00,2021-07-21 10:07:14-04:00,194.9899,21,2021-07-21
2021-07-21 10:07:16-04:00,2021-07-21 10:07:18-04:00,195.0999,10,2021-07-21
2021-07-21 10:07:20-04:00,2021-07-21 10:07:22-04:00,195.1,12,2021-07-21
2021-07-21 10:07:24-04:00,2021-07-21 10:07:24-04:00,195.0,2,2021-07-21
2021-07-21 10:07:26-04:00,2021-07-21 10:07:29-04:00,195.11,17,2021-07-21
2021-07-21 10:07:32-04:00,2021-07-21 10:07:49-04:00,195.25,43,2021-07-21
2021-07-21 10:07:51-04:00,2021-07-21 10:07:57-04:00,195.22,23,2021-07-21
2021-07-21 10:08:00-04:00,2021-07-21 10:08:00-04:00,195.0,4,2021-07-21
2021-07-21 10:22:34-04:00,2021-07-21 10:22:34-04:00,194.9599,2,2021-07-21
2021-07-21 10:22:38-04:00,2021-07-21 10:22:38-04:00,194.9542,2,2021-07-21
2021-07-21 10:22:44-04:00,2021-07-21 10:22:44-04:00,194.9799,3,2021-07-21
2021-07-21 10:22:49-04:00,2021-07-21 10:22:49-04:00,194.98,1,2021-07-21
2021-07-21 10:23:00-04:00,2021-07-21 10:23:00-04:00,194.98,4,2021-07-21
2021-07-21 10:23:09-04:00,2021-07-21 10:23:26-04:00,195.54,58,2021-07-21
2021-07-21 10:23:28-04:00,2021-07-21 10:23:28-04:00,195.0,2,2021-07-21
2021-07-21 10:23:30-04:00,2021-07-21 10:23:38-04:00,195.2825,19,2021-07-21
2021-07-21 10:23:41-04:00,2021-07-21 10:23:41-04:00,195.0,2,2021-07-21
2021-07-21 10:23:43-04:00,2021-07-21 10:23:45-04:00,194.9658,10,2021-07-21
2021-07-21 10:23:48-04:00,2021-07-21 10:23:50-04:00,195.0,12,2021-07-21
2021-07-21 10:23:54-04:00,2021-07-21 10:23:54-04:00,194.9643,1,2021-07-21
2021-07-21 10:23:57-04:00,2021-07-21 10:23:57-04:00,195.0,3,2021-07-21
2021-07-21 10:24:01-04:00,2021-07-21 10:24:02-04:00,195.13,4,2021-07-21
2021-07-21 10:24:04-04:00,2021-07-21 10:24:09-04:00,195.1551,16,2021-07-21
2021-07-21 10:24:13-04:00,2021-07-21 10:24:13-04:00,195.19,5,2021-07-21
2021-07-21 10:24:17-04:00,2021-07-21 10:24:20-04:00,195.34,15,2021-07-21
2021-07-22 09:37:07-04:00,2021-07-22 09:37:07-04:00,186.85,4,2021-07-22
2021-07-22 09:37:10-04:00,2021-07-22 09:37:13-04:00,186.8143,11,2021-07-22
2021-07-22 09:37:15-04:00,2021-07-22 09:37:15-04:00,186.8143,2,2021-07-22
2021-07-22 09:37:18-04:00,2021-07-22 09:38:28-04:00,187.46,249,2021-07-22
2021-07-22 09:38:42-04:00,2021-07-22 09:38:42-04:00,186.9371,3,2021-07-22
2021-07-22 09:38:53-04:00,2021-07-22 09:38:55-04:00,187.09,14,2021-07-22
2021-07-22 09:38:57-04:00,2021-07-22 09:38:57-04:00,187.09,2,2021-07-22
2021-07-22 09:39:00-04:00,2021-07-22 09:39:03-04:00,187.07,10,2021-07-22
2021-07-22 09:39:07-04:00,2021-07-22 09:39:11-04:00,186.96,16,2021-07-22
2021-07-22 09:39:13-04:00,2021-07-22 09:39:13-04:00,186.71,4,2021-07-22
2021-07-22 09:39:19-04:00,2021-07-22 09:39:19-04:00,186.7,5,2021-07-22
2021-07-22 09:39:21-04:00,2021-07-22 09:39:21-04:00,186.7,3,2021-07-22
2021-07-22 09:39:30-04:00,2021-07-22 09:39:35-04:00,186.71,14,2021-07-22
2021-07-22 09:39:38-04:00,2021-07-22 09:39:38-04:00,186.71,3,2021-07-22
2021-07-22 09:39:41-04:00,2021-07-22 09:40:33-04:00,187.69,118,2021-07-22
2021-07-22 09:40:35-04:00,2021-07-22 09:40:35-04:00,186.7001,3,2021-07-22
2021-07-22 09:40:37-04:00,2021-07-22 09:40:37-04:00,186.8079,2,2021-07-22
2021-07-22 09:40:39-04:00,2021-07-22 09:40:42-04:00,186.8166,13,2021-07-22
2021-07-22 09:40:44-04:00,2021-07-22 09:40:45-04:00,186.8079,8,2021-07-22
2021-07-22 09:40:50-04:00,2021-07-22 09:40:52-04:00,186.8144,10,2021-07-22
2021-07-22 09:41:52-04:00,2021-07-22 09:41:53-04:00,186.965,3,2021-07-22
2021-07-22 09:42:47-04:00,2021-07-22 09:42:47-04:00,186.87,2,2021-07-22
2021-07-23 08:00:01-04:00,2021-07-23 09:31:49-04:00,182.0,803,2021-07-23
2021-07-23 09:31:56-04:00,2021-07-23 09:31:56-04:00,179.0,4,2021-07-23
2021-07-23 09:32:03-04:00,2021-07-23 09:32:04-04:00,179.0,5,2021-07-23
2021-07-23 09:32:08-04:00,2021-07-23 09:32:08-04:00,178.9999,1,2021-07-23
2021-07-23 09:32:15-04:00,2021-07-23 09:32:15-04:00,178.69,4,2021-07-23
2021-07-23 09:32:19-04:00,2021-07-23 09:32:19-04:00,178.6799,3,2021-07-23
2021-07-23 09:32:21-04:00,2021-07-23 09:32:23-04:00,178.69,14,2021-07-23
2021-07-23 09:32:28-04:00,2021-07-23 09:32:28-04:00,178.96,2,2021-07-23
2021-07-23 09:32:36-04:00,2021-07-23 09:32:36-04:00,179.0,4,2021-07-23
2021-07-23 09:32:47-04:00,2021-07-23 09:32:51-04:00,178.9999,12,2021-07-23
2021-07-23 09:32:53-04:00,2021-07-23 09:32:53-04:00,178.69,3,2021-07-23
2021-07-23 09:33:00-04:00,2021-07-23 09:33:01-04:00,179.0,8,2021-07-23
2021-07-23 09:33:03-04:00,2021-07-23 09:33:14-04:00,179.0,34,2021-07-23
2021-07-23 09:33:17-04:00,2021-07-23 09:33:17-04:00,178.99,4,2021-07-23
2021-07-23 09:33:21-04:00,2021-07-23 09:33:21-04:00,179.0,4,2021-07-23
2021-07-23 09:33:25-04:00,2021-07-23 09:33:26-04:00,178.99,7,2021-07-23
2021-07-23 09:33:31-04:00,2021-07-23 09:33:31-04:00,179.0,1,2021-07-23
2021-07-23 09:34:24-04:00,2021-07-23 09:34:24-04:00,178.69,4,2021-07-23
2021-07-23 09:34:26-04:00,2021-07-23 09:34:26-04:00,178.99,2,2021-07-23
2021-07-23 09:34:32-04:00,2021-07-23 09:34:38-04:00,178.99,20,2021-07-23
2021-07-23 09:34:46-04:00,2021-07-23 09:34:46-04:00,178.99,5,2021-07-23
2021-07-23 09:34:48-04:00,2021-07-23 09:34:51-04:00,179.0,8,2021-07-23
2021-07-23 09:34:53-04:00,2021-07-23 09:34:53-04:00,178.69,2,2021-07-23
2021-07-23 09:34:56-04:00,2021-07-23 09:34:59-04:00,178.999,6,2021-07-23
2021-07-23 09:35:01-04:00,2021-07-23 09:35:03-04:00,178.69,3,2021-07-23
2021-07-23 09:35:19-04:00,2021-07-23 09:35:20-04:00,178.69,4,2021-07-23
2021-07-23 09:35:23-04:00,2021-07-23 09:35:23-04:00,178.69,4,2021-07-23
2021-07-23 09:35:28-04:00,2021-07-23 09:35:29-04:00,179.0357,4,2021-07-23
2021-07-23 09:35:31-04:00,2021-07-23 09:35:33-04:00,178.69,13,2021-07-23
2021-07-23 09:35:38-04:00,2021-07-23 09:35:38-04:00,178.6811,6,2021-07-23
2021-07-23 09:35:47-04:00,2021-07-23 09:35:47-04:00,178.69,2,2021-07-23
2021-07-23 09:43:14-04:00,2021-07-23 09:43:16-04:00,178.8254,28,2021-07-23
2021-07-23 09:43:21-04:00,2021-07-23 09:43:21-04:00,178.84,5,2021-07-23
2021-07-23 09:43:27-04:00,2021-07-23 09:43:27-04:00,178.81,4,2021-07-23
2021-07-23 09:43:30-04:00,2021-07-23 09:43:30-04:00,178.7161,1,2021-07-23
2021-07-23 09:43:33-04:00,2021-07-23 09:45:33-04:00,179.5,234,2021-07-23
2021-07-23 09:45:37-04:00,2021-07-23 09:45:38-04:00,179.44,3,2021-07-23
2021-07-23 09:45:41-04:00,2021-07-23 09:45:52-04:00,179.44,21,2021-07-23
2021-07-23 09:45:54-04:00,2021-07-23 09:46:13-04:00,179.1999,24,2021-07-23
2021-07-23 09:46:15-04:00,2021-07-23 09:46:15-04:00,178.765,1,2021-07-23
2021-07-23 09:46:17-04:00,2021-07-23 09:46:27-04:00,179.0,19,2021-07-23
2021-07-23 09:46:29-04:00,2021-07-23 09:46:32-04:00,179.0,7,2021-07-23
2021-07-23 09:46:40-04:00,2021-07-23 09:46:47-04:00,178.99,6,2021-07-23
2021-07-23 09:47:01-04:00,2021-07-23 09:47:01-04:00,178.7299,2,2021-07-23
2021-07-23 09:47:04-04:00,2021-07-23 09:47:06-04:00,178.73,3,2021-07-23
2021-07-26 10:10:55-04:00,2021-07-26 10:10:55-04:00,185.3224,4,2021-07-26
2021-07-26 10:11:02-04:00,2021-07-26 10:11:03-04:00,185.41,6,2021-07-26
2021-07-26 10:11:48-04:00,2021-07-26 10:11:48-04:00,185.2,2,2021-07-26
2021-07-26 10:11:50-04:00,2021-07-26 10:11:50-04:00,185.2,2,2021-07-26
2021-07-26 10:15:27-04:00,2021-07-26 10:15:27-04:00,185.208,1,2021-07-26
2021-07-26 10:15:29-04:00,2021-07-26 10:15:31-04:00,185.35,10,2021-07-26
2021-07-26 10:15:34-04:00,2021-07-26 10:15:34-04:00,185.235,3,2021-07-26
2021-07-26 10:15:36-04:00,2021-07-26 10:17:07-04:00,186.44,217,2021-07-26
2021-07-26 10:17:09-04:00,2021-07-26 10:17:10-04:00,185.5899,2,2021-07-26
2021-07-26 10:17:12-04:00,2021-07-26 10:18:43-04:00,186.0,211,2021-07-26
2021-07-26 10:18:47-04:00,2021-07-26 10:18:51-04:00,185.55,4,2021-07-26
2021-07-26 10:18:55-04:00,2021-07-26 10:18:59-04:00,185.3768,12,2021-07-26
2021-07-26 10:19:13-04:00,2021-07-26 10:19:14-04:00,185.57,6,2021-07-26
2021-07-26 10:19:43-04:00,2021-07-26 10:19:43-04:00,185.23,1,2021-07-26
2021-07-26 10:19:48-04:00,2021-07-26 10:19:48-04:00,185.23,3,2021-07-26
2021-07-26 10:19:51-04:00,2021-07-26 10:19:55-04:00,185.23,9,2021-07-26
2021-07-26 10:19:59-04:00,2021-07-26 10:19:59-04:00,185.2299,4,2021-07-26
2021-07-26 10:20:04-04:00,2021-07-26 10:20:30-04:00,185.6234,38,2021-07-26
2021-07-26 10:20:35-04:00,2021-07-26 10:20:38-04:00,185.49,5,2021-07-26
2021-07-26 10:20:43-04:00,2021-07-26 10:20:46-04:00,185.489,6,2021-07-26
2021-07-26 10:20:48-04:00,2021-07-26 10:20:50-04:00,185.49,4,2021-07-26
2021-07-26 10:20:58-04:00,2021-07-26 10:21:03-04:00,185.3997,16,2021-07-26
2021-07-26 10:21:07-04:00,2021-07-26 10:21:29-04:00,185.68,30,2021-07-26
2021-07-26 10:21:31-04:00,2021-07-26 10:21:38-04:00,185.68,13,2021-07-26
2021-07-26 10:21:40-04:00,2021-07-26 10:21:48-04:00,185.4499,18,2021-07-26
2021-07-26 10:21:50-04:00,2021-07-26 10:21:57-04:00,185.45,13,2021-07-26
2021-07-26 10:22:00-04:00,2021-07-26 10:22:00-04:00,185.24,2,2021-07-26
2021-07-26 10:22:04-04:00,2021-07-26 10:22:12-04:00,185.45,21,2021-07-26
2021-07-26 10:22:16-04:00,2021-07-26 10:22:17-04:00,185.35,6,2021-07-26
2021-07-26 10:22:20-04:00,2021-07-26 10:22:24-04:00,185.35,11,2021-07-26
2021-07-26 10:22:26-04:00,2021-07-26 10:22:26-04:00,185.349,2,2021-07-26
2021-07-26 10:22:28-04:00,2021-07-26 10:22:28-04:00,185.35,1,2021-07-26
2021-07-26 10:22:34-04:00,2021-07-26 10:22:36-04:00,185.29,13,2021-07-26
2021-07-28 08:00:00-04:00,2021-07-28 09:43:21-04:00,178.54,4486,2021-07-28
2021-07-28 09:43:24-04:00,2021-07-28 09:43:26-04:00,169.99,25,2021-07-28
2021-07-28 09:43:28-04:00,2021-07-28 09:43:37-04:00,169.9061,64,2021-07-28
2021-07-28 09:43:39-04:00,2021-07-28 09:43:41-04:00,169.76,18,2021-07-28
2021-07-28 09:43:44-04:00,2021-07-28 09:43:58-04:00,170.35,84,2021-07-28
2021-07-28 09:44:03-04:00,2021-07-28 09:44:08-04:00,169.84,58,2021-07-28
2021-07-28 09:44:16-04:00,2021-07-28 09:44:16-04:00,169.7,13,2021-07-28
2021-07-28 09:44:18-04:00,2021-07-28 09:45:06-04:00,170.34,373,2021-07-28
2021-07-28 09:45:32-04:00,2021-07-28 09:45:32-04:00,170.3453,8,2021-07-28
2021-07-28 09:46:33-04:00,2021-07-28 09:46:36-04:00,169.91,31,2021-07-28
2021-07-28 09:46:38-04:00,2021-07-28 09:46:39-04:00,169.9,9,2021-07-28
2021-07-28 09:48:28-04:00,2021-07-28 09:48:30-04:00,169.9,22,2021-07-28
2021-07-28 09:48:32-04:00,2021-07-28 09:48:32-04:00,169.7789,5,2021-07-28
2021-07-29 08:00:00-04:00,2021-07-29 08:00:02-04:00,173.0,81,2021-07-29
2021-07-29 08:00:20-04:00,2021-07-29 08:00:20-04:00,171.98,1,2021-07-29
2021-07-30 09:30:24-04:00,2021-07-30 09:30:26-04:00,167.22,17,2021-07-30
2021-08-03 08:00:01-04:00,2021-08-03 09:30:50-04:00,157.65,834,2021-08-03
2021-08-03 09:30:53-04:00,2021-08-03 09:31:04-04:00,154.25,69,2021-08-03
2021-08-03 09:31:06-04:00,2021-08-03 09:31:09-04:00,154.21,20,2021-08-03
2021-08-03 09:31:12-04:00,2021-08-03 09:31:14-04:00,154.2099,13,2021-08-03
2021-08-03 09:31:16-04:00,2021-08-03 09:31:17-04:00,154.21,10,2021-08-03
2021-08-03 09:31:19-04:00,2021-08-03 09:31:21-04:00,154.21,21,2021-08-03
2021-08-03 09:31:26-04:00,2021-08-03 09:31:26-04:00,154.249,9,2021-08-03
2021-08-03 09:31:28-04:00,2021-08-03 09:31:29-04:00,154.25,6,2021-08-03
2021-08-03 09:31:31-04:00,2021-08-03 09:31:32-04:00,154.25,16,2021-08-03
2021-08-03 09:58:10-04:00,2021-08-03 09:58:10-04:00,156.8,8,2021-08-03
2021-08-03 10:26:24-04:00,2021-08-03 10:26:24-04:00,156.8,3,2021-08-03
2021-08-04 09:40:50-04:00,2021-08-04 09:40:52-04:00,157.87,16,2021-08-04
2021-08-04 09:40:54-04:00,2021-08-04 09:40:54-04:00,157.79,5,2021-08-04
2021-08-04 09:40:56-04:00,2021-08-04 09:41:00-04:00,157.79,23,2021-08-04
2021-08-04 09:41:02-04:00,2021-08-04 09:41:03-04:00,157.72,8,2021-08-04
2021-08-04 09:41:05-04:00,2021-08-04 09:41:06-04:00,157.72,5,2021-08-04
2021-08-04 09:41:26-04:00,2021-08-04 09:41:27-04:00,157.7431,8,2021-08-04
2021-08-05 09:31:13-04:00,2021-08-05 09:31:26-04:00,150.89,102,2021-08-05
2021-08-05 09:31:29-04:00,2021-08-05 09:31:32-04:00,150.51,29,2021-08-05
2021-08-09 10:11:08-04:00,2021-08-09 10:16:05-04:00,163.97,2031,2021-08-09
2021-08-09 10:16:33-04:00,2021-08-09 10:17:08-04:00,162.0,136,2021-08-09
2021-08-09 10:17:17-04:00,2021-08-09 10:17:17-04:00,161.5,6,2021-08-09
2021-08-09 10:17:20-04:00,2021-08-09 10:17:21-04:00,161.5,9,2021-08-09
2021-08-09 10:17:23-04:00,2021-08-09 10:17:31-04:00,161.6499,26,2021-08-09
2021-08-09 10:17:35-04:00,2021-08-09 10:17:36-04:00,161.619,4,2021-08-09
2021-08-09 10:17:38-04:00,2021-08-09 10:17:57-04:00,161.94,63,2021-08-09
2021-08-09 10:17:59-04:00,2021-08-09 10:18:00-04:00,161.69,10,2021-08-09
2021-08-09 10:18:02-04:00,2021-08-09 10:18:03-04:00,161.6,5,2021-08-09
2021-08-09 10:18:05-04:00,2021-08-09 10:18:05-04:00,161.7099,3,2021-08-09
2021-08-09 10:18:07-04:00,2021-08-09 10:18:12-04:00,161.7099,14,2021-08-09
2021-08-09 10:18:20-04:00,2021-08-09 10:18:20-04:00,161.5,2,2021-08-09
2021-08-13 08:00:01-04:00,2021-08-13 08:00:03-04:00,163.0,46,2021-08-13
2021-08-16 10:29:00-04:00,2021-08-16 10:29:04-04:00,164.15,17,2021-08-16
2021-08-16 10:29:06-04:00,2021-08-16 10:29:06-04:00,164.15,2,2021-08-16
2021-08-16 10:29:09-04:00,2021-08-16 10:29:10-04:00,164.15,6,2021-08-16
2021-08-16 10:29:12-04:00,2021-08-16 10:29:59-04:00,166.0,193,2021-08-16
2021-08-17 10:27:04-04:00,2021-08-17 10:27:04-04:00,167.92,3,2021-08-17
2021-08-17 10:27:07-04:00,2021-08-17 10:27:07-04:00,168.0,3,2021-08-17
2021-08-17 10:27:12-04:00,2021-08-17 10:27:12-04:00,167.97,2,2021-08-17
2021-08-18 08:00:00-04:00,2021-08-18 09:42:19-04:00,165.6,1723,2021-08-18
2021-08-18 09:42:24-04:00,2021-08-18 09:42:34-04:00,162.6895,25,2021-08-18
2021-08-18 09:42:41-04:00,2021-08-18 09:42:41-04:00,162.43,5,2021-08-18
2021-08-18 09:42:45-04:00,2021-08-18 09:42:45-04:00,162.429,3,2021-08-18
2021-08-18 09:42:56-04:00,2021-08-18 09:42:56-04:00,162.43,3,2021-08-18
2021-08-18 09:42:59-04:00,2021-08-18 09:42:59-04:00,162.4299,12,2021-08-18
2021-08-18 09:43:14-04:00,2021-08-18 09:43:15-04:00,162.43,2,2021-08-18
2021-08-25 08:00:00-04:00,2021-08-25 08:12:07-04:00,215.0,406,2021-08-25
2021-08-25 08:13:17-04:00,2021-08-25 08:57:28-04:00,207.9,172,2021-08-25
2021-08-25 08:58:00-04:00,2021-08-25 08:58:04-04:00,205.64,27,2021-08-25
2021-08-25 08:59:28-04:00,2021-08-25 09:00:13-04:00,206.5,9,2021-08-25
2021-08-25 09:00:17-04:00,2021-08-25 09:01:00-04:00,206.11,25,2021-08-25
2021-08-25 09:01:04-04:00,2021-08-25 09:01:35-04:00,206.0,21,2021-08-25
2021-08-25 09:01:38-04:00,2021-08-25 09:01:52-04:00,206.0,11,2021-08-25
2021-08-25 09:01:55-04:00,2021-08-25 09:02:30-04:00,206.0,38,2021-08-25
2021-08-25 09:02:32-04:00,2021-08-25 09:02:32-04:00,205.51,1,2021-08-25
2021-08-25 09:02:37-04:00,2021-08-25 09:02:41-04:00,205.51,6,2021-08-25
2021-08-25 09:02:45-04:00,2021-08-25 09:03:14-04:00,205.98,25,2021-08-25
2021-08-25 09:03:20-04:00,2021-08-25 09:03:25-04:00,205.8,5,2021-08-25
2021-08-25 09:03:30-04:00,2021-08-25 09:03:30-04:00,205.5,2,2021-08-25
2021-08-25 09:03:38-04:00,2021-08-25 09:03:56-04:00,205.98,13,2021-08-25
2021-08-25 09:04:12-04:00,2021-08-25 09:04:52-04:00,205.98,20,2021-08-25
2021-08-25 09:04:57-04:00,2021-08-25 09:05:42-04:00,205.98,24,2021-08-25
2021-08-25 09:05:46-04:00,2021-08-25 09:05:58-04:00,205.94,18,2021-08-25
2021-08-25 09:06:00-04:00,2021-08-25 09:06:06-04:00,205.94,7,2021-08-25
2021-08-25 09:06:11-04:00,2021-08-25 09:06:20-04:00,205.94,9,2021-08-25
2021-08-25 09:06:22-04:00,2021-08-25 09:06:43-04:00,205.94,10,2021-08-25
2021-08-25 09:06:46-04:00,2021-08-25 09:07:07-04:00,205.94,15,2021-08-25
2021-08-25 09:07:13-04:00,2021-08-25 09:07:13-04:00,205.49,1,2021-08-25
2021-08-25 09:07:17-04:00,2021-08-25 09:07:17-04:00,205.49,1,2021-08-25
2021-08-25 09:07:19-04:00,2021-08-25 09:07:19-04:00,205.94,1,2021-08-25
2021-08-25 09:07:22-04:00,2021-08-25 09:07:26-04:00,205.49,7,2021-08-25
2021-08-25 09:07:33-04:00,2021-08-25 09:07:33-04:00,205.25,3,2021-08-25
2021-08-25 09:07:38-04:00,2021-08-25 09:07:38-04:00,205.3,2,2021-08-25
2021-08-25 09:16:04-04:00,2021-08-25 09:16:04-04:00,210.2291,1,2021-08-25
2021-08-25 09:21:18-04:00,2021-08-25 09:21:35-04:00,205.98,11,2021-08-25
2021-08-25 09:21:41-04:00,2021-08-25 09:21:41-04:00,205.98,1,2021-08-25
2021-08-25 09:21:50-04:00,2021-08-25 09:30:10-04:00,208.0,953,2021-08-25
2021-08-25 09:30:13-04:00,2021-08-25 09:30:58-04:00,211.7499,1094,2021-08-25
2021-08-25 09:31:00-04:00,2021-08-25 09:31:56-04:00,210.0,1047,2021-08-25
2021-08-25 09:32:13-04:00,2021-08-25 09:32:18-04:00,205.7499,101,2021-08-25
2021-08-25 09:32:23-04:00,2021-08-25 09:32:27-04:00,205.68,75,2021-08-25
2021-08-25 09:34:45-04:00,2021-08-25 09:39:06-04:00,213.5,4419,2021-08-25
2021-08-25 09:39:08-04:00,2021-08-25 09:39:35-04:00,206.2289,284,2021-08-25
2021-08-25 09:39:37-04:00,2021-08-25 09:39:37-04:00,205.27,8,2021-08-25
2021-08-25 09:39:40-04:00,2021-08-25 09:39:40-04:00,205.2699,12,2021-08-25
2021-08-25 09:39:43-04:00,2021-08-25 09:40:16-04:00,206.7,322,2021-08-25
2021-08-25 09:40:18-04:00,2021-08-25 09:40:22-04:00,205.89,51,2021-08-25
2021-08-25 10:23:10-04:00,2021-08-25 10:23:19-04:00,205.74,121,2021-08-25
2021-08-25 10:23:29-04:00,2021-08-25 10:29:59-04:00,212.77,3539,2021-08-25
2021-08-26 09:49:38-04:00,2021-08-26 09:49:55-04:00,210.8999,152,2021-08-26
2021-08-26 09:49:57-04:00,2021-08-26 09:49:57-04:00,210.14,10,2021-08-26
2021-08-26 09:50:20-04:00,2021-08-26 09:50:23-04:00,210.35,40,2021-08-26
2021-08-26 09:50:25-04:00,2021-08-26 09:50:25-04:00,210.349,12,2021-08-26
2021-08-26 09:50:27-04:00,2021-08-26 09:50:27-04:00,210.15,8,2021-08-26
2021-08-26 09:51:34-04:00,2021-08-26 09:51:41-04:00,210.74,75,2021-08-26
2021-08-26 09:51:43-04:00,2021-08-26 09:57:58-04:00,214.48,3412,2021-08-26
2021-08-26 09:58:00-04:00,2021-08-26 09:58:06-04:00,210.6919,44,2021-08-26
2021-08-26 09:58:10-04:00,2021-08-26 09:58:10-04:00,210.14,4,2021-08-26
2021-08-26 09:58:12-04:00,2021-08-26 09:58:12-04:00,210.13,7,2021-08-26
2021-08-26 09:58:21-04:00,2021-08-26 09:58:22-04:00,210.149,13,2021-08-26
2021-08-26 09:58:24-04:00,2021-08-26 09:58:24-04:00,210.15,4,2021-08-26
2021-08-26 09:58:27-04:00,2021-08-26 09:58:27-04:00,210.15,3,2021-08-26
2021-08-26 09:58:31-04:00,2021-08-26 09:58:32-04:00,210.15,12,2021-08-26
2021-08-26 09:58:36-04:00,2021-08-26 09:58:36-04:00,210.1499,8,2021-08-26
2021-08-26 09:58:43-04:00,2021-08-26 09:58:43-04:00,210.15,4,2021-08-26
2021-08-27 09:39:17-04:00,2021-08-27 09:39:17-04:00,210.369,11,2021-08-27
2021-08-27 09:39:21-04:00,2021-08-27 09:39:23-04:00,210.42,10,2021-08-27
2021-08-27 09:39:26-04:00,2021-08-27 09:39:48-04:00,210.79,128,2021-08-27
2021-08-27 09:39:50-04:00,2021-08-27 09:41:24-04:00,213.0,587,2021-08-27
2021-08-27 09:41:26-04:00,2021-08-27 09:41:26-04:00,210.455,4,2021-08-27
2021-08-27 09:41:29-04:00,2021-08-27 09:41:35-04:00,210.7002,29,2021-08-27
2021-08-27 09:41:37-04:00,2021-08-27 09:41:39-04:00,210.46,5,2021-08-27
2021-08-27 09:41:41-04:00,2021-08-27 09:42:27-04:00,211.08,209,2021-08-27
2021-08-27 09:42:29-04:00,2021-08-27 09:42:29-04:00,210.7,2,2021-08-27
2021-08-27 09:42:31-04:00,2021-08-27 09:42:34-04:00,210.64,12,2021-08-27
2021-08-27 09:42:36-04:00,2021-08-27 09:42:41-04:00,210.6399,12,2021-08-27
2021-08-27 09:42:43-04:00,2021-08-27 09:42:53-04:00,210.7,37,2021-08-27
2021-08-27 09:42:57-04:00,2021-08-27 09:42:59-04:00,210.655,20,2021-08-27
2021-08-27 09:43:01-04:00,2021-08-27 09:43:19-04:00,211.0,65,2021-08-27
2021-08-30 09:58:42-04:00,2021-08-30 09:58:42-04:00,214.5499,3,2021-08-30
2021-08-30 09:59:52-04:00,2021-08-30 10:02:06-04:00,216.5,1335,2021-08-30
2021-08-30 10:02:08-04:00,2021-08-30 10:02:11-04:00,214.8,29,2021-08-30
2021-08-30 10:02:13-04:00,2021-08-30 10:02:13-04:00,214.64,13,2021-08-30
2021-08-30 10:02:15-04:00,2021-08-30 10:02:17-04:00,215.34,29,2021-08-30
2021-08-30 10:02:20-04:00,2021-08-30 10:02:20-04:00,214.54,8,2021-08-30
2021-08-30 10:02:23-04:00,2021-08-30 10:02:23-04:00,214.5399,11,2021-08-30
2021-08-30 10:04:04-04:00,2021-08-30 10:04:05-04:00,215.0,15,2021-08-30
2021-08-30 10:04:10-04:00,2021-08-30 10:04:15-04:00,214.9999,28,2021-08-30
2021-08-30 10:04:18-04:00,2021-08-30 10:04:18-04:00,214.6727,3,2021-08-30
2021-08-30 10:04:20-04:00,2021-08-30 10:04:35-04:00,215.0,86,2021-08-30
2021-08-30 10:04:37-04:00,2021-08-30 10:04:37-04:00,214.75,3,2021-08-30
2021-08-30 10:04:41-04:00,2021-08-30 10:04:42-04:00,214.51,12,2021-08-30
2021-08-30 10:04:49-04:00,2021-08-30 10:04:51-04:00,214.77,9,2021-08-30
2021-08-30 10:05:01-04:00,2021-08-30 10:05:06-04:00,214.7699,53,2021-08-30
2021-08-30 10:28:38-04:00,2021-08-30 10:28:41-04:00,214.88,24,2021-08-30
2021-08-30 10:28:43-04:00,2021-08-30 10:28:43-04:00,214.5174,3,2021-08-30
2021-08-31 10:19:25-04:00,2021-08-31 10:19:32-04:00,221.6336,98,2021-08-31
2021-08-31 10:19:34-04:00,2021-08-31 10:19:34-04:00,221.56,8,2021-08-31
2021-08-31 10:19:40-04:00,2021-08-31 10:19:41-04:00,221.5899,17,2021-08-31
2021-08-31 10:19:45-04:00,2021-08-31 10:19:45-04:00,221.5,5,2021-08-31
2021-08-31 10:19:59-04:00,2021-08-31 10:20:00-04:00,221.5,18,2021-08-31
2021-08-31 10:20:02-04:00,2021-08-31 10:20:02-04:00,221.49,6,2021-08-31
2021-08-31 10:20:13-04:00,2021-08-31 10:20:13-04:00,221.5,8,2021-08-31
2021-08-31 10:20:15-04:00,2021-08-31 10:20:17-04:00,221.5,23,2021-08-31
2021-08-31 10:20:19-04:00,2021-08-31 10:20:19-04:00,221.29,9,2021-08-31
2021-08-31 10:20:21-04:00,2021-08-31 10:20:21-04:00,221.2896,5,2021-08-31
2021-08-31 10:20:23-04:00,2021-08-31 10:20:25-04:00,221.35,15,2021-08-31
2021-08-31 10:21:40-04:00,2021-08-31 10:22:14-04:00,222.01,278,2021-08-31
2021-08-31 10:22:16-04:00,2021-08-31 10:22:21-04:00,221.49,33,2021-08-31
2021-08-31 10:22:33-04:00,2021-08-31 10:22:42-04:00,221.5,38,2021-08-31
2021-08-31 10:22:44-04:00,2021-08-31 10:22:46-04:00,221.45,10,2021-08-31
2021-08-31 10:22:48-04:00,2021-08-31 10:22:52-04:00,221.4,21,2021-08-31
2021-08-31 10:22:54-04:00,2021-08-31 10:23:00-04:00,221.5,34,2021-08-31
2021-09-01 09:38:41-04:00,2021-09-01 09:47:52-04:00,231.44,6593,2021-09-01
2021-09-02 08:00:00-04:00,2021-09-02 09:31:08-04:00,215.73,682,2021-09-02
2021-09-02 09:31:10-04:00,2021-09-02 09:31:13-04:00,213.5,13,2021-09-02
2021-09-02 09:31:16-04:00,2021-09-02 09:31:17-04:00,213.09,5,2021-09-02
2021-09-02 09:31:23-04:00,2021-09-02 09:32:32-04:00,214.2,247,2021-09-02
2021-09-02 09:32:34-04:00,2021-09-02 09:32:39-04:00,213.699,25,2021-09-02
2021-09-02 09:32:41-04:00,2021-09-02 09:32:44-04:00,213.18,12,2021-09-02
2021-09-02 09:33:04-04:00,2021-09-02 09:33:04-04:00,213.95,17,2021-09-02
2021-09-02 09:33:21-04:00,2021-09-02 09:33:22-04:00,212.92,16,2021-09-02
2021-09-02 09:33:28-04:00,2021-09-02 09:33:28-04:00,212.82,3,2021-09-02
2021-09-02 10:22:22-04:00,2021-09-02 10:22:23-04:00,212.6411,6,2021-09-02
2021-09-02 10:22:25-04:00,2021-09-02 10:22:26-04:00,212.66,4,2021-09-02
2021-09-02 10:26:10-04:00,2021-09-02 10:26:13-04:00,212.74,17,2021-09-02
2021-09-02 10:26:15-04:00,2021-09-02 10:26:15-04:00,212.7598,5,2021-09-02
2021-09-02 10:26:19-04:00,2021-09-02 10:26:22-04:00,212.9,10,2021-09-02
2021-09-02 10:26:24-04:00,2021-09-02 10:26:27-04:00,212.89,14,2021-09-02
2021-09-02 10:26:29-04:00,2021-09-02 10:26:29-04:00,212.79,2,2021-09-02
2021-09-02 10:26:31-04:00,2021-09-02 10:26:53-04:00,212.9,38,2021-09-02
2021-09-02 10:26:55-04:00,2021-09-02 10:26:55-04:00,212.78,1,2021-09-02
2021-09-02 10:26:58-04:00,2021-09-02 10:26:59-04:00,212.79,5,2021-09-02
2021-09-02 10:27:01-04:00,2021-09-02 10:27:01-04:00,212.7899,3,2021-09-02
2021-09-02 10:27:03-04:00,2021-09-02 10:27:03-04:00,212.79,4,2021-09-02
2021-09-02 10:27:05-04:00,2021-09-02 10:27:05-04:00,212.79,3,2021-09-02
2021-09-02 10:27:09-04:00,2021-09-02 10:27:09-04:00,212.741,1,2021-09-02
2021-09-02 10:27:20-04:00,2021-09-02 10:27:20-04:00,212.67,3,2021-09-02
2021-09-02 10:27:37-04:00,2021-09-02 10:27:37-04:00,212.64,5,2021-09-02
2021-09-03 09:45:05-04:00,2021-09-03 09:45:07-04:00,216.58,18,2021-09-03
2021-09-03 09:45:09-04:00,2021-09-03 09:45:09-04:00,216.42,4,2021-09-03
2021-09-08 09:30:18-04:00,2021-09-08 09:30:18-04:00,205.54,10,2021-09-08
2021-09-08 09:33:09-04:00,2021-09-08 09:33:38-04:00,204.0,221,2021-09-08
2021-09-08 09:33:40-04:00,2021-09-08 09:38:13-04:00,206.9499,1989,2021-09-08
2021-09-08 09:40:59-04:00,2021-09-08 09:40:59-04:00,203.33,6,2021-09-08
2021-09-08 09:41:02-04:00,2021-09-08 09:41:06-04:00,203.44,20,2021-09-08
2021-09-08 09:41:10-04:00,2021-09-08 09:41:13-04:00,203.45,29,2021-09-08
2021-09-09 09:30:26-04:00,2021-09-09 09:30:26-04:00,184.74,38,2021-09-09
2021-09-09 09:33:52-04:00,2021-09-09 09:33:52-04:00,184.4399,15,2021-09-09
2021-09-09 09:34:07-04:00,2021-09-09 09:34:09-04:00,184.4399,47,2021-09-09
2021-09-09 09:34:44-04:00,2021-09-09 09:34:48-04:00,184.44,65,2021-09-09
2021-09-09 09:49:24-04:00,2021-09-09 09:50:12-04:00,187.49,646,2021-09-09
2021-09-09 09:50:14-04:00,2021-09-09 09:50:14-04:00,184.49,12,2021-09-09
2021-09-09 09:50:22-04:00,2021-09-09 09:53:43-04:00,188.76,1777,2021-09-09
2021-09-09 09:54:55-04:00,2021-09-09 09:55:15-04:00,185.0,130,2021-09-09
2021-09-09 09:55:17-04:00,2021-09-09 09:55:22-04:00,184.589,21,2021-09-09
2021-09-09 09:55:24-04:00,2021-09-09 09:55:34-04:00,184.5,49,2021-09-09
2021-09-09 09:55:36-04:00,2021-09-09 09:55:37-04:00,184.49,9,2021-09-09
2021-09-09 09:55:41-04:00,2021-09-09 09:55:41-04:00,185.7476,6,2021-09-09
2021-09-10 10:29:22-04:00,2021-09-10 10:29:25-04:00,201.5,21,2021-09-10
2021-09-10 10:29:28-04:00,2021-09-10 10:29:59-04:00,202.17,156,2021-09-10
2021-09-13 10:02:12-04:00,2021-09-13 10:02:12-04:00,198.42,4,2021-09-13
2021-09-13 10:02:14-04:00,2021-09-13 10:02:14-04:00,198.4,7,2021-09-13
2021-09-13 10:02:16-04:00,2021-09-13 10:02:17-04:00,198.38,6,2021-09-13
2021-09-13 10:02:19-04:00,2021-09-13 10:02:39-04:00,198.6699,131,2021-09-13
2021-09-13 10:02:44-04:00,2021-09-13 10:02:44-04:00,198.375,7,2021-09-13
2021-09-13 10:02:47-04:00,2021-09-13 10:06:39-04:00,199.334,1283,2021-09-13
2021-09-13 10:06:41-04:00,2021-09-13 10:06:44-04:00,198.5,26,2021-09-13
2021-09-13 10:06:46-04:00,2021-09-13 10:06:46-04:00,198.34,4,2021-09-13
2021-09-14 09:48:26-04:00,2021-09-14 09:48:33-04:00,203.8,43,2021-09-14
2021-09-14 09:48:40-04:00,2021-09-14 09:48:40-04:00,203.7899,2,2021-09-14
2021-09-14 09:48:42-04:00,2021-09-14 09:48:42-04:00,203.68,7,2021-09-14
2021-09-14 09:48:44-04:00,2021-09-14 09:48:49-04:00,203.6599,21,2021-09-14
2021-09-14 09:48:59-04:00,2021-09-14 09:49:08-04:00,203.46,20,2021-09-14
2021-09-14 09:49:10-04:00,2021-09-14 09:49:13-04:00,203.46,9,2021-09-14
2021-09-14 09:49:17-04:00,2021-09-14 09:49:17-04:00,203.4599,3,2021-09-14
2021-09-14 09:49:19-04:00,2021-09-14 09:49:22-04:00,203.4499,12,2021-09-14
2021-09-14 09:49:25-04:00,2021-09-14 09:49:26-04:00,203.3984,4,2021-09-14
2021-09-14 09:49:29-04:00,2021-09-14 09:49:29-04:00,203.3904,5,2021-09-14
2021-09-14 09:49:31-04:00,2021-09-14 09:49:32-04:00,203.426,4,2021-09-14
2021-09-14 09:49:35-04:00,2021-09-14 09:49:36-04:00,203.39,11,2021-09-14
2021-09-14 09:50:06-04:00,2021-09-14 09:50:40-04:00,204.0,106,2021-09-14
2021-09-14 09:50:45-04:00,2021-09-14 09:51:28-04:00,203.99,76,2021-09-14
2021-09-14 09:51:36-04:00,2021-09-14 09:51:36-04:00,203.61,2,2021-09-14
2021-09-14 09:51:46-04:00,2021-09-14 09:51:46-04:00,203.39,3,2021-09-14
2021-09-15 10:23:38-04:00,2021-09-15 10:24:19-04:00,200.82,96,2021-09-15
2021-09-15 10:24:26-04:00,2021-09-15 10:24:28-04:00,200.09,5,2021-09-15
2021-09-15 10:24:30-04:00,2021-09-15 10:24:34-04:00,200.25,12,2021-09-15
2021-09-15 10:24:38-04:00,2021-09-15 10:24:45-04:00,200.3999,17,2021-09-15
2021-09-15 10:24:48-04:00,2021-09-15 10:24:51-04:00,200.1199,9,2021-09-15
2021-09-15 10:24:53-04:00,2021-09-15 10:24:54-04:00,200.0774,2,2021-09-15
2021-09-15 10:24:56-04:00,2021-09-15 10:27:09-04:00,200.73,269,2021-09-15
2021-09-16 10:21:56-04:00,2021-09-16 10:22:17-04:00,209.3799,91,2021-09-16
2021-09-16 10:22:21-04:00,2021-09-16 10:22:21-04:00,209.0,4,2021-09-16
2021-09-16 10:22:23-04:00,2021-09-16 10:22:23-04:00,208.9999,9,2021-09-16
2021-09-16 10:22:25-04:00,2021-09-16 10:22:32-04:00,208.99,26,2021-09-16
2021-09-16 10:22:36-04:00,2021-09-16 10:22:36-04:00,208.98,2,2021-09-16
2021-09-20 08:02:27-04:00,2021-09-20 08:02:27-04:00,204.97,2,2021-09-20
2021-09-20 08:24:02-04:00,2021-09-20 08:24:02-04:00,204.97,2,2021-09-20
2021-09-20 10:02:47-04:00,2021-09-20 10:02:50-04:00,202.4599,19,2021-09-20
2021-09-20 10:08:27-04:00,2021-09-20 10:08:28-04:00,202.35,9,2021-09-20
2021-09-20 10:08:38-04:00,2021-09-20 10:08:38-04:00,202.3499,1,2021-09-20
2021-09-20 10:08:42-04:00,2021-09-20 10:08:42-04:00,202.35,2,2021-09-20
2021-09-20 10:08:45-04:00,2021-09-20 10:08:58-04:00,202.85,45,2021-09-20
2021-09-20 10:10:12-04:00,2021-09-20 10:10:12-04:00,202.34,3,2021-09-20
2021-09-20 10:10:15-04:00,2021-09-20 10:10:15-04:00,202.34,3,2021-09-20
2021-09-20 10:10:20-04:00,2021-09-20 10:10:20-04:00,202.34,1,2021-09-20
2021-09-20 10:10:22-04:00,2021-09-20 10:10:24-04:00,202.34,7,2021-09-20
2021-09-21 09:29:32-04:00,2021-09-21 09:29:32-04:00,195.89,1,2021-09-21
2021-09-21 09:29:55-04:00,2021-09-21 09:30:57-04:00,199.94,269,2021-09-21
2021-09-21 09:31:06-04:00,2021-09-21 09:31:12-04:00,195.99,29,2021-09-21
2021-09-21 09:31:14-04:00,2021-09-21 09:31:21-04:00,196.32,34,2021-09-21
2021-09-21 09:31:37-04:00,2021-09-21 09:31:40-04:00,195.99,10,2021-09-21
2021-09-21 09:31:43-04:00,2021-09-21 09:31:43-04:00,195.99,2,2021-09-21
2021-09-21 09:31:46-04:00,2021-09-21 09:31:47-04:00,195.99,5,2021-09-21
2021-09-21 09:31:49-04:00,2021-09-21 09:31:49-04:00,195.9085,3,2021-09-21
2021-09-21 09:31:51-04:00,2021-09-21 09:31:51-04:00,195.9052,1,2021-09-21
2021-09-21 09:31:53-04:00,2021-09-21 09:31:56-04:00,195.99,10,2021-09-21
2021-09-21 09:31:58-04:00,2021-09-21 09:31:58-04:00,195.9187,2,2021-09-21
2021-09-21 09:32:00-04:00,2021-09-21 09:32:06-04:00,195.9699,32,2021-09-21
2021-09-21 09:32:08-04:00,2021-09-21 09:32:09-04:00,195.91,6,2021-09-21
2021-09-21 09:32:11-04:00,2021-09-21 09:32:14-04:00,195.99,6,2021-09-21
2021-09-21 09:32:16-04:00,2021-09-21 09:32:16-04:00,195.7929,3,2021-09-21
2021-09-21 09:32:18-04:00,2021-09-21 09:32:21-04:00,196.27,16,2021-09-21
2021-09-21 09:32:24-04:00,2021-09-21 09:32:24-04:00,195.99,3,2021-09-21
2021-09-21 09:32:26-04:00,2021-09-21 09:32:30-04:00,195.93,11,2021-09-21
2021-09-21 09:32:32-04:00,2021-09-21 09:32:47-04:00,196.39,52,2021-09-21
2021-09-21 09:32:50-04:00,2021-09-21 09:32:52-04:00,195.97,5,2021-09-21
2021-09-21 09:32:54-04:00,2021-09-21 09:33:17-04:00,196.39,62,2021-09-21
2021-09-21 09:33:19-04:00,2021-09-21 09:34:34-04:00,196.39,176,2021-09-21
2021-09-21 09:34:37-04:00,2021-09-21 09:34:38-04:00,195.7899,9,2021-09-21
2021-09-21 09:34:46-04:00,2021-09-21 09:34:49-04:00,195.84,11,2021-09-21
2021-09-21 09:34:52-04:00,2021-09-21 09:34:56-04:00,195.8399,6,2021-09-21
2021-09-21 09:34:58-04:00,2021-09-21 09:35:00-04:00,195.84,11,2021-09-21
2021-09-21 09:35:02-04:00,2021-09-21 09:35:05-04:00,195.9554,13,2021-09-21
2021-09-21 09:45:25-04:00,2021-09-21 09:45:25-04:00,195.67,8,2021-09-21
2021-09-21 09:45:29-04:00,2021-09-21 09:45:29-04:00,195.89,9,2021-09-21
2021-09-21 09:45:31-04:00,2021-09-21 09:45:32-04:00,195.99,7,2021-09-21
2021-09-21 09:49:05-04:00,2021-09-21 09:49:05-04:00,195.6699,2,2021-09-21
2021-09-22 10:19:02-04:00,2021-09-22 10:21:48-04:00,193.49,404,2021-09-22
2021-09-22 10:21:50-04:00,2021-09-22 10:21:56-04:00,192.569,10,2021-09-22
2021-09-22 10:21:59-04:00,2021-09-22 10:22:00-04:00,192.5087,2,2021-09-22
2021-09-22 10:22:02-04:00,2021-09-22 10:22:05-04:00,192.41,12,2021-09-22
2021-09-22 10:22:07-04:00,2021-09-22 10:22:18-04:00,192.4,27,2021-09-22
2021-09-22 10:22:21-04:00,2021-09-22 10:22:24-04:00,192.4099,5,2021-09-22
2021-09-22 10:22:26-04:00,2021-09-22 10:22:26-04:00,192.3696,1,2021-09-22
2021-09-22 10:22:29-04:00,2021-09-22 10:27:29-04:00,193.0199,387,2021-09-22
2021-09-22 10:27:33-04:00,2021-09-22 10:27:34-04:00,192.155,5,2021-09-22
2021-09-22 10:27:37-04:00,2021-09-22 10:27:42-04:00,192.2799,14,2021-09-22
2021-09-22 10:27:47-04:00,2021-09-22 10:27:47-04:00,192.0642,5,2021-09-22
2021-09-24 08:00:02-04:00,2021-09-24 08:00:02-04:00,191.18,20,2021-09-24
2021-09-24 08:31:18-04:00,2021-09-24 08:31:18-04:00,191.0,1,2021-09-24
2021-09-24 08:38:27-04:00,2021-09-24 08:48:08-04:00,191.79,6,2021-09-24
2021-09-24 09:03:39-04:00,2021-09-24 09:03:53-04:00,191.0,2,2021-09-24
2021-09-24 09:30:02-04:00,2021-09-24 09:30:03-04:00,191.0,36,2021-09-24
2021-09-24 09:30:05-04:00,2021-09-24 09:30:05-04:00,191.0,4,2021-09-24
2021-09-24 09:30:24-04:00,2021-09-24 09:30:24-04:00,190.99,2,2021-09-24
2021-09-24 09:30:37-04:00,2021-09-24 09:30:39-04:00,191.0,5,2021-09-24
2021-09-24 09:30:46-04:00,2021-09-24 09:30:46-04:00,190.9999,2,2021-09-24
2021-09-24 09:30:51-04:00,2021-09-24 09:30:52-04:00,191.0,4,2021-09-24
2021-09-24 09:30:55-04:00,2021-09-24 09:30:56-04:00,191.0,3,2021-09-24
2021-09-24 09:31:04-04:00,2021-09-24 09:31:04-04:00,191.02,4,2021-09-24
2021-09-24 09:31:06-04:00,2021-09-24 09:31:06-04:00,191.03,3,2021-09-24
2021-09-24 09:31:09-04:00,2021-09-24 09:31:09-04:00,191.03,2,2021-09-24
2021-09-24 09:31:36-04:00,2021-09-24 09:31:36-04:00,190.999,3,2021-09-24
2021-09-24 09:31:45-04:00,2021-09-24 09:31:45-04:00,191.0,4,2021-09-24
2021-09-24 09:32:40-04:00,2021-09-24 09:32:40-04:00,190.9999,3,2021-09-24
2021-09-24 09:33:12-04:00,2021-09-24 09:33:12-04:00,190.99,7,2021-09-24
2021-09-24 09:33:23-04:00,2021-09-24 09:33:23-04:00,190.98,2,2021-09-24
2021-09-24 09:33:40-04:00,2021-09-24 09:33:40-04:00,191.0,1,2021-09-24
2021-09-24 09:33:46-04:00,2021-09-24 09:33:47-04:00,191.0,5,2021-09-24
2021-09-24 09:34:08-04:00,2021-09-24 09:34:09-04:00,191.26,7,2021-09-24
2021-09-24 09:34:12-04:00,2021-09-24 09:34:15-04:00,191.39,5,2021-09-24
2021-09-24 09:34:18-04:00,2021-09-24 09:34:19-04:00,191.04,4,2021-09-24
2021-09-24 09:34:22-04:00,2021-09-24 09:34:22-04:00,190.999,3,2021-09-24
2021-09-24 09:34:48-04:00,2021-09-24 09:34:48-04:00,190.97,3,2021-09-24
2021-09-24 09:34:51-04:00,2021-09-24 09:34:51-04:00,190.97,2,2021-09-24
2021-09-24 09:34:54-04:00,2021-09-24 09:34:54-04:00,190.99,1,2021-09-24
2021-09-24 09:34:56-04:00,2021-09-24 09:34:56-04:00,190.9899,1,2021-09-24
2021-09-24 09:35:57-04:00,2021-09-24 09:36:02-04:00,191.239,6,2021-09-24
2021-09-24 09:36:04-04:00,2021-09-24 09:36:05-04:00,191.24,3,2021-09-24
2021-09-24 09:36:07-04:00,2021-09-24 09:36:07-04:00,190.985,1,2021-09-24
2021-09-24 09:36:10-04:00,2021-09-24 09:36:25-04:00,191.24,26,2021-09-24
2021-09-24 09:36:27-04:00,2021-09-24 09:36:27-04:00,191.23,2,2021-09-24
2021-09-24 09:36:29-04:00,2021-09-24 09:36:30-04:00,191.22,5,2021-09-24
2021-09-24 09:36:32-04:00,2021-09-24 09:36:32-04:00,191.0,1,2021-09-24
2021-09-24 09:36:35-04:00,2021-09-24 09:36:35-04:00,191.1799,1,2021-09-24
2021-09-24 09:36:37-04:00,2021-09-24 09:36:37-04:00,191.1209,2,2021-09-24
2021-09-24 09:36:39-04:00,2021-09-24 09:36:41-04:00,191.124,2,2021-09-24
2021-09-24 09:36:45-04:00,2021-09-24 09:36:47-04:00,191.0,7,2021-09-24
2021-09-24 09:36:55-04:00,2021-09-24 09:36:58-04:00,191.18,11,2021-09-24
2021-09-24 09:37:00-04:00,2021-09-24 09:37:02-04:00,191.18,3,2021-09-24
2021-09-24 09:37:06-04:00,2021-09-24 09:37:06-04:00,190.97,4,2021-09-24
2021-09-24 09:37:08-04:00,2021-09-24 09:37:11-04:00,191.18,4,2021-09-24
2021-09-24 09:37:13-04:00,2021-09-24 09:37:16-04:00,191.18,5,2021-09-24
2021-09-24 09:37:20-04:00,2021-09-24 09:37:20-04:00,190.96,2,2021-09-24
2021-09-24 09:37:31-04:00,2021-09-24 09:37:40-04:00,191.24,14,2021-09-24
2021-09-24 09:37:48-04:00,2021-09-24 09:37:48-04:00,191.23,1,2021-09-24
2021-09-24 09:38:30-04:00,2021-09-24 09:38:33-04:00,190.97,4,2021-09-24
2021-09-24 09:38:36-04:00,2021-09-24 09:38:36-04:00,190.969,1,2021-09-24
2021-09-24 09:38:45-04:00,2021-09-24 09:38:45-04:00,190.97,4,2021-09-24
2021-09-24 09:38:49-04:00,2021-09-24 09:38:49-04:00,190.97,4,2021-09-24
2021-09-24 09:38:56-04:00,2021-09-24 09:38:57-04:00,191.104,2,2021-09-24
2021-09-24 09:39:02-04:00,2021-09-24 09:39:03-04:00,190.96,3,2021-09-24
2021-09-24 09:39:06-04:00,2021-09-24 09:39:06-04:00,190.96,2,2021-09-24
2021-09-24 09:39:16-04:00,2021-09-24 09:39:16-04:00,190.96,2,2021-09-24
2021-09-24 09:39:20-04:00,2021-09-24 09:39:20-04:00,190.96,2,2021-09-24
2021-09-24 09:39:37-04:00,2021-09-24 09:39:39-04:00,190.99,5,2021-09-24
2021-09-24 09:39:42-04:00,2021-09-24 09:39:44-04:00,190.99,10,2021-09-24
2021-09-24 09:39:52-04:00,2021-09-24 09:40:29-04:00,191.9,49,2021-09-24
2021-09-24 09:40:31-04:00,2021-09-24 09:40:31-04:00,191.065,1,2021-09-24
2021-09-24 09:40:33-04:00,2021-09-24 09:40:38-04:00,191.349,5,2021-09-24
2021-09-24 09:40:40-04:00,2021-09-24 09:42:54-04:00,191.92,159,2021-09-24
2021-09-24 09:43:02-04:00,2021-09-24 09:43:13-04:00,191.279,15,2021-09-24
2021-09-24 09:43:19-04:00,2021-09-24 09:43:22-04:00,191.2034,3,2021-09-24
2021-09-24 09:43:28-04:00,2021-09-24 09:43:28-04:00,191.0273,1,2021-09-24
2021-09-24 09:43:31-04:00,2021-09-24 09:43:32-04:00,191.0654,5,2021-09-24
2021-09-24 09:43:39-04:00,2021-09-24 09:45:36-04:00,191.79,145,2021-09-24
2021-09-27 10:19:53-04:00,2021-09-27 10:19:53-04:00,190.67,17,2021-09-27
2021-09-27 10:20:31-04:00,2021-09-27 10:20:47-04:00,191.519,65,2021-09-27
2021-09-27 10:20:49-04:00,2021-09-27 10:21:39-04:00,192.05,186,2021-09-27
2021-09-27 10:21:41-04:00,2021-09-27 10:21:44-04:00,190.999,10,2021-09-27
2021-09-27 10:21:46-04:00,2021-09-27 10:21:53-04:00,190.85,24,2021-09-27
2021-09-27 10:21:55-04:00,2021-09-27 10:22:01-04:00,190.8199,26,2021-09-27
2021-09-27 10:22:06-04:00,2021-09-27 10:22:06-04:00,190.709,2,2021-09-27
2021-09-27 10:22:11-04:00,2021-09-27 10:22:11-04:00,190.82,2,2021-09-27
2021-09-27 10:22:13-04:00,2021-09-27 10:22:17-04:00,190.96,21,2021-09-27
2021-09-27 10:22:20-04:00,2021-09-27 10:22:43-04:00,191.45,98,2021-09-27
2021-09-27 10:22:45-04:00,2021-09-27 10:22:47-04:00,190.879,9,2021-09-27
2021-09-27 10:23:05-04:00,2021-09-27 10:23:05-04:00,190.77,1,2021-09-27
2021-09-27 10:23:07-04:00,2021-09-27 10:23:10-04:00,190.78,8,2021-09-27
2021-09-27 10:23:12-04:00,2021-09-27 10:23:26-04:00,190.98,37,2021-09-27
2021-09-27 10:23:29-04:00,2021-09-27 10:23:29-04:00,190.64,3,2021-09-27
2021-09-27 10:23:32-04:00,2021-09-27 10:23:36-04:00,190.74,13,2021-09-27
2021-09-27 10:23:38-04:00,2021-09-27 10:23:42-04:00,190.74,6,2021-09-27
2021-09-28 09:31:50-04:00,2021-09-28 09:31:50-04:00,188.7799,1,2021-09-28
2021-09-28 09:31:59-04:00,2021-09-28 09:31:59-04:00,188.77,4,2021-09-28
2021-09-28 09:32:01-04:00,2021-09-28 09:32:02-04:00,188.77,7,2021-09-28
2021-09-28 09:32:23-04:00,2021-09-28 09:32:26-04:00,189.0,15,2021-09-28
2021-09-28 09:32:28-04:00,2021-09-28 09:32:29-04:00,188.94,3,2021-09-28
2021-09-28 09:32:32-04:00,2021-09-28 09:32:43-04:00,188.999,24,2021-09-28
2021-09-28 09:32:45-04:00,2021-09-28 09:32:46-04:00,188.958,8,2021-09-28
2021-09-28 09:32:48-04:00,2021-09-28 09:32:48-04:00,188.9999,5,2021-09-28
2021-09-28 09:32:51-04:00,2021-09-28 09:32:53-04:00,188.9478,8,2021-09-28
2021-09-28 09:32:57-04:00,2021-09-28 09:37:02-04:00,189.799,369,2021-09-28
2021-09-28 09:37:04-04:00,2021-09-28 09:37:21-04:00,189.0,34,2021-09-28
2021-09-28 09:37:24-04:00,2021-09-28 09:37:24-04:00,188.769,1,2021-09-28
2021-09-28 09:37:27-04:00,2021-09-28 09:37:33-04:00,188.84,11,2021-09-28
2021-09-28 09:37:35-04:00,2021-09-28 09:37:36-04:00,188.8686,5,2021-09-28
2021-09-28 09:37:41-04:00,2021-09-28 09:37:44-04:00,188.89,9,2021-09-28
2021-09-28 09:37:46-04:00,2021-09-28 09:38:09-04:00,188.9682,29,2021-09-28
2021-09-28 09:38:15-04:00,2021-09-28 09:38:27-04:00,188.97,12,2021-09-28
2021-09-28 09:38:32-04:00,2021-09-28 09:38:35-04:00,188.97,5,2021-09-28
2021-09-28 09:38:38-04:00,2021-09-28 09:38:38-04:00,188.79,2,2021-09-28
2021-09-28 09:38:43-04:00,2021-09-28 09:38:43-04:00,188.85,1,2021-09-28
2021-09-28 09:38:45-04:00,2021-09-28 09:38:53-04:00,188.97,14,2021-09-28
2021-09-28 09:38:57-04:00,2021-09-28 09:39:04-04:00,188.97,8,2021-09-28
2021-09-28 09:39:09-04:00,2021-09-28 09:39:22-04:00,188.97,23,2021-09-28
2021-09-28 09:39:29-04:00,2021-09-28 09:39:37-04:00,188.96,14,2021-09-28
2021-09-28 09:39:39-04:00,2021-09-28 09:39:46-04:00,188.96,13,2021-09-28
2021-09-28 09:39:49-04:00,2021-09-28 09:39:51-04:00,188.97,6,2021-09-28
2021-09-28 09:39:53-04:00,2021-09-28 09:45:30-04:00,190.81,639,2021-09-28
2021-09-30 08:00:00-04:00,2021-09-30 08:30:23-04:00,177.0,88,2021-09-30
2021-09-30 08:31:00-04:00,2021-09-30 09:30:34-04:00,176.4,384,2021-09-30
2021-09-30 09:30:38-04:00,2021-09-30 09:30:43-04:00,174.7299,9,2021-09-30
2021-09-30 09:30:45-04:00,2021-09-30 09:30:46-04:00,174.73,3,2021-09-30
2021-09-30 09:30:50-04:00,2021-09-30 09:30:50-04:00,174.27,1,2021-09-30
2021-09-30 09:30:53-04:00,2021-09-30 09:30:54-04:00,174.41,9,2021-09-30
2021-09-30 09:30:57-04:00,2021-09-30 09:30:57-04:00,174.27,4,2021-09-30
2021-09-30 09:31:07-04:00,2021-09-30 09:31:07-04:00,174.409,4,2021-09-30
2021-09-30 09:31:37-04:00,2021-09-30 09:31:37-04:00,174.27,3,2021-09-30
2021-09-30 09:31:56-04:00,2021-09-30 09:31:56-04:00,174.62,1,2021-09-30
2021-09-30 09:31:58-04:00,2021-09-30 09:32:10-04:00,174.62,28,2021-09-30
2021-09-30 09:32:14-04:00,2021-09-30 09:32:14-04:00,174.541,3,2021-09-30
2021-09-30 09:32:16-04:00,2021-09-30 09:32:17-04:00,174.32,4,2021-09-30
2021-09-30 09:32:19-04:00,2021-09-30 09:32:19-04:00,174.31,3,2021-09-30
2021-09-30 09:32:22-04:00,2021-09-30 09:32:22-04:00,174.289,2,2021-09-30
2021-09-30 09:32:24-04:00,2021-09-30 09:32:24-04:00,174.27,4,2021-09-30
2021-09-30 09:32:29-04:00,2021-09-30 09:32:32-04:00,174.49,12,2021-09-30
2021-09-30 09:32:34-04:00,2021-09-30 09:33:05-04:00,175.0,76,2021-09-30
2021-09-30 09:33:07-04:00,2021-09-30 09:33:07-04:00,174.4588,3,2021-09-30
2021-09-30 09:33:10-04:00,2021-09-30 09:33:15-04:00,174.5799,11,2021-09-30
2021-09-30 09:33:17-04:00,2021-09-30 09:33:21-04:00,174.59,16,2021-09-30
2021-09-30 09:33:27-04:00,2021-09-30 09:33:27-04:00,174.36,2,2021-09-30
2021-09-30 09:41:37-04:00,2021-09-30 09:41:37-04:00,174.372,20,2021-09-30
2021-09-30 09:41:41-04:00,2021-09-30 09:41:41-04:00,174.36,1,2021-09-30
2021-09-30 09:41:43-04:00,2021-09-30 09:41:43-04:00,174.2908,3,2021-09-30
2021-09-30 09:41:45-04:00,2021-09-30 09:41:46-04:00,174.29,2,2021-09-30
2021-10-01 08:00:01-04:00,2021-10-01 08:00:21-04:00,177.6,69,2021-10-01
2021-10-01 08:03:16-04:00,2021-10-01 08:08:22-04:00,177.59,11,2021-10-01
2021-10-01 08:09:58-04:00,2021-10-01 08:09:58-04:00,177.59,1,2021-10-01
2021-10-01 08:11:11-04:00,2021-10-01 08:11:11-04:00,177.59,1,2021-10-01
2021-10-01 08:14:32-04:00,2021-10-01 09:06:25-04:00,179.49,195,2021-10-01
2021-10-01 09:06:30-04:00,2021-10-01 09:30:54-04:00,179.485,495,2021-10-01
2021-10-01 09:30:56-04:00,2021-10-01 09:30:56-04:00,177.4199,4,2021-10-01
2021-10-01 09:30:59-04:00,2021-10-01 09:31:00-04:00,177.4199,8,2021-10-01
2021-10-01 09:31:02-04:00,2021-10-01 09:31:02-04:00,177.4196,3,2021-10-01
2021-10-01 09:31:06-04:00,2021-10-01 09:31:06-04:00,177.75,7,2021-10-01
2021-10-01 09:31:08-04:00,2021-10-01 09:32:28-04:00,178.9999,282,2021-10-01
2021-10-01 09:33:26-04:00,2021-10-01 09:33:26-04:00,177.4741,1,2021-10-01
2021-10-01 09:33:28-04:00,2021-10-01 09:33:28-04:00,177.519,2,2021-10-01
2021-10-01 09:33:31-04:00,2021-10-01 09:33:32-04:00,177.5,4,2021-10-01
2021-10-01 09:33:35-04:00,2021-10-01 09:33:35-04:00,177.49,2,2021-10-01
2021-10-01 09:36:01-04:00,2021-10-01 09:36:09-04:00,177.89,18,2021-10-01
2021-10-01 09:36:15-04:00,2021-10-01 09:36:15-04:00,177.59,2,2021-10-01
2021-10-01 09:36:18-04:00,2021-10-01 09:36:19-04:00,177.59,7,2021-10-01
2021-10-01 09:36:21-04:00,2021-10-01 09:36:25-04:00,177.589,11,2021-10-01
2021-10-01 09:36:28-04:00,2021-10-01 09:36:28-04:00,177.44,4,2021-10-01
2021-10-01 09:36:35-04:00,2021-10-01 09:36:37-04:00,177.44,10,2021-10-01
2021-10-05 08:00:01-04:00,2021-10-05 08:01:20-04:00,173.0,25,2021-10-05
2021-10-05 08:04:34-04:00,2021-10-05 08:07:33-04:00,173.0,6,2021-10-05
2021-10-05 08:20:01-04:00,2021-10-05 08:31:43-04:00,172.79,6,2021-10-05
2021-10-05 08:36:33-04:00,2021-10-05 08:49:13-04:00,173.0,6,2021-10-05
2021-10-05 09:02:35-04:00,2021-10-05 09:02:35-04:00,173.0,1,2021-10-05
2021-10-05 09:05:12-04:00,2021-10-05 09:05:12-04:00,173.0,1,2021-10-05
2021-10-05 09:06:05-04:00,2021-10-05 09:06:05-04:00,173.0,1,2021-10-05
2021-10-05 09:07:01-04:00,2021-10-05 09:07:01-04:00,173.0,1,2021-10-05
2021-10-05 09:07:14-04:00,2021-10-05 09:07:14-04:00,173.0,1,2021-10-05
2021-10-05 09:07:35-04:00,2021-10-05 09:07:35-04:00,173.0,1,2021-10-05
2021-10-05 09:08:05-04:00,2021-10-05 09:08:05-04:00,173.0,2,2021-10-05
2021-10-05 09:08:33-04:00,2021-10-05 09:08:45-04:00,173.0,2,2021-10-05
2021-10-05 09:09:00-04:00,2021-10-05 09:09:14-04:00,173.0,2,2021-10-05
2021-10-05 09:11:06-04:00,2021-10-05 09:11:17-04:00,173.0,2,2021-10-05
2021-10-05 09:11:34-04:00,2021-10-05 09:11:34-04:00,173.0,1,2021-10-05
2021-10-05 09:11:42-04:00,2021-10-05 09:11:42-04:00,173.0,1,2021-10-05
2021-10-05 09:13:03-04:00,2021-10-05 09:13:03-04:00,173.0,1,2021-10-05
2021-10-05 09:13:54-04:00,2021-10-05 09:13:54-04:00,173.0,1,2021-10-05
2021-10-05 09:14:06-04:00,2021-10-05 09:14:06-04:00,173.0,1,2021-10-05
2021-10-05 09:14:21-04:00,2021-10-05 09:14:38-04:00,173.0,2,2021-10-05
2021-10-05 09:15:53-04:00,2021-10-05 09:15:53-04:00,173.0,1,2021-10-05
2021-10-05 09:16:28-04:00,2021-10-05 09:16:28-04:00,173.0,1,2021-10-05
2021-10-05 09:17:33-04:00,2021-10-05 09:17:33-04:00,173.0,2,2021-10-05
2021-10-05 09:18:07-04:00,2021-10-05 09:18:08-04:00,172.75,2,2021-10-05
2021-10-06 08:00:01-04:00,2021-10-06 08:00:01-04:00,170.99,10,2021-10-06
2021-10-06 08:00:03-04:00,2021-10-06 08:00:03-04:00,170.99,15,2021-10-06
2021-10-06 08:59:49-04:00,2021-10-06 08:59:49-04:00,172.2282,1,2021-10-06
2021-10-06 09:27:28-04:00,2021-10-06 09:27:28-04:00,171.5,1,2021-10-06
2021-10-06 09:30:07-04:00,2021-10-06 09:30:07-04:00,170.9999,1,2021-10-06
2021-10-06 09:30:13-04:00,2021-10-06 09:30:13-04:00,170.91,4,2021-10-06
2021-10-06 09:30:16-04:00,2021-10-06 09:30:19-04:00,170.79,5,2021-10-06
2021-10-06 09:30:27-04:00,2021-10-06 09:30:27-04:00,171.0,2,2021-10-06
2021-10-06 09:30:31-04:00,2021-10-06 09:30:32-04:00,171.0,5,2021-10-06
2021-10-06 09:30:44-04:00,2021-10-06 09:30:44-04:00,170.8,5,2021-10-06
2021-10-06 09:30:51-04:00,2021-10-06 09:30:52-04:00,170.8,4,2021-10-06
2021-10-06 09:30:54-04:00,2021-10-06 09:30:54-04:00,170.79,1,2021-10-06
2021-10-06 09:31:08-04:00,2021-10-06 09:31:08-04:00,170.94,2,2021-10-06
2021-10-06 09:31:10-04:00,2021-10-06 09:31:14-04:00,170.98,15,2021-10-06
2021-10-06 09:31:17-04:00,2021-10-06 09:31:18-04:00,170.98,7,2021-10-06
2021-10-06 09:31:24-04:00,2021-10-06 09:31:27-04:00,170.99,10,2021-10-06
2021-10-06 09:31:30-04:00,2021-10-06 09:31:33-04:00,170.98,8,2021-10-06
2021-10-06 09:31:39-04:00,2021-10-06 09:31:39-04:00,170.96,2,2021-10-06
2021-10-06 09:31:44-04:00,2021-10-06 09:31:44-04:00,170.79,1,2021-10-06
2021-10-06 09:31:53-04:00,2021-10-06 09:31:58-04:00,170.99,7,2021-10-06
2021-10-06 09:32:00-04:00,2021-10-06 09:32:01-04:00,170.99,8,2021-10-06
2021-10-06 09:32:04-04:00,2021-10-06 09:32:05-04:00,170.9899,4,2021-10-06
2021-10-06 09:32:08-04:00,2021-10-06 09:32:08-04:00,170.99,2,2021-10-06
2021-10-06 09:32:15-04:00,2021-10-06 09:32:17-04:00,170.99,8,2021-10-06
2021-10-06 09:32:19-04:00,2021-10-06 09:32:22-04:00,170.89,6,2021-10-06
2021-10-06 09:32:24-04:00,2021-10-06 09:32:59-04:00,171.55,54,2021-10-06
2021-10-06 09:33:03-04:00,2021-10-06 09:33:04-04:00,171.039,6,2021-10-06
2021-10-06 09:33:08-04:00,2021-10-06 09:33:08-04:00,170.78,3,2021-10-06
2021-10-11 10:17:50-04:00,2021-10-11 10:18:09-04:00,184.06,102,2021-10-11
2021-10-11 10:18:42-04:00,2021-10-11 10:19:17-04:00,184.0,143,2021-10-11
2021-10-11 10:19:53-04:00,2021-10-11 10:19:56-04:00,183.66,14,2021-10-11
2021-10-11 10:19:59-04:00,2021-10-11 10:20:02-04:00,183.67,14,2021-10-11
2021-10-11 10:20:04-04:00,2021-10-11 10:29:59-04:00,188.49,3228,2021-10-11
2021-10-13 08:00:01-04:00,2021-10-13 08:00:02-04:00,181.97,83,2021-10-13
2021-10-14 10:26:50-04:00,2021-10-14 10:26:50-04:00,188.228,7,2021-10-14
2021-10-14 10:26:54-04:00,2021-10-14 10:26:54-04:00,188.26,3,2021-10-14
2021-10-14 10:26:58-04:00,2021-10-14 10:28:14-04:00,189.21,237,2021-10-14
2021-10-14 10:28:16-04:00,2021-10-14 10:28:16-04:00,188.34,2,2021-10-14
2021-10-14 10:28:23-04:00,2021-10-14 10:28:23-04:00,188.18,3,2021-10-14
2021-10-14 10:28:25-04:00,2021-10-14 10:28:25-04:00,188.18,4,2021-10-14
2021-10-14 10:28:27-04:00,2021-10-14 10:28:27-04:00,188.1799,4,2021-10-14
2021-10-14 10:28:29-04:00,2021-10-14 10:28:29-04:00,188.18,2,2021-10-14
2021-10-19 09:42:40-04:00,2021-10-19 09:42:40-04:00,192.2499,27,2021-10-19
2021-10-20 09:16:48-04:00,2021-10-20 09:16:48-04:00,188.78,1,2021-10-20
2021-10-20 09:32:41-04:00,2021-10-20 09:32:41-04:00,191.09,13,2021-10-20
2021-10-21 09:52:54-04:00,2021-10-21 09:52:54-04:00,190.6999,7,2021-10-21
2021-10-21 09:52:56-04:00,2021-10-21 09:52:56-04:00,190.32,19,2021-10-21
2021-10-21 09:52:58-04:00,2021-10-21 09:52:58-04:00,190.32,8,2021-10-21
2021-10-22 08:00:00-04:00,2021-10-22 08:11:04-04:00,179.99,166,2021-10-22
2021-10-22 08:11:29-04:00,2021-10-22 08:12:22-04:00,178.5,5,2021-10-22
2021-10-22 08:12:50-04:00,2021-10-22 08:12:50-04:00,178.38,1,2021-10-22
2021-10-22 08:13:06-04:00,2021-10-22 08:13:06-04:00,178.38,1,2021-10-22
2021-10-22 08:13:34-04:00,2021-10-22 08:14:17-04:00,178.0,3,2021-10-22
2021-10-22 08:14:45-04:00,2021-10-22 08:15:38-04:00,178.0,2,2021-10-22
2021-10-22 08:16:23-04:00,2021-10-22 08:16:23-04:00,177.89,1,2021-10-22
2021-10-22 08:16:49-04:00,2021-10-22 08:17:13-04:00,178.38,2,2021-10-22
2021-10-22 08:19:13-04:00,2021-10-22 08:19:13-04:00,178.0,1,2021-10-22
2021-10-22 08:19:20-04:00,2021-10-22 08:19:20-04:00,178.0,1,2021-10-22
2021-10-22 08:19:59-04:00,2021-10-22 08:19:59-04:00,178.0,1,2021-10-22
2021-10-22 08:20:31-04:00,2021-10-22 08:20:31-04:00,178.0,1,2021-10-22
2021-10-22 08:21:09-04:00,2021-10-22 08:21:09-04:00,178.0,2,2021-10-22
2021-10-22 08:22:46-04:00,2021-10-22 08:23:08-04:00,178.0,5,2021-10-22
2021-10-22 08:23:41-04:00,2021-10-22 08:23:41-04:00,177.81,1,2021-10-22
2021-10-22 08:25:06-04:00,2021-10-22 08:25:10-04:00,178.0,3,2021-10-22
2021-10-22 08:28:02-04:00,2021-10-22 08:28:09-04:00,178.38,2,2021-10-22
2021-10-22 08:28:35-04:00,2021-10-22 08:44:16-04:00,178.69,41,2021-10-22
2021-10-22 08:47:02-04:00,2021-10-22 08:47:02-04:00,178.0,1,2021-10-22
2021-10-22 08:47:31-04:00,2021-10-22 08:50:51-04:00,178.5,16,2021-10-22
2021-10-22 08:51:36-04:00,2021-10-22 08:51:36-04:00,177.9999,1,2021-10-22
2021-10-22 08:52:15-04:00,2021-10-22 08:52:15-04:00,178.0,1,2021-10-22
2021-10-22 08:52:44-04:00,2021-10-22 08:52:44-04:00,178.0,1,2021-10-22
2021-10-22 08:53:12-04:00,2021-10-22 09:10:18-04:00,179.49,254,2021-10-22
2021-10-22 09:10:25-04:00,2021-10-22 09:10:32-04:00,178.0,6,2021-10-22
2021-10-22 09:10:41-04:00,2021-10-22 09:10:55-04:00,178.0,4,2021-10-22
2021-10-22 09:11:06-04:00,2021-10-22 09:11:23-04:00,178.0,11,2021-10-22
2021-10-22 09:11:33-04:00,2021-10-22 09:11:33-04:00,177.775,2,2021-10-22
2021-10-22 09:11:58-04:00,2021-10-22 09:11:58-04:00,177.78,2,2021-10-22
2021-10-22 09:12:25-04:00,2021-10-22 09:12:25-04:00,177.78,2,2021-10-22
2021-10-22 09:14:19-04:00,2021-10-22 09:14:19-04:00,177.78,1,2021-10-22
2021-10-22 09:15:35-04:00,2021-10-22 09:16:21-04:00,178.5,17,2021-10-22
2021-10-22 09:16:28-04:00,2021-10-22 09:16:48-04:00,178.0,4,2021-10-22
2021-10-22 09:17:10-04:00,2021-10-22 09:17:10-04:00,177.78,2,2021-10-22
2021-10-22 09:17:30-04:00,2021-10-22 09:17:30-04:00,178.0,1,2021-10-22
2021-10-22 09:17:33-04:00,2021-10-22 09:18:06-04:00,178.0,13,2021-10-22
2021-10-22 09:18:12-04:00,2021-10-22 09:18:13-04:00,177.775,2,2021-10-22
2021-10-22 09:18:21-04:00,2021-10-22 09:18:21-04:00,177.775,1,2021-10-22
2021-10-22 09:18:33-04:00,2021-10-22 09:18:38-04:00,178.0,2,2021-10-22
2021-10-22 09:18:46-04:00,2021-10-22 09:18:51-04:00,177.78,4,2021-10-22
2021-10-22 09:18:59-04:00,2021-10-22 09:18:59-04:00,178.0,1,2021-10-22
2021-10-22 09:19:16-04:00,2021-10-22 09:19:27-04:00,177.775,2,2021-10-22
2021-10-22 09:19:31-04:00,2021-10-22 09:19:31-04:00,178.0,2,2021-10-22
2021-10-22 09:19:34-04:00,2021-10-22 09:19:34-04:00,177.775,1,2021-10-22
2021-10-22 09:19:46-04:00,2021-10-22 09:19:46-04:00,178.47,2,2021-10-22
2021-10-22 09:20:07-04:00,2021-10-22 09:20:18-04:00,177.775,5,2021-10-22
2021-10-22 09:20:26-04:00,2021-10-22 09:20:26-04:00,177.775,1,2021-10-22
2021-10-22 09:20:31-04:00,2021-10-22 09:20:31-04:00,177.775,2,2021-10-22
2021-10-22 09:20:39-04:00,2021-10-22 09:20:39-04:00,178.0,1,2021-10-22
2021-10-22 09:20:48-04:00,2021-10-22 09:20:48-04:00,178.0,1,2021-10-22
2021-10-22 09:21:01-04:00,2021-10-22 09:21:01-04:00,178.0,2,2021-10-22
2021-10-22 09:21:08-04:00,2021-10-22 09:21:16-04:00,178.0,11,2021-10-22
2021-10-22 09:21:34-04:00,2021-10-22 09:21:34-04:00,177.775,2,2021-10-22
2021-10-22 09:21:37-04:00,2021-10-22 09:21:43-04:00,177.775,2,2021-10-22
2021-10-22 09:21:47-04:00,2021-10-22 09:21:50-04:00,178.0,4,2021-10-22
2021-10-22 09:21:53-04:00,2021-10-22 09:21:53-04:00,178.0,1,2021-10-22
2021-10-22 09:22:29-04:00,2021-10-22 09:22:39-04:00,177.775,5,2021-10-22
2021-10-22 09:22:47-04:00,2021-10-22 09:22:47-04:00,177.775,1,2021-10-22
2021-10-22 09:23:08-04:00,2021-10-22 09:23:08-04:00,177.775,1,2021-10-22
2021-10-22 09:23:12-04:00,2021-10-22 09:23:12-04:00,177.775,1,2021-10-22
2021-10-22 09:23:19-04:00,2021-10-22 09:23:22-04:00,177.775,3,2021-10-22
2021-10-22 09:23:29-04:00,2021-10-22 09:24:07-04:00,178.0,3,2021-10-22
2021-10-22 09:24:17-04:00,2021-10-22 09:24:37-04:00,178.0,8,2021-10-22
2021-10-22 09:24:44-04:00,2021-10-22 09:24:45-04:00,178.0,2,2021-10-22
2021-10-22 09:24:48-04:00,2021-10-22 09:24:55-04:00,178.0,3,2021-10-22
2021-10-22 09:25:17-04:00,2021-10-22 09:25:36-04:00,178.0,4,2021-10-22
2021-10-22 09:25:42-04:00,2021-10-22 09:25:42-04:00,177.775,1,2021-10-22
2021-10-22 09:25:46-04:00,2021-10-22 09:25:46-04:00,177.775,1,2021-10-22
2021-10-22 09:26:05-04:00,2021-10-22 09:26:05-04:00,177.775,1,2021-10-22
2021-10-22 09:26:22-04:00,2021-10-22 09:26:22-04:00,178.0,1,2021-10-22
2021-10-22 09:26:40-04:00,2021-10-22 09:26:40-04:00,178.025,2,2021-10-22
2021-10-22 09:26:51-04:00,2021-10-22 09:26:51-04:00,178.52,1,2021-10-22
2021-10-22 09:26:58-04:00,2021-10-22 09:27:04-04:00,179.0,4,2021-10-22
2021-10-22 09:27:10-04:00,2021-10-22 09:27:10-04:00,178.52,1,2021-10-22
2021-10-22 09:27:17-04:00,2021-10-22 09:28:54-04:00,179.49,31,2021-10-22
2021-10-22 09:29:22-04:00,2021-10-22 09:29:38-04:00,178.62,3,2021-10-22
2021-10-22 09:29:48-04:00,2021-10-22 09:29:48-04:00,178.62,1,2021-10-22
2021-10-22 09:30:01-04:00,2021-10-22 09:31:00-04:00,181.44,965,2021-10-22
2021-10-22 09:31:03-04:00,2021-10-22 09:31:18-04:00,178.7,93,2021-10-22
2021-10-22 09:31:20-04:00,2021-10-22 09:31:31-04:00,178.0,50,2021-10-22
2021-10-22 09:31:35-04:00,2021-10-22 09:31:35-04:00,178.0,6,2021-10-22
2021-10-22 09:31:37-04:00,2021-10-22 09:31:37-04:00,177.7967,4,2021-10-22
2021-10-22 09:32:07-04:00,2021-10-22 09:35:57-04:00,179.48,1031,2021-10-22
2021-10-22 09:35:59-04:00,2021-10-22 09:35:59-04:00,177.94,2,2021-10-22
2021-10-22 09:36:03-04:00,2021-10-22 09:36:09-04:00,177.94,28,2021-10-22
2021-10-22 09:36:11-04:00,2021-10-22 09:36:16-04:00,177.94,19,2021-10-22
2021-10-22 09:36:20-04:00,2021-10-22 09:36:21-04:00,177.76,9,2021-10-22
2021-10-22 09:36:26-04:00,2021-10-22 09:36:26-04:00,177.77,4,2021-10-22
2021-10-22 09:36:29-04:00,2021-10-22 09:36:29-04:00,177.77,3,2021-10-22
2021-10-26 09:36:49-04:00,2021-10-26 09:36:49-04:00,178.9,7,2021-10-26
2021-10-26 09:36:53-04:00,2021-10-26 09:37:05-04:00,179.52,83,2021-10-26
2021-10-26 09:37:07-04:00,2021-10-26 09:37:19-04:00,179.5,111,2021-10-26
2021-10-26 09:37:41-04:00,2021-10-26 09:38:50-04:00,181.55,685,2021-10-26
2021-10-26 09:38:52-04:00,2021-10-26 09:38:57-04:00,179.0821,33,2021-10-26
2021-10-26 09:39:03-04:00,2021-10-26 09:39:03-04:00,178.9176,4,2021-10-26
2021-10-26 09:39:14-04:00,2021-10-26 09:39:14-04:00,178.989,4,2021-10-26
2021-10-26 09:39:20-04:00,2021-10-26 09:39:22-04:00,179.23,13,2021-10-26
2021-10-26 09:39:25-04:00,2021-10-26 09:39:50-04:00,180.01,101,2021-10-26
2021-10-26 09:40:09-04:00,2021-10-26 09:40:12-04:00,179.34,24,2021-10-26
2021-10-26 09:40:14-04:00,2021-10-26 09:41:26-04:00,179.77,325,2021-10-26
2021-10-26 09:43:41-04:00,2021-10-26 09:43:42-04:00,179.01,12,2021-10-26
2021-10-26 09:44:28-04:00,2021-10-26 09:44:28-04:00,178.91,3,2021-10-26
2021-10-26 09:44:42-04:00,2021-10-26 09:44:43-04:00,178.94,10,2021-10-26
2021-10-26 09:44:45-04:00,2021-10-26 09:44:45-04:00,178.91,2,2021-10-26
2021-10-26 09:45:36-04:00,2021-10-26 09:45:36-04:00,179.28,1,2021-10-26
2021-11-01 10:15:25-04:00,2021-11-01 10:17:28-04:00,194.2,991,2021-11-01
2021-11-01 10:17:30-04:00,2021-11-01 10:29:59-04:00,195.5,3524,2021-11-01
2021-11-02 08:00:01-04:00,2021-11-02 08:30:33-04:00,200.0,96,2021-11-02
2021-11-02 08:32:45-04:00,2021-11-02 08:33:05-04:00,199.371,2,2021-11-02
2021-11-02 08:34:06-04:00,2021-11-02 08:47:20-04:00,199.39,15,2021-11-02
2021-11-02 08:49:00-04:00,2021-11-02 09:31:01-04:00,199.95,1861,2021-11-02
2021-11-02 09:31:09-04:00,2021-11-02 09:31:09-04:00,198.9,2,2021-11-02
2021-11-02 09:31:15-04:00,2021-11-02 09:31:18-04:00,199.0,26,2021-11-02
2021-11-02 09:31:21-04:00,2021-11-02 09:31:21-04:00,199.0,9,2021-11-02
2021-11-02 09:31:28-04:00,2021-11-02 09:31:28-04:00,199.0,5,2021-11-02
2021-11-02 09:31:35-04:00,2021-11-02 09:31:35-04:00,199.17,8,2021-11-02
2021-11-02 09:31:40-04:00,2021-11-02 09:31:40-04:00,198.96,8,2021-11-02
2021-11-02 09:31:42-04:00,2021-11-02 09:31:42-04:00,198.89,8,2021-11-02
2021-11-02 09:33:35-04:00,2021-11-02 09:33:35-04:00,199.215,4,2021-11-02
2021-11-02 10:18:47-04:00,2021-11-02 10:19:01-04:00,199.2,64,2021-11-02
2021-11-02 10:19:05-04:00,2021-11-02 10:19:06-04:00,198.83,9,2021-11-02
2021-11-02 10:19:08-04:00,2021-11-02 10:19:11-04:00,198.84,14,2021-11-02
2021-11-02 10:19:13-04:00,2021-11-02 10:19:13-04:00,198.8399,6,2021-11-02
2021-11-02 10:23:33-04:00,2021-11-02 10:23:33-04:00,198.85,2,2021-11-02
2021-11-02 10:23:37-04:00,2021-11-02 10:23:37-04:00,198.83,2,2021-11-02
2021-11-02 10:23:43-04:00,2021-11-02 10:23:43-04:00,198.8199,1,2021-11-02
2021-11-02 10:23:46-04:00,2021-11-02 10:23:49-04:00,198.82,9,2021-11-02
2021-11-02 10:23:55-04:00,2021-11-02 10:29:59-04:00,202.5,1142,2021-11-02
2021-11-03 09:59:52-04:00,2021-11-03 10:00:06-04:00,239.49,454,2021-11-03
2021-11-03 10:00:09-04:00,2021-11-03 10:12:05-04:00,255.89,24954,2021-11-03
2021-11-03 10:12:28-04:00,2021-11-03 10:12:30-04:00,239.5,151,2021-11-03
2021-11-03 10:15:59-04:00,2021-11-03 10:16:05-04:00,239.83,124,2021-11-03
2021-11-03 10:16:07-04:00,2021-11-03 10:16:24-04:00,239.73,265,2021-11-03
2021-11-03 10:17:04-04:00,2021-11-03 10:17:19-04:00,240.53,303,2021-11-03
2021-11-03 10:17:21-04:00,2021-11-03 10:19:39-04:00,242.76,2095,2021-11-03
2021-11-03 10:19:41-04:00,2021-11-03 10:19:52-04:00,239.81,96,2021-11-03
2021-11-03 10:19:54-04:00,2021-11-03 10:20:07-04:00,240.0,177,2021-11-03
2021-11-03 10:20:09-04:00,2021-11-03 10:20:11-04:00,239.6,40,2021-11-03
2021-11-03 10:20:17-04:00,2021-11-03 10:20:20-04:00,239.34,51,2021-11-03
2021-11-04 09:30:01-04:00,2021-11-04 09:38:39-04:00,228.97,5572,2021-11-04
2021-11-04 09:38:41-04:00,2021-11-04 09:38:42-04:00,221.65,21,2021-11-04
2021-11-05 08:00:01-04:00,2021-11-05 09:32:00-04:00,221.75,1644,2021-11-05
2021-11-05 09:32:02-04:00,2021-11-05 09:32:10-04:00,217.4999,36,2021-11-05
2021-11-05 09:32:12-04:00,2021-11-05 09:40:26-04:00,219.79,1371,2021-11-05
2021-11-05 09:40:28-04:00,2021-11-05 09:40:28-04:00,216.56,2,2021-11-05
2021-11-26 09:24:52-05:00,2021-11-26 09:24:52-05:00,204.25,1,2021-11-26
2021-11-26 09:25:00-05:00,2021-11-26 09:25:00-05:00,204.25,1,2021-11-26
2021-11-26 09:25:05-05:00,2021-11-26 09:25:05-05:00,204.25,1,2021-11-26
2021-11-26 09:25:55-05:00,2021-11-26 09:26:05-05:00,204.064,2,2021-11-26
2021-11-26 09:26:17-05:00,2021-11-26 09:26:18-05:00,204.25,2,2021-11-26
2021-11-26 09:26:21-05:00,2021-11-26 09:26:21-05:00,204.25,1,2021-11-26
2021-11-26 09:26:31-05:00,2021-11-26 09:26:32-05:00,204.25,4,2021-11-26
2021-11-26 09:27:12-05:00,2021-11-26 09:27:12-05:00,204.25,2,2021-11-26
2021-11-26 09:27:19-05:00,2021-11-26 09:29:16-05:00,205.0,20,2021-11-26
2021-11-26 09:29:28-05:00,2021-11-26 09:29:49-05:00,205.0,3,2021-11-26
2021-11-30 08:00:02-05:00,2021-11-30 08:00:03-05:00,206.25,33,2021-11-30
2021-12-02 08:00:00-05:00,2021-12-02 08:00:02-05:00,184.5,54,2021-12-02
2021-12-02 09:29:30-05:00,2021-12-02 09:29:54-05:00,185.0,8,2021-12-02
2021-12-06 08:02:35-05:00,2021-12-06 08:02:36-05:00,172.39,3,2021-12-06
2021-12-14 08:22:36-05:00,2021-12-14 08:23:12-05:00,135.76,3,2021-12-14
2021-12-14 08:24:36-05:00,2021-12-14 08:24:36-05:00,134.0,1,2021-12-14
2021-12-14 08:25:23-05:00,2021-12-14 08:26:53-05:00,134.0,2,2021-12-14
2021-12-14 08:27:16-05:00,2021-12-14 08:30:39-05:00,135.0,11,2021-12-14
2021-12-14 08:31:40-05:00,2021-12-14 08:32:35-05:00,133.71,4,2021-12-14
2021-12-14 08:36:25-05:00,2021-12-14 08:39:04-05:00,133.71,10,2021-12-14
2022-01-07 09:12:01-05:00,2022-01-07 09:27:08-05:00,164.0,2192,2022-01-07
2022-01-07 09:27:10-05:00,2022-01-07 09:27:14-05:00,161.0,11,2022-01-07
2022-01-07 09:27:17-05:00,2022-01-07 09:27:18-05:00,160.952,3,2022-01-07
2022-01-07 09:27:43-05:00,2022-01-07 09:28:14-05:00,161.0,32,2022-01-07
2022-01-07 09:28:16-05:00,2022-01-07 09:28:24-05:00,161.0,14,2022-01-07
2022-01-07 09:28:28-05:00,2022-01-07 09:29:19-05:00,161.05,45,2022-01-07
2022-01-07 09:29:22-05:00,2022-01-07 09:29:22-05:00,160.56,1,2022-01-07
2022-01-07 09:29:24-05:00,2022-01-07 09:29:24-05:00,160.5599,1,2022-01-07
2022-01-07 09:29:26-05:00,2022-01-07 09:29:26-05:00,160.43,2,2022-01-07
2022-01-07 09:29:33-05:00,2022-01-07 09:29:33-05:00,160.5,3,2022-01-07
2022-01-10 08:00:00-05:00,2022-01-10 08:00:00-05:00,138.0,9,2022-01-10
2022-01-10 08:00:02-05:00,2022-01-10 08:00:03-05:00,138.97,100,2022-01-10
2022-01-11 08:00:01-05:00,2022-01-11 08:00:01-05:00,133.0,51,2022-01-11
2022-01-14 08:00:00-05:00,2022-01-14 08:00:03-05:00,123.97,92,2022-01-14
2022-01-24 08:00:01-05:00,2022-01-24 08:00:02-05:00,104.94,92,2022-01-24
2022-01-25 09:02:00-05:00,2022-01-25 09:02:00-05:00,100.102,1,2022-01-25
2022-02-03 08:01:24-05:00,2022-02-03 08:01:24-05:00,103.58,1,2022-02-03
2022-02-10 08:00:01-05:00,2022-02-10 08:01:43-05:00,123.53,56,2022-02-10
2022-02-10 08:07:30-05:00,2022-02-10 08:08:06-05:00,123.0,2,2022-02-10
2022-02-10 08:14:51-05:00,2022-02-10 08:24:13-05:00,123.11,3,2022-02-10
2022-02-10 08:28:09-05:00,2022-02-10 08:29:52-05:00,123.0,3,2022-02-10
2022-02-10 08:32:26-05:00,2022-02-10 08:32:26-05:00,122.59,1,2022-02-10
2022-02-24 08:00:01-05:00,2022-02-24 08:00:01-05:00,109.87,129,2022-02-24
2022-03-14 08:00:00-04:00,2022-03-14 08:23:17-04:00,94.75,89,2022-03-14
2022-03-14 08:23:40-04:00,2022-03-14 08:23:40-04:00,92.51,1,2022-03-14
2022-03-14 08:26:58-04:00,2022-03-14 08:27:59-04:00,92.51,5,2022-03-14
2022-03-14 08:28:52-04:00,2022-03-14 08:28:52-04:00,92.51,1,2022-03-14
2022-03-14 09:27:59-04:00,2022-03-14 09:31:12-04:00,94.75,920,2022-03-14
2022-03-14 09:31:15-04:00,2022-03-14 09:31:15-04:00,92.4097,7,2022-03-14
2022-03-14 09:31:33-04:00,2022-03-14 09:31:33-04:00,92.44,2,2022-03-14
2022-03-14 09:31:36-04:00,2022-03-14 09:31:36-04:00,92.4299,3,2022-03-14
2022-03-14 09:31:49-04:00,2022-03-14 09:31:50-04:00,92.48,6,2022-03-14
2022-03-15 08:00:01-04:00,2022-03-15 08:00:01-04:00,84.0,195,2022-03-15
2022-03-15 09:37:28-04:00,2022-03-15 09:37:30-04:00,83.99,27,2022-03-15
2022-03-16 10:14:23-04:00,2022-03-16 10:14:25-04:00,89.4888,18,2022-03-16
2022-03-16 10:14:28-04:00,2022-03-16 10:14:28-04:00,89.4258,5,2022-03-16
2022-03-16 10:14:30-04:00,2022-03-16 10:14:33-04:00,89.4488,13,2022-03-16
2022-03-16 10:14:35-04:00,2022-03-16 10:14:36-04:00,89.42,13,2022-03-16
2022-03-16 10:14:40-04:00,2022-03-16 10:14:40-04:00,89.48,6,2022-03-16
2022-03-16 10:15:34-04:00,2022-03-16 10:17:08-04:00,89.99,326,2022-03-16
2022-03-16 10:17:10-04:00,2022-03-16 10:17:12-04:00,89.48,7,2022-03-16
2022-03-16 10:17:15-04:00,2022-03-16 10:17:21-04:00,89.47,25,2022-03-16
2022-03-16 10:17:24-04:00,2022-03-16 10:17:27-04:00,89.46,15,2022-03-16
2022-03-16 10:17:29-04:00,2022-03-16 10:17:29-04:00,89.432,2,2022-03-16
2022-03-16 10:17:31-04:00,2022-03-16 10:17:31-04:00,89.4473,3,2022-03-16
2022-03-16 10:17:37-04:00,2022-03-16 10:17:38-04:00,89.43,2,2022-03-16
2022-03-16 10:17:40-04:00,2022-03-16 10:17:41-04:00,89.47,6,2022-03-16
2022-03-16 10:17:43-04:00,2022-03-16 10:17:43-04:00,89.6,5,2022-03-16
2022-03-16 10:17:47-04:00,2022-03-16 10:17:50-04:00,89.53,12,2022-03-16
2022-03-16 10:17:52-04:00,2022-03-16 10:17:52-04:00,89.4,1,2022-03-16
2022-03-16 10:17:54-04:00,2022-03-16 10:17:54-04:00,89.4999,2,2022-03-16
2022-03-16 10:17:56-04:00,2022-03-16 10:17:58-04:00,89.4596,3,2022-03-16
2022-03-16 10:18:01-04:00,2022-03-16 10:18:02-04:00,89.4,6,2022-03-16
2022-03-16 10:18:05-04:00,2022-03-16 10:18:05-04:00,89.4,5,2022-03-16
2022-03-16 10:18:11-04:00,2022-03-16 10:18:11-04:00,89.4,2,2022-03-16
2022-03-16 10:18:13-04:00,2022-03-16 10:18:13-04:00,89.4,2,2022-03-16
2022-03-16 10:18:19-04:00,2022-03-16 10:18:19-04:00,89.4,2,2022-03-16
2022-03-16 10:18:41-04:00,2022-03-16 10:18:41-04:00,89.4395,4,2022-03-16
2022-03-16 10:18:45-04:00,2022-03-16 10:18:47-04:00,89.46,8,2022-03-16
2022-03-16 10:18:49-04:00,2022-03-16 10:18:49-04:00,89.45,5,2022-03-16
2022-03-16 10:18:53-04:00,2022-03-16 10:18:56-04:00,89.46,11,2022-03-16
2022-03-16 10:18:58-04:00,2022-03-16 10:18:58-04:00,89.4599,3,2022-03-16
2022-03-16 10:19:00-04:00,2022-03-16 10:19:00-04:00,89.46,2,2022-03-16
2022-03-16 10:19:02-04:00,2022-03-16 10:19:33-04:00,89.81,78,2022-03-16
2022-03-16 10:19:35-04:00,2022-03-16 10:19:35-04:00,89.44,1,2022-03-16
2022-03-16 10:19:38-04:00,2022-03-16 10:19:45-04:00,89.65625,57,2022-03-16
2022-03-16 10:19:47-04:00,2022-03-16 10:19:48-04:00,89.4799,6,2022-03-16
2022-03-16 10:20:47-04:00,2022-03-16 10:20:47-04:00,89.488,3,2022-03-16
2022-03-16 10:29:32-04:00,2022-03-16 10:29:38-04:00,89.83,29,2022-03-16
2022-03-16 10:29:40-04:00,2022-03-16 10:29:42-04:00,89.589,5,2022-03-16
2022-03-16 10:29:44-04:00,2022-03-16 10:29:57-04:00,89.62,27,2022-03-16
2022-03-18 09:58:29-04:00,2022-03-18 10:10:32-04:00,94.27,5463,2022-03-18
2022-03-18 10:11:05-04:00,2022-03-18 10:11:05-04:00,89.99,9,2022-03-18
2022-03-18 10:11:07-04:00,2022-03-18 10:11:07-04:00,89.99,3,2022-03-18
2022-03-18 10:11:09-04:00,2022-03-18 10:11:09-04:00,89.9841,4,2022-03-18
2022-03-18 10:11:46-04:00,2022-03-18 10:11:46-04:00,89.99,5,2022-03-18
2022-03-18 10:11:50-04:00,2022-03-18 10:11:50-04:00,89.98,2,2022-03-18
2022-03-18 10:13:33-04:00,2022-03-18 10:13:33-04:00,90.9635,4,2022-03-18
2022-03-18 10:16:06-04:00,2022-03-18 10:16:09-04:00,90.07,33,2022-03-18
2022-03-18 10:16:11-04:00,2022-03-18 10:16:11-04:00,90.0,3,2022-03-18
2022-03-18 10:16:13-04:00,2022-03-18 10:16:14-04:00,89.99,15,2022-03-18
2022-03-18 10:16:49-04:00,2022-03-18 10:16:49-04:00,90.0,6,2022-03-18
2022-03-18 10:16:57-04:00,2022-03-18 10:16:58-04:00,90.0,8,2022-03-18
2022-03-18 10:17:00-04:00,2022-03-18 10:17:01-04:00,90.0,8,2022-03-18
2022-03-18 10:17:53-04:00,2022-03-18 10:17:56-04:00,89.99,16,2022-03-18
2022-03-21 10:11:01-04:00,2022-03-21 10:13:51-04:00,98.11,881,2022-03-21
2022-03-21 10:13:54-04:00,2022-03-21 10:14:05-04:00,95.7,27,2022-03-21
2022-03-21 10:14:52-04:00,2022-03-21 10:14:57-04:00,95.56,26,2022-03-21
2022-03-21 10:15:02-04:00,2022-03-21 10:15:02-04:00,95.56,1,2022-03-21
2022-03-21 10:15:06-04:00,2022-03-21 10:15:06-04:00,96.7108,3,2022-03-21
2022-03-21 10:20:00-04:00,2022-03-21 10:20:00-04:00,95.7162,4,2022-03-21
2022-03-23 08:00:00-04:00,2022-03-23 08:00:05-04:00,142.9988,749,2022-03-23
2022-03-23 08:01:09-04:00,2022-03-23 08:01:13-04:00,142.87,15,2022-03-23
2022-03-23 09:43:20-04:00,2022-03-23 09:43:20-04:00,139.89,55,2022-03-23
2022-03-23 09:43:24-04:00,2022-03-23 09:44:03-04:00,141.61,1697,2022-03-23
2022-03-23 09:44:06-04:00,2022-03-23 09:44:09-04:00,140.33,141,2022-03-23
2022-03-23 09:44:12-04:00,2022-03-23 09:44:17-04:00,140.33,147,2022-03-23
2022-03-23 09:44:21-04:00,2022-03-23 09:44:23-04:00,139.94,95,2022-03-23
2022-03-23 09:44:26-04:00,2022-03-23 09:44:26-04:00,139.9888,53,2022-03-23
2022-03-23 09:44:35-04:00,2022-03-23 09:44:42-04:00,140.0,186,2022-03-23
2022-03-23 09:46:03-04:00,2022-03-23 09:49:43-04:00,144.2,7616,2022-03-23
2022-03-23 10:18:39-04:00,2022-03-23 10:18:40-04:00,139.9,37,2022-03-23
2022-03-23 10:19:20-04:00,2022-03-23 10:22:42-04:00,142.45,3105,2022-03-23
2022-03-23 10:24:32-04:00,2022-03-23 10:26:52-04:00,142.32,1529,2022-03-23
2022-03-23 10:27:51-04:00,2022-03-23 10:27:51-04:00,141.86,17,2022-03-23
2022-03-24 08:00:00-04:00,2022-03-24 08:01:10-04:00,136.42,298,2022-03-24
2022-03-24 08:02:17-04:00,2022-03-24 08:02:25-04:00,133.5,2,2022-03-24
2022-03-24 08:02:38-04:00,2022-03-24 08:02:38-04:00,133.5,1,2022-03-24
2022-03-24 08:03:18-04:00,2022-03-24 08:05:18-04:00,133.5,11,2022-03-24
2022-03-24 08:05:28-04:00,2022-03-24 08:05:47-04:00,133.49,2,2022-03-24
2022-03-24 08:23:15-04:00,2022-03-24 08:46:32-04:00,134.8,110,2022-03-24
2022-03-24 08:48:03-04:00,2022-03-24 08:48:03-04:00,133.99,1,2022-03-24
2022-03-24 08:48:29-04:00,2022-03-24 08:48:40-04:00,134.0,3,2022-03-24
2022-03-24 08:48:59-04:00,2022-03-24 09:03:41-04:00,134.0,134,2022-03-24
2022-03-24 09:04:41-04:00,2022-03-24 09:04:41-04:00,133.4371,1,2022-03-24
2022-03-24 09:04:45-04:00,2022-03-24 09:04:52-04:00,133.45,4,2022-03-24
2022-03-24 09:04:57-04:00,2022-03-24 09:31:07-04:00,136.2,3984,2022-03-24
2022-03-24 09:31:09-04:00,2022-03-24 09:31:10-04:00,133.5,34,2022-03-24
2022-03-24 09:31:13-04:00,2022-03-24 09:31:17-04:00,133.46,38,2022-03-24
2022-03-24 09:31:19-04:00,2022-03-24 09:31:20-04:00,133.46,22,2022-03-24
2022-03-24 09:31:24-04:00,2022-03-24 09:31:30-04:00,133.75,69,2022-03-24
2022-03-24 09:31:32-04:00,2022-03-24 09:31:35-04:00,133.61,40,2022-03-24
2022-03-24 09:31:39-04:00,2022-03-24 09:35:53-04:00,137.3,2727,2022-03-24
2022-03-25 09:53:38-04:00,2022-03-25 09:53:38-04:00,152.9899,49,2022-03-25
2022-03-25 09:54:15-04:00,2022-03-25 09:56:26-04:00,154.9,2153,2022-03-25
2022-03-25 10:00:18-04:00,2022-03-25 10:00:23-04:00,153.2,70,2022-03-25
2022-03-25 10:00:40-04:00,2022-03-25 10:02:30-04:00,154.99,1457,2022-03-25
2022-03-25 10:02:32-04:00,2022-03-25 10:02:38-04:00,153.0,34,2022-03-25
2022-03-25 10:02:42-04:00,2022-03-25 10:02:44-04:00,152.95,28,2022-03-25
2022-03-25 10:03:07-04:00,2022-03-25 10:03:13-04:00,153.47,97,2022-03-25
2022-03-25 10:03:29-04:00,2022-03-25 10:03:39-04:00,153.46,123,2022-03-25
2022-03-25 10:03:41-04:00,2022-03-25 10:04:48-04:00,153.66,693,2022-03-25
2022-03-25 10:04:54-04:00,2022-03-25 10:04:55-04:00,152.98,14,2022-03-25
2022-03-25 10:05:49-04:00,2022-03-25 10:05:49-04:00,152.93,9,2022-03-25
2022-03-25 10:05:51-04:00,2022-03-25 10:05:52-04:00,152.9788,13,2022-03-25
2022-03-25 10:05:54-04:00,2022-03-25 10:05:56-04:00,152.96,23,2022-03-25
2022-03-25 10:06:00-04:00,2022-03-25 10:06:04-04:00,152.98,29,2022-03-25
2022-03-25 10:06:12-04:00,2022-03-25 10:07:05-04:00,154.11,666,2022-03-25
2022-03-25 10:11:58-04:00,2022-03-25 10:11:58-04:00,152.98,21,2022-03-25
2022-03-25 10:12:01-04:00,2022-03-25 10:12:10-04:00,153.24,147,2022-03-25
2022-03-25 10:22:52-04:00,2022-03-25 10:22:52-04:00,153.0,53,2022-03-25
2022-03-25 10:22:54-04:00,2022-03-25 10:22:55-04:00,152.99,23,2022-03-25
2022-03-28 09:58:04-04:00,2022-03-28 09:58:07-04:00,164.99,53,2022-03-28
2022-03-28 10:04:30-04:00,2022-03-28 10:04:30-04:00,164.95,12,2022-03-28
2022-03-28 10:04:34-04:00,2022-03-28 10:06:56-04:00,166.27,1610,2022-03-28
2022-03-28 10:07:04-04:00,2022-03-28 10:07:20-04:00,165.3,155,2022-03-28
2022-03-28 10:07:29-04:00,2022-03-28 10:07:46-04:00,165.9,188,2022-03-28
2022-03-28 10:07:48-04:00,2022-03-28 10:07:48-04:00,164.98,6,2022-03-28
2022-03-28 10:07:52-04:00,2022-03-28 10:07:57-04:00,165.0,56,2022-03-28
2022-03-28 10:08:02-04:00,2022-03-28 10:08:17-04:00,165.5,111,2022-03-28
2022-03-28 10:08:50-04:00,2022-03-28 10:08:56-04:00,165.5,89,2022-03-28
2022-03-28 10:09:00-04:00,2022-03-28 10:09:00-04:00,165.3499,4,2022-03-28
2022-03-28 10:09:02-04:00,2022-03-28 10:09:02-04:00,165.12,4,2022-03-28
2022-03-28 10:09:04-04:00,2022-03-28 10:09:04-04:00,164.9899,5,2022-03-28
2022-03-28 10:09:11-04:00,2022-03-28 10:09:14-04:00,164.98,24,2022-03-28
2022-03-28 10:09:16-04:00,2022-03-28 10:09:17-04:00,164.98,18,2022-03-28
2022-03-28 10:09:19-04:00,2022-03-28 10:09:19-04:00,164.98,8,2022-03-28
2022-03-28 10:09:27-04:00,2022-03-28 10:16:42-04:00,167.49,3676,2022-03-28
2022-03-28 10:16:44-04:00,2022-03-28 10:16:48-04:00,165.0,51,2022-03-28
2022-03-28 10:17:06-04:00,2022-03-28 10:17:17-04:00,165.35,95,2022-03-28
2022-03-28 10:19:23-04:00,2022-03-28 10:19:24-04:00,164.98,10,2022-03-28
2022-03-28 10:19:26-04:00,2022-03-28 10:19:30-04:00,165.2,32,2022-03-28
2022-03-28 10:19:32-04:00,2022-03-28 10:19:32-04:00,164.95,9,2022-03-28
2022-03-28 10:20:11-04:00,2022-03-28 10:20:11-04:00,164.9699,7,2022-03-28
2022-03-28 10:20:19-04:00,2022-03-28 10:20:23-04:00,165.0,37,2022-03-28
2022-03-28 10:20:25-04:00,2022-03-28 10:20:47-04:00,165.35,158,2022-03-28
2022-03-28 10:22:06-04:00,2022-03-28 10:22:11-04:00,165.13,61,2022-03-28
2022-03-28 10:22:16-04:00,2022-03-28 10:22:16-04:00,164.98,6,2022-03-28
2022-03-28 10:22:18-04:00,2022-03-28 10:22:19-04:00,164.96,10,2022-03-28
2022-03-28 10:22:22-04:00,2022-03-28 10:22:23-04:00,164.9797,9,2022-03-28
2022-03-28 10:22:25-04:00,2022-03-28 10:22:25-04:00,164.98,3,2022-03-28
2022-03-28 10:22:28-04:00,2022-03-28 10:22:30-04:00,164.97,14,2022-03-28
2022-03-28 10:22:32-04:00,2022-03-28 10:22:32-04:00,164.97,4,2022-03-28
2022-03-28 10:22:38-04:00,2022-03-28 10:22:39-04:00,164.97,11,2022-03-28
2022-03-29 08:00:00-04:00,2022-03-29 09:43:11-04:00,199.41,19756,2022-03-29
2022-03-29 09:43:50-04:00,2022-03-29 09:43:58-04:00,181.0,300,2022-03-29
2022-03-29 09:44:03-04:00,2022-03-29 09:44:12-04:00,182.0,320,2022-03-29
2022-03-29 09:44:14-04:00,2022-03-29 09:44:29-04:00,182.78,447,2022-03-29
2022-03-29 09:44:36-04:00,2022-03-29 09:44:38-04:00,180.88,121,2022-03-29
2022-03-29 09:45:00-04:00,2022-03-29 09:45:06-04:00,181.9699,188,2022-03-29
2022-03-29 09:45:08-04:00,2022-03-29 09:48:12-04:00,184.84,3198,2022-03-29
2022-03-29 09:48:15-04:00,2022-03-29 09:48:38-04:00,182.3,321,2022-03-29
2022-03-29 09:48:40-04:00,2022-03-29 09:48:40-04:00,180.81,12,2022-03-29
2022-03-29 09:48:57-04:00,2022-03-29 09:49:35-04:00,183.0,417,2022-03-29
2022-03-29 09:50:43-04:00,2022-03-29 09:50:43-04:00,180.755,17,2022-03-29
2022-03-29 09:50:52-04:00,2022-03-29 09:50:53-04:00,181.0,59,2022-03-29
2022-03-29 09:50:55-04:00,2022-03-29 09:51:13-04:00,181.94,251,2022-03-29
2022-03-29 09:51:18-04:00,2022-03-29 09:52:25-04:00,182.81,725,2022-03-29
2022-03-29 09:53:13-04:00,2022-03-29 09:53:13-04:00,180.95,15,2022-03-29
2022-03-29 09:53:16-04:00,2022-03-29 09:53:17-04:00,180.8599,19,2022-03-29
2022-03-29 09:53:19-04:00,2022-03-29 09:53:19-04:00,180.7188,9,2022-03-29
2022-03-29 09:53:21-04:00,2022-03-29 09:53:30-04:00,181.94,113,2022-03-29
2022-03-29 09:55:29-04:00,2022-03-29 09:55:37-04:00,181.0,116,2022-03-29
2022-03-29 09:55:39-04:00,2022-03-29 09:55:41-04:00,180.98,32,2022-03-29
2022-03-30 08:00:01-04:00,2022-03-30 08:18:10-04:00,181.9,245,2022-03-30
2022-03-30 08:18:31-04:00,2022-03-30 08:18:46-04:00,177.97,2,2022-03-30
2022-03-30 08:18:57-04:00,2022-03-30 08:19:16-04:00,177.98,3,2022-03-30
2022-03-30 08:21:48-04:00,2022-03-30 08:21:58-04:00,177.49,3,2022-03-30
2022-03-30 08:22:19-04:00,2022-03-30 08:22:42-04:00,177.49,2,2022-03-30
2022-03-30 08:35:08-04:00,2022-03-30 08:35:08-04:00,177.49,1,2022-03-30
2022-03-30 09:30:59-04:00,2022-03-30 09:31:07-04:00,177.99,99,2022-03-30
2022-03-30 09:33:29-04:00,2022-03-30 09:33:40-04:00,178.86,141,2022-03-30
2022-03-30 10:16:23-04:00,2022-03-30 10:16:23-04:00,177.49,6,2022-03-30
2022-03-30 10:16:25-04:00,2022-03-30 10:16:25-04:00,177.49,4,2022-03-30
2022-03-30 10:16:30-04:00,2022-03-30 10:16:30-04:00,177.4888,7,2022-03-30
2022-03-30 10:16:32-04:00,2022-03-30 10:18:55-04:00,178.85,795,2022-03-30
2022-03-30 10:18:57-04:00,2022-03-30 10:18:57-04:00,177.59,6,2022-03-30
2022-03-30 10:19:00-04:00,2022-03-30 10:19:11-04:00,177.67,55,2022-03-30
2022-03-30 10:19:30-04:00,2022-03-30 10:19:32-04:00,177.55,17,2022-03-30
2022-03-30 10:19:34-04:00,2022-03-30 10:19:34-04:00,177.5,5,2022-03-30
2022-03-30 10:19:36-04:00,2022-03-30 10:29:59-04:00,181.12,3110,2022-03-30
2022-03-31 09:31:56-04:00,2022-03-31 09:31:56-04:00,166.32,11,2022-03-31
2022-03-31 09:31:59-04:00,2022-03-31 09:31:59-04:00,166.49,9,2022-03-31
2022-03-31 09:32:01-04:00,2022-03-31 09:32:22-04:00,167.4899,197,2022-03-31
2022-03-31 09:32:25-04:00,2022-03-31 09:32:25-04:00,166.24,16,2022-03-31
2022-03-31 09:32:39-04:00,2022-03-31 09:32:53-04:00,166.99,135,2022-03-31
2022-03-31 09:32:55-04:00,2022-03-31 09:40:59-04:00,169.9899,3445,2022-03-31
2022-03-31 09:41:06-04:00,2022-03-31 09:41:06-04:00,166.31,4,2022-03-31
2022-03-31 09:41:09-04:00,2022-03-31 09:41:09-04:00,166.3099,4,2022-03-31
2022-03-31 09:41:14-04:00,2022-03-31 09:41:16-04:00,166.7,13,2022-03-31
2022-03-31 09:41:22-04:00,2022-03-31 09:41:22-04:00,166.21,8,2022-03-31
2022-03-31 10:15:19-04:00,2022-03-31 10:15:19-04:00,166.25,13,2022-03-31
2022-03-31 10:15:30-04:00,2022-03-31 10:15:32-04:00,166.249,16,2022-03-31
2022-03-31 10:15:34-04:00,2022-03-31 10:15:36-04:00,166.19,13,2022-03-31
2022-03-31 10:15:38-04:00,2022-03-31 10:15:38-04:00,166.19,5,2022-03-31
2022-03-31 10:15:40-04:00,2022-03-31 10:15:40-04:00,166.19,7,2022-03-31
2022-03-31 10:16:05-04:00,2022-03-31 10:16:05-04:00,166.219,4,2022-03-31
2022-03-31 10:16:07-04:00,2022-03-31 10:16:07-04:00,166.19,6,2022-03-31
2022-03-31 10:18:27-04:00,2022-03-31 10:21:06-04:00,168.0,781,2022-03-31
2022-03-31 10:21:08-04:00,2022-03-31 10:21:09-04:00,166.205,4,2022-03-31
2022-04-01 08:00:00-04:00,2022-04-01 09:34:29-04:00,195.7,14216,2022-04-01
2022-04-01 09:36:21-04:00,2022-04-01 09:36:57-04:00,185.0,968,2022-04-01
2022-04-01 09:37:09-04:00,2022-04-01 09:37:40-04:00,185.97,737,2022-04-01
2022-04-01 09:37:47-04:00,2022-04-01 09:37:58-04:00,184.82,191,2022-04-01
2022-04-01 09:38:06-04:00,2022-04-01 09:39:52-04:00,185.6,1646,2022-04-01
2022-04-01 09:39:56-04:00,2022-04-01 09:40:02-04:00,184.61,83,2022-04-01
2022-04-04 08:00:00-04:00,2022-04-04 09:32:19-04:00,168.33,3399,2022-04-04
2022-04-04 09:32:21-04:00,2022-04-04 09:32:26-04:00,165.0,42,2022-04-04
2022-04-04 09:32:28-04:00,2022-04-04 09:32:31-04:00,165.0,26,2022-04-04
2022-04-04 09:32:46-04:00,2022-04-04 09:32:49-04:00,165.0,26,2022-04-04
2022-04-04 09:32:51-04:00,2022-04-04 09:32:51-04:00,164.9286,10,2022-04-04
2022-04-04 09:32:54-04:00,2022-04-04 09:32:54-04:00,164.98,8,2022-04-04
2022-04-04 09:32:57-04:00,2022-04-04 09:33:01-04:00,164.99,36,2022-04-04
2022-04-04 09:33:03-04:00,2022-04-04 09:33:11-04:00,165.02,79,2022-04-04
2022-04-04 09:33:14-04:00,2022-04-04 09:33:17-04:00,165.12,25,2022-04-04
2022-04-04 09:33:20-04:00,2022-04-04 09:33:20-04:00,164.99,6,2022-04-04
2022-04-04 09:34:12-04:00,2022-04-04 09:34:12-04:00,164.98,9,2022-04-04
2022-04-04 09:38:39-04:00,2022-04-04 09:39:06-04:00,165.69,142,2022-04-04
2022-04-04 09:39:08-04:00,2022-04-04 09:39:14-04:00,165.04,23,2022-04-04
2022-04-04 09:39:17-04:00,2022-04-04 09:39:36-04:00,165.53,77,2022-04-04
2022-04-04 09:39:46-04:00,2022-04-04 09:39:49-04:00,164.99,16,2022-04-04
2022-04-04 09:39:51-04:00,2022-04-04 09:44:42-04:00,167.275,1247,2022-04-04
2022-04-04 09:44:44-04:00,2022-04-04 09:45:06-04:00,165.4899,65,2022-04-04
2022-04-04 09:45:09-04:00,2022-04-04 09:45:24-04:00,165.93,88,2022-04-04
2022-04-04 09:45:26-04:00,2022-04-04 09:45:28-04:00,165.52,18,2022-04-04
2022-04-04 09:45:30-04:00,2022-04-04 09:45:31-04:00,164.88,7,2022-04-04
2022-04-04 09:45:33-04:00,2022-04-04 09:45:36-04:00,164.85,31,2022-04-04
2022-04-04 09:45:41-04:00,2022-04-04 09:45:41-04:00,166.51,5,2022-04-04
2022-04-04 09:46:36-04:00,2022-04-04 09:46:36-04:00,164.98,7,2022-04-04
2022-04-04 09:50:18-04:00,2022-04-04 09:50:19-04:00,164.86,4,2022-04-04
2022-04-05 08:00:00-04:00,2022-04-05 09:30:43-04:00,171.5,1437,2022-04-05
2022-04-05 09:30:45-04:00,2022-04-05 09:30:46-04:00,166.86,11,2022-04-05
2022-04-05 09:30:48-04:00,2022-04-05 09:30:51-04:00,167.64,18,2022-04-05
2022-04-05 09:30:54-04:00,2022-04-05 09:30:54-04:00,167.21,14,2022-04-05
2022-04-05 09:30:56-04:00,2022-04-05 09:30:56-04:00,166.9939,4,2022-04-05
2022-04-05 09:30:59-04:00,2022-04-05 09:30:59-04:00,166.78,3,2022-04-05
2022-04-05 09:31:01-04:00,2022-04-05 09:31:08-04:00,167.45,31,2022-04-05
2022-04-05 09:31:10-04:00,2022-04-05 09:31:13-04:00,167.25,20,2022-04-05
2022-04-05 09:31:15-04:00,2022-04-05 09:31:16-04:00,166.91,12,2022-04-05
2022-04-05 09:32:00-04:00,2022-04-05 09:32:42-04:00,167.49,194,2022-04-05
2022-04-05 09:32:45-04:00,2022-04-05 09:32:46-04:00,166.9006,8,2022-04-05
2022-04-05 09:32:49-04:00,2022-04-05 09:33:04-04:00,167.9899,63,2022-04-05
2022-04-05 09:33:06-04:00,2022-04-05 09:33:06-04:00,167.02,8,2022-04-05
2022-04-05 09:33:09-04:00,2022-04-05 09:33:11-04:00,167.02,17,2022-04-05
2022-04-05 09:33:13-04:00,2022-04-05 09:33:17-04:00,167.07,12,2022-04-05
2022-04-05 09:33:20-04:00,2022-04-05 09:33:27-04:00,167.07,37,2022-04-05
2022-04-05 09:33:29-04:00,2022-04-05 09:33:30-04:00,166.86,12,2022-04-05
2022-04-05 09:33:39-04:00,2022-04-05 09:33:39-04:00,167.0,3,2022-04-05
2022-04-05 09:34:52-04:00,2022-04-05 09:34:52-04:00,166.73,4,2022-04-05
2022-04-05 09:34:57-04:00,2022-04-05 09:34:59-04:00,166.9399,12,2022-04-05
2022-04-05 09:35:02-04:00,2022-04-05 09:35:27-04:00,167.5,126,2022-04-05
2022-04-05 09:35:29-04:00,2022-04-05 09:35:32-04:00,166.88,17,2022-04-05
2022-04-05 09:35:36-04:00,2022-04-05 09:35:37-04:00,166.88,11,2022-04-05
2022-04-05 09:35:39-04:00,2022-04-05 09:35:40-04:00,167.4,13,2022-04-05
2022-04-05 09:35:42-04:00,2022-04-05 09:35:53-04:00,167.25,60,2022-04-05
2022-04-05 09:35:55-04:00,2022-04-05 09:36:02-04:00,167.0,38,2022-04-05
2022-04-05 09:36:06-04:00,2022-04-05 09:36:06-04:00,166.7499,2,2022-04-05
2022-04-05 09:37:28-04:00,2022-04-05 09:40:14-04:00,168.45,660,2022-04-05
2022-04-05 09:40:17-04:00,2022-04-05 09:40:35-04:00,167.55,61,2022-04-05
2022-04-05 09:40:46-04:00,2022-04-05 09:40:46-04:00,166.8,3,2022-04-05
2022-04-05 09:40:48-04:00,2022-04-05 09:40:48-04:00,166.802,1,2022-04-05
2022-04-05 09:40:53-04:00,2022-04-05 09:40:55-04:00,167.0,9,2022-04-05
2022-04-05 09:40:57-04:00,2022-04-05 09:40:57-04:00,166.91,2,2022-04-05
2022-04-05 09:40:59-04:00,2022-04-05 09:40:59-04:00,166.8,2,2022-04-05
2022-04-05 09:41:02-04:00,2022-04-05 09:41:07-04:00,166.9,29,2022-04-05
2022-04-05 09:41:12-04:00,2022-04-05 09:41:12-04:00,166.88,1,2022-04-05
2022-04-06 10:15:13-04:00,2022-04-06 10:20:01-04:00,159.32,1449,2022-04-06
2022-04-06 10:20:03-04:00,2022-04-06 10:20:17-04:00,158.69,40,2022-04-06
2022-04-06 10:20:19-04:00,2022-04-06 10:20:24-04:00,158.52,33,2022-04-06
2022-04-06 10:20:26-04:00,2022-04-06 10:20:28-04:00,158.41,13,2022-04-06
2022-04-07 08:00:00-04:00,2022-04-07 09:35:25-04:00,158.2,1810,2022-04-07
2022-04-07 09:35:27-04:00,2022-04-07 09:35:30-04:00,153.6099,8,2022-04-07
2022-04-07 09:35:32-04:00,2022-04-07 09:36:30-04:00,154.31,134,2022-04-07
2022-04-07 09:37:38-04:00,2022-04-07 09:37:43-04:00,153.46,17,2022-04-07
2022-04-07 09:37:45-04:00,2022-04-07 09:37:48-04:00,153.31,6,2022-04-07
2022-04-07 09:37:50-04:00,2022-04-07 09:37:51-04:00,153.46,5,2022-04-07
2022-04-07 09:37:54-04:00,2022-04-07 09:39:30-04:00,154.76,146,2022-04-07
2022-04-07 09:39:32-04:00,2022-04-07 09:40:01-04:00,153.82,61,2022-04-07
2022-04-07 09:40:05-04:00,2022-04-07 09:40:08-04:00,153.4571,9,2022-04-07
2022-04-07 09:40:12-04:00,2022-04-07 09:40:19-04:00,153.48,21,2022-04-07
2022-04-07 09:40:21-04:00,2022-04-07 09:40:22-04:00,153.14,3,2022-04-07
2022-04-07 09:43:20-04:00,2022-04-07 09:43:21-04:00,153.19,5,2022-04-07
2022-04-07 09:54:40-04:00,2022-04-07 09:54:40-04:00,153.39,2,2022-04-07
2022-04-08 08:00:00-04:00,2022-04-08 09:01:10-04:00,152.0,151,2022-04-08
2022-04-08 09:02:24-04:00,2022-04-08 09:02:51-04:00,150.99,4,2022-04-08
2022-04-08 09:03:00-04:00,2022-04-08 09:03:00-04:00,150.99,1,2022-04-08
2022-04-08 09:03:07-04:00,2022-04-08 09:03:07-04:00,150.99,1,2022-04-08
2022-04-08 09:03:55-04:00,2022-04-08 09:05:42-04:00,150.85,2,2022-04-08
2022-04-08 09:06:20-04:00,2022-04-08 09:06:20-04:00,149.97,1,2022-04-08
2022-04-08 09:06:58-04:00,2022-04-08 09:30:32-04:00,150.35,733,2022-04-08
2022-04-08 09:30:34-04:00,2022-04-08 09:30:36-04:00,149.06,22,2022-04-08
2022-04-08 09:30:38-04:00,2022-04-08 09:30:39-04:00,148.155,5,2022-04-08
2022-04-08 09:30:41-04:00,2022-04-08 09:30:41-04:00,148.5311,3,2022-04-08
2022-04-08 09:30:43-04:00,2022-04-08 09:30:49-04:00,148.5331,22,2022-04-08
2022-04-08 09:30:52-04:00,2022-04-08 09:30:56-04:00,148.18,11,2022-04-08
2022-04-08 09:30:59-04:00,2022-04-08 09:31:05-04:00,148.44,20,2022-04-08
2022-04-08 09:31:07-04:00,2022-04-08 09:31:12-04:00,148.425,17,2022-04-08
2022-04-08 09:32:03-04:00,2022-04-08 09:32:03-04:00,148.0773,6,2022-04-08
2022-04-08 10:28:01-04:00,2022-04-08 10:28:30-04:00,148.5399,63,2022-04-08
2022-04-08 10:28:33-04:00,2022-04-08 10:28:37-04:00,148.1399,8,2022-04-08
2022-04-08 10:28:53-04:00,2022-04-08 10:28:53-04:00,148.16,1,2022-04-08
2022-04-08 10:28:59-04:00,2022-04-08 10:29:00-04:00,148.22,3,2022-04-08
2022-04-08 10:29:18-04:00,2022-04-08 10:29:20-04:00,148.01,6,2022-04-08
2022-04-08 10:29:24-04:00,2022-04-08 10:29:43-04:00,148.5,25,2022-04-08
2022-04-08 10:29:47-04:00,2022-04-08 10:29:59-04:00,148.4569,19,2022-04-08
2022-04-12 10:06:00-04:00,2022-04-12 10:07:29-04:00,152.48,320,2022-04-12
2022-04-12 10:07:44-04:00,2022-04-12 10:10:15-04:00,152.2,346,2022-04-12
2022-04-12 10:10:17-04:00,2022-04-12 10:10:17-04:00,151.17,1,2022-04-12
2022-04-12 10:10:19-04:00,2022-04-12 10:10:22-04:00,151.27,10,2022-04-12
2022-04-12 10:10:24-04:00,2022-04-12 10:10:24-04:00,151.27,1,2022-04-12
2022-04-12 10:10:26-04:00,2022-04-12 10:10:26-04:00,151.27,5,2022-04-12
2022-04-12 10:10:29-04:00,2022-04-12 10:10:29-04:00,151.27,1,2022-04-12
2022-04-12 10:10:31-04:00,2022-04-12 10:13:20-04:00,152.49,376,2022-04-12
2022-04-12 10:13:22-04:00,2022-04-12 10:13:40-04:00,151.7,31,2022-04-12
2022-04-12 10:13:42-04:00,2022-04-12 10:13:42-04:00,151.2,5,2022-04-12
2022-04-12 10:13:45-04:00,2022-04-12 10:14:04-04:00,151.68,40,2022-04-12
2022-04-12 10:14:07-04:00,2022-04-12 10:14:07-04:00,151.26,1,2022-04-12
2022-04-12 10:14:10-04:00,2022-04-12 10:19:08-04:00,152.42,515,2022-04-12
2022-04-12 10:19:30-04:00,2022-04-12 10:19:30-04:00,151.6523,4,2022-04-12
2022-04-12 10:20:57-04:00,2022-04-12 10:20:57-04:00,151.25,1,2022-04-12
2022-04-12 10:20:59-04:00,2022-04-12 10:21:00-04:00,151.25,2,2022-04-12
2022-04-12 10:21:03-04:00,2022-04-12 10:21:03-04:00,151.25,3,2022-04-12
2022-04-12 10:21:14-04:00,2022-04-12 10:21:14-04:00,151.125,3,2022-04-12
2022-04-12 10:21:18-04:00,2022-04-12 10:21:48-04:00,151.6855,25,2022-04-12
2022-04-12 10:21:50-04:00,2022-04-12 10:22:11-04:00,151.5488,23,2022-04-12
2022-04-12 10:22:14-04:00,2022-04-12 10:22:15-04:00,151.2,3,2022-04-12
2022-04-12 10:22:20-04:00,2022-04-12 10:22:20-04:00,151.09,3,2022-04-12
2022-04-12 10:22:23-04:00,2022-04-12 10:22:23-04:00,151.09,4,2022-04-12
2022-04-12 10:24:59-04:00,2022-04-12 10:24:59-04:00,151.24,6,2022-04-12
2022-04-12 10:25:03-04:00,2022-04-12 10:25:33-04:00,151.5,30,2022-04-12
2022-04-12 10:25:38-04:00,2022-04-12 10:25:50-04:00,151.4588,10,2022-04-12
2022-04-12 10:25:53-04:00,2022-04-12 10:25:55-04:00,151.5,11,2022-04-12
2022-04-12 10:25:59-04:00,2022-04-12 10:26:02-04:00,151.39,6,2022-04-12
2022-04-12 10:26:05-04:00,2022-04-12 10:26:07-04:00,151.27,2,2022-04-12
2022-04-12 10:26:11-04:00,2022-04-12 10:26:16-04:00,151.46,10,2022-04-12
2022-04-12 10:26:38-04:00,2022-04-12 10:26:39-04:00,151.19,2,2022-04-12
2022-04-12 10:26:42-04:00,2022-04-12 10:26:44-04:00,151.19,4,2022-04-12
2022-04-12 10:26:48-04:00,2022-04-12 10:26:50-04:00,151.19,4,2022-04-12
2022-04-12 10:26:53-04:00,2022-04-12 10:26:53-04:00,151.19,1,2022-04-12
2022-04-12 10:26:56-04:00,2022-04-12 10:26:57-04:00,151.19,5,2022-04-12
2022-04-12 10:27:00-04:00,2022-04-12 10:27:00-04:00,151.19,1,2022-04-12
2022-04-12 10:27:03-04:00,2022-04-12 10:27:03-04:00,151.19,2,2022-04-12
2022-04-12 10:27:07-04:00,2022-04-12 10:27:26-04:00,151.7,39,2022-04-12
2022-04-12 10:27:28-04:00,2022-04-12 10:27:31-04:00,151.49,6,2022-04-12
2022-04-12 10:27:35-04:00,2022-04-12 10:27:35-04:00,151.13,1,2022-04-12
2022-04-12 10:27:38-04:00,2022-04-12 10:29:19-04:00,151.69,139,2022-04-12
2022-04-12 10:29:21-04:00,2022-04-12 10:29:28-04:00,151.6,10,2022-04-12
2022-04-12 10:29:32-04:00,2022-04-12 10:29:41-04:00,151.59,14,2022-04-12
2022-04-12 10:29:44-04:00,2022-04-12 10:29:44-04:00,151.25,4,2022-04-12
2022-04-12 10:29:48-04:00,2022-04-12 10:29:56-04:00,151.26,7,2022-04-12
2022-04-13 10:15:49-04:00,2022-04-13 10:15:49-04:00,147.8788,1,2022-04-13
2022-04-13 10:16:02-04:00,2022-04-13 10:16:03-04:00,147.86,6,2022-04-13
2022-04-13 10:16:05-04:00,2022-04-13 10:16:05-04:00,147.82,2,2022-04-13
2022-04-13 10:16:09-04:00,2022-04-13 10:16:09-04:00,147.82,1,2022-04-13
2022-04-13 10:16:11-04:00,2022-04-13 10:16:12-04:00,147.82,6,2022-04-13
2022-04-13 10:16:15-04:00,2022-04-13 10:16:15-04:00,147.8199,5,2022-04-13
2022-04-14 10:23:48-04:00,2022-04-14 10:23:48-04:00,152.22,21,2022-04-14
2022-04-14 10:24:33-04:00,2022-04-14 10:24:33-04:00,152.22,3,2022-04-14
2022-04-14 10:24:35-04:00,2022-04-14 10:24:35-04:00,152.17,3,2022-04-14
2022-04-14 10:24:44-04:00,2022-04-14 10:24:56-04:00,152.49,53,2022-04-14
2022-04-14 10:25:39-04:00,2022-04-14 10:25:39-04:00,152.17,1,2022-04-14
2022-04-14 10:25:41-04:00,2022-04-14 10:25:42-04:00,152.17,6,2022-04-14
2022-04-14 10:29:45-04:00,2022-04-14 10:29:59-04:00,152.4988,44,2022-04-14
2022-04-18 08:00:00-04:00,2022-04-18 09:33:30-04:00,151.6,2414,2022-04-18
2022-04-18 09:33:32-04:00,2022-04-18 09:34:05-04:00,149.9699,69,2022-04-18
2022-04-18 09:34:07-04:00,2022-04-18 09:34:19-04:00,149.38,20,2022-04-18
2022-04-18 09:34:21-04:00,2022-04-18 09:34:21-04:00,149.98,3,2022-04-18
2022-04-18 09:34:23-04:00,2022-04-18 09:34:27-04:00,149.44,15,2022-04-18
2022-04-18 09:34:29-04:00,2022-04-18 09:34:45-04:00,149.4,30,2022-04-18
2022-04-18 09:38:37-04:00,2022-04-18 09:38:37-04:00,150.0,6,2022-04-18
2022-04-20 08:00:00-04:00,2022-04-20 08:01:23-04:00,152.45,61,2022-04-20
2022-04-20 08:02:31-04:00,2022-04-20 08:15:06-04:00,152.47,6,2022-04-20
2022-04-20 08:16:52-04:00,2022-04-20 09:30:12-04:00,153.9,655,2022-04-20
2022-04-20 09:30:14-04:00,2022-04-20 09:30:22-04:00,152.0,316,2022-04-20
2022-04-20 09:30:25-04:00,2022-04-20 09:30:26-04:00,151.9012,6,2022-04-20
2022-04-20 09:30:28-04:00,2022-04-20 09:30:32-04:00,152.47,31,2022-04-20
2022-04-20 09:30:35-04:00,2022-04-20 09:30:39-04:00,152.4299,21,2022-04-20
2022-04-20 09:31:14-04:00,2022-04-20 09:31:16-04:00,152.2188,13,2022-04-20
2022-04-20 09:31:18-04:00,2022-04-20 09:31:29-04:00,152.36,28,2022-04-20
2022-04-21 09:37:07-04:00,2022-04-21 09:37:08-04:00,152.7999,14,2022-04-21
2022-04-21 09:37:10-04:00,2022-04-21 09:37:16-04:00,152.91,15,2022-04-21
2022-04-21 09:37:18-04:00,2022-04-21 09:37:29-04:00,153.0,42,2022-04-21
2022-04-21 09:37:31-04:00,2022-04-21 09:37:45-04:00,153.27,32,2022-04-21
2022-04-21 09:37:48-04:00,2022-04-21 09:37:59-04:00,153.2,28,2022-04-21
2022-04-21 09:38:01-04:00,2022-04-21 09:38:05-04:00,152.96,15,2022-04-21
2022-04-21 09:38:07-04:00,2022-04-21 09:38:18-04:00,153.12,21,2022-04-21
2022-04-21 09:38:22-04:00,2022-04-21 09:38:22-04:00,152.97,5,2022-04-21
2022-04-21 09:38:25-04:00,2022-04-21 09:38:25-04:00,152.8778,2,2022-04-21
2022-04-22 10:01:21-04:00,2022-04-22 10:01:21-04:00,146.3,4,2022-04-22
2022-04-22 10:01:28-04:00,2022-04-22 10:01:29-04:00,146.19,7,2022-04-22
2022-04-22 10:01:33-04:00,2022-04-22 10:01:33-04:00,146.18,9,2022-04-22
2022-04-26 08:00:00-04:00,2022-04-26 09:32:41-04:00,138.99,972,2022-04-26
2022-04-26 09:32:43-04:00,2022-04-26 09:32:51-04:00,135.4788,18,2022-04-26
2022-04-26 09:32:53-04:00,2022-04-26 09:32:53-04:00,134.71,2,2022-04-26
2022-04-26 09:32:59-04:00,2022-04-26 09:32:59-04:00,134.7868,2,2022-04-26
2022-04-27 10:00:16-04:00,2022-04-27 10:00:16-04:00,132.85,2,2022-04-27
2022-04-28 08:00:00-04:00,2022-04-28 08:00:27-04:00,131.98,51,2022-04-28
2022-04-28 08:05:57-04:00,2022-04-28 08:07:53-04:00,131.9154,7,2022-04-28
2022-04-28 08:08:11-04:00,2022-04-28 08:08:11-04:00,132.0,1,2022-04-28
2022-04-28 08:12:15-04:00,2022-04-28 08:12:15-04:00,131.745,1,2022-04-28
2022-04-28 08:15:37-04:00,2022-04-28 08:15:37-04:00,132.0,1,2022-04-28
2022-04-28 08:26:43-04:00,2022-04-28 08:40:04-04:00,132.0,14,2022-04-28
2022-04-28 08:42:18-04:00,2022-04-28 08:53:54-04:00,132.5,17,2022-04-28
2022-04-28 08:55:20-04:00,2022-04-28 08:56:29-04:00,132.08,2,2022-04-28
2022-04-28 08:58:27-04:00,2022-04-28 09:00:11-04:00,132.0,4,2022-04-28
2022-04-28 09:02:36-04:00,2022-04-28 09:11:13-04:00,132.0,6,2022-04-28
2022-04-28 09:14:10-04:00,2022-04-28 09:14:10-04:00,131.98,1,2022-04-28
2022-04-28 09:17:51-04:00,2022-04-28 09:17:51-04:00,131.98,1,2022-04-28
2022-04-28 09:22:09-04:00,2022-04-28 09:22:09-04:00,131.98,1,2022-04-28
2022-04-28 09:23:28-04:00,2022-04-28 09:24:01-04:00,131.98,2,2022-04-28
2022-04-28 09:25:18-04:00,2022-04-28 09:26:21-04:00,131.98,3,2022-04-28
2022-04-28 09:28:27-04:00,2022-04-28 09:28:27-04:00,131.95,1,2022-04-28
2022-04-28 09:29:01-04:00,2022-04-28 09:29:01-04:00,131.95,1,2022-04-28
2022-04-28 09:30:01-04:00,2022-04-28 09:30:03-04:00,131.98,206,2022-04-28
2022-04-28 09:31:15-04:00,2022-04-28 09:31:15-04:00,131.56,2,2022-04-28
2022-04-28 09:31:22-04:00,2022-04-28 09:31:22-04:00,131.57,10,2022-04-28
2022-04-28 09:31:28-04:00,2022-04-28 09:32:01-04:00,132.86,46,2022-04-28
2022-04-28 09:32:04-04:00,2022-04-28 09:32:13-04:00,131.99,12,2022-04-28
2022-04-28 09:32:16-04:00,2022-04-28 09:32:17-04:00,131.57,4,2022-04-28
2022-04-28 09:32:21-04:00,2022-04-28 09:32:22-04:00,131.94,3,2022-04-28
2022-04-28 09:32:25-04:00,2022-04-28 09:32:29-04:00,131.92,11,2022-04-28
2022-04-28 09:32:32-04:00,2022-04-28 09:32:32-04:00,131.7622,1,2022-04-28
2022-04-28 09:32:37-04:00,2022-04-28 09:32:38-04:00,131.6,4,2022-04-28
2022-04-28 09:32:46-04:00,2022-04-28 09:32:47-04:00,131.58,5,2022-04-28
2022-04-28 09:32:52-04:00,2022-04-28 09:32:52-04:00,131.58,1,2022-04-28
2022-04-28 09:32:58-04:00,2022-04-28 09:32:58-04:00,131.5628,1,2022-04-28
2022-04-28 09:33:04-04:00,2022-04-28 09:33:04-04:00,131.61,6,2022-04-28
2022-04-28 09:33:06-04:00,2022-04-28 09:33:06-04:00,131.61,3,2022-04-28
2022-04-28 09:33:16-04:00,2022-04-28 09:33:21-04:00,131.94,9,2022-04-28
2022-04-28 09:33:25-04:00,2022-04-28 09:33:28-04:00,131.9288,5,2022-04-28
2022-04-28 09:33:34-04:00,2022-04-28 09:33:37-04:00,131.9032,6,2022-04-28
2022-04-28 09:33:39-04:00,2022-04-28 09:33:39-04:00,131.95,2,2022-04-28
2022-04-28 09:33:46-04:00,2022-04-28 09:33:46-04:00,131.7319,1,2022-04-28
2022-05-05 08:00:00-04:00,2022-05-05 08:00:08-04:00,126.1988,48,2022-05-05
2022-05-05 08:01:11-04:00,2022-05-05 08:01:11-04:00,127.08,2,2022-05-05
2022-05-05 08:13:04-04:00,2022-05-05 08:13:15-04:00,126.0,2,2022-05-05
2022-05-05 08:13:58-04:00,2022-05-05 08:15:00-04:00,126.0,3,2022-05-05
2022-05-05 08:19:47-04:00,2022-05-05 08:19:47-04:00,125.99,1,2022-05-05
2022-05-05 08:25:05-04:00,2022-05-05 08:25:05-04:00,125.9788,1,2022-05-05
2022-05-05 08:27:09-04:00,2022-05-05 08:27:09-04:00,125.97,1,2022-05-05
2022-05-05 08:29:11-04:00,2022-05-05 08:29:11-04:00,125.97,1,2022-05-05
2022-05-05 08:29:24-04:00,2022-05-05 08:29:24-04:00,125.97,1,2022-05-05
2022-05-05 08:30:21-04:00,2022-05-05 08:30:21-04:00,125.97,1,2022-05-05
2022-05-05 08:31:48-04:00,2022-05-05 08:31:48-04:00,125.97,1,2022-05-05
2022-05-05 08:32:56-04:00,2022-05-05 08:33:16-04:00,125.97,2,2022-05-05
2022-05-05 08:35:02-04:00,2022-05-05 08:39:49-04:00,125.97,3,2022-05-05
2022-05-05 08:53:16-04:00,2022-05-05 08:53:16-04:00,125.95,1,2022-05-05
2022-05-05 08:56:59-04:00,2022-05-05 08:59:14-04:00,125.95,3,2022-05-05
2022-05-06 08:00:00-04:00,2022-05-06 08:00:03-04:00,118.0,50,2022-05-06
2022-05-06 08:01:51-04:00,2022-05-06 08:02:13-04:00,117.77,2,2022-05-06
2022-05-06 08:05:46-04:00,2022-05-06 08:09:22-04:00,117.6,5,2022-05-06
2022-05-06 08:10:50-04:00,2022-05-06 08:12:04-04:00,117.6,3,2022-05-06
2022-05-06 08:12:56-04:00,2022-05-06 08:12:56-04:00,117.6,1,2022-05-06
2022-05-06 08:15:01-04:00,2022-05-06 08:16:06-04:00,117.59,6,2022-05-06
2022-05-06 08:18:56-04:00,2022-05-06 08:23:20-04:00,117.58,6,2022-05-06
2022-05-06 08:23:40-04:00,2022-05-06 08:23:40-04:00,117.5333,1,2022-05-06
2022-05-06 08:27:25-04:00,2022-05-06 08:30:14-04:00,117.51,4,2022-05-06
2022-05-06 08:35:53-04:00,2022-05-06 08:43:30-04:00,119.0,10,2022-05-06
2022-05-06 08:44:10-04:00,2022-05-06 08:57:35-04:00,119.0,19,2022-05-06
2022-05-06 08:58:47-04:00,2022-05-06 09:01:03-04:00,118.0,3,2022-05-06
2022-05-06 09:02:03-04:00,2022-05-06 09:06:56-04:00,118.2,9,2022-05-06
2022-05-06 09:08:52-04:00,2022-05-06 09:08:52-04:00,118.0,1,2022-05-06
2022-05-06 09:13:47-04:00,2022-05-06 09:13:57-04:00,117.8,2,2022-05-06
2022-05-06 09:14:43-04:00,2022-05-06 09:14:43-04:00,117.8,1,2022-05-06
2022-05-06 09:15:16-04:00,2022-05-06 09:15:17-04:00,117.8,2,2022-05-06
2022-05-06 09:16:15-04:00,2022-05-06 09:18:59-04:00,117.8,7,2022-05-06
2022-05-06 09:19:30-04:00,2022-05-06 09:24:21-04:00,117.7,5,2022-05-06
2022-05-06 09:30:03-04:00,2022-05-06 09:31:08-04:00,118.55,322,2022-05-06
2022-05-06 09:31:10-04:00,2022-05-06 09:31:12-04:00,117.99,11,2022-05-06
2022-05-06 09:31:18-04:00,2022-05-06 09:31:19-04:00,117.99,2,2022-05-06
2022-05-06 09:31:21-04:00,2022-05-06 09:31:23-04:00,117.9899,7,2022-05-06
2022-05-06 09:31:27-04:00,2022-05-06 09:31:29-04:00,117.99,4,2022-05-06
2022-05-06 09:31:33-04:00,2022-05-06 09:31:50-04:00,117.9932,20,2022-05-06
2022-05-06 09:32:00-04:00,2022-05-06 09:32:00-04:00,117.6836,2,2022-05-06
2022-05-06 09:32:07-04:00,2022-05-06 09:32:07-04:00,117.78,1,2022-05-06
2022-05-09 08:00:00-04:00,2022-05-09 09:33:05-04:00,113.9988,1512,2022-05-09
2022-05-09 09:33:09-04:00,2022-05-09 09:33:10-04:00,109.59,3,2022-05-09
2022-05-09 09:33:12-04:00,2022-05-09 09:33:13-04:00,109.43,15,2022-05-09
2022-05-09 09:33:17-04:00,2022-05-09 09:33:17-04:00,109.4788,4,2022-05-09
2022-05-09 09:35:02-04:00,2022-05-09 09:35:02-04:00,109.6156,5,2022-05-09
2022-05-09 09:35:52-04:00,2022-05-09 09:35:53-04:00,109.579,7,2022-05-09
2022-05-09 09:35:55-04:00,2022-05-09 09:36:04-04:00,109.57,37,2022-05-09
2022-05-09 09:36:10-04:00,2022-05-09 09:36:20-04:00,109.41,30,2022-05-09
2022-05-09 09:36:24-04:00,2022-05-09 09:36:25-04:00,109.7188,4,2022-05-09
2022-05-09 09:36:27-04:00,2022-05-09 09:36:27-04:00,109.5488,4,2022-05-09
2022-05-09 09:36:51-04:00,2022-05-09 09:36:54-04:00,109.38,13,2022-05-09
2022-05-09 09:36:58-04:00,2022-05-09 09:37:00-04:00,109.38,11,2022-05-09
2022-05-09 09:37:05-04:00,2022-05-09 09:37:06-04:00,109.36,4,2022-05-09
2022-05-11 08:00:01-04:00,2022-05-11 08:00:08-04:00,97.3,111,2022-05-11
2022-05-11 08:01:45-04:00,2022-05-11 08:01:45-04:00,96.74,1,2022-05-11
2022-05-11 08:03:19-04:00,2022-05-11 08:30:40-04:00,96.8,36,2022-05-11
2022-05-12 09:30:59-04:00,2022-05-12 09:31:36-04:00,85.94,290,2022-05-12
2022-05-12 10:07:37-04:00,2022-05-12 10:07:43-04:00,85.39,41,2022-05-12
2022-05-12 10:07:45-04:00,2022-05-12 10:07:47-04:00,85.39,10,2022-05-12
2022-05-12 10:07:49-04:00,2022-05-12 10:07:50-04:00,85.39,10,2022-05-12
2022-05-12 10:07:52-04:00,2022-05-12 10:25:35-04:00,108.05,5672,2022-05-12
2022-05-13 09:44:04-04:00,2022-05-13 09:45:21-04:00,106.8,1470,2022-05-13
2022-05-13 10:28:47-04:00,2022-05-13 10:28:50-04:00,104.639,47,2022-05-13
2022-05-13 10:28:52-04:00,2022-05-13 10:28:53-04:00,104.5299,13,2022-05-13
2022-05-16 08:00:00-04:00,2022-05-16 08:00:00-04:00,99.7278,17,2022-05-16
2022-05-16 08:00:02-04:00,2022-05-16 08:00:02-04:00,99.79,72,2022-05-16
2022-05-16 08:00:10-04:00,2022-05-16 08:00:10-04:00,99.9988,2,2022-05-16
2022-05-16 08:42:38-04:00,2022-05-16 08:43:56-04:00,99.79,6,2022-05-16
2022-05-16 08:44:09-04:00,2022-05-16 08:44:09-04:00,99.5,1,2022-05-16
2022-05-16 08:55:38-04:00,2022-05-16 08:55:38-04:00,99.65,1,2022-05-16
2022-05-16 08:57:32-04:00,2022-05-16 08:57:32-04:00,99.64,1,2022-05-16
2022-05-16 08:58:10-04:00,2022-05-16 08:58:10-04:00,99.6399,1,2022-05-16
2022-05-18 08:00:00-04:00,2022-05-18 08:00:09-04:00,102.9888,197,2022-05-18
2022-05-18 08:00:12-04:00,2022-05-18 08:00:13-04:00,99.6988,5,2022-05-18
2022-05-18 10:22:09-04:00,2022-05-18 10:22:17-04:00,99.8399,64,2022-05-18
2022-05-18 10:22:19-04:00,2022-05-18 10:22:27-04:00,99.79,47,2022-05-18
2022-05-18 10:22:29-04:00,2022-05-18 10:22:42-04:00,99.73,57,2022-05-18
2022-05-18 10:22:44-04:00,2022-05-18 10:22:44-04:00,99.5,2,2022-05-18
2022-05-18 10:22:47-04:00,2022-05-18 10:22:47-04:00,99.4088,9,2022-05-18
2022-05-18 10:23:29-04:00,2022-05-18 10:23:30-04:00,99.5199,9,2022-05-18
2022-05-18 10:23:32-04:00,2022-05-18 10:23:33-04:00,99.5199,13,2022-05-18
2022-05-18 10:23:35-04:00,2022-05-18 10:23:35-04:00,99.52,2,2022-05-18
2022-05-18 10:23:37-04:00,2022-05-18 10:23:43-04:00,99.52,20,2022-05-18
2022-05-18 10:23:45-04:00,2022-05-18 10:23:51-04:00,99.4988,13,2022-05-18
2022-05-23 08:00:00-04:00,2022-05-23 08:01:09-04:00,99.5,166,2022-05-23
2022-05-23 08:01:44-04:00,2022-05-23 08:01:56-04:00,98.0,2,2022-05-23
2022-05-23 08:04:00-04:00,2022-05-23 08:04:00-04:00,98.0,1,2022-05-23
2022-05-23 08:05:15-04:00,2022-05-23 08:09:16-04:00,98.46,13,2022-05-23
2022-05-23 08:09:47-04:00,2022-05-23 08:34:05-04:00,98.46,53,2022-05-23
2022-05-23 08:35:14-04:00,2022-05-23 08:35:14-04:00,98.304,1,2022-05-23
2022-05-23 08:37:39-04:00,2022-05-23 08:41:06-04:00,98.32,9,2022-05-23
2022-05-23 08:42:36-04:00,2022-05-23 08:43:32-04:00,98.24,6,2022-05-23
2022-05-23 08:44:06-04:00,2022-05-23 08:44:48-04:00,98.24,6,2022-05-23
2022-05-23 08:46:06-04:00,2022-05-23 08:46:46-04:00,98.2,3,2022-05-23
2022-05-23 08:47:59-04:00,2022-05-23 08:47:59-04:00,98.0,1,2022-05-23
2022-05-23 08:48:48-04:00,2022-05-23 08:48:48-04:00,98.0,1,2022-05-23
2022-05-23 08:49:40-04:00,2022-05-23 08:50:49-04:00,98.2,8,2022-05-23
2022-05-23 08:51:44-04:00,2022-05-23 08:53:10-04:00,98.2,3,2022-05-23
2022-05-23 08:53:30-04:00,2022-05-23 08:53:30-04:00,98.12,1,2022-05-23
2022-05-23 08:53:43-04:00,2022-05-23 08:53:43-04:00,98.0,1,2022-05-23
2022-05-23 09:05:56-04:00,2022-05-23 09:05:56-04:00,98.0,1,2022-05-23
2022-05-23 09:06:21-04:00,2022-05-23 09:07:35-04:00,98.0,6,2022-05-23
2022-05-23 09:08:05-04:00,2022-05-23 09:08:59-04:00,98.0,5,2022-05-23
2022-05-23 09:09:45-04:00,2022-05-23 09:10:53-04:00,98.0,7,2022-05-23
2022-05-23 09:30:17-04:00,2022-05-23 09:30:17-04:00,100.28,9,2022-05-23
2022-05-24 08:00:00-04:00,2022-05-24 09:31:31-04:00,95.0,832,2022-05-24
2022-05-24 09:31:33-04:00,2022-05-24 09:31:36-04:00,93.0,6,2022-05-24
2022-05-24 09:31:38-04:00,2022-05-24 09:32:02-04:00,93.35,41,2022-05-24
2022-05-24 09:32:04-04:00,2022-05-24 09:32:04-04:00,92.8699,2,2022-05-24
2022-05-24 09:32:06-04:00,2022-05-24 09:32:10-04:00,92.87,9,2022-05-24
2022-05-24 09:32:12-04:00,2022-05-24 09:32:17-04:00,92.87,11,2022-05-24
2022-05-24 09:32:19-04:00,2022-05-24 09:32:29-04:00,93.0,34,2022-05-24
2022-05-24 09:32:31-04:00,2022-05-24 09:32:36-04:00,92.88,30,2022-05-24
2022-05-24 09:32:39-04:00,2022-05-24 09:32:41-04:00,92.8799,21,2022-05-24
2022-05-24 09:32:45-04:00,2022-05-24 09:32:45-04:00,92.7999,2,2022-05-24
2022-05-24 09:32:48-04:00,2022-05-24 09:32:48-04:00,92.79,4,2022-05-24
2022-05-24 09:32:54-04:00,2022-05-24 09:32:55-04:00,92.7699,5,2022-05-24
2022-05-24 09:42:16-04:00,2022-05-24 09:42:16-04:00,92.7488,3,2022-05-24
2022-05-25 10:14:53-04:00,2022-05-25 10:14:55-04:00,95.64,16,2022-05-25
2022-05-25 10:15:02-04:00,2022-05-25 10:15:03-04:00,95.7,8,2022-05-25
2022-05-25 10:15:05-04:00,2022-05-25 10:15:05-04:00,95.65,5,2022-05-25
2022-05-25 10:15:08-04:00,2022-05-25 10:15:08-04:00,95.67,2,2022-05-25
2022-05-25 10:15:12-04:00,2022-05-25 10:15:46-04:00,96.0,118,2022-05-25
2022-05-25 10:15:48-04:00,2022-05-25 10:16:27-04:00,96.0,133,2022-05-25
2022-05-25 10:16:40-04:00,2022-05-25 10:16:40-04:00,95.6999,3,2022-05-25
2022-05-25 10:16:42-04:00,2022-05-25 10:16:44-04:00,95.6999,5,2022-05-25
2022-05-25 10:17:34-04:00,2022-05-25 10:17:36-04:00,95.69,8,2022-05-25
2022-05-25 10:18:33-04:00,2022-05-25 10:29:59-04:00,98.4999,1562,2022-05-25
2022-05-26 10:02:08-04:00,2022-05-26 10:02:21-04:00,136.7,257,2022-05-26
2022-05-26 10:09:31-04:00,2022-05-26 10:10:12-04:00,138.0188,743,2022-05-26
2022-05-26 10:11:23-04:00,2022-05-26 10:11:23-04:00,136.19,15,2022-05-26
2022-05-26 10:11:25-04:00,2022-05-26 10:29:59-04:00,148.46,16187,2022-05-26
2022-05-27 09:02:18-04:00,2022-05-27 09:17:31-04:00,140.74,296,2022-05-27
2022-05-27 09:17:34-04:00,2022-05-27 09:17:40-04:00,139.0,4,2022-05-27
2022-05-27 09:17:47-04:00,2022-05-27 09:17:47-04:00,138.64,1,2022-05-27
2022-05-27 09:17:50-04:00,2022-05-27 09:17:50-04:00,138.5,1,2022-05-27
2022-05-27 09:18:00-04:00,2022-05-27 09:18:02-04:00,138.5,2,2022-05-27
2022-05-27 09:18:04-04:00,2022-05-27 09:18:04-04:00,138.26,1,2022-05-27
2022-05-27 09:18:12-04:00,2022-05-27 09:18:12-04:00,138.5,1,2022-05-27
2022-05-27 09:18:17-04:00,2022-05-27 09:18:17-04:00,138.2,1,2022-05-27
2022-05-27 09:18:23-04:00,2022-05-27 09:18:23-04:00,138.5,1,2022-05-27
2022-05-27 09:18:42-04:00,2022-05-27 09:19:03-04:00,138.5,4,2022-05-27
2022-05-27 09:19:08-04:00,2022-05-27 09:19:18-04:00,138.5,6,2022-05-27
2022-05-27 09:19:21-04:00,2022-05-27 09:19:21-04:00,138.5,1,2022-05-27
2022-05-27 09:19:24-04:00,2022-05-27 09:19:26-04:00,138.4,2,2022-05-27
2022-05-27 09:19:38-04:00,2022-05-27 09:19:45-04:00,138.3,2,2022-05-27
2022-05-27 09:19:51-04:00,2022-05-27 09:21:04-04:00,138.5,15,2022-05-27
2022-05-27 09:21:12-04:00,2022-05-27 09:21:15-04:00,138.5,2,2022-05-27
2022-05-27 09:21:28-04:00,2022-05-27 09:30:15-04:00,141.69,1361,2022-05-27
2022-05-27 09:30:18-04:00,2022-05-27 09:30:36-04:00,140.13,498,2022-05-27
2022-05-27 09:30:52-04:00,2022-05-27 09:33:50-04:00,143.7899,3374,2022-05-27
2022-05-27 09:34:16-04:00,2022-05-27 09:34:16-04:00,138.0,16,2022-05-27
2022-05-31 08:00:00-04:00,2022-05-31 09:39:48-04:00,140.0,6328,2022-05-31
2022-05-31 09:39:50-04:00,2022-05-31 09:39:51-04:00,132.3392,8,2022-05-31
2022-05-31 09:39:53-04:00,2022-05-31 09:39:58-04:00,132.3499,32,2022-05-31
2022-05-31 09:40:00-04:00,2022-05-31 09:40:00-04:00,132.0,12,2022-05-31
2022-05-31 09:48:13-04:00,2022-05-31 09:48:35-04:00,132.784,110,2022-05-31
2022-05-31 09:48:37-04:00,2022-05-31 09:48:37-04:00,132.0,6,2022-05-31
2022-06-01 08:01:08-04:00,2022-06-01 08:01:08-04:00,126.3,1,2022-06-01
2022-06-01 09:45:53-04:00,2022-06-01 09:46:04-04:00,126.74,63,2022-06-01
2022-06-01 09:46:06-04:00,2022-06-01 09:49:32-04:00,129.59,993,2022-06-01
2022-06-01 09:49:34-04:00,2022-06-01 09:49:38-04:00,126.4159,20,2022-06-01
2022-06-01 09:49:40-04:00,2022-06-01 09:50:10-04:00,126.81,73,2022-06-01
2022-06-01 09:50:13-04:00,2022-06-01 09:50:13-04:00,126.64,7,2022-06-01
2022-06-01 09:50:15-04:00,2022-06-01 09:51:27-04:00,127.42,157,2022-06-01
2022-06-01 09:51:41-04:00,2022-06-01 09:51:42-04:00,126.5599,5,2022-06-01
2022-06-01 09:51:45-04:00,2022-06-01 09:51:50-04:00,126.5588,13,2022-06-01
2022-06-02 09:45:11-04:00,2022-06-02 09:45:16-04:00,125.8799,59,2022-06-02
2022-06-02 09:45:23-04:00,2022-06-02 09:45:23-04:00,125.6899,14,2022-06-02
2022-06-02 09:45:27-04:00,2022-06-02 09:45:27-04:00,125.6738,5,2022-06-02
2022-06-02 09:45:30-04:00,2022-06-02 09:45:38-04:00,125.8,85,2022-06-02
2022-06-02 09:47:25-04:00,2022-06-02 09:47:39-04:00,126.49,118,2022-06-02
2022-06-02 09:49:35-04:00,2022-06-02 09:49:43-04:00,125.9999,36,2022-06-02
2022-06-02 09:49:46-04:00,2022-06-02 09:49:49-04:00,125.8,12,2022-06-02
2022-06-02 09:49:51-04:00,2022-06-02 09:49:51-04:00,125.8,6,2022-06-02
2022-06-02 09:49:56-04:00,2022-06-02 09:49:59-04:00,125.88,17,2022-06-02
2022-06-02 09:50:01-04:00,2022-06-02 09:50:04-04:00,125.88,18,2022-06-02
2022-06-02 09:50:06-04:00,2022-06-02 09:50:06-04:00,125.74,2,2022-06-02
2022-06-02 09:50:08-04:00,2022-06-02 09:50:10-04:00,125.75,6,2022-06-02
2022-06-02 09:50:15-04:00,2022-06-02 09:50:15-04:00,125.78,12,2022-06-02
2022-06-02 10:12:57-04:00,2022-06-02 10:13:02-04:00,125.78,52,2022-06-02
2022-06-02 10:13:04-04:00,2022-06-02 10:13:04-04:00,125.77,5,2022-06-02
2022-06-02 10:13:08-04:00,2022-06-02 10:13:08-04:00,125.691,5,2022-06-02
2022-06-02 10:13:10-04:00,2022-06-02 10:13:13-04:00,125.7,15,2022-06-02
2022-06-02 10:13:15-04:00,2022-06-02 10:13:16-04:00,125.739,5,2022-06-02
2022-06-02 10:13:18-04:00,2022-06-02 10:13:24-04:00,125.74,31,2022-06-02
2022-06-02 10:13:26-04:00,2022-06-02 10:13:26-04:00,125.68,6,2022-06-02
2022-06-02 10:13:30-04:00,2022-06-02 10:13:31-04:00,125.7,3,2022-06-02
2022-06-02 10:13:38-04:00,2022-06-02 10:13:38-04:00,125.6899,2,2022-06-02
2022-06-03 08:00:00-04:00,2022-06-03 09:26:16-04:00,134.26,344,2022-06-03
2022-06-03 09:27:11-04:00,2022-06-03 09:29:11-04:00,131.79,5,2022-06-03
2022-06-03 09:30:01-04:00,2022-06-03 09:30:07-04:00,130.3888,506,2022-06-03
2022-06-06 08:00:00-04:00,2022-06-06 08:00:02-04:00,136.69,137,2022-06-06
2022-06-07 10:28:40-04:00,2022-06-07 10:28:49-04:00,133.64,86,2022-06-07
2022-06-07 10:28:53-04:00,2022-06-07 10:29:07-04:00,133.315,44,2022-06-07
2022-06-07 10:29:15-04:00,2022-06-07 10:29:48-04:00,133.32,74,2022-06-07
2022-06-07 10:29:51-04:00,2022-06-07 10:29:54-04:00,133.07,9,2022-06-07
2022-06-07 10:29:57-04:00,2022-06-07 10:29:57-04:00,133.0588,2,2022-06-07
2022-06-08 09:47:19-04:00,2022-06-08 09:47:44-04:00,148.25,199,2022-06-08
2022-06-08 09:47:48-04:00,2022-06-08 09:47:48-04:00,147.5099,4,2022-06-08
2022-06-08 09:48:15-04:00,2022-06-08 09:48:16-04:00,147.6388,13,2022-06-08
2022-06-08 09:48:33-04:00,2022-06-08 09:48:37-04:00,147.51,23,2022-06-08
2022-06-08 09:48:40-04:00,2022-06-08 09:48:40-04:00,147.4999,2,2022-06-08
2022-06-08 09:48:42-04:00,2022-06-08 09:48:42-04:00,147.4988,3,2022-06-08
2022-06-08 09:57:35-04:00,2022-06-08 09:57:35-04:00,147.4499,8,2022-06-08
2022-06-08 09:57:37-04:00,2022-06-08 09:57:37-04:00,147.45,8,2022-06-08
2022-06-08 09:57:39-04:00,2022-06-08 09:57:39-04:00,147.4488,5,2022-06-08
2022-06-08 09:57:41-04:00,2022-06-08 09:57:43-04:00,147.45,12,2022-06-08
2022-06-08 09:57:45-04:00,2022-06-08 09:57:46-04:00,147.49,13,2022-06-08
2022-06-08 09:57:49-04:00,2022-06-08 09:57:55-04:00,147.49,33,2022-06-08
2022-06-08 09:57:57-04:00,2022-06-08 09:57:57-04:00,147.4888,3,2022-06-08
2022-06-08 09:57:59-04:00,2022-06-08 09:58:17-04:00,147.78,103,2022-06-08
2022-06-08 09:58:19-04:00,2022-06-08 09:58:22-04:00,147.48,32,2022-06-08
2022-06-08 09:58:31-04:00,2022-06-08 09:58:49-04:00,147.87,63,2022-06-08
2022-06-08 10:07:08-04:00,2022-06-08 10:09:09-04:00,148.5,525,2022-06-08
2022-06-08 10:09:12-04:00,2022-06-08 10:10:23-04:00,148.17,208,2022-06-08
2022-06-08 10:10:25-04:00,2022-06-08 10:10:31-04:00,147.9,21,2022-06-08
2022-06-08 10:10:33-04:00,2022-06-08 10:10:58-04:00,148.07,72,2022-06-08
2022-06-08 10:11:00-04:00,2022-06-08 10:11:01-04:00,147.95,2,2022-06-08
2022-06-08 10:11:04-04:00,2022-06-08 10:11:32-04:00,147.98,54,2022-06-08
2022-06-08 10:11:34-04:00,2022-06-08 10:11:35-04:00,147.805,9,2022-06-08
2022-06-09 08:00:00-04:00,2022-06-09 08:00:03-04:00,141.85,128,2022-06-09
2022-06-10 09:45:11-04:00,2022-06-10 09:45:20-04:00,130.9499,32,2022-06-10
2022-06-10 09:45:23-04:00,2022-06-10 09:45:24-04:00,130.47,7,2022-06-10
2022-06-10 09:45:26-04:00,2022-06-10 09:45:28-04:00,130.4799,9,2022-06-10
2022-06-10 09:45:30-04:00,2022-06-10 09:45:58-04:00,131.0,99,2022-06-10
2022-06-10 09:46:15-04:00,2022-06-10 09:46:15-04:00,130.45,7,2022-06-10
2022-06-10 09:46:17-04:00,2022-06-10 09:46:18-04:00,130.6699,11,2022-06-10
2022-06-10 09:46:21-04:00,2022-06-10 09:46:31-04:00,130.8488,27,2022-06-10
2022-06-10 09:46:33-04:00,2022-06-10 09:48:09-04:00,131.9899,310,2022-06-10
2022-06-10 09:48:11-04:00,2022-06-10 09:48:11-04:00,130.44,4,2022-06-10
2022-06-10 09:48:14-04:00,2022-06-10 09:48:14-04:00,130.44,6,2022-06-10
2022-06-10 09:48:36-04:00,2022-06-10 09:48:36-04:00,130.4249,3,2022-06-10
2022-06-10 09:48:40-04:00,2022-06-10 09:48:42-04:00,130.37,6,2022-06-10
2022-06-10 09:48:44-04:00,2022-06-10 09:48:46-04:00,130.42,5,2022-06-10
2022-06-10 09:48:54-04:00,2022-06-10 09:48:57-04:00,130.4088,13,2022-06-10
2022-06-10 09:49:12-04:00,2022-06-10 09:49:15-04:00,130.8599,12,2022-06-10
2022-06-10 09:49:17-04:00,2022-06-10 09:49:37-04:00,131.4,42,2022-06-10
2022-06-10 09:49:39-04:00,2022-06-10 09:49:40-04:00,130.5001,5,2022-06-10
2022-06-10 09:49:43-04:00,2022-06-10 09:49:43-04:00,130.43,1,2022-06-10
2022-06-10 09:49:47-04:00,2022-06-10 09:49:52-04:00,130.57,9,2022-06-10
2022-06-10 09:49:58-04:00,2022-06-10 09:49:58-04:00,130.3688,5,2022-06-10
2022-06-10 09:50:19-04:00,2022-06-10 09:50:19-04:00,130.36,3,2022-06-10
2022-06-10 09:50:23-04:00,2022-06-10 09:50:24-04:00,130.58,4,2022-06-10
2022-06-10 09:50:27-04:00,2022-06-10 09:50:44-04:00,131.32,52,2022-06-10
2022-06-10 09:50:46-04:00,2022-06-10 09:50:46-04:00,130.415,1,2022-06-10
2022-06-10 09:50:49-04:00,2022-06-10 09:50:49-04:00,130.8099,6,2022-06-10
2022-06-13 08:00:01-04:00,2022-06-13 08:00:04-04:00,122.35,184,2022-06-13
2022-06-13 08:04:50-04:00,2022-06-13 08:04:50-04:00,121.3,1,2022-06-13
2022-06-13 08:06:51-04:00,2022-06-13 08:06:51-04:00,128.44,5,2022-06-13
2022-06-13 08:12:35-04:00,2022-06-13 08:14:43-04:00,122.0,6,2022-06-13
2022-06-13 08:15:39-04:00,2022-06-13 08:15:42-04:00,121.5,2,2022-06-13
2022-06-13 08:15:57-04:00,2022-06-13 08:15:57-04:00,121.5,1,2022-06-13
2022-06-13 08:17:11-04:00,2022-06-13 08:18:24-04:00,122.0,7,2022-06-13
2022-06-13 08:19:16-04:00,2022-06-13 08:19:16-04:00,121.7,1,2022-06-13
2022-06-13 08:19:35-04:00,2022-06-13 08:21:37-04:00,121.7,8,2022-06-13
2022-06-13 08:23:31-04:00,2022-06-13 08:25:22-04:00,122.0,4,2022-06-13
2022-06-13 08:26:44-04:00,2022-06-13 08:26:44-04:00,122.0,1,2022-06-13
2022-06-13 08:27:09-04:00,2022-06-13 08:27:17-04:00,122.0,2,2022-06-13
2022-06-13 08:32:48-04:00,2022-06-13 08:34:36-04:00,122.0,3,2022-06-13
2022-06-13 08:35:24-04:00,2022-06-13 08:35:24-04:00,121.94,1,2022-06-13
2022-06-13 08:37:20-04:00,2022-06-13 08:38:51-04:00,121.94,5,2022-06-13
2022-06-13 08:40:25-04:00,2022-06-13 08:44:57-04:00,121.94,9,2022-06-13
2022-06-13 08:45:46-04:00,2022-06-13 08:46:05-04:00,121.53,6,2022-06-13
2022-06-13 08:47:40-04:00,2022-06-13 08:47:40-04:00,121.5,1,2022-06-13
2022-06-13 08:48:50-04:00,2022-06-13 08:48:53-04:00,121.5,2,2022-06-13
2022-06-13 08:49:28-04:00,2022-06-13 08:49:28-04:00,121.5,1,2022-06-13
2022-06-13 09:21:22-04:00,2022-06-13 09:21:22-04:00,121.48,1,2022-06-13
2022-06-13 09:28:33-04:00,2022-06-13 09:28:33-04:00,121.43,1,2022-06-13
2022-06-13 09:30:00-04:00,2022-06-13 09:30:33-04:00,124.0,726,2022-06-13
2022-06-13 09:30:35-04:00,2022-06-13 09:38:26-04:00,124.54,2008,2022-06-13
2022-06-13 09:38:29-04:00,2022-06-13 09:38:30-04:00,121.5,8,2022-06-13
2022-06-13 09:38:40-04:00,2022-06-13 09:38:40-04:00,121.4115,4,2022-06-13
2022-06-13 09:39:03-04:00,2022-06-13 09:39:06-04:00,121.39,12,2022-06-13
2022-06-13 09:39:08-04:00,2022-06-13 09:39:08-04:00,121.38,1,2022-06-13
2022-06-13 09:39:11-04:00,2022-06-13 09:39:12-04:00,121.34,11,2022-06-13
2022-06-14 09:59:43-04:00,2022-06-14 09:59:44-04:00,121.93,3,2022-06-14
2022-06-14 09:59:50-04:00,2022-06-14 09:59:50-04:00,121.9,6,2022-06-14
2022-06-14 09:59:53-04:00,2022-06-14 09:59:53-04:00,121.9,1,2022-06-14
2022-06-14 09:59:56-04:00,2022-06-14 09:59:56-04:00,121.8999,1,2022-06-14
2022-06-14 10:00:01-04:00,2022-06-14 10:04:26-04:00,124.25,703,2022-06-14
2022-06-14 10:04:31-04:00,2022-06-14 10:04:32-04:00,122.0499,2,2022-06-14
2022-06-14 10:04:36-04:00,2022-06-14 10:04:36-04:00,122.0104,3,2022-06-14
2022-06-14 10:04:38-04:00,2022-06-14 10:04:40-04:00,122.0278,14,2022-06-14
2022-06-14 10:04:44-04:00,2022-06-14 10:04:44-04:00,122.0,3,2022-06-14
2022-06-14 10:04:48-04:00,2022-06-14 10:04:48-04:00,122.0741,1,2022-06-14
2022-06-14 10:04:52-04:00,2022-06-14 10:04:53-04:00,121.9899,5,2022-06-14
2022-06-14 10:05:11-04:00,2022-06-14 10:05:11-04:00,121.98,2,2022-06-14
2022-06-14 10:05:14-04:00,2022-06-14 10:05:15-04:00,121.937,5,2022-06-14
2022-06-14 10:05:44-04:00,2022-06-14 10:05:44-04:00,121.9,1,2022-06-14
2022-06-15 09:42:09-04:00,2022-06-15 09:42:20-04:00,130.8399,59,2022-06-15
2022-06-16 09:31:12-04:00,2022-06-16 09:31:20-04:00,128.8399,35,2022-06-16
2022-06-16 09:31:22-04:00,2022-06-16 09:31:22-04:00,128.4,7,2022-06-16
2022-06-16 09:31:25-04:00,2022-06-16 09:31:25-04:00,128.38,1,2022-06-16
2022-06-16 09:31:27-04:00,2022-06-16 09:31:27-04:00,128.3148,1,2022-06-16
2022-06-16 09:31:31-04:00,2022-06-16 09:31:33-04:00,128.385,17,2022-06-16
2022-06-16 09:31:36-04:00,2022-06-16 09:31:38-04:00,128.44,5,2022-06-16
2022-06-16 09:31:48-04:00,2022-06-16 09:31:48-04:00,128.1299,2,2022-06-16
2022-06-16 09:42:34-04:00,2022-06-16 09:42:34-04:00,128.1788,2,2022-06-16
2022-06-16 09:45:01-04:00,2022-06-16 09:45:01-04:00,128.1799,2,2022-06-16
2022-06-16 09:45:05-04:00,2022-06-16 09:45:07-04:00,128.1788,8,2022-06-16
2022-06-16 09:45:13-04:00,2022-06-16 09:45:13-04:00,128.1799,4,2022-06-16
2022-06-16 09:45:16-04:00,2022-06-16 09:45:17-04:00,128.1799,4,2022-06-16
2022-06-16 09:45:19-04:00,2022-06-16 09:45:33-04:00,128.49,26,2022-06-16
2022-06-16 09:45:36-04:00,2022-06-16 09:45:44-04:00,128.48,13,2022-06-16
2022-06-16 09:45:46-04:00,2022-06-16 09:45:47-04:00,128.4488,4,2022-06-16
2022-06-16 09:45:51-04:00,2022-06-16 09:46:20-04:00,128.8138,55,2022-06-16
2022-06-16 09:46:50-04:00,2022-06-16 09:49:45-04:00,129.2888,325,2022-06-16
2022-06-16 09:49:48-04:00,2022-06-16 09:49:48-04:00,128.37,1,2022-06-16
2022-06-16 09:49:55-04:00,2022-06-16 09:49:59-04:00,128.545,11,2022-06-16
2022-06-16 09:50:07-04:00,2022-06-16 09:50:09-04:00,128.5988,4,2022-06-16
2022-06-16 09:50:13-04:00,2022-06-16 09:50:13-04:00,128.2,2,2022-06-16
2022-06-16 09:50:28-04:00,2022-06-16 09:50:28-04:00,128.37,1,2022-06-16
2022-06-16 09:50:32-04:00,2022-06-16 09:50:32-04:00,128.25,1,2022-06-16
2022-06-16 09:50:39-04:00,2022-06-16 09:50:46-04:00,128.65,15,2022-06-16
2022-06-16 09:50:52-04:00,2022-06-16 09:50:53-04:00,128.105,5,2022-06-16
2022-06-16 09:50:58-04:00,2022-06-16 09:51:07-04:00,128.38,13,2022-06-16
2022-06-16 09:51:13-04:00,2022-06-16 09:51:15-04:00,128.33,3,2022-06-16
2022-06-16 09:51:17-04:00,2022-06-16 09:51:17-04:00,128.3,1,2022-06-16
2022-06-16 09:51:34-04:00,2022-06-16 09:51:34-04:00,128.3,2,2022-06-16
2022-06-16 09:52:10-04:00,2022-06-16 09:52:11-04:00,128.1799,4,2022-06-16
2022-06-16 09:52:13-04:00,2022-06-16 09:52:13-04:00,128.14,1,2022-06-16
2022-06-16 09:52:16-04:00,2022-06-16 09:52:17-04:00,128.13,6,2022-06-16
2022-06-16 09:52:19-04:00,2022-06-16 09:52:19-04:00,128.1388,2,2022-06-16
2022-06-16 09:52:23-04:00,2022-06-16 09:52:23-04:00,128.1088,1,2022-06-16
2022-06-17 09:46:20-04:00,2022-06-17 09:46:58-04:00,132.87,191,2022-06-17
2022-06-17 09:47:00-04:00,2022-06-17 09:47:00-04:00,132.45,5,2022-06-17
2022-06-17 09:47:02-04:00,2022-06-17 09:47:21-04:00,132.62,56,2022-06-17
2022-06-17 09:47:24-04:00,2022-06-17 09:47:24-04:00,132.34,6,2022-06-17
2022-06-17 09:47:26-04:00,2022-06-17 09:47:29-04:00,132.53,16,2022-06-17
2022-06-17 09:47:32-04:00,2022-06-17 09:47:45-04:00,132.51,58,2022-06-17
2022-06-17 09:48:42-04:00,2022-06-17 09:48:42-04:00,132.22,5,2022-06-17
2022-06-17 09:49:04-04:00,2022-06-17 09:49:08-04:00,132.2499,15,2022-06-17
2022-06-17 09:50:29-04:00,2022-06-17 09:50:31-04:00,132.24,5,2022-06-17
2022-06-17 09:50:33-04:00,2022-06-17 09:50:36-04:00,132.24,11,2022-06-17
2022-06-17 09:50:38-04:00,2022-06-17 09:50:39-04:00,132.24,8,2022-06-17
2022-06-17 09:51:33-04:00,2022-06-17 09:51:35-04:00,132.44,12,2022-06-17
2022-06-17 09:51:41-04:00,2022-06-17 09:51:41-04:00,132.2799,1,2022-06-17
2022-06-17 09:51:44-04:00,2022-06-17 09:51:44-04:00,132.28,4,2022-06-17
2022-06-17 09:51:51-04:00,2022-06-17 09:51:55-04:00,132.2788,9,2022-06-17
2022-06-17 09:51:57-04:00,2022-06-17 09:51:59-04:00,132.2799,9,2022-06-17
2022-06-17 09:52:04-04:00,2022-06-17 09:52:11-04:00,132.36,12,2022-06-17
2022-06-17 09:52:17-04:00,2022-06-17 09:52:17-04:00,132.2301,1,2022-06-17
2022-06-17 09:52:23-04:00,2022-06-17 09:52:23-04:00,132.2549,2,2022-06-17
2022-06-17 09:52:53-04:00,2022-06-17 09:52:54-04:00,132.36,8,2022-06-17
2022-06-17 09:52:59-04:00,2022-06-17 09:52:59-04:00,132.1871,1,2022-06-17
2022-06-17 09:53:02-04:00,2022-06-17 09:53:08-04:00,132.35,11,2022-06-17
2022-06-17 09:53:12-04:00,2022-06-17 09:53:13-04:00,132.3599,3,2022-06-17
2022-06-17 09:53:15-04:00,2022-06-17 09:53:19-04:00,132.35,8,2022-06-17
2022-06-17 09:53:24-04:00,2022-06-17 09:53:24-04:00,132.2422,1,2022-06-17
2022-06-17 09:53:30-04:00,2022-06-17 09:53:30-04:00,132.365,3,2022-06-17
2022-06-17 09:53:50-04:00,2022-06-17 09:53:50-04:00,132.19,2,2022-06-17
2022-06-17 09:53:52-04:00,2022-06-17 09:53:53-04:00,132.4999,2,2022-06-17
2022-06-17 09:54:10-04:00,2022-06-17 09:54:12-04:00,132.28,5,2022-06-17
2022-06-17 09:54:19-04:00,2022-06-17 09:54:19-04:00,132.2599,2,2022-06-17
2022-06-17 09:54:21-04:00,2022-06-17 09:54:24-04:00,132.2188,5,2022-06-17
2022-06-17 09:55:13-04:00,2022-06-17 09:55:13-04:00,132.2,1,2022-06-17
2022-06-17 09:55:19-04:00,2022-06-17 09:55:20-04:00,132.2,2,2022-06-17
2022-06-17 09:55:24-04:00,2022-06-17 09:55:24-04:00,132.2654,1,2022-06-17
2022-06-17 09:55:26-04:00,2022-06-17 09:55:29-04:00,132.3,14,2022-06-17
2022-06-17 09:55:31-04:00,2022-06-17 09:55:32-04:00,132.3,6,2022-06-17
2022-06-17 09:55:34-04:00,2022-06-17 09:55:34-04:00,132.27,4,2022-06-17
2022-06-17 09:55:36-04:00,2022-06-17 09:55:38-04:00,132.26,7,2022-06-17
2022-06-17 09:55:49-04:00,2022-06-17 09:55:49-04:00,132.2899,3,2022-06-17
2022-06-17 09:55:56-04:00,2022-06-17 09:56:03-04:00,132.45,20,2022-06-17
2022-06-17 09:56:07-04:00,2022-06-17 09:56:10-04:00,132.48,7,2022-06-17
2022-06-17 09:56:13-04:00,2022-06-17 09:56:15-04:00,132.49,9,2022-06-17
2022-06-17 09:56:18-04:00,2022-06-17 09:56:26-04:00,132.4899,21,2022-06-17
2022-06-17 09:56:29-04:00,2022-06-17 09:56:32-04:00,132.23,7,2022-06-17
2022-06-17 09:56:37-04:00,2022-06-17 09:56:39-04:00,132.43,4,2022-06-17
2022-06-17 09:56:42-04:00,2022-06-17 09:56:42-04:00,132.2456,6,2022-06-17
2022-06-21 09:58:40-04:00,2022-06-21 09:59:21-04:00,143.63,222,2022-06-21
2022-06-21 09:59:25-04:00,2022-06-21 09:59:25-04:00,143.0988,2,2022-06-21
2022-06-21 09:59:39-04:00,2022-06-21 10:00:02-04:00,143.44,86,2022-06-21
2022-06-21 10:04:45-04:00,2022-06-21 10:04:45-04:00,143.15,5,2022-06-21
2022-06-21 10:04:47-04:00,2022-06-21 10:10:19-04:00,144.8299,991,2022-06-21
2022-06-21 10:10:27-04:00,2022-06-21 10:10:31-04:00,143.2988,14,2022-06-21
2022-06-21 10:10:33-04:00,2022-06-21 10:10:49-04:00,143.3,38,2022-06-21
2022-06-21 10:10:54-04:00,2022-06-21 10:27:52-04:00,144.94,1841,2022-06-21
2022-06-21 10:27:54-04:00,2022-06-21 10:28:02-04:00,143.29,12,2022-06-21
2022-06-21 10:28:28-04:00,2022-06-21 10:28:30-04:00,143.13,17,2022-06-21
2022-06-21 10:28:34-04:00,2022-06-21 10:28:34-04:00,143.2488,4,2022-06-21
2022-06-21 10:28:42-04:00,2022-06-21 10:28:43-04:00,143.13,4,2022-06-21
2022-06-21 10:28:45-04:00,2022-06-21 10:28:45-04:00,143.2388,1,2022-06-21
2022-06-21 10:28:50-04:00,2022-06-21 10:28:56-04:00,143.49,3,2022-06-21
2022-06-21 10:28:59-04:00,2022-06-21 10:29:58-04:00,143.45,89,2022-06-21
2022-06-22 10:24:21-04:00,2022-06-22 10:24:21-04:00,143.7516,3,2022-06-22
2022-06-22 10:24:23-04:00,2022-06-22 10:24:24-04:00,143.761,4,2022-06-22
2022-06-22 10:24:37-04:00,2022-06-22 10:24:37-04:00,143.68,4,2022-06-22
2022-06-24 09:46:26-04:00,2022-06-24 09:46:27-04:00,148.3699,20,2022-06-24
2022-06-27 08:00:00-04:00,2022-06-27 09:36:36-04:00,137.69,1994,2022-06-27
2022-06-27 09:36:38-04:00,2022-06-27 09:36:39-04:00,133.8299,9,2022-06-27
2022-06-27 09:36:42-04:00,2022-06-27 09:36:43-04:00,133.8199,3,2022-06-27
2022-06-27 09:36:45-04:00,2022-06-27 09:36:48-04:00,133.81,12,2022-06-27
2022-06-27 09:36:50-04:00,2022-06-27 09:36:53-04:00,133.9599,3,2022-06-27
2022-06-27 09:36:55-04:00,2022-06-27 09:36:55-04:00,133.9599,2,2022-06-27
2022-06-27 09:36:57-04:00,2022-06-27 09:36:57-04:00,133.9488,3,2022-06-27
2022-06-27 09:36:59-04:00,2022-06-27 09:37:00-04:00,133.69,3,2022-06-27
2022-06-27 09:37:03-04:00,2022-06-27 09:37:10-04:00,133.75,9,2022-06-27
2022-06-27 09:37:13-04:00,2022-06-27 09:37:14-04:00,133.615,2,2022-06-27
2022-06-27 09:37:16-04:00,2022-06-27 09:37:19-04:00,133.99,5,2022-06-27
2022-06-27 09:37:21-04:00,2022-06-27 09:37:21-04:00,133.97,3,2022-06-27
2022-06-27 09:37:24-04:00,2022-06-27 09:37:24-04:00,133.68,1,2022-06-27
2022-06-27 09:37:32-04:00,2022-06-27 09:37:32-04:00,133.8899,1,2022-06-27
2022-06-27 09:37:34-04:00,2022-06-27 09:37:38-04:00,133.8788,7,2022-06-27
2022-06-27 09:37:41-04:00,2022-06-27 09:37:44-04:00,133.8488,10,2022-06-27
2022-06-27 09:38:01-04:00,2022-06-27 09:38:13-04:00,134.0,34,2022-06-27
2022-06-27 09:39:44-04:00,2022-06-27 09:39:44-04:00,133.5,2,2022-06-27
2022-06-27 09:39:53-04:00,2022-06-27 09:39:55-04:00,133.67,13,2022-06-27
2022-06-27 09:39:57-04:00,2022-06-27 09:40:04-04:00,133.67,20,2022-06-27
2022-06-27 09:40:06-04:00,2022-06-27 09:40:31-04:00,133.97,64,2022-06-27
2022-06-27 09:40:33-04:00,2022-06-27 09:40:39-04:00,133.78,4,2022-06-27
2022-06-27 09:40:42-04:00,2022-06-27 09:40:46-04:00,133.61,7,2022-06-27
2022-06-29 08:01:12-04:00,2022-06-29 08:01:12-04:00,125.78,1,2022-06-29
2022-06-29 10:12:03-04:00,2022-06-29 10:12:03-04:00,125.5688,2,2022-06-29
2022-06-29 10:12:14-04:00,2022-06-29 10:12:18-04:00,125.5788,7,2022-06-29
2022-06-29 10:12:36-04:00,2022-06-29 10:12:36-04:00,125.5793,5,2022-06-29
2022-06-29 10:12:38-04:00,2022-06-29 10:12:42-04:00,125.5788,7,2022-06-29
2022-06-29 10:12:44-04:00,2022-06-29 10:12:44-04:00,125.5788,1,2022-06-29
2022-06-29 10:12:46-04:00,2022-06-29 10:12:46-04:00,125.58,3,2022-06-29
2022-06-29 10:12:48-04:00,2022-06-29 10:12:48-04:00,125.5799,1,2022-06-29
2022-06-29 10:12:52-04:00,2022-06-29 10:12:52-04:00,125.5699,1,2022-06-29
2022-06-29 10:12:59-04:00,2022-06-29 10:13:03-04:00,125.57,8,2022-06-29
2022-06-29 10:13:12-04:00,2022-06-29 10:13:12-04:00,125.56,1,2022-06-29
2022-06-30 08:02:52-04:00,2022-06-30 08:02:55-04:00,122.86,2,2022-06-30
2022-06-30 09:30:23-04:00,2022-06-30 09:30:23-04:00,122.7,5,2022-06-30
2022-06-30 09:30:26-04:00,2022-06-30 09:30:26-04:00,122.7,2,2022-06-30
2022-06-30 09:34:10-04:00,2022-06-30 09:34:10-04:00,122.39,2,2022-06-30
2022-06-30 09:34:14-04:00,2022-06-30 09:34:17-04:00,122.5,10,2022-06-30
2022-06-30 09:34:20-04:00,2022-06-30 09:34:21-04:00,122.4988,3,2022-06-30
2022-06-30 09:34:23-04:00,2022-06-30 09:34:25-04:00,122.4988,6,2022-06-30
2022-07-05 08:00:01-04:00,2022-07-05 08:00:01-04:00,123.82,34,2022-07-05
2022-07-06 09:25:01-04:00,2022-07-06 09:25:18-04:00,120.85,2,2022-07-06
2022-07-06 09:30:01-04:00,2022-07-06 09:30:01-04:00,120.85,34,2022-07-06
2022-07-06 09:30:05-04:00,2022-07-06 09:30:05-04:00,120.85,1,2022-07-06
2022-07-06 09:30:07-04:00,2022-07-06 09:30:07-04:00,120.85,32,2022-07-06
2022-07-06 09:30:09-04:00,2022-07-06 09:30:09-04:00,121.4,21,2022-07-06
2022-07-06 09:30:11-04:00,2022-07-06 09:30:12-04:00,120.99,177,2022-07-06
2022-07-06 09:30:15-04:00,2022-07-06 09:30:16-04:00,121.262,7,2022-07-06
2022-07-06 09:30:19-04:00,2022-07-06 09:30:20-04:00,121.3227,6,2022-07-06
2022-07-06 09:30:24-04:00,2022-07-06 09:30:25-04:00,121.5,90,2022-07-06
2022-07-06 09:30:27-04:00,2022-07-06 09:30:33-04:00,121.6299,9,2022-07-06
2022-07-06 09:30:35-04:00,2022-07-06 09:33:04-04:00,122.26,180,2022-07-06
2022-07-06 09:33:06-04:00,2022-07-06 09:33:06-04:00,121.0099,4,2022-07-06
2022-07-06 09:33:08-04:00,2022-07-06 09:33:33-04:00,121.47,16,2022-07-06
2022-07-06 09:33:40-04:00,2022-07-06 09:33:44-04:00,120.855,3,2022-07-06
2022-07-06 09:33:46-04:00,2022-07-06 09:34:23-04:00,121.48,34,2022-07-06
2022-07-06 09:34:25-04:00,2022-07-06 09:34:25-04:00,120.99,1,2022-07-06
2022-07-06 09:34:32-04:00,2022-07-06 09:34:33-04:00,120.9599,3,2022-07-06
2022-07-06 09:34:37-04:00,2022-07-06 09:34:37-04:00,120.7691,1,2022-07-06
2022-07-06 09:35:03-04:00,2022-07-06 09:35:03-04:00,120.8688,2,2022-07-06
2022-07-06 09:35:09-04:00,2022-07-06 09:35:14-04:00,120.84,6,2022-07-06
2022-07-06 09:35:37-04:00,2022-07-06 09:35:39-04:00,120.92,4,2022-07-06
2022-07-06 09:35:42-04:00,2022-07-06 09:35:42-04:00,120.8014,2,2022-07-06
2022-07-06 09:35:47-04:00,2022-07-06 09:35:47-04:00,120.8588,1,2022-07-06
2022-07-07 09:34:16-04:00,2022-07-07 09:34:32-04:00,130.99,457,2022-07-07
2022-07-08 08:01:11-04:00,2022-07-08 08:01:11-04:00,129.47,2,2022-07-08
2022-07-08 08:56:44-04:00,2022-07-08 08:56:44-04:00,129.16,3,2022-07-08
2022-07-08 08:56:53-04:00,2022-07-08 08:56:55-04:00,135.385,4,2022-07-08
2022-07-08 09:13:55-04:00,2022-07-08 09:16:24-04:00,129.4,14,2022-07-08
2022-07-08 09:16:36-04:00,2022-07-08 09:16:36-04:00,129.25,1,2022-07-08
2022-07-08 09:16:39-04:00,2022-07-08 09:16:55-04:00,129.25,2,2022-07-08
2022-07-08 09:17:04-04:00,2022-07-08 09:17:27-04:00,129.25,13,2022-07-08
2022-07-08 09:17:42-04:00,2022-07-08 09:17:46-04:00,129.25,2,2022-07-08
2022-07-08 09:18:07-04:00,2022-07-08 09:18:26-04:00,129.25,2,2022-07-08
2022-07-08 09:18:30-04:00,2022-07-08 09:19:14-04:00,129.25,6,2022-07-08
2022-07-08 09:19:24-04:00,2022-07-08 09:20:00-04:00,129.25,3,2022-07-08
2022-07-08 09:21:27-04:00,2022-07-08 09:21:27-04:00,129.25,1,2022-07-08
2022-07-08 09:21:33-04:00,2022-07-08 09:21:33-04:00,129.25,1,2022-07-08
2022-07-08 09:21:56-04:00,2022-07-08 09:22:02-04:00,129.25,4,2022-07-08
2022-07-08 09:22:32-04:00,2022-07-08 09:24:31-04:00,129.25,12,2022-07-08
2022-07-08 09:25:26-04:00,2022-07-08 09:25:26-04:00,129.2,1,2022-07-08
2022-07-12 09:37:14-04:00,2022-07-12 09:37:14-04:00,134.3699,2,2022-07-12
2022-07-12 09:37:19-04:00,2022-07-12 09:37:21-04:00,134.4699,12,2022-07-12
2022-07-13 09:42:31-04:00,2022-07-13 09:42:32-04:00,140.12,17,2022-07-13
2022-07-13 09:42:34-04:00,2022-07-13 09:42:59-04:00,140.51,97,2022-07-13
2022-07-15 09:30:01-04:00,2022-07-15 09:30:05-04:00,140.0,170,2022-07-15
2022-07-15 09:31:41-04:00,2022-07-15 09:31:41-04:00,139.6973,5,2022-07-15
2022-07-15 09:31:43-04:00,2022-07-15 09:31:46-04:00,139.78,30,2022-07-15
2022-07-15 09:32:23-04:00,2022-07-15 09:32:27-04:00,139.63,16,2022-07-15
2022-07-15 09:32:32-04:00,2022-07-15 09:32:36-04:00,139.78,16,2022-07-15
2022-07-15 09:32:38-04:00,2022-07-15 09:32:42-04:00,139.78,21,2022-07-15
2022-07-15 09:32:46-04:00,2022-07-15 09:32:48-04:00,139.78,11,2022-07-15
2022-07-15 09:32:50-04:00,2022-07-15 09:32:56-04:00,139.78,23,2022-07-15
2022-07-15 09:33:01-04:00,2022-07-15 09:33:10-04:00,139.78,36,2022-07-15
2022-07-15 09:33:14-04:00,2022-07-15 09:33:16-04:00,139.7488,6,2022-07-15
2022-07-15 09:33:19-04:00,2022-07-15 09:33:19-04:00,139.5788,6,2022-07-15
2022-07-15 09:33:21-04:00,2022-07-15 09:33:25-04:00,139.6999,15,2022-07-15
2022-07-15 09:33:29-04:00,2022-07-15 09:33:29-04:00,139.62,3,2022-07-15
2022-07-15 09:33:32-04:00,2022-07-15 09:33:32-04:00,139.62,5,2022-07-15
2022-07-15 09:33:34-04:00,2022-07-15 09:33:34-04:00,139.62,3,2022-07-15
2022-07-15 09:33:36-04:00,2022-07-15 09:33:36-04:00,139.55,2,2022-07-15
2022-07-15 09:33:39-04:00,2022-07-15 09:33:39-04:00,139.5588,5,2022-07-15
2022-07-18 09:56:07-04:00,2022-07-18 09:56:07-04:00,148.82,8,2022-07-18
2022-07-18 09:56:15-04:00,2022-07-18 09:56:16-04:00,148.9199,10,2022-07-18
2022-07-18 09:56:18-04:00,2022-07-18 09:56:19-04:00,148.9188,7,2022-07-18
2022-07-18 09:56:29-04:00,2022-07-18 09:56:29-04:00,148.92,5,2022-07-18
2022-07-18 09:56:32-04:00,2022-07-18 09:56:32-04:00,148.85,4,2022-07-18
2022-07-18 09:56:34-04:00,2022-07-18 09:56:34-04:00,148.85,4,2022-07-18
2022-07-18 09:56:37-04:00,2022-07-18 09:56:41-04:00,148.85,14,2022-07-18
2022-07-19 10:26:19-04:00,2022-07-19 10:26:19-04:00,155.0,93,2022-07-19
2022-07-19 10:26:36-04:00,2022-07-19 10:28:49-04:00,155.9588,493,2022-07-19
2022-07-19 10:28:51-04:00,2022-07-19 10:29:59-04:00,155.475,190,2022-07-19
2022-07-20 10:29:34-04:00,2022-07-20 10:29:35-04:00,161.5,84,2022-07-20
2022-07-21 08:00:00-04:00,2022-07-21 09:25:33-04:00,160.4,449,2022-07-21
2022-07-21 09:25:49-04:00,2022-07-21 09:32:54-04:00,160.0,880,2022-07-21
2022-07-21 09:33:08-04:00,2022-07-21 09:33:08-04:00,157.9788,5,2022-07-21
2022-07-21 09:33:13-04:00,2022-07-21 09:33:15-04:00,157.98,14,2022-07-21
2022-07-21 09:33:17-04:00,2022-07-21 09:33:18-04:00,157.94,6,2022-07-21
2022-07-21 09:33:21-04:00,2022-07-21 09:33:21-04:00,157.7988,1,2022-07-21
2022-08-08 09:41:51-04:00,2022-08-08 09:43:15-04:00,47.98,3343,2022-08-08
2022-08-08 09:43:17-04:00,2022-08-08 09:43:19-04:00,46.74,92,2022-08-08
2022-08-09 09:17:31-04:00,2022-08-09 09:17:35-04:00,45.135,31,2022-08-09
2022-08-09 09:17:37-04:00,2022-08-09 09:17:39-04:00,47.03,18,2022-08-09
2022-10-31 09:41:29-04:00,2022-10-31 09:41:30-04:00,34.39,137,2022-10-31
2022-10-31 09:41:32-04:00,2022-10-31 09:42:19-04:00,34.98,3538,2022-10-31
2022-10-31 09:42:21-04:00,2022-10-31 09:42:21-04:00,34.33,100,2022-10-31
2023-03-22 08:30:21-04:00,2023-03-22 08:30:24-04:00,27.22,12,2023-03-22
2023-03-22 08:30:54-04:00,2023-03-22 08:30:54-04:00,27.17,2,2023-03-22
2023-03-22 08:30:56-04:00,2023-03-22 08:31:00-04:00,27.18,11,2023-03-22
2023-03-22 08:31:02-04:00,2023-03-22 08:32:56-04:00,27.5,342,2023-03-22
2023-03-22 08:33:02-04:00,2023-03-22 08:33:03-04:00,27.19,8,2023-03-22
2023-03-22 08:33:05-04:00,2023-03-22 08:33:08-04:00,27.19,5,2023-03-22
2023-03-22 08:33:10-04:00,2023-03-22 08:34:18-04:00,27.36,135,2023-03-22
2023-03-22 08:34:57-04:00,2023-03-22 08:34:57-04:00,27.16,2,2023-03-22
2023-03-22 08:35:40-04:00,2023-03-22 08:35:42-04:00,27.2,7,2023-03-22
2023-03-22 08:35:44-04:00,2023-03-22 08:35:48-04:00,27.2,10,2023-03-22
2023-03-22 08:35:53-04:00,2023-03-22 08:37:18-04:00,27.4,146,2023-03-22
2023-03-22 08:37:21-04:00,2023-03-22 08:37:23-04:00,27.17,2,2023-03-22
2023-03-22 08:37:34-04:00,2023-03-22 08:37:34-04:00,27.2,3,2023-03-22
2023-03-22 08:37:36-04:00,2023-03-22 08:37:36-04:00,27.19,4,2023-03-22
2023-03-22 08:37:38-04:00,2023-03-22 08:37:38-04:00,27.1885,2,2023-03-22
2023-03-22 08:37:45-04:00,2023-03-22 08:37:53-04:00,27.35,11,2023-03-22
2023-03-22 08:38:00-04:00,2023-03-22 08:50:09-04:00,27.8,1095,2023-03-22
2023-03-22 08:50:57-04:00,2023-03-22 08:51:00-04:00,27.2,6,2023-03-22
2023-03-22 08:51:03-04:00,2023-03-22 08:51:03-04:00,27.17,1,2023-03-22
2023-03-22 08:51:09-04:00,2023-03-22 08:52:42-04:00,27.5,170,2023-03-22
2023-03-22 08:52:44-04:00,2023-03-22 08:53:14-04:00,27.26,39,2023-03-22
2023-03-22 08:53:19-04:00,2023-03-22 08:53:20-04:00,27.18,5,2023-03-22
2023-03-22 08:53:25-04:00,2023-03-22 08:53:25-04:00,27.19,1,2023-03-22
2023-03-22 08:53:27-04:00,2023-03-22 08:53:27-04:00,27.19,1,2023-03-22
2023-03-22 08:53:34-04:00,2023-03-22 08:54:01-04:00,27.25,27,2023-03-22
2023-03-22 08:54:03-04:00,2023-03-22 08:54:05-04:00,27.18,3,2023-03-22
2023-03-22 08:54:07-04:00,2023-03-22 08:54:15-04:00,27.2,6,2023-03-22
2023-03-22 09:24:04-04:00,2023-03-22 09:24:04-04:00,27.1897,9,2023-03-22
2023-03-22 09:24:13-04:00,2023-03-22 09:24:13-04:00,27.18,4,2023-03-22
2023-03-22 09:24:17-04:00,2023-03-22 09:24:17-04:00,27.16,3,2023-03-22
2023-03-22 09:24:26-04:00,2023-03-22 09:24:27-04:00,27.18,4,2023-03-22
2024-05-14 08:00:00-04:00,2024-05-14 08:06:20-04:00,80.0,57828,2024-05-14
2024-05-14 08:06:29-04:00,2024-05-14 08:06:47-04:00,58.5,2296,2024-05-14
2024-05-14 08:07:11-04:00,2024-05-14 08:07:12-04:00,57.7,57,2024-05-14
2024-05-14 08:07:15-04:00,2024-05-14 08:07:26-04:00,57.8,315,2024-05-14
2024-05-14 08:07:39-04:00,2024-05-14 08:07:46-04:00,57.96,208,2024-05-14
2024-05-14 08:07:49-04:00,2024-05-14 08:10:08-04:00,58.98,2372,2024-05-14
2024-05-14 08:10:10-04:00,2024-05-14 08:10:10-04:00,57.34,26,2024-05-14
2024-05-14 08:10:13-04:00,2024-05-14 08:21:18-04:00,68.9,15976,2024-05-14
2024-05-14 08:21:20-04:00,2024-05-14 08:21:37-04:00,63.4,2117,2024-05-14
2024-05-14 08:21:39-04:00,2024-05-14 08:21:43-04:00,63.3,483,2024-05-14
2024-05-14 08:21:45-04:00,2024-05-14 08:21:46-04:00,63.0,229,2024-05-14
2024-05-14 08:21:48-04:00,2024-05-14 08:22:20-04:00,62.99,3823,2024-05-14
2024-05-14 08:22:22-04:00,2024-05-14 08:24:12-04:00,61.0,2723,2024-05-14
2024-05-14 08:24:17-04:00,2024-05-14 08:24:25-04:00,57.5,322,2024-05-14
2024-05-14 08:24:35-04:00,2024-05-14 09:35:45-04:00,72.0,75037,2024-05-14
2024-05-14 09:35:47-04:00,2024-05-14 09:35:51-04:00,60.0,9487,2024-05-14
2024-05-14 09:35:53-04:00,2024-05-14 09:35:53-04:00,60.0,3356,2024-05-14
2024-05-14 09:35:55-04:00,2024-05-14 09:35:56-04:00,60.0,3087,2024-05-14
2024-05-14 09:36:01-04:00,2024-05-14 09:36:01-04:00,63.56,1109,2024-05-14
2024-05-14 09:36:06-04:00,2024-05-14 09:36:07-04:00,60.0,1275,2024-05-14
2024-05-14 09:36:10-04:00,2024-05-14 09:36:10-04:00,60.0,74,2024-05-14
2024-05-14 09:36:21-04:00,2024-05-14 09:36:28-04:00,60.0,102,2024-05-14
2024-05-14 10:21:33-04:00,2024-05-14 10:21:33-04:00,63.56,1,2024-05-14
2024-05-15 08:00:00-04:00,2024-05-15 08:38:35-04:00,60.6,39907,2024-05-15
2024-05-15 08:38:50-04:00,2024-05-15 08:39:33-04:00,42.98,311,2024-05-15
2024-05-15 08:39:43-04:00,2024-05-15 08:41:27-04:00,42.83,552,2024-05-15
2024-05-15 08:41:36-04:00,2024-05-15 08:41:38-04:00,42.47,8,2024-05-15
2024-05-15 08:41:40-04:00,2024-05-15 08:42:13-04:00,42.82,127,2024-05-15
2024-05-15 08:42:36-04:00,2024-05-15 08:46:35-04:00,43.43,874,2024-05-15
2024-05-15 08:46:40-04:00,2024-05-15 08:46:44-04:00,42.88,27,2024-05-15
2024-05-15 08:46:46-04:00,2024-05-15 08:46:47-04:00,42.65,7,2024-05-15
2024-05-15 08:46:50-04:00,2024-05-15 08:47:04-04:00,42.57,72,2024-05-15
2024-05-15 08:47:06-04:00,2024-05-15 08:47:20-04:00,42.79,46,2024-05-15
2024-05-15 08:47:22-04:00,2024-05-15 08:47:50-04:00,42.89,92,2024-05-15
2024-05-15 09:01:17-04:00,2024-05-15 09:08:17-04:00,64.74,41946,2024-05-15
2024-05-15 09:08:19-04:00,2024-05-15 09:08:25-04:00,42.5,39,2024-05-15
2024-05-15 09:08:33-04:00,2024-05-15 09:08:36-04:00,42.5,17,2024-05-15
2024-05-15 09:08:40-04:00,2024-05-15 09:08:44-04:00,42.5,15,2024-05-15
2024-05-15 09:08:46-04:00,2024-05-15 09:08:51-04:00,42.5,16,2024-05-15
2024-05-15 09:08:53-04:00,2024-05-15 09:08:53-04:00,42.47,5,2024-05-15
2024-05-15 09:08:55-04:00,2024-05-15 09:08:55-04:00,42.48,5,2024-05-15
2024-05-15 09:08:59-04:00,2024-05-15 09:09:00-04:00,42.48,6,2024-05-15
2024-05-15 09:09:02-04:00,2024-05-15 09:09:03-04:00,42.48,11,2024-05-15
2024-05-15 09:09:06-04:00,2024-05-15 09:09:06-04:00,42.47,6,2024-05-15
2024-05-15 09:09:08-04:00,2024-05-15 09:09:10-04:00,42.48,18,2024-05-15
2024-05-15 09:09:12-04:00,2024-05-15 09:10:10-04:00,42.77,189,2024-05-15
2024-05-15 09:10:12-04:00,2024-05-15 09:10:23-04:00,42.63,41,2024-05-15
2024-05-15 09:10:25-04:00,2024-05-15 09:11:05-04:00,42.7,124,2024-05-15
2024-05-15 09:11:08-04:00,2024-05-15 09:11:08-04:00,42.54,3,2024-05-15
2024-05-15 09:11:10-04:00,2024-05-15 09:11:20-04:00,42.63,24,2024-05-15
2024-05-15 09:11:22-04:00,2024-05-15 09:12:47-04:00,42.76,247,2024-05-15
2024-05-15 09:12:49-04:00,2024-05-15 09:12:53-04:00,42.61,10,2024-05-15
2024-05-15 09:12:55-04:00,2024-05-15 09:12:57-04:00,42.48,6,2024-05-15
2024-05-15 09:13:00-04:00,2024-05-15 09:13:06-04:00,42.48,25,2024-05-15
2024-05-15 09:13:08-04:00,2024-05-15 09:13:11-04:00,42.47,20,2024-05-15
2024-05-15 09:15:18-04:00,2024-05-15 09:15:22-04:00,42.6,20,2024-05-15
2024-05-15 09:15:38-04:00,2024-05-15 09:15:41-04:00,42.5,6,2024-05-15
2024-05-15 09:15:43-04:00,2024-05-15 09:16:18-04:00,42.85,120,2024-05-15
2024-05-15 09:16:20-04:00,2024-05-15 09:17:40-04:00,42.76,240,2024-05-15
2024-05-15 09:17:45-04:00,2024-05-15 09:17:45-04:00,42.5,3,2024-05-15
2024-05-15 09:17:47-04:00,2024-05-15 09:17:54-04:00,42.49,25,2024-05-15
2024-05-15 09:17:56-04:00,2024-05-15 09:17:58-04:00,42.49,9,2024-05-15
2024-05-15 09:18:00-04:00,2024-05-15 09:18:33-04:00,42.6,100,2024-05-15
2024-05-15 09:18:38-04:00,2024-05-15 09:18:38-04:00,42.5346,2,2024-05-15
2024-05-15 09:18:46-04:00,2024-05-15 09:18:51-04:00,42.5,15,2024-05-15
2024-05-15 09:18:54-04:00,2024-05-15 09:18:57-04:00,42.5,12,2024-05-15
2024-05-15 09:20:02-04:00,2024-05-15 09:20:14-04:00,42.85,46,2024-05-15
2024-05-15 09:20:16-04:00,2024-05-15 09:20:34-04:00,42.84,61,2024-05-15
2024-05-15 09:20:36-04:00,2024-05-15 09:20:41-04:00,42.54,19,2024-05-15
2024-05-15 09:20:43-04:00,2024-05-15 09:20:55-04:00,42.55,42,2024-05-15
2024-05-15 09:20:57-04:00,2024-05-15 09:20:59-04:00,42.5,14,2024-05-15
2024-05-15 09:21:01-04:00,2024-05-15 09:21:15-04:00,42.5,49,2024-05-15
2024-05-15 09:21:18-04:00,2024-05-15 09:21:22-04:00,42.49,15,2024-05-15
2024-05-15 09:21:24-04:00,2024-05-15 09:22:13-04:00,42.67,171,2024-05-15
2024-05-15 09:22:15-04:00,2024-05-15 09:22:42-04:00,42.57,87,2024-05-15
2024-05-15 09:22:44-04:00,2024-05-15 09:22:50-04:00,42.52,16,2024-05-15
2024-05-15 09:22:52-04:00,2024-05-15 09:22:53-04:00,42.52,10,2024-05-15
2024-05-15 09:22:56-04:00,2024-05-15 09:22:59-04:00,42.52,11,2024-05-15
2024-05-15 09:23:02-04:00,2024-05-15 09:25:37-04:00,43.1,489,2024-05-15
2024-05-15 09:37:02-04:00,2024-05-15 09:37:02-04:00,43.87,377,2024-05-15
2024-05-16 08:14:04-04:00,2024-05-16 08:14:22-04:00,36.75,97,2024-05-16
2024-05-16 08:14:30-04:00,2024-05-16 08:15:48-04:00,36.88,391,2024-05-16
2024-05-16 08:15:50-04:00,2024-05-16 08:15:51-04:00,36.68,9,2024-05-16
2024-05-16 08:23:37-04:00,2024-05-16 08:23:47-04:00,36.72,41,2024-05-16
2024-05-16 08:25:21-04:00,2024-05-16 08:25:28-04:00,36.78,19,2024-05-16
2024-05-16 08:25:30-04:00,2024-05-16 08:30:19-04:00,37.33,1329,2024-05-16
2024-05-17 08:00:00-04:00,2024-05-17 08:00:05-04:00,25.85,9482,2024-05-17
2024-05-17 08:00:53-04:00,2024-05-17 08:00:55-04:00,25.5093,1717,2024-05-17
2024-05-17 08:02:00-04:00,2024-05-17 08:02:00-04:00,25.28,62,2024-05-17
2024-05-20 08:01:03-04:00,2024-05-20 08:01:03-04:00,25.0,9,2024-05-20
2024-05-20 08:03:35-04:00,2024-05-20 08:03:35-04:00,25.02,40,2024-05-20
2024-05-20 08:03:37-04:00,2024-05-20 08:03:38-04:00,25.03,52,2024-05-20
2024-05-20 08:03:40-04:00,2024-05-20 08:03:42-04:00,25.02,87,2024-05-20
2024-05-20 08:03:44-04:00,2024-05-20 08:03:47-04:00,25.08,137,2024-05-20
2024-05-20 08:03:50-04:00,2024-05-20 08:03:52-04:00,25.03,95,2024-05-20
2024-05-20 08:03:54-04:00,2024-05-20 08:03:54-04:00,25.02,52,2024-05-20
2024-05-20 08:03:56-04:00,2024-05-20 08:03:58-04:00,25.05,118,2024-05-20
2024-05-20 08:04:00-04:00,2024-05-20 08:04:02-04:00,25.07,87,2024-05-20
2024-05-20 08:04:08-04:00,2024-05-20 08:04:08-04:00,25.07,45,2024-05-20
2024-05-20 08:04:10-04:00,2024-05-20 08:04:10-04:00,25.08,23,2024-05-20
2024-05-20 08:04:13-04:00,2024-05-20 08:04:13-04:00,25.05,32,2024-05-20
2024-05-20 08:04:24-04:00,2024-05-20 08:04:27-04:00,25.08,91,2024-05-20
2024-05-20 08:04:29-04:00,2024-05-20 08:04:30-04:00,25.08,40,2024-05-20
2024-05-20 08:04:32-04:00,2024-05-20 08:04:34-04:00,25.08,68,2024-05-20
2024-05-20 08:04:36-04:00,2024-05-20 08:04:37-04:00,25.04,43,2024-05-20
2024-05-20 08:04:39-04:00,2024-05-20 08:04:41-04:00,25.08,54,2024-05-20
2024-05-20 08:04:43-04:00,2024-05-20 08:04:47-04:00,25.06,101,2024-05-20
2024-05-20 08:04:52-04:00,2024-05-20 08:04:53-04:00,25.05,47,2024-05-20
2024-05-20 08:04:55-04:00,2024-05-20 08:04:55-04:00,25.0,24,2024-05-20
2024-05-20 08:04:59-04:00,2024-05-20 08:05:01-04:00,25.03,62,2024-05-20
2024-05-20 08:05:04-04:00,2024-05-20 08:05:05-04:00,25.04,48,2024-05-20
2024-05-20 08:05:07-04:00,2024-05-20 08:05:08-04:00,25.02,42,2024-05-20
2024-05-20 08:05:14-04:00,2024-05-20 08:05:14-04:00,25.0,20,2024-05-20
2024-05-20 08:05:16-04:00,2024-05-20 08:05:16-04:00,25.08,23,2024-05-20
2024-05-20 08:05:18-04:00,2024-05-20 08:05:21-04:00,25.05,87,2024-05-20
2024-05-20 08:05:24-04:00,2024-05-20 08:05:24-04:00,25.02,16,2024-05-20
2024-05-20 08:05:26-04:00,2024-05-20 08:05:32-04:00,25.08,114,2024-05-20
2024-05-20 08:05:34-04:00,2024-05-20 08:05:36-04:00,25.08,87,2024-05-20
2024-05-20 08:05:38-04:00,2024-05-20 08:05:46-04:00,25.06,256,2024-05-20
2024-05-20 08:05:54-04:00,2024-05-20 08:05:54-04:00,25.08,39,2024-05-20
2024-05-20 08:05:56-04:00,2024-05-20 08:05:56-04:00,25.07,36,2024-05-20
2024-05-20 08:06:00-04:00,2024-05-20 08:06:00-04:00,25.03,56,2024-05-20
2024-05-20 08:06:05-04:00,2024-05-20 08:06:06-04:00,25.08,54,2024-05-20
2024-05-20 08:06:08-04:00,2024-05-20 08:06:13-04:00,25.08,171,2024-05-20
2024-05-20 08:06:17-04:00,2024-05-20 08:06:17-04:00,25.02,15,2024-05-20
2024-05-20 08:06:28-04:00,2024-05-20 08:06:28-04:00,25.08,22,2024-05-20
2024-05-20 08:06:30-04:00,2024-05-20 08:06:30-04:00,25.05,23,2024-05-20
2024-05-20 08:06:33-04:00,2024-05-20 08:06:39-04:00,25.08,234,2024-05-20
2024-05-20 08:06:41-04:00,2024-05-20 08:06:44-04:00,25.08,137,2024-05-20
2024-05-20 08:06:46-04:00,2024-05-20 08:06:46-04:00,25.02,47,2024-05-20
2024-05-20 08:06:48-04:00,2024-05-20 08:06:49-04:00,25.04,72,2024-05-20
2024-05-20 08:06:52-04:00,2024-05-20 08:06:54-04:00,25.08,114,2024-05-20
2024-05-20 08:06:56-04:00,2024-05-20 08:06:56-04:00,25.07,36,2024-05-20
2024-05-20 08:06:59-04:00,2024-05-20 08:07:09-04:00,25.08,745,2024-05-20
2024-05-28 08:01:04-04:00,2024-05-28 08:01:04-04:00,25.4,50,2024-05-28
2024-05-28 08:01:14-04:00,2024-05-28 08:01:14-04:00,25.5,94,2024-05-28
2024-05-28 08:04:40-04:00,2024-05-28 08:04:40-04:00,25.28,31,2024-05-28
2024-05-28 08:04:45-04:00,2024-05-28 08:04:46-04:00,25.27,38,2024-05-28
2024-05-28 08:04:48-04:00,2024-05-28 08:04:49-04:00,25.2,41,2024-05-28
2024-05-28 08:04:51-04:00,2024-05-28 08:05:10-04:00,25.49,372,2024-05-28
2024-05-28 08:05:12-04:00,2024-05-28 08:05:12-04:00,25.05,15,2024-05-28
2024-05-28 08:05:14-04:00,2024-05-28 08:05:21-04:00,25.49,116,2024-05-28
2024-05-28 08:05:26-04:00,2024-05-28 08:05:26-04:00,25.46,10,2024-05-28
2024-05-28 08:05:31-04:00,2024-05-28 08:05:33-04:00,25.4,36,2024-05-28
2024-05-28 08:05:35-04:00,2024-05-28 08:05:38-04:00,25.47,59,2024-05-28
2024-05-28 08:05:42-04:00,2024-05-28 08:05:42-04:00,25.18,13,2024-05-28
2024-05-28 08:05:44-04:00,2024-05-28 08:05:46-04:00,25.33,47,2024-05-28
2024-05-28 08:05:48-04:00,2024-05-28 08:05:49-04:00,25.27,30,2024-05-28
2024-05-28 08:05:51-04:00,2024-05-28 08:05:51-04:00,25.4,9,2024-05-28
2024-05-28 08:05:54-04:00,2024-05-28 08:05:59-04:00,25.49,77,2024-05-28
2024-05-28 08:06:01-04:00,2024-05-28 08:06:16-04:00,25.49,214,2024-05-28
2024-05-28 08:06:18-04:00,2024-05-28 08:06:19-04:00,25.16,35,2024-05-28
2024-05-28 08:06:22-04:00,2024-05-28 08:06:22-04:00,25.45,6,2024-05-28
2024-05-28 08:06:28-04:00,2024-05-28 08:06:28-04:00,25.33,10,2024-05-28
2024-05-28 08:06:32-04:00,2024-05-28 08:06:33-04:00,25.4,16,2024-05-28
2024-05-28 08:06:37-04:00,2024-05-28 08:06:37-04:00,25.15,7,2024-05-28
2024-05-28 08:06:40-04:00,2024-05-28 08:06:40-04:00,25.49,10,2024-05-28
2024-05-28 08:06:45-04:00,2024-05-28 08:06:45-04:00,25.17,22,2024-05-28
2024-05-28 08:06:48-04:00,2024-05-28 08:06:52-04:00,25.49,41,2024-05-28
2024-05-28 08:07:00-04:00,2024-05-28 08:07:00-04:00,25.2,18,2024-05-28
2024-05-28 08:07:02-04:00,2024-05-28 08:07:03-04:00,25.34,21,2024-05-28
2024-05-28 08:07:05-04:00,2024-05-28 08:07:08-04:00,25.4,38,2024-05-28
2024-05-28 08:07:12-04:00,2024-05-28 08:07:14-04:00,25.46,38,2024-05-28
2024-05-28 08:07:16-04:00,2024-05-28 08:07:26-04:00,25.45,100,2024-05-28
2024-05-28 08:07:31-04:00,2024-05-28 08:07:42-04:00,25.49,137,2024-05-28
2024-05-28 08:07:44-04:00,2024-05-28 08:07:46-04:00,25.48,20,2024-05-28
2024-05-28 08:07:48-04:00,2024-05-28 08:07:49-04:00,25.35,22,2024-05-28
2024-05-28 08:07:51-04:00,2024-05-28 08:07:53-04:00,25.46,30,2024-05-28
2024-05-28 08:07:56-04:00,2024-05-28 08:07:58-04:00,25.33,36,2024-05-28
2024-05-28 08:08:01-04:00,2024-05-28 08:08:03-04:00,25.48,20,2024-05-28
2024-05-28 08:08:08-04:00,2024-05-28 08:08:08-04:00,25.35,7,2024-05-28
2024-05-28 08:08:10-04:00,2024-05-28 08:08:10-04:00,25.19,11,2024-05-28
2024-05-28 08:08:13-04:00,2024-05-28 08:08:13-04:00,25.16,9,2024-05-28
2024-05-28 08:08:15-04:00,2024-05-28 08:08:15-04:00,25.15,8,2024-05-28
2024-05-28 08:08:26-04:00,2024-05-28 08:08:26-04:00,25.18,14,2024-05-28
2024-05-28 08:08:32-04:00,2024-05-28 08:08:33-04:00,25.4,10,2024-05-28
2024-05-28 08:08:36-04:00,2024-05-28 08:08:36-04:00,25.45,19,2024-05-28
2024-05-28 08:08:42-04:00,2024-05-28 08:08:44-04:00,25.47,46,2024-05-28
2024-05-28 08:08:46-04:00,2024-05-28 08:08:46-04:00,25.47,29,2024-05-28
2024-05-28 08:08:49-04:00,2024-05-28 08:08:49-04:00,25.16,18,2024-05-28
2024-05-28 08:08:52-04:00,2024-05-28 08:08:55-04:00,25.33,68,2024-05-28
2024-05-28 08:08:59-04:00,2024-05-28 08:08:59-04:00,25.17,6,2024-05-28
2024-05-29 09:12:32-04:00,2024-05-29 09:12:32-04:00,25.43,6,2024-05-29
2024-05-29 09:12:34-04:00,2024-05-29 09:12:37-04:00,26.16,27,2024-05-29
2024-05-29 09:12:40-04:00,2024-05-29 09:12:40-04:00,26.245,5,2024-05-29
2024-06-03 08:00:00-04:00,2024-06-03 09:36:22-04:00,47.3129,96685,2024-06-03
2024-06-03 09:36:24-04:00,2024-06-03 09:36:33-04:00,37.07,3390,2024-06-03
2024-06-03 09:36:48-04:00,2024-06-03 09:36:52-04:00,36.6,1136,2024-06-03
2024-06-04 08:00:00-04:00,2024-06-04 08:00:00-04:00,30.42,2205,2024-06-04
2024-06-04 08:00:17-04:00,2024-06-04 08:00:19-04:00,30.6,378,2024-06-04
2024-06-04 08:01:01-04:00,2024-06-04 08:01:02-04:00,31.82,21,2024-06-04
2024-06-04 08:01:06-04:00,2024-06-04 08:01:07-04:00,31.75,9,2024-06-04
2024-06-04 08:01:41-04:00,2024-06-04 08:01:43-04:00,31.0,356,2024-06-04
2024-06-04 08:02:15-04:00,2024-06-04 08:02:15-04:00,30.94,78,2024-06-04
2024-06-04 08:02:28-04:00,2024-06-04 08:06:29-04:00,31.87,10429,2024-06-04
2024-06-07 08:00:00-04:00,2024-06-07 08:00:02-04:00,47.8721,23633,2024-06-07
2024-06-07 08:00:05-04:00,2024-06-07 08:00:09-04:00,48.26,16259,2024-06-07
2024-06-07 08:00:50-04:00,2024-06-07 08:00:59-04:00,47.8129,10905,2024-06-07
2024-06-07 08:02:00-04:00,2024-06-07 08:02:00-04:00,42.93,255,2024-06-07
2024-06-07 08:55:46-04:00,2024-06-07 08:56:26-04:00,63.94,3077,2024-06-07
2024-06-07 09:38:12-04:00,2024-06-07 09:52:34-04:00,48.0,78385,2024-06-07
2024-06-07 09:52:49-04:00,2024-06-07 09:52:49-04:00,42.476,212,2024-06-07
2024-06-10 08:00:00-04:00,2024-06-10 08:00:01-04:00,31.46,3629,2024-06-10
2024-06-10 08:00:03-04:00,2024-06-10 08:00:06-04:00,31.445,2522,2024-06-10
2024-06-10 08:00:30-04:00,2024-06-10 08:00:33-04:00,31.51,63,2024-06-10
2024-06-10 08:01:03-04:00,2024-06-10 08:01:04-04:00,31.85,37,2024-06-10
2024-06-10 08:01:10-04:00,2024-06-10 08:01:11-04:00,31.69,50,2024-06-10
2024-06-10 08:01:51-04:00,2024-06-10 08:01:52-04:00,30.83,511,2024-06-10
2024-06-10 08:02:36-04:00,2024-06-10 08:02:36-04:00,30.7,72,2024-06-10
2024-06-10 08:02:44-04:00,2024-06-10 08:07:38-04:00,31.87,19277,2024-06-10
2024-06-10 09:04:20-04:00,2024-06-10 09:04:20-04:00,32.005,5,2024-06-10
2024-06-10 09:04:25-04:00,2024-06-10 09:04:25-04:00,32.27,14,2024-06-10
2024-06-10 09:04:35-04:00,2024-06-10 09:04:35-04:00,32.545,9,2024-06-10
2024-06-10 09:04:45-04:00,2024-06-10 09:04:45-04:00,32.27,8,2024-06-10
2024-06-10 09:04:54-04:00,2024-06-10 09:04:54-04:00,32.27,14,2024-06-10
2024-06-10 09:05:12-04:00,2024-06-10 09:05:13-04:00,32.27,11,2024-06-10
2024-06-10 09:05:18-04:00,2024-06-10 09:05:18-04:00,32.115,6,2024-06-10
2024-06-10 09:05:22-04:00,2024-06-10 09:05:22-04:00,30.925,4,2024-06-10
2024-06-10 09:05:27-04:00,2024-06-10 09:05:27-04:00,30.925,8,2024-06-10
2024-06-10 09:05:46-04:00,2024-06-10 09:05:46-04:00,30.925,25,2024-06-10
2024-06-10 09:05:55-04:00,2024-06-10 09:05:55-04:00,30.925,7,2024-06-10
2024-06-10 09:06:04-04:00,2024-06-10 09:06:04-04:00,30.92,5,2024-06-10
2024-06-10 09:09:29-04:00,2024-06-10 09:09:29-04:00,30.765,6,2024-06-10
2024-06-10 09:09:43-04:00,2024-06-10 09:09:43-04:00,30.91,3,2024-06-10
2024-06-10 09:09:48-04:00,2024-06-10 09:09:48-04:00,30.935,4,2024-06-10
2024-06-10 09:09:53-04:00,2024-06-10 09:09:54-04:00,30.945,20,2024-06-10
2024-06-10 09:10:02-04:00,2024-06-10 09:10:03-04:00,33.695,31,2024-06-10
2024-06-10 09:10:12-04:00,2024-06-10 09:10:12-04:00,35.245,26,2024-06-10
2024-06-10 09:10:21-04:00,2024-06-10 09:10:22-04:00,35.395,33,2024-06-10
2024-06-10 09:10:31-04:00,2024-06-10 09:10:31-04:00,35.26,16,2024-06-10
2024-06-10 09:10:36-04:00,2024-06-10 09:10:36-04:00,35.245,6,2024-06-10
2024-06-10 09:10:41-04:00,2024-06-10 09:10:41-04:00,35.26,5,2024-06-10
2024-06-10 09:10:51-04:00,2024-06-10 09:10:51-04:00,35.245,10,2024-06-10
2024-06-10 09:10:55-04:00,2024-06-10 09:10:55-04:00,35.26,4,2024-06-10
2024-06-10 09:11:14-04:00,2024-06-10 09:11:14-04:00,35.645,6,2024-06-10
2024-06-10 09:11:24-04:00,2024-06-10 09:11:24-04:00,35.845,3,2024-06-10
2024-06-10 09:11:33-04:00,2024-06-10 09:11:34-04:00,35.975,10,2024-06-10
2024-06-10 09:12:36-04:00,2024-06-10 09:12:36-04:00,35.44,6,2024-06-10
2024-06-10 09:12:45-04:00,2024-06-10 09:12:45-04:00,35.44,5,2024-06-10
2024-06-10 09:12:54-04:00,2024-06-10 09:12:54-04:00,35.595,7,2024-06-10
2024-06-10 09:12:59-04:00,2024-06-10 09:12:59-04:00,35.34,6,2024-06-10
2024-06-10 09:13:08-04:00,2024-06-10 09:13:08-04:00,35.34,8,2024-06-10
2024-06-10 09:13:18-04:00,2024-06-10 09:13:18-04:00,35.595,19,2024-06-10
2024-06-10 09:13:27-04:00,2024-06-10 09:13:27-04:00,35.595,7,2024-06-10
2024-06-10 09:13:37-04:00,2024-06-10 09:13:37-04:00,35.605,9,2024-06-10
2024-06-10 09:13:56-04:00,2024-06-10 09:13:56-04:00,35.595,15,2024-06-10
2024-06-10 09:14:01-04:00,2024-06-10 09:14:01-04:00,35.605,5,2024-06-10
2024-06-10 09:14:05-04:00,2024-06-10 09:14:10-04:00,35.595,5,2024-06-10
2024-06-10 09:14:20-04:00,2024-06-10 09:14:20-04:00,35.595,7,2024-06-10
2024-06-10 09:14:30-04:00,2024-06-10 09:14:30-04:00,35.51,1,2024-06-10
2024-06-10 09:14:39-04:00,2024-06-10 09:14:39-04:00,35.595,10,2024-06-10
2024-06-10 09:14:58-04:00,2024-06-10 09:14:58-04:00,35.51,10,2024-06-10
2024-06-10 09:15:03-04:00,2024-06-10 09:15:03-04:00,35.46,4,2024-06-10
2024-06-10 09:15:07-04:00,2024-06-10 09:15:07-04:00,35.34,4,2024-06-10
2024-06-10 09:15:12-04:00,2024-06-10 09:15:12-04:00,35.595,5,2024-06-10
2024-06-10 09:15:21-04:00,2024-06-10 09:15:22-04:00,35.595,34,2024-06-10
2024-06-10 09:15:31-04:00,2024-06-10 09:15:31-04:00,35.495,11,2024-06-10
2024-06-10 09:15:40-04:00,2024-06-10 09:15:40-04:00,35.375,12,2024-06-10
2024-06-10 09:15:49-04:00,2024-06-10 09:15:49-04:00,35.28,3,2024-06-10
2024-06-10 09:15:58-04:00,2024-06-10 09:15:58-04:00,32.955,5,2024-06-10
2024-06-10 09:16:03-04:00,2024-06-10 09:16:03-04:00,35.235,7,2024-06-10
2024-06-10 09:16:13-04:00,2024-06-10 09:16:13-04:00,34.475,11,2024-06-10
2024-06-10 09:16:31-04:00,2024-06-10 09:16:32-04:00,34.455,13,2024-06-10
2024-06-10 09:16:51-04:00,2024-06-10 09:16:51-04:00,35.965,21,2024-06-10
2024-06-10 09:16:55-04:00,2024-06-10 09:16:55-04:00,35.965,11,2024-06-10
2024-06-10 09:17:14-04:00,2024-06-10 09:17:14-04:00,34.335,12,2024-06-10
2024-06-10 09:17:33-04:00,2024-06-10 09:17:33-04:00,34.385,10,2024-06-10
2024-06-10 09:17:43-04:00,2024-06-10 09:17:43-04:00,34.325,7,2024-06-10
2024-06-10 09:17:52-04:00,2024-06-10 09:17:52-04:00,34.385,15,2024-06-10
2024-06-10 09:17:57-04:00,2024-06-10 09:17:57-04:00,34.385,15,2024-06-10
2024-06-10 09:18:02-04:00,2024-06-10 09:18:02-04:00,34.335,9,2024-06-10
2024-06-10 09:18:06-04:00,2024-06-10 09:18:07-04:00,34.385,31,2024-06-10
2024-06-10 09:18:16-04:00,2024-06-10 09:18:16-04:00,34.385,6,2024-06-10
2024-06-10 09:18:25-04:00,2024-06-10 09:18:25-04:00,34.385,28,2024-06-10
2024-06-10 09:18:35-04:00,2024-06-10 09:18:35-04:00,34.335,9,2024-06-10
2024-06-10 09:18:44-04:00,2024-06-10 09:18:45-04:00,35.88,8,2024-06-10
2024-06-10 09:18:54-04:00,2024-06-10 09:18:54-04:00,35.88,5,2024-06-10
2024-06-10 09:19:04-04:00,2024-06-10 09:19:04-04:00,34.335,3,2024-06-10
2024-06-10 09:20:29-04:00,2024-06-10 09:20:29-04:00,36.205,8,2024-06-10
2024-06-10 09:20:48-04:00,2024-06-10 09:20:49-04:00,36.115,15,2024-06-10
2024-06-10 09:20:58-04:00,2024-06-10 09:20:58-04:00,36.205,7,2024-06-10
2024-06-10 09:21:07-04:00,2024-06-10 09:21:07-04:00,35.58,4,2024-06-10
2024-06-10 09:21:17-04:00,2024-06-10 09:21:17-04:00,34.505,4,2024-06-10
2024-06-10 09:21:22-04:00,2024-06-10 09:21:22-04:00,34.505,6,2024-06-10
2024-06-10 09:21:31-04:00,2024-06-10 09:21:32-04:00,34.505,23,2024-06-10
2024-06-10 09:21:41-04:00,2024-06-10 09:21:41-04:00,34.505,8,2024-06-10
2024-06-10 09:21:50-04:00,2024-06-10 09:21:51-04:00,34.505,15,2024-06-10
2024-06-10 09:22:00-04:00,2024-06-10 09:22:00-04:00,34.505,12,2024-06-10
2024-06-10 09:22:09-04:00,2024-06-10 09:22:09-04:00,34.98,4,2024-06-10
2024-06-10 09:22:14-04:00,2024-06-10 09:22:14-04:00,34.645,3,2024-06-10
2024-06-10 09:22:23-04:00,2024-06-10 09:22:23-04:00,34.805,4,2024-06-10
2024-06-10 09:22:32-04:00,2024-06-10 09:22:33-04:00,34.67,3,2024-06-10
2024-06-10 09:22:42-04:00,2024-06-10 09:22:42-04:00,36.26,18,2024-06-10
2024-06-10 09:23:43-04:00,2024-06-10 09:23:43-04:00,35.4,3,2024-06-10
2024-06-10 09:24:02-04:00,2024-06-10 09:24:02-04:00,35.7,10,2024-06-10
2024-06-10 09:24:07-04:00,2024-06-10 09:24:07-04:00,35.33,9,2024-06-10
2024-06-10 09:24:16-04:00,2024-06-10 09:24:16-04:00,34.43,5,2024-06-10
2024-06-10 09:24:26-04:00,2024-06-10 09:24:26-04:00,36.105,8,2024-06-10
2024-06-10 09:24:35-04:00,2024-06-10 09:24:35-04:00,35.865,8,2024-06-10
2024-06-10 09:24:44-04:00,2024-06-10 09:24:44-04:00,35.91,3,2024-06-10
2024-06-11 08:55:28-04:00,2024-06-11 08:55:28-04:00,27.87,6,2024-06-11
2024-06-11 08:55:45-04:00,2024-06-11 08:55:45-04:00,27.715,2,2024-06-11
2024-06-11 08:55:51-04:00,2024-06-11 08:55:51-04:00,27.785,2,2024-06-11
2024-06-11 08:56:08-04:00,2024-06-11 08:56:08-04:00,27.255,3,2024-06-11
2024-06-11 08:56:14-04:00,2024-06-11 08:56:14-04:00,27.22,4,2024-06-11
2024-06-11 08:56:20-04:00,2024-06-11 08:56:20-04:00,27.005,3,2024-06-11
2024-06-11 08:56:54-04:00,2024-06-11 08:56:55-04:00,27.245,4,2024-06-11
2024-06-11 08:57:00-04:00,2024-06-11 08:57:00-04:00,27.755,5,2024-06-11
2024-06-11 08:57:23-04:00,2024-06-11 08:57:29-04:00,27.82,5,2024-06-11
2024-06-11 08:57:41-04:00,2024-06-11 08:57:41-04:00,28.215,2,2024-06-11
2024-06-11 08:57:47-04:00,2024-06-11 08:57:47-04:00,28.255,3,2024-06-11
2024-06-11 08:57:53-04:00,2024-06-11 08:57:53-04:00,28.54,6,2024-06-11
2024-06-11 08:57:59-04:00,2024-06-11 08:58:05-04:00,29.005,14,2024-06-11
2024-06-11 08:58:11-04:00,2024-06-11 08:58:11-04:00,29.06,3,2024-06-11
2024-06-11 08:58:16-04:00,2024-06-11 08:58:16-04:00,29.015,7,2024-06-11
2024-06-11 08:58:22-04:00,2024-06-11 08:58:22-04:00,29.005,8,2024-06-11
2024-06-11 08:58:28-04:00,2024-06-11 08:58:29-04:00,29.015,10,2024-06-11
2024-06-11 08:58:34-04:00,2024-06-11 08:58:34-04:00,29.005,4,2024-06-11
2024-06-11 08:58:40-04:00,2024-06-11 08:58:40-04:00,29.015,6,2024-06-11
2024-06-11 08:58:46-04:00,2024-06-11 08:58:46-04:00,28.93,2,2024-06-11
2024-06-11 08:59:48-04:00,2024-06-11 08:59:48-04:00,28.985,1,2024-06-11
2024-06-11 10:21:42-04:00,2024-06-11 10:21:43-04:00,27.3,790,2024-06-11
2024-06-13 08:37:27-04:00,2024-06-13 08:37:27-04:00,32.365,10,2024-06-13
2024-06-13 08:37:32-04:00,2024-06-13 08:37:32-04:00,32.765,10,2024-06-13
2024-06-13 08:37:37-04:00,2024-06-13 08:37:38-04:00,32.4,21,2024-06-13
2024-06-13 08:37:41-04:00,2024-06-13 08:37:42-04:00,30.34,15,2024-06-13
2024-06-13 08:37:46-04:00,2024-06-13 08:37:47-04:00,31.37,23,2024-06-13
2024-06-13 08:37:51-04:00,2024-06-13 08:37:52-04:00,30.265,17,2024-06-13
2024-06-13 08:37:56-04:00,2024-06-13 08:37:56-04:00,31.32,11,2024-06-13
2024-06-18 08:44:31-04:00,2024-06-18 08:44:32-04:00,27.78,17,2024-06-18
2024-06-18 08:44:38-04:00,2024-06-18 08:44:38-04:00,29.025,4,2024-06-18
2024-06-18 08:44:43-04:00,2024-06-18 08:44:45-04:00,28.49,12,2024-06-18
2024-06-18 08:44:50-04:00,2024-06-18 08:44:51-04:00,28.495,3,2024-06-18
2024-06-18 08:45:02-04:00,2024-06-18 08:45:02-04:00,28.455,2,2024-06-18
2024-07-01 08:00:19-04:00,2024-07-01 08:00:19-04:00,26.16,7,2024-07-01
2024-12-09 08:00:01-05:00,2024-12-09 08:00:01-05:00,33.0788,129,2024-12-09
