detection_time,symbol,detection_mode,spectral_power,roc_value,volatility,volume_spike,price_range,venues,hybrid_primary_venue,hybrid_primary_samples,hybrid_primary_band_ratio,hybrid_primary_band_power,hybrid_primary_total_power,hybrid_confirm_venue,hybrid_confirm_samples,hybrid_confirm_band_ratio,hybrid_confirm_band_power,hybrid_confirm_total_power,hybrid_confirm_sample_ratio,hybrid_eligible
2024-05-13T12:00:42.050Z,GME,hybrid,0.0006706971254265996,0.007126948775055686,0.013020947942006523,1,7.902999999999999,EDGX|CBOE|OTC,OTC,92,0.9908231808095559,0.0006706971254265996,0.0006769089968995315,EDGX,4991,0.6621450103675397,0.10446178454658835,0.15776269987839112,54.25,1
2024-05-13T13:30:42.109Z,GME,hybrid,0.0024281564181116155,0.017665130568356408,0.008642114349144296,1,1.4800000000000004,EDGX|CBOE|OTC,OTC,451,0.565140475476276,0.0024281564181116155,0.004296553730407064,EDGX,3999,0.3692024652407609,0.004334062617181941,0.011738986126096564,8.866962305986696,1
2024-05-13T13:30:57.125Z,GME,hybrid,0.007935599832038644,0.007433489827855936,0.007791958470842396,1,1.3300000000000018,EDGX|CBOE|OTC,OTC,450,0.5764629475370178,0.007935599832038644,0.013766018901898385,EDGX,5556,0.38190102151148975,0.007298401890576883,0.019110715812414514,12.346666666666666,1
2024-05-13T13:31:07.131Z,GME,hybrid,0.002232456336716918,0.008310249307479258,0.007191383877126054,1,1.3300000000000018,EDGX|CBOE|OTC,OTC,422,0.5631462238177755,0.002232456336716918,0.0039642569590226055,EDGX,5813,0.26935131369910703,0.003344377779782082,0.012416415327077612,13.774881516587678,1
2024-05-13T13:31:12.162Z,GME,hybrid,0.00807062867792818,0.011363636363636331,0.001637920156744533,1,1.3300000000000018,EDGX|CBOE|OTC,OTC,321,0.5187967088079543,0.00807062867792818,0.015556437696900904,EDGX,3209,0.2832245490914612,0.0013225235533987703,0.004669523025603582,9.996884735202492,1
2024-05-13T13:31:17.176Z,GME,hybrid,0.00454292281556629,0.007347254447022341,0.0016690643497963575,1,1.3300000000000018,EDGX|CBOE|OTC,OTC,314,0.3926771929140311,0.00454292281556629,0.011569102808985583,EDGX,3083,0.2901291696905312,0.001444624251789532,0.004979245118063975,9.818471337579618,1
2024-05-13T13:31:32.191Z,GME,hybrid,0.0027565195847851286,0.009534928974508698,0.0013988488095813172,1,0.629999999999999,EDGX|CBOE|OTC,OTC,390,0.5849991845833697,0.0027565195847851286,0.004712005858176183,EDGX,3045,0.3126468118948017,0.0007560904688167482,0.002418353362487364,7.8076923076923075,1
2024-05-13T13:32:07.278Z,GME,hybrid,0.0014085614359724942,0.007757951900698188,0.0013348291339301771,1,0.46999999999999886,EDGX|CBOE|OTC,OTC,251,0.6194149656110137,0.0014085614359724942,0.00227401905697102,EDGX,2794,0.3741326257915006,0.000609968262480301,0.0016303530364128911,11.131474103585658,1
2024-05-13T13:32:22.287Z,GME,hybrid,0.002897688848664907,0.014700193423597777,0.001119010545311702,1,0.6000000000000014,EDGX|CBOE|OTC,OTC,317,0.7239009889313118,0.002897688848664907,0.004002880080247904,EDGX,2577,0.39717180182665046,0.0004414624562378752,0.0011115151030549643,8.129337539432177,1
2024-05-13T13:32:32.305Z,GME,hybrid,0.0014312078914585434,0.013359528487229858,0.00111519013118549,1,0.9299999999999997,EDGX|CBOE|OTC,OTC,375,0.6646932184156424,0.0014312078914585434,0.0021531856378344877,EDGX,2704,0.33514620108922183,0.0006355660619958154,0.0018963845030325035,7.210666666666667,1
2024-05-13T13:33:22.362Z,GME,hybrid,0.000577654254833169,0.018159806295399487,0.0008559369194396757,1,0.46999999999999886,EDGX|CBOE|OTC,OTC,421,0.5539816005336932,0.000577654254833169,0.0010427318421345948,EDGX,3212,0.3328670679835815,0.00023855895458409196,0.0007166793519984342,7.629453681710213,1
2024-05-13T13:33:32.399Z,GME,hybrid,0.001562126963976298,0.011952191235059646,0.0010162026231783064,1,0.6400000000000006,EDGX|CBOE|OTC,OTC,439,0.6501136244524606,0.001562126963976298,0.0024028522172442612,EDGX,3201,0.3582413623424461,0.0008379409006651256,0.002339040068366339,7.291571753986332,1
2024-05-13T13:33:37.415Z,GME,hybrid,0.0014544000685160158,0.010236220472440867,0.0011156657593521231,1,0.6700000000000017,EDGX|CBOE|OTC,OTC,435,0.6283995145461709,0.0014544000685160158,0.002314451292290353,EDGX,3259,0.36550299151650845,0.0009473695257580975,0.0025919610721306732,7.491954022988506,1
2024-05-13T13:34:07.579Z,GME,hybrid,0.0030146380600998128,0.009408075264602056,0.0010878440935449916,1,0.6299000000000028,EDGX|CBOE|OTC,OTC,164,1.028496526785918,0.0030146380600998128,0.0029311115609895596,EDGX,1889,0.3631939935611561,0.0005491805138772818,0.0015120858924248936,11.518292682926829,1
2024-05-13T13:35:07.701Z,GME,hybrid,0.0005414368807046927,0.013872832369942176,0.0011376907175991411,1,0.5999999999999979,EDGX|CBOE|OTC,OTC,322,0.5073823523790811,0.0005414368807046927,0.0010671180780449541,EDGX,2316,0.43960009895040003,0.0006331120278976121,0.0014401999212676382,7.192546583850931,1
2024-05-13T13:35:17.705Z,GME,hybrid,0.001875245770937957,0.016306408797876364,0.0010732397328487543,1,1.009999999999998,EDGX|CBOE|OTC,OTC,517,0.6406280467214607,0.001875245770937957,0.0029271989893900115,EDGX,2924,0.36661658150678667,0.0006908456201547944,0.001884381817416531,5.655705996131528,1
2024-05-13T13:35:22.712Z,GME,hybrid,0.0018148174934522069,0.00787106446776615,0.0010419179533866828,1,1.0899999999999999,EDGX|CBOE|OTC,OTC,562,0.6117949517133254,0.0018148174934522069,0.002966381936251401,EDGX,3009,0.3975043813261372,0.0007248576930695889,0.0018235212669891825,5.354092526690391,1
2024-05-13T13:41:22.762Z,GME,hybrid,0.004078568905911963,0.012477718360071225,0.001201242424882328,1,1.1400000000000006,EDGX|CBOE|OTC,OTC,676,0.494439380048211,0.004078568905911963,0.008248875535589978,EDGX,4904,0.314875051463961,0.0008957879954916838,0.0028448998779892574,7.254437869822485,1
2024-05-13T13:41:27.762Z,GME,hybrid,0.003960782617927522,0.0073995771670190575,0.0011374304141851417,1,1.2698999999999998,EDGX|CBOE|OTC,OTC,738,0.5007568687594665,0.003960782617927522,0.007909592189398493,EDGX,5202,0.3357638327875611,0.000807389107780112,0.002404633938911907,7.048780487804878,1
2024-05-13T13:41:37.766Z,GME,hybrid,0.004460793813860128,0.008067344791301188,0.0011811921992897795,1,1.2899999999999991,EDGX|CBOE|OTC,OTC,693,0.5594401626369295,0.004460793813860128,0.007973674597894635,EDGX,5615,0.3622332283215994,0.0008587322466906921,0.002370661163995394,8.102453102453103,1
2024-05-13T13:41:52.785Z,GME,hybrid,0.006278117263504433,0.00904977375565604,0.0011626486328133842,1,0.7100000000000009,EDGX|CBOE|OTC,OTC,614,0.5708929372049035,0.006278117263504433,0.01099701337039156,EDGX,5630,0.4001976931125327,0.0007107330490576876,0.0017759548875206398,9.169381107491857,1
2024-05-13T13:42:07.789Z,GME,hybrid,0.0031065381513630946,0.009112792297111438,0.0014084076229005354,1,0.8999999999999986,EDGX|CBOE|OTC,OTC,677,0.5061205125778653,0.0031065381513630946,0.006137941605133346,EDGX,6568,0.3674735432477617,0.0010600385591549117,0.0028846663348501304,9.70162481536189,1
2024-05-13T13:42:12.790Z,GME,hybrid,0.004279951445424356,0.007865937072503435,0.0013848551314082325,1,0.9699999999999989,EDGX|CBOE|OTC,OTC,672,0.44810104870192874,0.004279951445424356,0.00955130870106784,EDGX,6186,0.35548335449409946,0.0009533252812264485,0.002681771928767687,9.205357142857142,1
2024-05-13T13:47:38.921Z,GME,hybrid,0.0034713131211233147,0.014588859416445665,0.0028537087723540583,1,1.6099999999999994,EDGX|CBOE|OTC,OTC,581,0.760734550543235,0.0034713131211233147,0.0045631069584580785,EDGX,5087,0.4297045854422857,0.008014981848513278,0.01865230700357463,8.755593803786574,1
2024-05-13T13:47:48.924Z,GME,hybrid,0.003154987455143439,0.008167265599477296,0.0026676208646500294,1,1.9899999999999984,EDGX|CBOE|OTC,OTC,753,0.6582139264825152,0.003154987455143439,0.004793255396469112,EDGX,7301,0.4358182695773444,0.004587870082495396,0.010527025603916749,9.695883134130145,1
2024-05-13T13:47:58.950Z,GME,hybrid,0.005829641364885146,0.008460787504067622,0.002389841951150815,1,2.2398999999999987,EDGX|CBOE|OTC,OTC,1033,0.6721729058717926,0.005829641364885146,0.008672830032213568,EDGX,9709,0.4727029754706123,0.0036700597626577896,0.007763987013206256,9.398838334946756,1
2024-05-13T13:48:03.950Z,GME,hybrid,0.011197949357545806,0.012262020006453662,0.002004478724182993,1,1.5148999999999972,EDGX|CBOE|OTC,OTC,694,0.64333665028711,0.011197949357545806,0.01740604915412227,EDGX,10548,0.42118643371848197,0.002560702915424337,0.00607973740468548,15.198847262247838,1
2024-05-13T13:48:08.954Z,GME,hybrid,0.005795693499407878,0.05017805114923926,0.0017636868678771824,1,1.9598999999999975,EDGX|CBOE|OTC,OTC,1399,0.6649558923067954,0.005795693499407878,0.00871590667360216,EDGX,8180,0.4797159602750358,0.003230306670261482,0.006733790279584295,5.847033595425303,1
2024-05-13T13:48:13.959Z,GME,hybrid,0.009610301548525256,0.017905405405405445,0.001663743471364368,1,2.1698999999999984,EDGX|CBOE|OTC,OTC,1392,0.621229125396382,0.009610301548525256,0.015469818068161726,EDGX,8332,0.462576170881328,0.003203119680644052,0.006924523748253774,5.985632183908046,1
2024-05-13T13:48:23.967Z,GME,hybrid,0.004123289167611658,0.015823873409012756,0.0014871082952294733,1,2.1698999999999984,EDGX|CBOE|OTC,OTC,1290,0.5356518206993561,0.004123289167611658,0.0076977040089740035,EDGX,7395,0.3921878207590584,0.0018014236477544854,0.004593267695738044,5.732558139534884,1
2024-05-13T13:48:28.967Z,GME,hybrid,0.0045118064180591985,0.01592680447305994,0.0015263581751454984,1,2.035,EDGX|CBOE|OTC,OTC,1165,0.5494547010866816,0.0045118064180591985,0.008211425635518257,EDGX,6801,0.4156958022225109,0.0019242577496905932,0.004629004525430808,5.8377682403433475,1
2024-05-13T13:48:33.968Z,GME,hybrid,0.0052014617642019475,0.007004669779853264,0.0016239450023008968,1,2.0199999999999996,EDGX|CBOE|OTC,OTC,1093,0.5923439594280129,0.0052014617642019475,0.008781151021147666,EDGX,6384,0.38820882912557586,0.001534260745394196,0.003952153146156037,5.840805123513266,1
2024-05-13T13:48:38.985Z,GME,hybrid,0.0033373350116253945,0.017898574743122276,0.0014086211462183394,1,1.6999999999999993,EDGX|CBOE|OTC,OTC,440,0.595451058351753,0.0033373350116253945,0.005604717574712779,EDGX,5186,0.4225139717940021,0.0008751340536530746,0.0020712547088969375,11.786363636363637,1
2024-05-13T13:48:43.985Z,GME,hybrid,0.00512402091876549,0.019863236730706592,0.0018654627178226351,1,2.629999999999999,EDGX|CBOE|OTC,OTC,545,0.5531875932053388,0.00512402091876549,0.009262718437113418,EDGX,5111,0.5159435320520728,0.0021158999045150662,0.004101030002449016,9.377981651376146,1
2024-05-13T13:48:48.985Z,GME,hybrid,0.004596983397682869,0.008269720101781107,0.0018809456698867663,1,2.629999999999999,EDGX|CBOE|OTC,OTC,606,0.5546697987877036,0.004596983397682869,0.008287783844965273,EDGX,5608,0.4934136784906779,0.0024659392913149894,0.004997711654160351,9.254125412541255,1
2024-05-13T13:54:26.228Z,GME,hybrid,0.0018714152282042406,0.04999211480838987,0.005931252802736859,1,1.8640000000000008,EDGX|CBOE|OTC,OTC,508,0.2977120996410898,0.0018714152282042406,0.006285989821913004,EDGX,3416,0.1495167688865271,0.006021196624939325,0.040271045647789494,6.724409448818897,1
2024-05-13T13:59:49.754Z,GME,hybrid,0.010123700066315142,0.03380281690140853,0.004949310457124143,1,3.4000000000000057,EDGX|CBOE|OTC,OTC,586,0.5376863751771691,0.010123700066315142,0.018828262224385647,EDGX,5839,0.5830726535542324,0.021055607962937147,0.03611146541445325,9.964163822525597,1
2024-05-13T14:10:44.924Z,GME,hybrid,0.004730143847976855,0.012341869793273858,0.004800904691549088,1,2.3599999999999994,EDGX|CBOE|OTC,OTC,521,0.5555816887470196,0.004730143847976855,0.008513858436631619,EDGX,5468,0.184036707511861,0.007065334430435667,0.03839089780488663,10.495201535508638,1
2024-05-13T14:10:49.929Z,GME,hybrid,0.019414460468246103,0.01924839596700261,0.004358830877859673,1,2.3599999999999994,EDGX|CBOE|OTC,OTC,629,0.641224490497458,0.019414460468246103,0.03027716619679402,EDGX,6771,0.3362706474614101,0.016774799554305022,0.04988481653377157,10.764705882352942,1
2024-05-13T14:10:54.930Z,GME,hybrid,0.022339882730826332,0.014018691588785135,0.003849996672079459,1,2.59,EDGX|CBOE|OTC,OTC,880,0.6334824166028689,0.022339882730826332,0.0352651978102673,EDGX,8371,0.3348926681756604,0.012359205047664433,0.03690497350984612,9.5125,1
2024-05-13T14:10:59.930Z,GME,hybrid,0.018485897006342664,0.023064770932069413,0.0035601748592654285,1,3.120000000000001,EDGX|CBOE|OTC,OTC,1045,0.6378163466709883,0.018485897006342664,0.028983103212747295,EDGX,9856,0.3360733147750945,0.009693797250689593,0.02884429326730935,9.43157894736842,1
2024-05-13T14:11:09.937Z,GME,hybrid,0.017381679280583893,0.013579049466537398,0.002768565750850775,1,2.9400000000000013,EDGX|CBOE|OTC,OTC,1046,0.6203235626346566,0.017381679280583893,0.0280203434587587,EDGX,11172,0.3613542950575367,0.0066098319288866786,0.0182918316436068,10.680688336520076,1
2024-05-13T14:11:14.948Z,GME,hybrid,0.008120581810442675,0.022488038277511908,0.0016699144124899502,1,2.59,EDGX|CBOE|OTC,OTC,939,0.4801043786988885,0.008120581810442675,0.016914200683713687,EDGX,7881,0.4030703196315263,0.002987608537975812,0.007412127344695055,8.39297124600639,1
2024-05-13T14:11:19.948Z,GME,hybrid,0.007616390738014194,0.008579004835439046,0.0015162596272524217,1,1.5400000000000027,EDGX|CBOE|OTC,OTC,902,0.5994113603413206,0.007616390738014194,0.012706450431098304,EDGX,7700,0.4169857474055597,0.0027182037283018006,0.006518696970374097,8.536585365853659,1
2024-05-13T14:11:34.973Z,GME,hybrid,0.006944649611078304,0.03149847094801227,0.001787979969985046,1,2.0199999999999996,EDGX|CBOE|OTC,OTC,714,0.5439064968259725,0.006944649611078304,0.01276809461112266,EDGX,6595,0.36471274137101795,0.0018519193566475087,0.005077747900130457,9.236694677871148,1
2024-05-13T14:11:40.009Z,GME,hybrid,0.008289459747716624,0.017660044150110448,0.002013436511565958,1,1.7899999999999991,EDGX|CBOE|OTC,OTC,573,0.6878191698183813,0.008289459747716624,0.01205180098412415,EDGX,6441,0.3671505248078894,0.0021690172882879474,0.0059077058092804864,11.24083769633508,1
2024-05-13T14:11:50.023Z,GME,hybrid,0.008411293134786798,0.00885383129426911,0.002210951827301693,1,2.1499999999999986,EDGX|CBOE|OTC,OTC,499,0.6400912713764197,0.008411293134786798,0.0131407714976328,EDGX,5762,0.3086480659462362,0.002140557053233376,0.006935267994215269,11.547094188376754,1
2024-05-13T14:11:55.025Z,GME,hybrid,0.00774323474389492,0.012830924151372408,0.0021895239966078094,1,2,EDGX|CBOE|OTC,OTC,537,0.6098728031950862,0.00774323474389492,0.012696474909732962,EDGX,5750,0.4068503481268484,0.003037176629577419,0.007465095319595214,10.707635009310987,1
2024-05-13T14:12:00.026Z,GME,hybrid,0.010533589223825206,0.010289389067524125,0.002195850592747397,1,1.9699999999999989,EDGX|CBOE|OTC,OTC,600,0.6278100328343054,0.010533589223825206,0.016778306610154607,EDGX,5678,0.35064202716292214,0.00282387791698618,0.00805344966727019,9.463333333333333,1
2024-05-13T14:12:05.027Z,GME,hybrid,0.010359857334267822,0.025461489497135604,0.0021481263318191036,1,1.9499999999999993,EDGX|CBOE|OTC,OTC,577,0.5857498222098417,0.010359857334267822,0.01768648822663485,EDGX,5541,0.40702339512722974,0.002899644422983025,0.007124023969375611,9.60311958405546,1
2024-05-13T14:12:10.032Z,GME,hybrid,0.012250416029745543,0.01077726975832795,0.0020522584488973546,1,1.3399999999999999,EDGX|CBOE|OTC,OTC,554,0.5989476483640449,0.012250416029745543,0.02045323337224232,EDGX,5417,0.3568847419805277,0.0024310180282161183,0.006811773500669185,9.777978339350181,1
2024-05-13T14:12:15.032Z,GME,hybrid,0.011657876821485775,0.010234400792340783,0.0018270660723457809,1,1.1300000000000026,EDGX|CBOE|OTC,OTC,625,0.5492308175902321,0.011657876821485775,0.021225824276640347,EDGX,5382,0.3579291998457916,0.0020556894795331917,0.005743285209529859,8.6112,1
2024-05-13T14:12:30.053Z,GME,hybrid,0.0065848213380216725,0.019224503095470833,0.0017501771014652573,1,1.3500000000000014,EDGX|CBOE|OTC,OTC,467,0.5552440435581307,0.0065848213380216725,0.011859328189861584,EDGX,5128,0.4799063651400192,0.0021470106104433586,0.00447381148990791,10.980728051391862,1
2024-05-13T14:17:57.468Z,GME,hybrid,0.004195728947956145,0.007213114754098323,0.0015593358336494724,1,1.389999999999997,EDGX|CBOE|OTC,OTC,799,0.5264362146962546,0.004195728947956145,0.00797006138792525,EDGX,4348,0.4498952763061599,0.00297412954443529,0.006610715206556991,5.44180225281602,1
2024-05-13T14:18:02.469Z,GME,hybrid,0.0033978243370068367,0.007486979166666681,0.001532509059121618,1,1.389999999999997,EDGX|CBOE|OTC,OTC,855,0.5024055914345578,0.0033978243370068367,0.006763110114488902,EDGX,5091,0.385165429656627,0.002078012919089536,0.005395117939172459,5.954385964912281,1
2024-05-13T14:18:12.489Z,GME,hybrid,0.006578219133082434,0.021269633507853356,0.0019048312139654056,1,1.389999999999997,EDGX|CBOE|OTC,OTC,1020,0.579978867316601,0.006578219133082434,0.011342170385479737,EDGX,6410,0.401273859085768,0.002703049343140623,0.006736171026189062,6.284313725490196,1
2024-05-13T14:18:27.511Z,GME,hybrid,0.009757899740684915,0.011693952555963963,0.002041580528261691,1,1.2299999999999969,EDGX|CBOE|OTC,OTC,393,0.6907702408679474,0.009757899740684915,0.014126114825711354,EDGX,4013,0.3425655074312699,0.0018769919335384561,0.005479220449288939,10.211195928753181,1
2024-05-13T14:18:37.534Z,GME,hybrid,0.0061474514801508635,0.00995024875621893,0.0021216889421938863,1,0.9949999999999974,EDGX|CBOE|OTC,OTC,418,0.5690845457612531,0.0061474514801508635,0.01080235182265851,EDGX,3841,0.2893676617887726,0.0017211816890981878,0.005948078919594633,9.188995215311005,1
2024-05-13T14:18:52.541Z,GME,hybrid,0.008591631211855895,0.0157377049180328,0.0015117223255395732,1,1.4799999999999969,EDGX|CBOE|OTC,OTC,401,0.7354473779234996,0.008591631211855895,0.011682183484172524,EDGX,3535,0.33824381252461316,0.0015092553916692569,0.004462033999689002,8.815461346633416,1
2024-05-13T14:18:57.543Z,GME,hybrid,0.0036197891084740414,0.010624597553123047,0.001462588239417434,1,1.4899999999999984,EDGX|CBOE|OTC,OTC,402,0.6879996908835414,0.0036197891084740414,0.0052613237424939015,EDGX,3636,0.29604855091681836,0.001488210144290865,0.00502691244284797,9.044776119402986,1
2024-05-13T14:19:07.548Z,GME,hybrid,0.006304376183630098,0.00703774792066535,0.0016802760073307845,1,1.4393999999999991,EDGX|CBOE|OTC,OTC,459,0.5207021646594145,0.006304376183630098,0.012107451459806623,EDGX,4067,0.3159546265311796,0.0017602773495855463,0.005571297907270351,8.860566448801743,1
2024-05-13T14:19:12.553Z,GME,hybrid,0.006990502202072333,0.00733652312599671,0.0017252518095194496,1,1.6194000000000024,EDGX|CBOE|OTC,OTC,539,0.6414002430844874,0.006990502202072333,0.010898814394667325,EDGX,4351,0.3101175970103267,0.0016978396485862405,0.005474825243566245,8.072356215213357,1
2024-05-13T14:19:22.563Z,GME,hybrid,0.0064954918241465764,0.00949367088607586,0.0018692016062365358,1,1.8171999999999997,EDGX|CBOE|OTC,OTC,454,0.5923558202547667,0.0064954918241465764,0.010965523764673952,EDGX,4327,0.2945567666668271,0.0011912829969998367,0.004044323987122305,9.530837004405287,1
2024-05-13T14:19:27.565Z,GME,hybrid,0.009456982286783443,0.008766437069505358,0.0017826211061172134,1,1.810699999999997,EDGX|CBOE|OTC,OTC,415,0.6155648412491525,0.009456982286783443,0.015363096871472701,EDGX,4316,0.2794315589346623,0.0009060203896404655,0.00324236959166203,10.4,1
2024-05-13T14:19:32.569Z,GME,hybrid,0.011969460583773904,0.008528111181301314,0.0015081044772808758,1,1.4899999999999984,EDGX|CBOE|OTC,OTC,354,0.5751408922375293,0.011969460583773904,0.020811353783605768,EDGX,4161,0.29957435219910516,0.0007913248978181874,0.002641497484712081,11.754237288135593,1
2024-05-13T14:25:27.470Z,GME,hybrid,0.0006541483591863712,0.014652014652014558,0.0023945044710717983,1,0.8099999999999987,EDGX|CBOE|OTC,OTC,525,0.6138327180319529,0.0006541483591863712,0.001065678547216702,EDGX,4939,0.38411135784868894,0.0032530589457616735,0.008469051693709964,9.407619047619047,1
2024-05-13T14:25:32.479Z,GME,hybrid,0.003949122268196921,0.01363073110284999,0.0023224930290550207,1,0.8099999999999987,EDGX|CBOE|OTC,OTC,583,0.3988594451688679,0.003949122268196921,0.009901037360479086,EDGX,5564,0.39377574929468295,0.0032404974862275514,0.008229296730516835,9.543739279588337,1
2024-05-13T14:25:37.479Z,GME,hybrid,0.004545719015519719,0.008251833740831391,0.0021192901707060086,1,1,EDGX|CBOE|OTC,OTC,449,0.4272850916487535,0.004545719015519719,0.010638608985816181,EDGX,5094,0.384642982176044,0.002015116985990186,0.00523892825130995,11.345211581291759,1
2024-05-13T14:25:47.494Z,GME,hybrid,0.005907395880060717,0.009720534629404625,0.0016206244774734262,1,1.1899999999999977,EDGX|CBOE|OTC,OTC,628,0.47356475654960556,0.005907395880060717,0.012474314860552596,EDGX,4285,0.3490256794385959,0.0018852078188036768,0.005401344169964839,6.823248407643312,1
2024-05-13T14:25:52.497Z,GME,hybrid,0.00462988072825439,0.008588957055214758,0.0016376077347389445,1,1.1899999999999977,EDGX|CBOE|OTC,OTC,622,0.5553788241973362,0.00462988072825439,0.008336437268644059,EDGX,4333,0.34214610064542156,0.0019840306181907073,0.005798781907635505,6.966237942122186,1
2024-05-13T14:26:02.519Z,GME,hybrid,0.006972961529995347,0.007900334244910517,0.0012397073318199065,1,0.9199999999999946,EDGX|CBOE|OTC,OTC,453,0.5525187809555779,0.006972961529995347,0.012620315852314832,EDGX,3773,0.28535231281593865,0.0008875013969156889,0.0031101952115178953,8.328918322295806,1
2024-05-13T14:26:12.541Z,GME,hybrid,0.0047832267417744325,0.007255139056831983,0.0013119714983042792,1,1.0499999999999972,EDGX|CBOE|OTC,OTC,341,0.598138864976379,0.0047832267417744325,0.00799684993210285,EDGX,3402,0.29143122076369615,0.0008001525201521177,0.002745596432857524,9.976539589442815,1
2024-05-13T14:26:22.563Z,GME,hybrid,0.0020928036236879683,0.021359807460890518,0.0013555812750751764,1,1.019999999999996,EDGX|CBOE|OTC,OTC,535,0.6678241162778317,0.0020928036236879683,0.0031337646734777534,EDGX,3781,0.30170687911230637,0.0010338334274600583,0.003426615364229821,7.067289719626168,1
2024-05-13T14:26:42.623Z,GME,hybrid,0.003393229150666516,0.010318664643399192,0.0015589436614297262,1,1.1372,EDGX|CBOE|OTC,OTC,536,0.39748675917752235,0.003393229150666516,0.008536709896168036,EDGX,3693,0.32526698707870144,0.0018998577846283033,0.005840917953867279,6.889925373134329,1
2024-05-13T14:26:52.633Z,GME,hybrid,0.0012887849215835277,0.01595092024539887,0.0015931711747226057,1,1.1300000000000026,EDGX|CBOE|OTC,OTC,346,0.5501771716808964,0.0012887849215835277,0.0023424907246624633,EDGX,3183,0.33915917528657896,0.0012607316345314013,0.0037172269730462765,9.199421965317919,1
2024-05-13T14:26:57.633Z,GME,hybrid,0.0017140735643096246,0.018079800498753067,0.0017051388632823403,1,1.6700000000000017,EDGX|CBOE|OTC,OTC,477,0.6102636915887928,0.0017140735643096246,0.0028087424959645146,EDGX,3316,0.39106772463948947,0.0012628553348268934,0.0032292497060223313,6.951781970649895,1
2024-05-13T14:28:02.821Z,GME,hybrid,0.0013838741954903101,0.020702634880803015,0.0016516035372904142,1,1.6499999999999986,EDGX|CBOE|OTC,OTC,281,0.5843695390844226,0.0013838741954903101,0.0023681490956194155,EDGX,2178,0.3164918934936568,0.002814154542187081,0.008891711288786873,7.750889679715303,1
2024-05-13T14:28:07.833Z,GME,hybrid,0.004993450596298314,0.010445468509984745,0.001639081241985459,1,1.6499999999999986,EDGX|CBOE|OTC,OTC,308,0.5270726695941731,0.004993450596298314,0.009473931934552952,EDGX,2369,0.3273848402481813,0.00283099773125813,0.008647308559284632,7.691558441558442,1
2024-05-13T14:28:52.908Z,GME,hybrid,0.000792276819348069,0.007926829268292622,0.0013124156112335782,1,1.6499999999999986,EDGX|CBOE|OTC,OTC,368,0.5506007108955129,0.000792276819348069,0.001438931704355207,EDGX,2296,0.3818853992013438,0.0011640648921226885,0.003048204761316238,6.239130434782608,1
2024-05-13T14:28:57.913Z,GME,hybrid,0.0015036522567065717,0.009732360097323608,0.0015460682140009355,1,1.7059999999999995,EDGX|CBOE|OTC,OTC,387,0.6414812905954027,0.0015036522567065717,0.002344031351734248,EDGX,2285,0.3867559423671564,0.0019860741160041746,0.005135212930015561,5.904392764857882,1
2024-05-13T14:29:07.969Z,GME,hybrid,0.006701547842687707,0.007055214723926502,0.0014043446898971107,1,1.4259999999999984,EDGX|CBOE|OTC,OTC,328,0.5864129528163164,0.006701547842687707,0.011428035159357829,EDGX,2470,0.3903017939251154,0.0018372423394566579,0.004707235190953689,7.530487804878049,1
2024-05-13T14:29:12.972Z,GME,hybrid,0.00551088001278594,0.010169491525423895,0.001559379752901507,1,1.4259999999999984,EDGX|CBOE|OTC,OTC,346,0.6671304813866974,0.00551088001278594,0.008260572956179464,EDGX,2575,0.39858218446747384,0.0021448323216289537,0.00538115451520885,7.442196531791907,1
2024-05-13T14:29:18.007Z,GME,hybrid,0.004279474326393361,0.0077833125778330155,0.0015589500408890724,1,1.4259999999999984,EDGX|CBOE|OTC,OTC,361,0.5700713282952309,0.004279474326393361,0.007506910300489783,EDGX,2612,0.37828969760850206,0.002247582114406331,0.005941430941987716,7.2354570637119116,1
2024-05-13T14:29:33.009Z,GME,hybrid,0.011386146452735365,0.014538064717836592,0.0014730128807435286,1,1.0699999999999967,EDGX|CBOE|OTC,OTC,275,0.9081794790295444,0.011386146452735365,0.012537330688095141,EDGX,2469,0.3267527019941445,0.001957679698864511,0.005991319082954647,8.978181818181818,1
2024-05-13T14:29:53.051Z,GME,hybrid,0.004196045929367157,0.011111111111111094,0.0013667258501941666,1,1.009999999999998,EDGX|CBOE|OTC,OTC,181,0.7844907671452807,0.004196045929367157,0.005348751196443446,EDGX,1823,0.27776650908696027,0.0014767860930309778,0.005316645616799831,10.07182320441989,1
2024-05-13T14:30:03.053Z,GME,hybrid,0.000752372826108869,0.010030395136778064,0.0011343498753500444,1,1.0999999999999943,EDGX|CBOE|OTC,OTC,385,0.580332375808406,0.000752372826108869,0.0012964515809768663,EDGX,2174,0.4169189755983437,0.0015769274817799904,0.0037823355953440444,5.646753246753247,1
2024-05-13T14:30:08.053Z,GME,hybrid,0.0011955872006789155,0.02136623532952133,0.0012580368081629022,1,1.0999999999999943,EDGX|CBOE|OTC,OTC,419,0.49328256248168845,0.0011955872006789155,0.002423737005143574,EDGX,2446,0.42366915998945065,0.0015993389816146885,0.003774971446244782,5.837708830548926,1
2024-05-13T14:30:13.057Z,GME,hybrid,0.002813282132036486,0.021043000914913016,0.0014230620027106842,1,1.3699999999999974,EDGX|CBOE|OTC,OTC,469,0.4761246672274834,0.002813282132036486,0.005908709053909095,EDGX,2684,0.4493293637999724,0.0020646930320845137,0.004595054760328665,5.722814498933902,1
2024-05-13T14:30:58.224Z,GME,hybrid,0.0007129890196141282,0.01149425287356308,0.0009142585669622464,1,1.2199999999999989,EDGX|CBOE|OTC,OTC,310,0.6879454923809425,0.0007129890196141282,0.0010364033597291427,EDGX,1956,0.344640247078963,0.0008742930640758123,0.002536828102596783,6.309677419354839,1
2024-05-13T14:31:03.230Z,GME,hybrid,0.001205303788573056,0.02093301435406686,0.001007515128240386,1,1,EDGX|CBOE|OTC,OTC,403,0.6440584366082905,0.001205303788573056,0.0018714199210251303,EDGX,2183,0.34368616877782643,0.0007762482915907382,0.0022585962488718557,5.416873449131514,1
2024-05-13T14:31:53.344Z,GME,hybrid,0.001835385524444546,0.007437248218159342,0.001396475217086541,1,1.1799999999999997,EDGX|CBOE|OTC,OTC,167,0.7147211900049507,0.001835385524444546,0.0025679741276900337,EDGX,1614,0.25800480028869094,0.00229625562696297,0.00890005001609895,9.664670658682635,1
2024-05-13T14:32:03.392Z,GME,hybrid,0.0021325727771146752,0.010618363522798135,0.001372112603780506,1,0.8186999999999998,EDGX|CBOE|OTC,OTC,152,0.8998219204277663,0.0021325727771146752,0.002369994249640942,EDGX,1650,0.27086181213857957,0.0022665982757310793,0.008368098322296654,10.855263157894736,1
2024-05-13T14:32:18.423Z,GME,hybrid,0.0044454168779161475,0.007973014412756762,0.001352367524574607,1,1.1200000000000045,EDGX|CBOE|OTC,OTC,201,0.6747580836358474,0.0044454168779161475,0.006588163944568976,EDGX,1622,0.27957352869909724,0.0013401420201336876,0.004793522571216217,8.069651741293532,1
2024-05-13T14:32:38.460Z,GME,hybrid,0.0038399812910466856,0.007680491551459294,0.001549007663577171,1,1.1299999999999955,EDGX|CBOE|OTC,OTC,144,0.9017163580996008,0.0038399812910466856,0.004258524597623561,EDGX,1384,0.3642710908787998,0.001857418161113119,0.005098999639614879,9.61111111111111,1
2024-05-13T14:33:38.623Z,GME,hybrid,0.0013324707914437774,0.012752721617418356,0.0014866086293022257,1,1.1799999999999997,EDGX|CBOE|OTC,OTC,165,0.8735106074733109,0.0013324707914437774,0.0015254202754309307,EDGX,1408,0.311716472952156,0.0017456125484481362,0.005600000962143771,8.533333333333333,1
2024-05-13T14:33:43.630Z,GME,hybrid,0.0012974059990323217,0.01071203528670447,0.0014078224427934683,1,1.490000000000002,EDGX|CBOE|OTC,OTC,195,0.6805241733494708,0.0012974059990323217,0.0019064804011981254,EDGX,1507,0.2816283888338119,0.0013683222480048703,0.004858609082951198,7.728205128205128,1
2024-05-13T14:34:23.801Z,GME,hybrid,0.0016703714907435093,0.012690355329949193,0.0013384767204099321,1,1.1537000000000006,EDGX|CBOE|OTC,OTC,234,0.713485458992909,0.0016703714907435093,0.0023411430039530913,EDGX,1739,0.33351556162387114,0.0014669913289241613,0.004398569355449118,7.431623931623932,1
2024-05-13T14:34:53.872Z,GME,hybrid,0.004160762963596908,0.007707129094412281,0.0014388907765572354,1,1.3200000000000003,EDGX|CBOE|OTC,OTC,138,0.5557679162507867,0.004160762963596908,0.007486511621011585,EDGX,1841,0.3085359927128199,0.002845708145510012,0.009223261508289405,13.340579710144928,1
2024-05-13T14:35:13.898Z,GME,hybrid,0.002075569399121556,0.01019108280254778,0.001689920181445526,1,1.370000000000001,EDGX|CBOE|OTC,OTC,148,0.7266399643375597,0.002075569399121556,0.002856393125877333,EDGX,1524,0.2901909720054555,0.0022572880428116896,0.00777862945636108,10.297297297297296,1
2024-05-13T14:35:23.935Z,GME,hybrid,0.001364289485037961,0.01607717041800643,0.001877914788439179,1,1.8400000000000034,EDGX|CBOE|OTC,OTC,281,0.4853183477702767,0.001364289485037961,0.002811122825473191,EDGX,1917,0.3002576329282164,0.0028580339604335836,0.009518605514074853,6.822064056939502,1
2024-05-13T14:35:58.993Z,GME,hybrid,0.0015775591859603791,0.01074218750000006,0.0019223956073721373,1,1.9699999999999989,EDGX|CBOE|OTC,OTC,184,0.6751560225023252,0.0015775591859603791,0.0023365846313767365,EDGX,1876,0.33600433637571925,0.00103906704893264,0.0030924215447349396,10.195652173913043,1
2024-05-13T14:36:04.003Z,GME,hybrid,0.0035243373325485505,0.007085346215780962,0.0019154185332201249,1,1.9699999999999989,EDGX|CBOE|OTC,OTC,183,0.9407929859296663,0.0035243373325485505,0.0037461347876290713,EDGX,1803,0.32191089114575794,0.0009913251112573826,0.0030795016214860554,9.852459016393443,1
2024-05-13T14:36:39.188Z,GME,hybrid,0.0014141143353456902,0.009942270686337355,0.0010727844883236996,1,0.7899999999999991,EDGX|CBOE|OTC,OTC,223,0.7098045887475484,0.0014141143353456902,0.0019922586550770232,EDGX,1269,0.24959408260220647,0.0011846783378413389,0.004746419969136184,5.690582959641255,1
2024-05-13T14:36:44.233Z,GME,hybrid,0.002338379122281865,0.007717041800643151,0.0012317567495258787,1,0.629999999999999,EDGX|CBOE|OTC,OTC,164,1.9306020604731458,0.002338379122281865,0.001211217562726926,EDGX,1207,0.2747111908761083,0.0013722773432754234,0.0049953456169694425,7.359756097560975,1
2024-05-13T14:37:34.441Z,GME,hybrid,0.0037393047880075244,0.007479674796747981,0.0010570294259538884,1,0.620000000000001,EDGX|CBOE|OTC,OTC,172,1.254411567729007,0.0037393047880075244,0.002980923394047761,EDGX,1304,0.3142772554407525,0.000989786649534028,0.003149405922315057,7.5813953488372094,1
2024-05-13T14:38:14.574Z,GME,hybrid,0.003944833018729327,0.009090909090909127,0.0011104939081245469,1,0.8599999999999994,EDGX|CBOE|OTC,OTC,111,1.6907366442075094,0.003944833018729327,0.002333203714631955,EDGX,1312,0.2764573857337855,0.0011254500414443753,0.0040709711497023526,11.81981981981982,1
2024-05-13T14:38:39.685Z,GME,hybrid,0.00081723166686617,0.011400651465797976,0.0009162218923451125,1,0.5399999999999991,EDGX|CBOE|OTC,OTC,114,1.202749266909923,0.00081723166686617,0.0006794696861181913,EDGX,1161,0.2694203487880603,0.0007990146079397035,0.0029656802521930105,10.18421052631579,1
2024-05-13T14:38:54.745Z,GME,hybrid,0.00048758924766089014,0.008188666885031117,0.0009081061316082105,1,0.48999999999999844,EDGX|CBOE|OTC,OTC,167,0.5841418708625927,0.00048758924766089014,0.0008347103194997392,EDGX,1479,0.3471626676779843,0.0009296143172900967,0.002677748513421304,8.8562874251497,1
2024-05-13T14:39:19.794Z,GME,hybrid,0.0018876742617782683,0.009836065573770515,0.0010991982986120411,1,0.8299999999999983,EDGX|CBOE|OTC,OTC,228,0.6925570701465412,0.0018876742617782683,0.002725658784161783,EDGX,1570,0.3232599162484722,0.0015864543586828889,0.004907674224178998,6.885964912280702,1
2024-05-13T14:45:05.299Z,GME,hybrid,0.014127284722743872,0.030219780219780185,0.002771835656743635,1,1.2100000000000009,EDGX|CBOE|OTC,OTC,355,0.5792965305084997,0.014127284722743872,0.024386965877981535,EDGX,2842,0.37520995501338095,0.00624402601190005,0.016641418833563123,8.005633802816902,1
2024-05-13T14:45:10.315Z,GME,hybrid,0.011739383046791082,0.01851228542578259,0.002665492449818748,1,1.5500000000000007,EDGX|CBOE|OTC,OTC,438,0.6023325476073543,0.011739383046791082,0.019489869995276587,EDGX,3198,0.3815546549436693,0.004619842949947683,0.012107945454445398,7.301369863013699,1
2024-05-13T14:45:40.427Z,GME,hybrid,0.002175532385735008,0.007370184254606445,0.0016012169066038473,1,0.8300000000000018,EDGX|CBOE|OTC,OTC,203,0.7561227464345451,0.002175532385735008,0.0028772211866308884,EDGX,1808,0.3989336907678962,0.002212590181092188,0.00554626052473341,8.9064039408867,1
2024-05-13T14:45:45.444Z,GME,hybrid,0.006163046810198636,0.00776240296996289,0.0015387589168738235,1,0.9199999999999982,EDGX|CBOE|OTC,OTC,238,0.9100032113638438,0.006163046810198636,0.00677255501215422,EDGX,1875,0.449729288575354,0.002399081694250475,0.005334501788509821,7.878151260504202,1
2024-05-13T14:45:50.451Z,GME,hybrid,0.008173226383720821,0.007993197278911667,0.0015359107823323134,1,0.889999999999997,EDGX|CBOE|OTC,OTC,206,0.7858925877365027,0.008173226383720821,0.010399928070655342,EDGX,1797,0.41825843450233646,0.002397272256607205,0.005731557474649835,8.723300970873787,1
2024-05-13T14:46:30.651Z,GME,hybrid,0.0029722069129740083,0.009780775716694863,0.0011551031105529515,1,0.48999999999999844,EDGX|CBOE|OTC,OTC,170,0.9247228472643197,0.0029722069129740083,0.003214159703923096,EDGX,1394,0.2670926751134551,0.0016859894186082075,0.006312376099015206,8.2,1
2024-05-13T14:46:55.679Z,GME,hybrid,0.0011487999246592216,0.010778039744021565,0.0010956933695299002,1,0.6999999999999993,EDGX|CBOE|OTC,OTC,237,0.7336961189859575,0.0011487999246592216,0.0015657707529473915,EDGX,1417,0.3245780083651831,0.0012117638455832463,0.003733351657700387,5.9789029535864975,1
2024-05-13T14:47:05.712Z,GME,hybrid,0.0025102032724901697,0.007174581482746869,0.0011947816682972858,1,0.9699999999999989,EDGX|CBOE|OTC,OTC,230,0.9500537213545345,0.0025102032724901697,0.0026421698226825104,EDGX,1602,0.2898623875621845,0.0012879191145235068,0.004443208811447494,6.965217391304348,1
2024-05-13T14:47:20.831Z,GME,hybrid,0.0031317145640924883,0.01737921445950643,0.0013857326985551271,1,1.0385999999999989,EDGX|CBOE|OTC,OTC,314,0.5918251699411811,0.0031317145640924883,0.005291621112369614,EDGX,2258,0.37430633664863666,0.0015360654236541737,0.004103765480989135,7.191082802547771,1
2024-05-13T14:47:35.917Z,GME,hybrid,0.004960293662860333,0.007534246575342427,0.0013977306583086125,1,0.6099999999999994,EDGX|CBOE|OTC,OTC,249,0.6992199988068798,0.004960293662860333,0.00709403860204853,EDGX,1993,0.4100323324465506,0.0013880135707772824,0.0033851320028725194,8.004016064257028,1
2024-05-13T14:47:45.962Z,GME,hybrid,0.0036351735638896236,0.008947006194081144,0.00165670551415009,1,1.3000000000000007,EDGX|CBOE|OTC,OTC,207,0.6923183838872908,0.0036351735638896236,0.005250725169940639,EDGX,1643,0.26157898237632093,0.0016597735951266253,0.006345210077844825,7.93719806763285,1
2024-05-13T14:47:50.972Z,GME,hybrid,0.004686790604903045,0.007638888888888973,0.001570385001579161,1,1.370000000000001,EDGX|CBOE|OTC,OTC,196,0.9727439821316756,0.004686790604903045,0.004818113183936015,EDGX,1622,0.2525282230255718,0.0015945537342797443,0.006314358510804057,8.275510204081632,1
2024-05-13T14:48:11.015Z,GME,hybrid,0.0011071171595036916,0.009103641456582564,0.0013004052630344932,1,1.5399999999999991,EDGX|CBOE|OTC,OTC,279,0.6581953205126021,0.0011071171595036916,0.0016820495755598345,EDGX,2487,0.3380527953675243,0.0006408204393775843,0.0018956223647874201,8.913978494623656,1
2024-05-13T14:50:06.407Z,GME,hybrid,0.0011745467160376843,0.009171075837742558,0.0009390191992517684,1,0.7047999999999988,EDGX|CBOE|OTC,OTC,135,0.6614497613817658,0.0011745467160376843,0.0017757156848678289,EDGX,1329,0.31627823273459493,0.0008880386400791025,0.002807776660445364,9.844444444444445,1
2024-05-13T14:50:26.497Z,GME,hybrid,0.0010213934548519985,0.009996429846483312,0.0012313570191067173,1,0.658100000000001,EDGX|CBOE|OTC,OTC,278,0.43611555990022305,0.0010213934548519985,0.0023420247951842824,EDGX,1711,0.36046667246656594,0.0012690518816981854,0.0035205803438482725,6.154676258992806,1
2024-05-13T14:50:31.502Z,GME,hybrid,0.000981427300185255,0.008450704225352058,0.0012964875499517376,1,0.658100000000001,EDGX|CBOE|OTC,OTC,276,0.5323218863005579,0.000981427300185255,0.001843672645146746,EDGX,1798,0.32583341386854137,0.0015228619986879265,0.004673744109320631,6.5144927536231885,1
2024-05-13T14:50:36.513Z,GME,hybrid,0.0036855427088023115,0.009588068181818166,0.001351977389699223,1,0.658100000000001,EDGX|CBOE|OTC,OTC,278,0.77655431869,0.0036855427088023115,0.004746020490903454,EDGX,1737,0.30396483479946124,0.0017220736627899316,0.005665371337859059,6.248201438848921,1
2024-05-13T14:51:36.695Z,GME,hybrid,0.0025332551687904195,0.01968647466277795,0.000997148805242842,1,0.5899999999999999,EDGX|CBOE|OTC,OTC,281,0.8323570819353096,0.0025332551687904195,0.0030434716346743394,EDGX,2014,0.2804022381047227,0.0005508387940557831,0.0019644593344866944,7.167259786476868,1
2024-05-13T14:51:46.733Z,GME,hybrid,0.001998256483256872,0.012522361359570713,0.0010994514001654136,1,0.8999999999999986,EDGX|CBOE|OTC,OTC,362,0.552643668015837,0.001998256483256872,0.0036158135864131687,EDGX,2107,0.26579978946576727,0.0008257142364383092,0.0031065270521768193,5.820441988950276,1
2024-05-13T14:52:06.798Z,GME,hybrid,0.0029643053729303016,0.007486631016042811,0.0013206045125201443,1,0.5624000000000002,EDGX|CBOE|OTC,OTC,274,0.4764747525596983,0.0029643053729303016,0.006221327272863003,EDGX,1664,0.2817817842792505,0.0015332063365464128,0.005441112314864823,6.072992700729927,1
2024-05-13T14:52:11.809Z,GME,hybrid,0.002233589029328773,0.007438894792773675,0.0013035752707240475,1,0.7153999999999989,EDGX|CBOE|OTC,OTC,287,0.5008610422225117,0.002233589029328773,0.004459498425785894,EDGX,1666,0.2927042271873311,0.0015173035328913665,0.005183743150796009,5.804878048780488,1
2024-05-13T14:52:51.904Z,GME,hybrid,0.0010283914617536631,0.010442046641141688,0.0011102284300341769,1,0.4836000000000027,EDGX|CBOE|OTC,OTC,222,0.39407767941725674,0.0010283914617536631,0.0026096161124233154,EDGX,1613,0.34451123562326835,0.0012053446346961829,0.003498709214854918,7.2657657657657655,1
2024-05-13T14:52:56.945Z,GME,hybrid,0.0013946622125801343,0.0073865634892719256,0.0010961567599816302,1,0.4836000000000027,EDGX|CBOE|OTC,OTC,160,0.4974299667219583,0.0013946622125801343,0.0028037358138491278,EDGX,1555,0.3669812247085397,0.001228931835662941,0.003348759426695388,9.71875,1
2024-05-13T14:53:17.064Z,GME,hybrid,0.0012094145673720545,0.010449320794148405,0.0009940274081302615,1,0.38000000000000256,EDGX|CBOE|OTC,OTC,174,0.508189168445872,0.0012094145673720545,0.0023798511311656795,EDGX,1355,0.2955174718412771,0.0008688802250098505,0.0029401991685842777,7.787356321839081,1
2024-05-13T14:53:42.111Z,GME,hybrid,0.0012839974128510238,0.009929078014184438,0.0013891586945231952,1,0.490000000000002,EDGX|CBOE|OTC,OTC,147,1.1844452873908557,0.0012839974128510238,0.0010840495770635936,EDGX,1236,0.3524679062243576,0.001279157732926136,0.003629146683533534,8.408163265306122,1
2024-05-13T14:54:12.307Z,GME,hybrid,0.002032904176437974,0.009797060881735395,0.0013768430353909647,1,0.48380000000000223,EDGX|CBOE|OTC,OTC,180,0.7760410783788119,0.002032904176437974,0.00261958320645192,EDGX,965,0.30738081535277184,0.0025753774345920206,0.008378458595850676,5.361111111111111,1
2024-05-13T14:54:42.440Z,GME,hybrid,0.0011490395662177332,0.007067137809187254,0.0008541932949286931,1,0.25,EDGX|CBOE|OTC,OTC,132,0.9493110354092315,0.0011490395662177332,0.001210393141297891,EDGX,972,0.3357162901443076,0.000996605169619073,0.0029685934191357897,7.363636363636363,1
2024-05-13T14:54:52.482Z,GME,hybrid,0.0010740981278587211,0.008790436005625879,0.0008568294424894129,1,0.379999999999999,EDGX|CBOE|OTC,OTC,133,0.5988944919745098,0.0010740981278587211,0.0017934680352752967,EDGX,994,0.3322211611582593,0.0007167548882296169,0.0021574630758941283,7.473684210526316,1
2024-05-13T14:54:57.496Z,GME,hybrid,0.0006415080311899915,0.010996807378503096,0.0009967019339822511,1,0.6499999999999986,EDGX|CBOE|OTC,OTC,190,0.43916262873814993,0.0006415080311899915,0.0014607527808849366,EDGX,1194,0.3116498808686613,0.0009215042963807815,0.0029568575281090238,6.28421052631579,1
2024-05-13T14:55:17.567Z,GME,hybrid,0.003675092012399166,0.008249641319942626,0.0012978327769766207,1,0.9905000000000008,EDGX|CBOE|OTC,OTC,231,0.8599428612158059,0.003675092012399166,0.004273646748114451,EDGX,1447,0.3011550515507964,0.0016862343137217992,0.0055992230747535,6.264069264069264,1
2024-05-13T14:55:32.712Z,GME,hybrid,0.001984681300017095,0.008339376359680944,0.0011215769730317548,1,0.5999999999999979,EDGX|CBOE|OTC,OTC,148,1.3488803379296275,0.001984681300017095,0.001471354607380034,EDGX,1418,0.3058046345581729,0.0008933067816578814,0.002921168225421216,9.58108108108108,1
2024-05-13T14:56:12.908Z,GME,hybrid,0.00317125877368365,0.007388718688051839,0.0008936154960349805,1,0.33999999999999986,EDGX|CBOE|OTC,OTC,124,2.468246069217713,0.00317125877368365,0.0012848227789090535,EDGX,1120,0.312624809654614,0.0007300532383313257,0.002335237689989749,9.03225806451613,1
2024-05-13T14:56:17.911Z,GME,hybrid,0.002387430208644612,0.008934953538241601,0.0009036051294292339,1,0.572300000000002,EDGX|CBOE|OTC,OTC,135,1.2089949982792105,0.002387430208644612,0.0019747229823470686,EDGX,1110,0.31085089210349887,0.0009248073627900612,0.0029750835087909073,8.222222222222221,1
2024-05-13T14:57:13.133Z,GME,hybrid,0.0010925738466848974,0.009936124911284639,0.0009342026492499989,1,0.3268000000000022,EDGX|CBOE|OTC,OTC,108,0.778734100744275,0.0010925738466848974,0.0014030127172300149,EDGX,992,0.4433639618757519,0.00196111200658275,0.004423255327938294,9.185185185185185,1
2024-05-13T14:58:43.810Z,GME,hybrid,0.0002641398843862665,0.009571074087203105,0.0009448511343650533,1,0.5,EDGX|CBOE|OTC,OTC,148,0.7336967414879996,0.0002641398843862665,0.00036001234495136,EDGX,822,0.29335998936960983,0.0009840196158410635,0.003354307511244413,5.554054054054054,1
2024-05-13T14:59:04.031Z,GME,hybrid,0.0035382559813111076,0.014828209764918632,0.001396137294346612,1,0.740000000000002,EDGX|CBOE|OTC,OTC,204,1.3716889833627428,0.0035382559813111076,0.0025794885168771648,EDGX,1180,0.2778030118401102,0.0017296314818222025,0.006226107738593179,5.784313725490196,1
2024-05-13T15:00:44.382Z,GME,hybrid,0.0035102433630680176,0.010910330719399942,0.0011873754025946454,1,1.1000000000000014,EDGX|CBOE|OTC,OTC,331,0.6844588996533183,0.0035102433630680176,0.005128494004309057,EDGX,2457,0.2956213881278113,0.0006873002615060089,0.0023249341526292273,7.422960725075528,1
2024-05-13T15:00:49.396Z,GME,hybrid,0.0031946957710363906,0.008149405772495823,0.0012745437587345918,1,1.2800000000000011,EDGX|CBOE|OTC,OTC,299,0.5512142179586678,0.0031946957710363906,0.0057957426839739855,EDGX,2510,0.3254583114838061,0.0008042113965160771,0.0024710120102620038,8.394648829431437,1
2024-05-13T15:01:14.512Z,GME,hybrid,0.002296349251380613,0.011544991511035649,0.0017173441330484572,1,1.610000000000003,EDGX|CBOE|OTC,OTC,379,0.731567749149916,0.002296349251380613,0.0031389427076972407,EDGX,2668,0.23908064801720438,0.0012255383103289752,0.005126045627251206,7.03957783641161,1
2024-05-13T15:01:19.517Z,GME,hybrid,0.003984976201099739,0.007037533512064372,0.0017344195604628086,1,1.610000000000003,EDGX|CBOE|OTC,OTC,354,0.7111845504070078,0.003984976201099739,0.0056032941081455645,EDGX,2463,0.2379446068295598,0.0012344166552088268,0.005187832040643988,6.9576271186440675,1
2024-05-13T15:01:29.535Z,GME,hybrid,0.0073588141501290776,0.009051290646999652,0.001561228953192396,1,0.5818000000000012,EDGX|CBOE|OTC,OTC,306,0.31336151472382195,0.0073588141501290776,0.023483464957765137,EDGX,2321,0.2511486512295603,0.0010711171200189517,0.004264873073277651,7.584967320261438,1
2024-05-13T15:01:34.536Z,GME,hybrid,0.00438654005775822,0.0077807848443843175,0.0015999412685090658,1,0.5818000000000012,EDGX|CBOE|OTC,OTC,332,0.3216048710115431,0.00438654005775822,0.01363953239875144,EDGX,2260,0.27603011760177465,0.001460750999630719,0.005291998613492339,6.807228915662651,1
2024-05-13T15:01:39.539Z,GME,hybrid,0.0012974591825961575,0.015347885402455637,0.0017417253209077044,1,1.0500000000000007,EDGX|CBOE|OTC,OTC,350,0.5458418067913252,0.0012974591825961575,0.002376987556565404,EDGX,2261,0.3045641401960052,0.0017441819032299056,0.005726813084782143,6.46,1
2024-05-13T15:01:44.550Z,GME,hybrid,0.002668976578631132,0.008965517241379364,0.001695778336733908,1,1.1000000000000014,EDGX|CBOE|OTC,OTC,244,0.6096037826099554,0.002668976578631132,0.004378215251887358,EDGX,2182,0.2605745702524247,0.0014791855206123161,0.005676630375632566,8.942622950819672,1
2024-05-13T15:01:49.565Z,GME,hybrid,0.004936148410963283,0.009046624913013277,0.0017690496280268414,1,1.1400000000000006,EDGX|CBOE|OTC,OTC,238,0.5356670784261465,0.004936148410963283,0.009214955724862304,EDGX,2206,0.25820257544411845,0.0015221175555600588,0.00589505179389461,9.268907563025211,1
2024-05-13T15:01:54.605Z,GME,hybrid,0.004205614647940557,0.008965517241379364,0.001789135516023858,1,1.1400000000000006,EDGX|CBOE|OTC,OTC,206,0.5096424771311299,0.004205614647940557,0.008252088153277031,EDGX,2101,0.29268534519544154,0.0018484588729250075,0.006315515632293422,10.199029126213592,1
2024-05-13T15:03:15.035Z,GME,hybrid,0.0015934490282776576,0.013000342114266131,0.0014446128687367903,1,1.129999999999999,EDGX|CBOE|OTC,OTC,220,0.7331466100603637,0.0015934490282776576,0.002173438445206015,EDGX,1323,0.2924952309678468,0.001560643493270635,0.0053356203043262345,6.013636363636364,1
2024-05-13T15:05:25.565Z,GME,hybrid,0.001203977654988485,0.010999999999999944,0.0017954779149192098,1,1.6648999999999994,EDGX|CBOE|OTC,OTC,308,0.6879178555909218,0.001203977654988485,0.0017501764857582708,EDGX,1707,0.3380071280082063,0.004697984668889201,0.013899069811258952,5.542207792207792,1
2024-05-13T15:05:30.596Z,GME,hybrid,0.0038436738176253387,0.012199142762941016,0.0018761166100337398,1,1.6648999999999994,EDGX|CBOE|OTC,OTC,292,0.49276836827862747,0.0038436738176253387,0.007800163454185028,EDGX,1852,0.33522230807303605,0.003994690144543747,0.011916540302781432,6.342465753424658,1
2024-05-13T15:05:45.635Z,GME,hybrid,0.010859717408855727,0.0071661237785017075,0.0018492137101345982,1,1.3200000000000003,EDGX|CBOE|OTC,OTC,372,0.5223692608260319,0.010859717408855727,0.020789350031207927,EDGX,2118,0.33221356770073646,0.0042538014450796665,0.012804418177500691,5.693548387096774,1
2024-05-13T15:06:10.646Z,GME,hybrid,0.0018584903300710508,0.008460787504067622,0.00151763859322291,1,1.2926000000000002,EDGX|CBOE|OTC,OTC,319,0.6188783946558682,0.0018584903300710508,0.003002997593904498,EDGX,2167,0.31893334334220524,0.00519642392959589,0.016293134719439772,6.793103448275862,1
2024-05-13T15:06:25.738Z,GME,hybrid,0.0020170537128254883,0.007467532467532481,0.0014780349103171303,1,1.2208999999999968,EDGX|CBOE|OTC,OTC,326,0.5999575520106213,0.0020170537128254883,0.0033619940378544974,EDGX,2187,0.253446730607608,0.0010274187616949155,0.004053785816182371,6.708588957055214,1
2024-05-13T15:06:30.738Z,GME,hybrid,0.0021994359591802656,0.007351739911779167,0.0014061984042835392,1,1.0899999999999999,EDGX|CBOE|OTC,OTC,376,0.656019438355601,0.0021994359591802656,0.003352699372282994,EDGX,2284,0.32498954143474196,0.0009715202002733675,0.002989389123060285,6.074468085106383,1
2024-05-13T15:06:35.740Z,GME,hybrid,0.0028891106161059656,0.01053324555628704,0.0014572377592125833,1,1.0899999999999999,EDGX|CBOE|OTC,OTC,336,0.6053061974884769,0.0028891106161059656,0.004772973790939858,EDGX,2248,0.3309070444999705,0.0011235120302382276,0.0033952496597222724,6.690476190476191,1
2024-05-13T15:06:55.788Z,GME,hybrid,0.0018618137104902568,0.02025905014945199,0.0018237746608091051,1,1.3900000000000006,EDGX|CBOE|OTC,OTC,355,0.5111514386392944,0.0018618137104902568,0.003642391607947891,EDGX,1968,0.31118715839769473,0.0021677099529244003,0.006965936396880762,5.543661971830986,1
2024-05-13T15:07:00.809Z,GME,hybrid,0.001651806989680726,0.00710179235711873,0.001896395153419348,1,1.3900000000000006,EDGX|CBOE|OTC,OTC,315,0.45150310666526594,0.001651806989680726,0.0036584620688010854,EDGX,1884,0.31329075066877904,0.0017837408970310747,0.005693563864312427,5.980952380952381,1
2024-05-13T15:07:20.939Z,GME,hybrid,0.0008525168096919336,0.009757738896366174,0.001796772159093639,1,1.3299999999999983,EDGX|CBOE|OTC,OTC,229,0.6955442221083178,0.0008525168096919336,0.0012256831163197706,EDGX,1543,0.24557811019354886,0.0012849888164823792,0.005232505517163699,6.737991266375546,1
2024-05-13T15:08:06.167Z,GME,hybrid,0.0005479551536762192,0.007311399135925519,0.0009256195156012705,1,0.3299999999999983,EDGX|CBOE|OTC,OTC,138,0.7997899268813782,0.0005479551536762192,0.0006851238497249664,EDGX,1015,0.3623773966288893,0.0010113397503830701,0.0027908466692219856,7.355072463768116,1
2024-05-13T15:08:51.477Z,GME,hybrid,0.0010614311138530696,0.011525423728813555,0.0017187720336736194,1,1.370000000000001,EDGX|CBOE|OTC,OTC,141,0.4946367683179949,0.0010614311138530696,0.0021458799301605712,EDGX,1182,0.3194166423562711,0.0014557722209430418,0.004557596655590981,8.382978723404255,1
2024-05-13T15:12:17.993Z,GME,hybrid,0.002950416074329752,0.008816547982366958,0.0010570165369893454,1,0.5100000000000016,EDGX|CBOE|OTC,OTC,107,2.927728944674104,0.002950416074329752,0.0010077490539883887,EDGX,781,0.4516650191747856,0.0041360463234666025,0.009157331535267807,7.299065420560748,1
2024-05-13T15:13:18.375Z,GME,hybrid,0.002032933306488269,0.010107705053852518,0.0007488952265995508,1,0.4499999999999993,EDGX|CBOE|OTC,OTC,217,0.881260474419892,0.002032933306488269,0.0023068472551506292,EDGX,1194,0.27525371388628017,0.0006104619134391747,0.0022178153559496904,5.502304147465438,1
2024-05-13T15:13:23.388Z,GME,hybrid,0.0016361180182505014,0.015282392026578101,0.0008975902422536035,1,0.6900000000000013,EDGX|CBOE|OTC,OTC,211,0.9165616167538178,0.0016361180182505014,0.0017850605876832736,EDGX,1291,0.25996014698588715,0.0005330477310543924,0.0020504978829825435,6.118483412322274,1
2024-05-13T15:14:03.634Z,GME,hybrid,0.0006306652259858216,0.010933557611438278,0.0009060536324995895,1,0.41000000000000014,EDGX|CBOE|OTC,OTC,162,0.7425691961519124,0.0006306652259858216,0.0008493016263723417,EDGX,915,0.3572945327912465,0.001223576746822569,0.003424560508283674,5.648148148148148,1
2024-05-13T15:16:24.963Z,GME,hybrid,0.0032406887189767807,0.01525423728813557,0.0010799248214866494,1,0.5399999999999991,EDGX|CBOE|OTC,OTC,116,2.758694697770989,0.0032406887189767807,0.0011747181453588323,EDGX,791,0.3894826905858906,0.0018205824995337354,0.004674360487740987,6.818965517241379,1
2024-05-13T15:16:34.996Z,GME,hybrid,0.004206608298092125,0.010323468685478345,0.0012586512255180434,1,0.5398999999999994,EDGX|CBOE|OTC,OTC,137,0.936906046142951,0.004206608298092125,0.00448989342678475,EDGX,890,0.37342196623761753,0.0018901235736303035,0.00506162932157979,6.4963503649635035,1
2024-05-13T15:21:33.121Z,GME,hybrid,0.0009943814241939806,0.007488087134104916,0.0009367846782692394,1,0.39000000000000057,EDGX|CBOE|OTC,OTC,152,0.7113933135678331,0.0009943814241939806,0.0013977941670647485,EDGX,1019,0.43585410976131955,0.0019082515649359456,0.004378188761328725,6.703947368421052,1
2024-05-13T15:28:47.461Z,GME,hybrid,0.0010301906931489487,0.007284079084287107,0.001005065077926234,1,0.3099999999999987,EDGX|CBOE|OTC,OTC,112,1.4905485678503547,0.0010301906931489487,0.0006911486920782952,EDGX,729,0.3786914910018535,0.0025230994072747625,0.006662677845228937,6.508928571428571,1
2024-05-13T15:30:18.333Z,GME,hybrid,0.011246735985679726,0.007042253521126861,0.0008908086787371927,1,0.43319999999999936,EDGX|CBOE|OTC,OTC,125,2.3529386060270157,0.011246735985679726,0.004779868015625816,EDGX,803,0.2854665552158953,0.001311485866974638,0.004594183952592187,6.424,1
2024-05-13T15:30:23.337Z,GME,hybrid,0.00236163375285325,0.010839160839160918,0.0009726144660342847,1,0.5326999999999984,EDGX|CBOE|OTC,OTC,169,0.6738596268793016,0.00236163375285325,0.0035046375515775693,EDGX,938,0.3697003745440942,0.001734513226270526,0.004691672894325538,5.550295857988166,1
2024-05-13T15:30:58.433Z,GME,hybrid,0.011928018868949494,0.010779734099892229,0.0021650565080419157,1,1.4800000000000004,EDGX|CBOE|OTC,OTC,203,0.5353177372343987,0.011928018868949494,0.02228212898487724,EDGX,1699,0.26339536161929106,0.0020815138193145356,0.007902621392107635,8.369458128078819,1
2024-05-13T15:31:03.459Z,GME,hybrid,0.0318594211999339,0.013903743315508041,0.0019939544684000805,1,1.4800000000000004,EDGX|CBOE|OTC,OTC,195,0.5323757019999692,0.0318594211999339,0.05984386793057611,EDGX,1693,0.24308508787213126,0.0022173946281803516,0.00912188669239454,8.682051282051281,1
2024-05-13T15:32:24.212Z,GME,hybrid,0.003472915376269161,0.010806916426512865,0.0013381480306564313,1,0.5199999999999996,EDGX|CBOE|OTC,OTC,178,1.3596598465845144,0.003472915376269161,0.0025542530986652104,EDGX,1097,0.3837155340830582,0.002262682830746519,0.005896771513703544,6.162921348314606,1
2024-05-13T15:35:45.905Z,GME,hybrid,0.001138704258648566,0.01216716628460585,0.0012177860749978215,1,0.767199999999999,EDGX|CBOE|OTC,OTC,162,1.3441140682333432,0.001138704258648566,0.0008471782905637163,EDGX,978,0.4139083044545537,0.001792038577446251,0.004329554536983235,6.037037037037037,1
2024-05-13T15:39:43.110Z,GME,hybrid,0.00001134337221640292,0.00889679715302491,0.0011210221086752228,1,0.4700000000000024,EDGX|CBOE|OTC,OTC,86,0.54222569206777,0.00001134337221640292,0.000020920019804198378,EDGX,592,0.32718943896544206,0.0015939886562106806,0.004871760718349587,6.883720930232558,1
2024-05-13T15:39:48.119Z,GME,hybrid,0.00020547651297301892,0.007181328545781071,0.001142629466955563,1,0.5700000000000003,EDGX|CBOE|OTC,OTC,116,0.5381006295564952,0.00020547651297301892,0.00038185518040068734,EDGX,694,0.31072309370881024,0.0017121006604273626,0.0055100528254647,5.982758620689655,1
2024-05-13T15:42:09.344Z,GME,hybrid,0.0006049052769344245,0.007402185407120227,0.0007377208040350073,1,0.2799999999999976,EDGX|CBOE|OTC,OTC,100,5.641134596119044,0.0006049052769344245,0.00010723113703945014,EDGX,631,0.3877548370015617,0.0007121619336652999,0.0018366294000929037,6.31,1
2024-05-13T15:48:43.187Z,GME,hybrid,0.0009638268020314377,0.008056042031523658,0.001055601410944556,1,0.490000000000002,EDGX|CBOE|OTC,OTC,163,0.7506440966575624,0.0009638268020314377,0.0012839997094803337,EDGX,919,0.3457486756473293,0.001189592988644655,0.0034406291981232753,5.638036809815951,1
2024-05-13T15:50:49.664Z,GME,hybrid,0.000555272570242425,0.008095740936290053,0.0013518868277827688,1,0.3200000000000003,EDGX|CBOE|OTC,OTC,90,0.6136223186175485,0.000555272570242425,0.0009049093447145441,EDGX,640,0.45494349560825337,0.004206298066034445,0.009245759323167553,7.111111111111111,1
2024-05-13T15:50:54.714Z,GME,hybrid,0.0015173079579080592,0.007383966244725643,0.0011829149941617956,1,0.3299999999999983,EDGX|CBOE|OTC,OTC,83,2.0614936857464543,0.0015173079579080592,0.0007360235776607054,EDGX,615,0.4490376615778779,0.00398361718441841,0.00887145450210198,7.409638554216867,1
2024-05-13T15:53:25.902Z,GME,hybrid,0.00025140290818006014,0.009142053445850968,0.0008090166231137428,1,0.4799999999999969,EDGX|CBOE|OTC,OTC,126,0.671378728903253,0.00025140290818006014,0.0003744576605677476,EDGX,696,0.3768711883585555,0.0013355356147001466,0.0035437455978447395,5.523809523809524,1
2024-05-13T15:56:02.950Z,GME,hybrid,0.000579317454111704,0.007436260623229492,0.0006217965450611085,1,0.25,EDGX|CBOE|OTC,OTC,63,1.1307363763209386,0.000579317454111704,0.0005123364439699209,EDGX,475,0.37391843939546854,0.0007097099635361521,0.0018980341399679928,7.5396825396825395,1
2024-05-13T15:58:19.305Z,GME,hybrid,0.004139112292866296,0.0072164948453607314,0.0013433624480090327,1,1.110000000000003,EDGX|CBOE|OTC,OTC,183,0.9899748063483325,0.004139112292866296,0.004181027907300005,EDGX,1163,0.32756771538796586,0.0011915984492311216,0.0036377163965008326,6.355191256830601,1
2024-05-13T16:00:00.028Z,GME,hybrid,0.0009181710224120346,0.007113821138211411,0.0007970548990294536,1,0.6940999999999988,EDGX|CBOE|OTC,OTC,132,0.7012746222332533,0.0009181710224120346,0.0013092888196753235,EDGX,1080,0.2960650525807924,0.0006115421933530419,0.0020655669692259938,8.181818181818182,1
2024-05-13T16:03:06.416Z,GME,hybrid,0.0006173797808778008,0.007778153533987164,0.00067442483104511,1,0.38989999999999725,EDGX|CBOE|OTC,OTC,132,0.4603181574730824,0.0006173797808778008,0.0013412023202971366,EDGX,755,0.32560210327512434,0.0008583115209968409,0.0026360748667264983,5.71969696969697,1
2024-05-13T16:06:02.581Z,GME,hybrid,0.001105230093247714,0.008366800535475234,0.0006941994898106472,1,0.5700000000000003,EDGX|CBOE|OTC,OTC,180,1.0427039818311516,0.001105230093247714,0.0010599653521095765,EDGX,1051,0.327362792991649,0.0007536395335513527,0.002302153909013655,5.838888888888889,1
2024-05-13T16:07:57.978Z,GME,hybrid,0.0013577454947068883,0.00722258699934348,0.0012762954187016031,1,1.2799999999999976,EDGX|CBOE|OTC,OTC,363,0.5568885267165216,0.0013577454947068883,0.0024380920589481543,EDGX,2593,0.48250200854670644,0.0013455058023077284,0.0027886014534123597,7.143250688705234,1
2024-05-13T16:11:03.603Z,GME,hybrid,0.0012999312620665087,0.00875770353551734,0.0008132234054197421,1,0.30989999999999895,EDGX|CBOE|OTC,OTC,99,0.9670756484063944,0.0012999312620665087,0.0013441877729096104,EDGX,1160,0.38542419599399425,0.0009012533668439967,0.0023383414331829863,11.717171717171718,1
2024-05-13T16:13:49.739Z,GME,hybrid,0.000660790155553256,0.007845701209545553,0.000756871753062812,1,0.5900000000000034,EDGX|CBOE|OTC,OTC,171,0.8132350929706997,0.000660790155553256,0.0008125450577144041,EDGX,1215,0.3249250435685459,0.000574808199611892,0.0017690486190259783,7.105263157894737,1
2024-05-13T16:13:54.755Z,GME,hybrid,0.0003168343622861815,0.009231783712495799,0.0007275547236110328,1,0.8800000000000026,EDGX|CBOE|OTC,OTC,231,0.7169621702988545,0.0003168343622861815,0.00044191224504092606,EDGX,1454,0.3234664926460579,0.0006552641414984718,0.002025755855384601,6.294372294372295,1
2024-05-13T16:15:10.154Z,GME,hybrid,0.00044591042907129183,0.007858546168958808,0.000629351656031245,1,0.35999999999999943,EDGX|CBOE|OTC,OTC,98,0.6782431853355713,0.00044591042907129183,0.000657449184470126,EDGX,854,0.35523618517822336,0.0005733397295656028,0.0016139677022991225,8.714285714285714,1
2024-05-13T16:27:42.445Z,GME,hybrid,0.0010375946593151647,0.008078088185796094,0.0013955207682383422,1,1.0599999999999987,EDGX|CBOE|OTC,OTC,100,0.9241581203517922,0.0010375946593151647,0.0011227458120696828,EDGX,981,0.37556685837392106,0.0007693966845678694,0.0020486277407412885,9.81,1
2024-05-13T16:27:52.447Z,GME,hybrid,0.000337209329521793,0.009562841530054683,0.0015908091734607918,1,1.4899999999999984,EDGX|CBOE|OTC,OTC,189,0.5308116988446805,0.000337209329521793,0.0006352710956742929,EDGX,1372,0.27696656166040196,0.0017356860405600835,0.00626677108656989,7.2592592592592595,1
2024-05-13T16:27:57.448Z,GME,hybrid,0.0004662756322674276,0.009589041095890328,0.001993945782528756,1,1.6700000000000017,EDGX|CBOE|OTC,OTC,265,0.5113187885681115,0.0004662756322674276,0.0009119078795699606,EDGX,1741,0.27840421454639147,0.0015063977169958466,0.005410829428176025,6.569811320754717,1
2024-05-13T16:28:07.461Z,GME,hybrid,0.000656905603106869,0.011797362942401106,0.0020684624488905407,1,1.75,EDGX|CBOE|OTC,OTC,250,0.515372271693773,0.000656905603106869,0.0012746234890517996,EDGX,1952,0.2786829366759614,0.0017431094123690817,0.006254812128651716,7.808,1
2024-05-13T16:28:42.808Z,GME,hybrid,0.004165650944817801,0.007194244604316454,0.0013325645107324937,1,0.8157999999999994,EDGX|CBOE|OTC,OTC,75,3.1911238948703837,0.004165650944817801,0.0013053867797216945,EDGX,851,0.39949990630499754,0.0010323262437118312,0.0025840462724006333,11.346666666666666,1
2024-05-13T16:33:20.272Z,GME,hybrid,0.001802637360162204,0.007954922108054424,0.0009140193689411812,1,0.7047999999999988,EDGX|CBOE|OTC,OTC,97,0.70343954162647,0.001802637360162204,0.002562604535983582,EDGX,705,0.3250856996955111,0.0011827881648493082,0.0036383887878093596,7.268041237113402,1
2024-05-13T16:50:11.062Z,GME,hybrid,2.274735261833057e-7,0.009986684420772328,0.0005474618122553479,1,0.46000000000000085,EDGX|CBOE|OTC,OTC,106,0.36092816572155945,2.274735261833057e-7,6.302459818522219e-7,EDGX,761,0.3353409208477229,0.0004692185914957307,0.0013992285531678407,7.179245283018868,1
2024-05-13T17:12:29.088Z,GME,hybrid,0.0008027446242380421,0.007657500870170514,0.0007705446075311735,1,0.5192000000000014,EDGX|CBOE|OTC,OTC,123,0.6485041464125829,0.0008027446242380421,0.0012378403880355922,EDGX,818,0.2304081343551014,0.0008277067797861491,0.003592350513591245,6.650406504065041,1
2024-05-13T17:14:55.873Z,GME,hybrid,0.00002571336833033232,0.007617728531855917,0.0007942002374239614,1,0.30209999999999937,EDGX|CBOE|OTC,OTC,69,0.5963754739256911,0.00002571336833033232,0.000043116072767164505,EDGX,428,0.4512634489144633,0.0014093531281713742,0.00312312714792577,6.202898550724638,1
2024-05-13T17:23:08.301Z,GME,hybrid,0.000005282388050217755,0.013499480789200435,0.0009937104953655499,1,0.5399999999999991,EDGX|CBOE|OTC,OTC,89,0.4144780767394494,0.000005282388050217755,0.000012744674197903084,EDGX,560,0.538756807058583,0.0010666001479569323,0.0019797432421878487,6.292134831460674,1
2024-05-13T17:40:14.490Z,GME,hybrid,0.0014733683214196015,0.008873720136518702,0.0007301040335258076,1,0.29990000000000094,EDGX|CBOE|OTC,OTC,64,3.7903067520841995,0.0014733683214196015,0.0003887200740703721,EDGX,692,0.3153564311466642,0.0011273989313822013,0.003574999017089577,10.8125,1
2024-05-13T17:40:34.587Z,GME,hybrid,0.0005448711719226556,0.008445945945945945,0.000798084544473837,1,0.37959999999999994,EDGX|CBOE|OTC,OTC,83,0.5492914998011499,0.0005448711719226556,0.0009919526737987125,EDGX,691,0.35085803381674213,0.001400212645565217,0.00399082395330462,8.325301204819278,1
2024-05-13T18:00:18.176Z,GME,hybrid,0.0006693274149446802,0.008794788273615621,0.0005743729704519824,1,0.3298999999999985,EDGX|CBOE|OTC,OTC,87,0.6691871887554822,0.0006693274149446802,0.0010002095470319132,EDGX,1038,0.38553780986154584,0.00044651420121769514,0.001158159303177157,11.931034482758621,1
2024-05-13T18:02:23.869Z,GME,hybrid,0.00050524939968328,0.0075465639049453895,0.000645373232222439,1,0.6199000000000012,EDGX|CBOE|OTC,OTC,149,0.6903331567734129,0.00050524939968328,0.0007318921229928948,EDGX,1295,0.3331119504207256,0.0004631073250701188,0.0013902453048748537,8.691275167785236,1
2024-05-13T18:04:50.275Z,GME,hybrid,0.0001448477205898809,0.02006369426751589,0.000680790320111527,1,0.6999999999999993,EDGX|CBOE|OTC,OTC,211,0.5612220738848744,0.0001448477205898809,0.0002580934131603563,EDGX,1289,0.3253482274628973,0.000511017487187916,0.0015706785654647291,6.109004739336493,1
2024-05-13T18:07:16.343Z,GME,hybrid,0.0009622817375002191,0.009382076997735333,0.0008576785348336241,1,1.0299999999999976,EDGX|CBOE|OTC,OTC,204,0.6880954397152669,0.0009622817375002191,0.0013984713194704651,EDGX,1619,0.4834234037996693,0.001441351386020364,0.0029815506959147142,7.936274509803922,1
2024-05-13T18:09:27.450Z,GME,hybrid,0.00011103325560029361,0.009554140127388559,0.0006276345025891686,1,0.48989999999999867,EDGX|CBOE|OTC,OTC,170,0.49812817214439653,0.00011103325560029361,0.00022290097571134258,EDGX,989,0.3559488808788804,0.0004302459740075658,0.0012087296719271515,5.817647058823529,1
2024-05-13T18:10:02.612Z,GME,hybrid,0.00010645486940641215,0.010410094637223921,0.0009240578857664819,1,0.8200000000000003,EDGX|CBOE|OTC,OTC,179,0.618631778804096,0.00010645486940641215,0.00017208115239764223,EDGX,1301,0.39378488253394694,0.0021767748461047776,0.005527827356138094,7.268156424581005,1
2024-05-13T18:21:08.926Z,GME,hybrid,0.000057671437760426274,0.011893124796350667,0.0008286094508026068,1,0.6999999999999993,EDGX|CBOE|OTC,OTC,174,0.5731732754642019,0.000057671437760426274,0.00010061780656768984,EDGX,1145,0.5065009417788875,0.00037775007601635634,0.0007458033043130309,6.580459770114943,1
2024-05-13T18:39:41.061Z,GME,hybrid,0.00029637486821184835,0.007719523962688917,0.0018861397272423044,1,1.6600000000000001,EDGX|CBOE|OTC,OTC,122,1.2380833358269694,0.00029637486821184835,0.0002393820025159185,EDGX,683,0.2861444387319477,0.001740393188851295,0.006082219163733767,5.598360655737705,1
2024-05-13T19:11:21.655Z,GME,hybrid,0.0001575781028463849,0.010749288650015804,0.0009464242782746834,1,0.7298000000000009,EDGX|CBOE|OTC,OTC,144,0.4586944292624374,0.0001575781028463849,0.0003435361164070911,EDGX,1288,0.32704644030225843,0.0005253695591254229,0.0016064065966896717,8.944444444444445,1
2024-05-13T19:13:32.669Z,GME,hybrid,0.0005455530896303172,0.007201001878522242,0.0006347278077702394,1,0.48440000000000083,EDGX|CBOE|OTC,OTC,141,0.8338535270649738,0.0005455530896303172,0.0006542553001491444,EDGX,974,0.3783271917338289,0.00048453572007254957,0.0012807319448860642,6.907801418439717,1
2024-05-13T19:17:59.018Z,GME,hybrid,0.00012884018767829691,0.008447243127015776,0.0009405861083613466,1,0.7800000000000011,EDGX|CBOE|OTC,OTC,154,0.463167278018541,0.00012884018767829691,0.00027817204235472637,EDGX,1086,0.238822594047113,0.0005095481881574899,0.002133584513603308,7.0519480519480515,1
2024-05-13T19:22:10.732Z,GME,hybrid,0.004453421181688106,0.011512631915574015,0.0022874466691430394,1,1.9200000000000017,EDGX|CBOE|OTC,OTC,370,0.6312982549505406,0.004453421181688106,0.007054385382448129,EDGX,1989,0.2768490804881734,0.004781374192913728,0.017270688363792423,5.375675675675676,1
2024-05-13T19:22:40.756Z,GME,hybrid,0.006475509382715774,0.009467841984982132,0.0019217059409507209,1,1.7000000000000028,EDGX|CBOE|OTC,OTC,120,0.7013211983057488,0.006475509382715774,0.009233300516737986,EDGX,1403,0.2945124751755083,0.0016676281602900306,0.005662334538787343,11.691666666666666,1
2024-05-13T19:24:11.766Z,GME,hybrid,0.0008369279027588526,0.00709677419354835,0.0018302395944888028,1,1.5399999999999991,EDGX|CBOE|OTC,OTC,93,1.1643610780138738,0.0008369279027588526,0.00071878725471179,EDGX,836,0.27046558273815247,0.002191382599453524,0.008102260469773269,8.989247311827956,1
2024-05-13T19:28:28.806Z,GME,hybrid,0.0007394849410181403,0.007705192629815759,0.0009543457707344667,1,0.8100000000000023,EDGX|CBOE|OTC,OTC,171,0.9366379005498942,0.0007394849410181403,0.0007895099489183529,EDGX,932,0.31775399158350837,0.0019031783872305668,0.005989471218744378,5.450292397660819,1
2024-05-13T19:32:35.525Z,GME,hybrid,0.0013777857226910726,0.009928106812735335,0.0010215204660062615,1,0.9700000000000024,EDGX|CBOE|OTC,OTC,210,0.613083304007236,0.0013777857226910726,0.0022473058941347573,EDGX,1383,0.3110067725320052,0.0008181572067155135,0.0026306732810177577,6.585714285714285,1
2024-05-13T19:39:34.086Z,GME,hybrid,0.00015015881117298903,0.009631922944616482,0.0016967443309928482,1,1.2899999999999991,EDGX|CBOE|OTC,OTC,113,0.4095424795650032,0.00015015881117298903,0.0003666501490455414,EDGX,970,0.2997574108489865,0.003598479770095174,0.012004639884976978,8.584070796460177,1
2024-05-13T19:45:52.680Z,GME,hybrid,0.004445672281425306,0.0070257611241218085,0.0012568025347640616,1,0.7531999999999996,EDGX|CBOE|OTC,OTC,134,1.7398100722019705,0.004445672281425306,0.002555262986722851,EDGX,799,0.5092069818061943,0.002012743364762334,0.00395270182200367,5.962686567164179,1
2024-05-14T12:00:09.640Z,GME,hybrid,0.03087949902724136,0.019747123170904966,0.10768086918245609,1,25.47,EDGX|CBOE|OTC,OTC,559,0.6114462909331543,0.03087949902724136,0.050502389964807604,EDGX,40272,0.4146373326891785,9.244303589211519,22.294913796730544,72.04293381037567,1
2024-05-14T12:00:14.666Z,GME,hybrid,0.06686204158806795,0.016521739130434792,0.10340454657108282,1,25.47,EDGX|CBOE|OTC,OTC,642,0.6053543254220641,0.06686204158806795,0.1104510842331068,EDGX,45031,0.4519533344867936,7.764562882312008,17.180010168812892,70.14174454828661,1
2024-05-14T12:00:24.691Z,GME,hybrid,0.1437905176059316,0.007731958762886687,0.10339494763284526,1,25.47,EDGX|CBOE|OTC,OTC,599,0.5412349391876282,0.1437905176059316,0.2656711664286776,EDGX,45104,0.4498116957723146,4.349639739573003,9.669912499951314,75.29883138564274,1
2024-05-14T12:00:49.712Z,GME,hybrid,0.0413830636362795,0.0072254335260115606,0.02704386743388068,1,25.463299999999997,EDGX|CBOE|OTC,OTC,264,0.5418404886193046,0.0413830636362795,0.07637499320460549,EDGX,4152,0.4876503528594817,2.4389549877230796,5.001442064835076,15.727272727272727,1
2024-05-14T12:00:54.903Z,GME,hybrid,0.02531877959613426,0.01076520221123065,0.026227061056439006,1,25.463299999999997,EDGX|CBOE|OTC,OTC,384,0.4356048938219881,0.02531877959613426,0.05812326710562828,EDGX,4176,0.45269928746083443,2.0658795747079,4.563469905807243,10.875,1
2024-05-14T12:21:46.307Z,GME,hybrid,0.013248247173746456,0.012834733005862815,0.2103734961525558,1,24.799999999999997,EDGX|CBOE|OTC,OTC,332,0.5490827792939119,0.013248247173746456,0.024127959705425327,EDGX,3196,0.3236619811624847,13.190178962363404,40.75294514044785,9.626506024096386,1
2024-05-14T12:22:01.336Z,GME,hybrid,0.015306877382054775,0.007056936647955169,0.21771609380766413,1,24.799999999999997,EDGX|CBOE|OTC,OTC,387,0.5814077711052916,0.015306877382054775,0.026327266580829265,EDGX,3256,0.3022901221301618,7.440390038489697,24.61340776224891,8.41343669250646,1
2024-05-14T12:22:16.386Z,GME,hybrid,0.022598487635767765,0.008558049410624918,0.20916384426306764,1,24.39,EDGX|CBOE|OTC,OTC,346,0.6315076224783096,0.022598487635767765,0.03578497999292789,EDGX,3867,0.30622423802548937,7.477313399887047,24.417771264940345,11.176300578034683,1
2024-05-14T12:22:21.427Z,GME,hybrid,0.021962236855084485,0.01219115734720416,0.19423000680973143,1,24.39,EDGX|CBOE|OTC,OTC,446,0.6023471850392317,0.021962236855084485,0.036461093204335396,EDGX,3368,0.3138236048747927,7.022276610190762,22.37650865361917,7.551569506726457,1
2024-05-14T13:30:16.231Z,GME,hybrid,0.009443909124400166,0.06416615003099804,0.015033278977007826,1,6.359999999999992,EDGX|CBOE|OTC,OTC,551,0.5825945217752451,0.009443909124400166,0.016210089129611596,EDGX,6848,0.23587540906912055,0.03554887615036496,0.15071039533395264,12.428312159709618,1
2024-05-14T13:35:39.978Z,GME,hybrid,0.06881169889961125,0.031468531468531416,0.013229161981399928,1,6.560000000000002,EDGX|CBOE|OTC,OTC,442,0.6084711384533902,0.06881169889961125,0.11308950343070763,EDGX,9407,0.5379791075729956,0.7589580363929463,1.4107574545354762,21.282805429864254,1
2024-05-14T13:35:44.978Z,GME,hybrid,0.0349759352451278,0.03471634208298048,0.011915027102031128,1,6.560000000000002,EDGX|CBOE|OTC,OTC,499,0.5701748231045948,0.0349759352451278,0.061342475724698385,EDGX,18835,0.5335808350258586,0.8026835443340047,1.5043335360706962,37.745490981963925,1
2024-05-14T13:35:49.988Z,GME,hybrid,0.03411705486385781,0.007017543859649098,0.012435724483083766,1,6.609900000000003,EDGX|CBOE|OTC,OTC,566,0.4905215715973611,0.03411705486385781,0.06955260856878767,EDGX,29273,0.5683506012195056,0.7814512039236405,1.3749456800905753,51.71908127208481,1
2024-05-14T13:41:27.038Z,GME,hybrid,0.0671554820611602,0.010779122541603636,0.004826164683949853,1,4.149999999999999,EDGX|CBOE|OTC,OTC,453,0.7486615013682306,0.0671554820611602,0.08970072848467421,EDGX,14300,0.7360012028055689,0.160488407137717,0.21805454464741356,31.567328918322296,1
2024-05-14T13:41:37.043Z,GME,hybrid,0.06686221298057592,0.041309727774605016,0.008514153892716685,1,5.309999999999995,EDGX|CBOE|OTC,OTC,807,0.7122063552119006,0.06686221298057592,0.09388039364052377,EDGX,41192,0.5245865691986654,0.19947722943757284,0.38025607430683017,51.04337050805452,1
2024-05-14T13:41:42.044Z,GME,hybrid,0.08624205399632623,0.03236695790309775,0.008747044594329983,1,5.309999999999995,EDGX|CBOE|OTC,OTC,923,0.6831431633702697,0.08624205399632623,0.12624301701396412,EDGX,56532,0.5692354601382347,0.21098916744335627,0.3706535910326442,61.24810400866739,1
2024-05-14T13:41:47.047Z,GME,hybrid,0.08439743735176848,0.007947276603992956,0.00849579815392406,1,4.649999999999999,EDGX|CBOE|OTC,OTC,842,0.6562036019800839,0.08439743735176848,0.12861471210627398,EDGX,59748,0.5037936721856172,0.17814051427371116,0.35359815755700336,70.95961995249407,1
2024-05-14T13:41:57.049Z,GME,hybrid,0.08013974827382306,0.043878137574247925,0.009131613498659511,1,4.050000000000004,EDGX|CBOE|OTC,OTC,1362,0.6091697164878259,0.08013974827382306,0.13155569967573172,EDGX,55173,0.6209893052094181,0.1646027274126195,0.265065317601742,40.508810572687224,1
2024-05-14T13:47:18.155Z,GME,hybrid,0.013973153675370139,0.014400677678949592,0.005283477350091311,1,4.149999999999999,EDGX|CBOE|OTC,OTC,336,0.36135097246321224,0.013973153675370139,0.038669201801560645,EDGX,6815,0.1770040862016063,0.011622662786135558,0.06566324560946822,20.282738095238095,1
2024-05-14T13:47:23.159Z,GME,hybrid,0.02283592607054599,0.013174404015056516,0.005371077660722785,1,4.149999999999999,EDGX|CBOE|OTC,OTC,405,0.5920209167713316,0.02283592607054599,0.038572836573215835,EDGX,9217,0.3011580223901908,0.017402910437241455,0.05778664071147884,22.758024691358024,1
2024-05-14T13:47:28.159Z,GME,hybrid,0.037146858653339214,0.013986013986013915,0.005043806763778099,1,4.149999999999999,EDGX|CBOE|OTC,OTC,510,0.540284580460397,0.037146858653339214,0.06875424544169846,EDGX,10539,0.31713450533428617,0.01598095896483682,0.05039173819320468,20.66470588235294,1
2024-05-14T13:47:33.159Z,GME,hybrid,0.03604732659199948,0.009026434558349488,0.004685454334643137,1,4.149999999999999,EDGX|CBOE|OTC,OTC,680,0.5179167391438738,0.03604732659199948,0.06960062084802741,EDGX,12052,0.331315884813295,0.012713536457499302,0.038372855152006086,17.723529411764705,1
2024-05-14T13:47:38.161Z,GME,hybrid,0.029153745201693632,0.03535024940360014,0.0043893945315013295,1,4.149999999999999,EDGX|CBOE|OTC,OTC,866,0.5693118666733878,0.029153745201693632,0.051208743236014494,EDGX,13700,0.337246544774255,0.011806362275852121,0.03500810448259752,15.81986143187067,1
2024-05-14T13:47:48.167Z,GME,hybrid,0.026608412631915296,0.03747618039381756,0.003297268517194224,1,3.049999999999997,EDGX|CBOE|OTC,OTC,849,0.5321353558247522,0.026608412631915296,0.050003091019342506,EDGX,9805,0.3872313809620648,0.009922063259409879,0.02562308673113943,11.548881036513546,1
2024-05-14T13:47:53.167Z,GME,hybrid,0.046304254277169866,0.010408163265306082,0.0023991295498915965,1,3.049999999999997,EDGX|CBOE|OTC,OTC,835,0.5984142141360673,0.046304254277169866,0.07737826606277974,EDGX,8664,0.4235940642203623,0.007950535889381098,0.018769233473595295,10.376047904191617,1
2024-05-14T13:47:58.168Z,GME,hybrid,0.03491616585223681,0.020829036914827757,0.002179266947543744,1,3.549999999999997,EDGX|CBOE|OTC,OTC,1048,0.6049774275942507,0.03491616585223681,0.05771482415647177,EDGX,9046,0.40630106255098203,0.006597668520429603,0.016238373778807772,8.631679389312977,1
2024-05-14T13:48:13.175Z,GME,hybrid,0.040516863619862495,0.026939436905003004,0.0022386215276456382,1,2.5,EDGX|CBOE|OTC,OTC,1169,0.6290413173620524,0.040516863619862495,0.06441049657878438,EDGX,8473,0.3951638021058381,0.006495486055382935,0.016437452066126304,7.248075278015397,1
2024-05-14T13:48:18.175Z,GME,hybrid,0.02458995307341324,0.03517169614984387,0.0023570016140986826,1,3.479999999999997,EDGX|CBOE|OTC,OTC,1134,0.41416150601369617,0.02458995307341324,0.05937285990214662,EDGX,8526,0.3952691993836767,0.010159003191590991,0.02570147941562715,7.518518518518518,1
2024-05-14T13:48:23.175Z,GME,hybrid,0.028474315140675856,0.012079378774805916,0.002711991498703784,1,3.479999999999997,EDGX|CBOE|OTC,OTC,1116,0.49872577483526975,0.028474315140675856,0.05709413184045077,EDGX,8267,0.31295887963635227,0.011590530361422558,0.03703531395207692,7.407706093189964,1
2024-05-14T13:48:33.181Z,GME,hybrid,0.03887058758378599,0.011794439764111105,0.0029453613812514905,1,3.479999999999997,EDGX|CBOE|OTC,OTC,811,0.446458694294367,0.03887058758378599,0.08706424150888446,EDGX,7187,0.305262284185343,0.01089274641178765,0.03568323692806417,8.86189889025894,1
2024-05-14T13:48:38.188Z,GME,hybrid,0.048325298124822336,0.01918158567774933,0.0031488261000518947,1,3.5,EDGX|CBOE|OTC,OTC,766,0.4112295061614802,0.048325298124822336,0.11751417979683132,EDGX,6996,0.321654955325194,0.01384397823068702,0.04303984130041063,9.133159268929504,1
2024-05-14T13:48:43.188Z,GME,hybrid,0.04008365427897672,0.011519234948924172,0.003237635341372482,1,3.895000000000003,EDGX|CBOE|OTC,OTC,713,0.5036264746801001,0.04008365427897672,0.07959004598484933,EDGX,6969,0.3451619583345691,0.013512869238136027,0.03914935847315439,9.774193548387096,1
2024-05-14T13:48:48.188Z,GME,hybrid,0.046791370568902306,0.018880351262349056,0.0031717703802308984,1,2.9399999999999977,EDGX|CBOE|OTC,OTC,579,0.5722401951855746,0.046791370568902306,0.08176875892775778,EDGX,6575,0.38191019094740575,0.014909494737384043,0.03903926915487124,11.355785837651123,1
2024-05-14T13:48:53.188Z,GME,hybrid,0.05275826411946997,0.041801335918983086,0.002840819103162961,1,3.2905999999999977,EDGX|CBOE|OTC,OTC,745,0.5525915233921899,0.05275826411946997,0.0954742551887209,EDGX,6749,0.4348059656659504,0.010735695918894516,0.02469077419959426,9.059060402684564,1
2024-05-14T13:48:58.195Z,GME,hybrid,0.05444223309264545,0.01727726894254784,0.002988263736858821,1,4.140000000000001,EDGX|CBOE|OTC,OTC,814,0.5409021208810286,0.05444223309264545,0.10065080352055047,EDGX,6887,0.45258915885723344,0.012035523926521118,0.026592603227417678,8.460687960687961,1
2024-05-14T13:49:03.204Z,GME,hybrid,0.047395938211028735,0.012379783098015079,0.003151207279503848,1,4.140000000000001,EDGX|CBOE|OTC,OTC,777,0.5758490239510243,0.047395938211028735,0.08230618832317363,EDGX,6864,0.41541054109905734,0.012719272961000994,0.03061856092372967,8.833976833976834,1
2024-05-14T13:49:08.214Z,GME,hybrid,0.03844062590986059,0.02413757381125037,0.003137882405920433,1,4.340000000000003,EDGX|CBOE|OTC,OTC,727,0.523109719582894,0.03844062590986059,0.07348482444660281,EDGX,6684,0.3639331385205543,0.011552759299265273,0.0317441806652427,9.1939477303989,1
2024-05-14T13:49:18.225Z,GME,hybrid,0.05506518020786545,0.012802275960170749,0.002875799259396954,1,4.230000000000004,EDGX|CBOE|OTC,OTC,871,0.5281011184367846,0.05506518020786545,0.10427014502613088,EDGX,5980,0.4035073121300422,0.011787377004276922,0.029212300867742614,6.865671641791045,1
2024-05-14T13:49:23.239Z,GME,hybrid,0.055824318597016205,0.03350722311396472,0.002796143166419341,1,2.3400000000000034,EDGX|CBOE|OTC,OTC,831,0.5477813539715136,0.055824318597016205,0.10190985544192008,EDGX,5834,0.3803462475899646,0.011722873716065941,0.030821583728897154,7.020457280385078,1
2024-05-14T13:49:28.239Z,GME,hybrid,0.03420220131223372,0.024288976541415853,0.0028048539958767647,1,3.730000000000004,EDGX|CBOE|OTC,OTC,801,0.5072244221393831,0.03420220131223372,0.06743011538753373,EDGX,5711,0.3406559404814392,0.010217509221424602,0.02999363289242657,7.129837702871411,1
2024-05-14T13:49:38.249Z,GME,hybrid,0.02465680596855893,0.009475679090334718,0.0027527410881797005,1,3.730000000000004,EDGX|CBOE|OTC,OTC,708,0.39371248712177337,0.02465680596855893,0.06262642607251799,EDGX,5308,0.35482334579295066,0.007971754387731497,0.022466826048089965,7.497175141242938,1
2024-05-14T13:49:43.251Z,GME,hybrid,0.019472184365136314,0.015435961618689924,0.0027412326353732845,1,3.730000000000004,EDGX|CBOE|OTC,OTC,563,0.40442668452121194,0.019472184365136314,0.04814762504652437,EDGX,4891,0.38154092064790723,0.009295207080943309,0.024362280892856292,8.687388987566607,1
2024-05-14T13:49:48.255Z,GME,hybrid,0.014296133028941598,0.035805084745762814,0.0029563286230954444,1,4.740000000000002,EDGX|CBOE|OTC,OTC,707,0.44801779999675956,0.014296133028941598,0.031909743383064244,EDGX,5318,0.3522277716710555,0.010946658734148372,0.031078352175964774,7.521923620933522,1
2024-05-14T13:49:53.256Z,GME,hybrid,0.02673976846490983,0.023841059602649126,0.003358914568937686,1,3.5799999999999983,EDGX|CBOE|OTC,OTC,592,0.49331229650434844,0.02673976846490983,0.054204544776990216,EDGX,5162,0.3395839832057331,0.010605714480422315,0.031231492075399103,8.719594594594595,1
2024-05-14T13:49:58.269Z,GME,hybrid,0.03645383191716931,0.03255713669685205,0.003355743028056914,1,3.1287999999999982,EDGX|CBOE|OTC,OTC,545,0.5296257508171354,0.03645383191716931,0.06882941749136322,EDGX,4998,0.36250148325560266,0.010951476358191013,0.030210845649061912,9.170642201834863,1
2024-05-14T13:50:08.273Z,GME,hybrid,0.028480373610578234,0.021369294605809004,0.0032268325830136294,1,4.479999999999997,EDGX|CBOE|OTC,OTC,677,0.5651947583280987,0.028480373610578234,0.05039037109053516,EDGX,5124,0.350530457341607,0.011340717756286168,0.03235301674580064,7.568685376661743,1
2024-05-14T13:50:18.277Z,GME,hybrid,0.034003847453508707,0.0070721357850071,0.0029881390932767946,1,4.680000000000007,EDGX|CBOE|OTC,OTC,412,0.6273200511589204,0.034003847453508707,0.05420494274125224,EDGX,4858,0.34734447884849556,0.008320894153158174,0.0239557403668638,11.79126213592233,1
2024-05-14T13:50:28.283Z,GME,hybrid,0.020480308464899413,0.01033853638759386,0.0021694917200598554,1,2.2900000000000063,EDGX|CBOE|OTC,OTC,449,0.5919803122529861,0.020480308464899413,0.03459626619499305,EDGX,4701,0.33358478858292195,0.005356462986524392,0.01605727590061527,10.469933184855234,1
2024-05-14T13:55:53.910Z,GME,hybrid,0.06838590412095438,0.014117647058823507,0.0038120428497094923,1,1.25,EDGX|CBOE|OTC,OTC,301,0.686234230642189,0.06838590412095438,0.09965388065377874,EDGX,6923,0.3976032921530036,0.02391825637526586,0.060156082324544134,23,1
2024-05-14T13:55:58.912Z,GME,hybrid,0.05378874038227881,0.018297533810660335,0.0035730703889980237,1,1.7000000000000028,EDGX|CBOE|OTC,OTC,383,0.831246079616943,0.05378874038227881,0.06470856428828618,EDGX,7876,0.3402600369379647,0.02083997691085009,0.061247206984373484,20.56396866840731,1
2024-05-14T13:56:08.922Z,GME,hybrid,0.034492016581921414,0.00855199222546157,0.0031303134291770255,1,2.230000000000004,EDGX|CBOE|OTC,OTC,700,0.6268594753084185,0.034492016581921414,0.055023522720066,EDGX,9999,0.3520283366245025,0.01223495425572192,0.034755594884887234,14.284285714285714,1
2024-05-14T13:56:13.927Z,GME,hybrid,0.03027920885039588,0.011778335586020457,0.0029647941351709306,1,2.6000000000000014,EDGX|CBOE|OTC,OTC,793,0.6403558948720214,0.03027920885039588,0.047284969331698505,EDGX,11222,0.3538180291697944,0.010009141379498588,0.02828895238319041,14.151324085750316,1
2024-05-14T13:56:23.945Z,GME,hybrid,0.017509648131535164,0.012609858616736655,0.001634868857642473,1,3.1000000000000014,EDGX|CBOE|OTC,OTC,847,0.5874934470866648,0.017509648131535164,0.029803988824665485,EDGX,6881,0.3325091273232364,0.00430578231919329,0.012949365792920275,8.12396694214876,1
2024-05-14T13:56:33.945Z,GME,hybrid,0.013380193382451224,0.013909774436090129,0.0014212825050424246,1,2.6500000000000057,EDGX|CBOE|OTC,OTC,911,0.5888976319137859,0.013380193382451224,0.022720745775405112,EDGX,7514,0.29231309977928527,0.0029662137434255382,0.010147385613799777,8.24807903402854,1
2024-05-14T13:56:53.963Z,GME,hybrid,0.006719829393952051,0.010742730135210193,0.001532175870232681,1,2.4257999999999953,EDGX|CBOE|OTC,OTC,964,0.5550373268494444,0.006719829393952051,0.012106986447372441,EDGX,6689,0.223323949788206,0.0020326029741125117,0.009101589758018223,6.9387966804979255,1
2024-05-14T13:57:18.973Z,GME,hybrid,0.04738663836027716,0.016743330266789397,0.0024389063485276818,1,2.3599999999999994,EDGX|CBOE|OTC,OTC,1200,0.6845727854782265,0.04738663836027716,0.06922074520852295,EDGX,8003,0.44690038742291516,0.014489041532582932,0.03242118812233546,6.6691666666666665,1
2024-05-14T13:57:34.008Z,GME,hybrid,0.08256330046664083,0.00892857142857137,0.0025387461467314847,1,2.3599999999999994,EDGX|CBOE|OTC,OTC,988,0.6909584543971969,0.08256330046664083,0.11949097654311265,EDGX,7337,0.3835599432448093,0.010344123446753157,0.026968727128398186,7.426113360323886,1
2024-05-14T13:57:44.032Z,GME,hybrid,0.02636370022788311,0.007669285447063161,0.002667032473016439,1,1.9699999999999989,EDGX|CBOE|OTC,OTC,786,0.6574031859421943,0.02636370022788311,0.040102787439489654,EDGX,6143,0.4730922491074197,0.01251533544508389,0.026454323588468207,7.815521628498728,1
2024-05-14T13:57:49.035Z,GME,hybrid,0.009894200076810133,0.012622981251160195,0.00202494002715369,1,1.6000000000000014,EDGX|CBOE|OTC,OTC,450,0.530009888423708,0.009894200076810133,0.018667953736177037,EDGX,5191,0.31659075892003674,0.00363890223435976,0.011494025431357774,11.535555555555556,1
2024-05-14T13:58:09.067Z,GME,hybrid,0.025264934102505188,0.012545454545454504,0.0014826452226727662,1,2.6343999999999994,EDGX|CBOE|OTC,OTC,755,0.699770320061969,0.025264934102505188,0.036104609438519515,EDGX,5208,0.3536417983363301,0.003830753729204043,0.010832299086887957,6.898013245033113,1
2024-05-14T14:03:36.609Z,GME,hybrid,0.05422968399930129,0.041171251109139315,0.005662586078673605,1,2.8699999999999974,EDGX|CBOE|OTC,OTC,918,0.5353552991704984,0.05422968399930129,0.10129662316470389,EDGX,8210,0.4579412482186609,0.04957728586341916,0.10826123668979183,8.943355119825709,1
2024-05-14T14:03:46.614Z,GME,hybrid,0.05735630731363867,0.014011799410029462,0.005185235193017184,1,2.8699999999999974,EDGX|CBOE|OTC,OTC,1030,0.5082228137928623,0.05735630731363867,0.11285661673782228,EDGX,9967,0.5587216843667018,0.062149536448158585,0.11123523247286107,9.676699029126214,1
2024-05-14T14:03:51.623Z,GME,hybrid,0.04106100044205875,0.01072727272727279,0.005037010204189245,1,2.8699999999999974,EDGX|CBOE|OTC,OTC,1074,0.5145245976577699,0.04106100044205875,0.07980376570717422,EDGX,10671,0.5564965120766866,0.050342521659678174,0.09046331929703244,9.935754189944134,1
2024-05-14T14:03:56.661Z,GME,hybrid,0.0655401149476669,0.018252212389380434,0.0049486760943505325,1,2.8699999999999974,EDGX|CBOE|OTC,OTC,1044,0.5737077689666297,0.0655401149476669,0.11423954579823567,EDGX,11070,0.4899384784540697,0.03613787461013867,0.07376002538965,10.60344827586207,1
2024-05-14T14:04:01.666Z,GME,hybrid,0.03190272205439105,0.009958355965960607,0.005071283843911056,1,2.8500000000000014,EDGX|CBOE|OTC,OTC,811,0.5567959483607148,0.03190272205439105,0.05729697234384899,EDGX,6947,0.5412801379520418,0.041120307177337265,0.07596862381264873,8.56596794081381,1
2024-05-14T14:04:26.690Z,GME,hybrid,0.04501929927039751,0.016848897651908903,0.0019495320610258334,1,2.459000000000003,EDGX|CBOE|OTC,OTC,590,0.7499852874820065,0.04501929927039751,0.06002690988985247,EDGX,4468,0.30641341236983466,0.0035327043424979773,0.011529209231331154,7.5728813559322035,1
2024-05-14T14:04:31.709Z,GME,hybrid,0.03448241801806949,0.00929808568824062,0.0019799541332131856,1,2.459000000000003,EDGX|CBOE|OTC,OTC,558,0.7363152854057635,0.03448241801806949,0.04683105009706156,EDGX,4343,0.28969308473671124,0.004141002426837787,0.014294446933731103,7.7831541218638,1
2024-05-14T14:04:46.732Z,GME,hybrid,0.02437710394096252,0.015192620727075353,0.001911560786365396,1,1.6599999999999966,EDGX|CBOE|OTC,OTC,566,0.5909737805954867,0.02437710394096252,0.041249044782323954,EDGX,3920,0.23518896699637978,0.0033659688418397585,0.014311763365547544,6.925795053003534,1
2024-05-14T14:04:51.732Z,GME,hybrid,0.013284960864387773,0.013223140495867878,0.00193945065110077,1,2.700000000000003,EDGX|CBOE|OTC,OTC,786,0.5505068136927194,0.013284960864387773,0.0241322369386751,EDGX,4274,0.21254567874394123,0.003328224152506497,0.01565886529509775,5.43765903307888,1
2024-05-14T14:05:01.738Z,GME,hybrid,0.010534887040812043,0.01134672619047618,0.0018373009570779152,1,2.6500000000000057,EDGX|CBOE|OTC,OTC,772,0.6055507906660176,0.010534887040812043,0.01739719806033975,EDGX,4723,0.2679129247629801,0.0039228452328406065,0.014642239587026673,6.117875647668394,1
2024-05-14T14:05:06.750Z,GME,hybrid,0.010113373454302563,0.008275343238668513,0.0019768705113966637,1,3.200000000000003,EDGX|CBOE|OTC,OTC,861,0.5720718281073601,0.010113373454302563,0.017678502868707244,EDGX,5176,0.30995310499436673,0.004828981028359183,0.015579714965097535,6.011614401858305,1
2024-05-14T14:10:43.642Z,GME,hybrid,0.028882574999642877,0.015024724229745134,0.004035284881488135,1,3.8299999999999983,EDGX|CBOE|OTC,OTC,342,0.5722141914986923,0.028882574999642877,0.050475111293545885,EDGX,4182,0.23982934077134663,0.007909552487788926,0.032979920064617516,12.228070175438596,1
2024-05-14T14:10:48.644Z,GME,hybrid,0.011763900223665575,0.008056960839422892,0.0038870468148730006,1,4.140000000000001,EDGX|CBOE|OTC,OTC,383,0.5801993777262866,0.011763900223665575,0.02027561675396226,EDGX,4641,0.3946585044277896,0.01220611793105975,0.030928303315691238,12.117493472584856,1
2024-05-14T14:10:53.656Z,GME,hybrid,0.012170374029216245,0.019469682922306643,0.0035221094993101443,1,5.240000000000002,EDGX|CBOE|OTC,OTC,596,0.585844637564781,0.012170374029216245,0.020774064058699318,EDGX,5315,0.384382005033886,0.0089859827428788,0.023377740438412623,8.917785234899329,1
2024-05-14T14:11:43.737Z,GME,hybrid,0.008912009029129763,0.011248185776487618,0.0014326250458902773,1,3.0076000000000036,EDGX|CBOE|OTC,OTC,505,0.5155931378407721,0.008912009029129763,0.017284964393537005,EDGX,3622,0.3583781436408665,0.0034653413190578668,0.00966951076829761,7.172277227722772,1
2024-05-14T14:11:58.745Z,GME,hybrid,0.009798559713142939,0.010258289063931034,0.001561757870999015,1,3.0076000000000036,EDGX|CBOE|OTC,OTC,443,0.4997216857779767,0.009798559713142939,0.01960803381563949,EDGX,3496,0.40016498632003933,0.0045055865108788755,0.011259322191860759,7.891647855530474,1
2024-05-14T14:12:03.745Z,GME,hybrid,0.00940966143712504,0.007071622846781515,0.001577785274120016,1,2.7476000000000056,EDGX|CBOE|OTC,OTC,408,0.5394502550535534,0.00940966143712504,0.0174430567952756,EDGX,3425,0.388310368209356,0.0034993498809744324,0.00901173434310096,8.394607843137255,1
2024-05-14T14:12:18.804Z,GME,hybrid,0.0044863306044603925,0.011872638963842483,0.0011006142232833918,1,1.5298999999999978,EDGX|CBOE|OTC,OTC,550,0.614176978750863,0.0044863306044603925,0.007304621891860659,EDGX,3807,0.3577874055312145,0.002072008653364944,0.005791172694546329,6.921818181818182,1
2024-05-14T14:12:33.827Z,GME,hybrid,0.005012027178341117,0.023787740164684303,0.0012180531544738144,1,2.5799999999999983,EDGX|CBOE|OTC,OTC,590,0.5643404860925687,0.005012027178341117,0.00888121143503958,EDGX,3823,0.34421191351928604,0.002207328680624714,0.006412702739009172,6.479661016949152,1
2024-05-14T14:12:43.847Z,GME,hybrid,0.008059842570347621,0.011032161555721696,0.0013808233662961087,1,3.3300000000000054,EDGX|CBOE|OTC,OTC,554,0.5459850283869517,0.008059842570347621,0.014762021211752772,EDGX,3705,0.37980342463650507,0.003511381829007842,0.009245261104131559,6.687725631768953,1
2024-05-14T14:12:48.848Z,GME,hybrid,0.01397853736703368,0.01644923425978441,0.0014947536306548154,1,3.039999999999999,EDGX|CBOE|OTC,OTC,483,0.5486369369399625,0.01397853736703368,0.025478666174026405,EDGX,3724,0.41703917728658013,0.0038755801485942307,0.009293084102578252,7.7101449275362315,1
2024-05-14T14:12:58.886Z,GME,hybrid,0.013325959391369695,0.022757697456492594,0.0017805352245914192,1,2.8300000000000054,EDGX|CBOE|OTC,OTC,556,0.4872376360882535,0.013325959391369695,0.02735002061490168,EDGX,3666,0.4395608839632086,0.007360709880756596,0.016745598048648683,6.593525179856115,1
2024-05-14T14:13:03.899Z,GME,hybrid,0.014161371165842198,0.02324263038548747,0.0018185683611702476,1,2.309899999999999,EDGX|CBOE|OTC,OTC,534,0.4654469360468571,0.014161371165842198,0.030425318267465307,EDGX,3453,0.4701354231087472,0.007740812439586836,0.016465069550388477,6.466292134831461,1
2024-05-14T14:13:18.963Z,GME,hybrid,0.03325953916383143,0.007524316388328071,0.0017443983571857862,1,2.9299999999999997,EDGX|CBOE|OTC,OTC,298,0.539914856777179,0.03325953916383143,0.06160145205553684,EDGX,2728,0.40753752968442924,0.0060470623006074,0.014838050142988928,9.154362416107382,1
2024-05-14T14:13:39.041Z,GME,hybrid,0.03520995338944774,0.009631110303470854,0.0014922235276074013,1,1.9435000000000002,EDGX|CBOE|OTC,OTC,431,0.7417508800699116,0.03520995338944774,0.04746870456847874,EDGX,2946,0.36939101073308767,0.0036670768645142185,0.009927358159681782,6.835266821345708,1
2024-05-14T14:14:14.096Z,GME,hybrid,0.014454259086879266,0.008008736803785907,0.0011866656170757377,1,0.7199999999999989,EDGX|CBOE|OTC,OTC,286,0.7131797555564506,0.014454259086879266,0.020267343505287094,EDGX,2307,0.3805383459864851,0.003625921106247275,0.00952839876582648,8.066433566433567,1
2024-05-14T14:14:19.099Z,GME,hybrid,0.010488303007429908,0.009155832265152902,0.0013022596884491216,1,0.9399999999999977,EDGX|CBOE|OTC,OTC,327,0.7587904617561868,0.010488303007429908,0.013822397006882765,EDGX,2293,0.3661646629836673,0.0037582080280108778,0.010263710313789925,7.01223241590214,1
2024-05-14T14:14:24.120Z,GME,hybrid,0.00700187201383005,0.007884121745507879,0.0013703129443762283,1,0.990000000000002,EDGX|CBOE|OTC,OTC,279,0.682827701144902,0.00700187201383005,0.010254229583963806,EDGX,2261,0.2781853601396978,0.003461900392610337,0.01244458152244912,8.10394265232975,1
2024-05-14T14:14:54.169Z,GME,hybrid,0.007541206938201261,0.010642201834862353,0.0016231026190870917,1,0.9299999999999997,EDGX|CBOE|OTC,OTC,212,1.3602425611290596,0.007541206938201261,0.005544016305401984,EDGX,2231,0.30096681541761355,0.003696059149378096,0.01228062018814115,10.523584905660377,1
2024-05-14T14:15:14.245Z,GME,hybrid,0.011822618046387805,0.017116279069767475,0.001821491625697605,1,1.3900000000000006,EDGX|CBOE|OTC,OTC,222,0.6822973080292258,0.011822618046387805,0.017327663332773094,EDGX,2218,0.24922678929597353,0.00384452897163171,0.015425825540231447,9.99099099099099,1
2024-05-14T14:15:39.299Z,GME,hybrid,0.011494554782742503,0.00829799004241187,0.001519514044039976,1,1.1242000000000019,EDGX|CBOE|OTC,OTC,238,0.7647663052613518,0.011494554782742503,0.015030153268604513,EDGX,2217,0.2302526255087126,0.0028286350142846307,0.012284919696507857,9.315126050420169,1
2024-05-14T14:15:59.343Z,GME,hybrid,0.010426570638220282,0.007236964186305448,0.0013743030449819582,1,1.0471999999999966,EDGX|CBOE|OTC,OTC,188,0.6460954533319206,0.010426570638220282,0.01613781769311385,EDGX,1959,0.261905582399023,0.0032721049847468505,0.012493452620500755,10.420212765957446,1
2024-05-14T14:16:04.366Z,GME,hybrid,0.015039434869590739,0.007553426676492199,0.0013983046245154378,1,1,EDGX|CBOE|OTC,OTC,193,0.9003346988573723,0.015039434869590739,0.016704271076831208,EDGX,1930,0.2970930891599603,0.0036625260437554894,0.012327873576970075,10,1
2024-05-14T14:16:39.479Z,GME,hybrid,0.020188708500498687,0.008068952869979785,0.0013074409656604028,1,0.990000000000002,EDGX|CBOE|OTC,OTC,191,0.7425365726348834,0.020188708500498687,0.02718884058310995,EDGX,2021,0.2677054967369086,0.002767043979718629,0.010336149288850729,10.581151832460733,1
2024-05-14T14:16:49.481Z,GME,hybrid,0.005308630174874168,0.00777777777777781,0.001309607698326792,1,1.75,EDGX|CBOE|OTC,OTC,306,0.6215209590728975,0.005308630174874168,0.008541353428841528,EDGX,2206,0.2599486140883633,0.00335631355127958,0.012911450068892006,7.209150326797386,1
2024-05-14T14:17:19.557Z,GME,hybrid,0.009427887421844399,0.011710037174721237,0.0014891942025132285,1,0.9799000000000007,EDGX|CBOE|OTC,OTC,266,1.15699905129277,0.009427887421844399,0.008148569708255312,EDGX,1811,0.2735838955180737,0.00394897236778268,0.014434228156246866,6.80827067669173,1
2024-05-14T14:18:09.660Z,GME,hybrid,0.009457639904045656,0.00901563937442506,0.0011214908783949253,1,0.8500000000000014,EDGX|CBOE|OTC,OTC,251,0.6104547955060291,0.009457639904045656,0.015492776817660774,EDGX,1780,0.2618441785167319,0.0021962755030538014,0.008387719427237367,7.091633466135458,1
2024-05-14T14:18:34.716Z,GME,hybrid,0.004350769253080096,0.010213556174558908,0.0011989513829092824,1,1.0927999999999969,EDGX|CBOE|OTC,OTC,303,0.6561398816711861,0.004350769253080096,0.006630856277168675,EDGX,2080,0.3158777789145609,0.003126123427719715,0.009896623429675544,6.864686468646864,1
2024-05-14T14:20:45.234Z,GME,hybrid,0.005293864112078596,0.00916059076462894,0.0014331480620739419,1,1.7730999999999995,EDGX|CBOE|OTC,OTC,487,0.6055475133063098,0.005293864112078596,0.008742277023274226,EDGX,2762,0.32196365617258993,0.004538399469540412,0.01409599929225423,5.671457905544147,1
2024-05-14T14:26:35.855Z,GME,hybrid,0.00860390141518204,0.022926634768740146,0.0018578590368567313,1,2.5999999999999943,EDGX|CBOE|OTC,OTC,783,0.6289955251084963,0.00860390141518204,0.013678795908282403,EDGX,5776,0.38724710020512715,0.007397162543594212,0.01910191848996646,7.376756066411239,1
2024-05-14T14:26:45.875Z,GME,hybrid,0.0079710257066131,0.008893280632410983,0.0018544471955051474,1,2.5999999999999943,EDGX|CBOE|OTC,OTC,814,0.6508811456474761,0.0079710257066131,0.012246514989589648,EDGX,6664,0.32572332717208874,0.007462124783638304,0.022909396291705734,8.186732186732186,1
2024-05-14T14:27:16.029Z,GME,hybrid,0.004002515078949777,0.0133307573415766,0.0015269391448893472,1,1.9799999999999969,EDGX|CBOE|OTC,OTC,459,0.6715331799795141,0.004002515078949777,0.0059602640618172855,EDGX,2487,0.41131228371021183,0.004416232766336048,0.010736933812187056,5.4183006535947715,1
2024-05-14T14:28:11.144Z,GME,hybrid,0.001696401033241439,0.008984897725100341,0.0017007370981325844,1,0.990000000000002,EDGX|CBOE|OTC,OTC,208,0.44150086408689637,0.001696401033241439,0.003842350426085582,EDGX,1723,0.2749038994366111,0.004453500356619057,0.01620020802086138,8.283653846153847,1
2024-05-14T14:28:21.231Z,GME,hybrid,0.006874907437400936,0.010007698229407296,0.0016272685525491554,1,1.3300000000000054,EDGX|CBOE|OTC,OTC,218,0.8759938536126918,0.006874907437400936,0.00784812291667126,EDGX,1722,0.26712840624989354,0.003987639920830046,0.014927801864320205,7.89908256880734,1
2024-05-14T14:28:26.245Z,GME,hybrid,0.03808773617605264,0.009149308935176289,0.0016266796535928784,1,1.3300000000000054,EDGX|CBOE|OTC,OTC,224,1.0879880645388065,0.03808773617605264,0.03500749449140131,EDGX,1748,0.25377079426932025,0.0038541085059060304,0.01518736037771063,7.803571428571429,1
2024-05-14T14:29:31.409Z,GME,hybrid,0.0022306623849305362,0.00936544342507649,0.0016647193615325873,1,1.4299999999999997,EDGX|CBOE|OTC,OTC,224,0.5988721818985002,0.0022306623849305362,0.003724772083851108,EDGX,1710,0.29094836448448275,0.004511778875654947,0.015507146375093562,7.633928571428571,1
2024-05-14T14:31:41.995Z,GME,hybrid,0.004725709312658066,0.01327014218009484,0.001667190104605481,1,2.049900000000001,EDGX|CBOE|OTC,OTC,304,0.596292721643078,0.004725709312658066,0.007925150083395997,EDGX,1668,0.2607289183052984,0.00563128901774263,0.02159825252352222,5.4868421052631575,1
2024-05-14T14:31:47.016Z,GME,hybrid,0.008024003834530297,0.00864553314121043,0.0015882835615160641,1,1.4566999999999979,EDGX|CBOE|OTC,OTC,294,0.5483191492304641,0.008024003834530297,0.014633820186275726,EDGX,1633,0.25687023377784574,0.005417811632554059,0.021091628846492405,5.554421768707483,1
2024-05-14T14:32:17.178Z,GME,hybrid,0.027032523566969335,0.008070570570570566,0.0015447874812903688,1,0.980000000000004,EDGX|CBOE|OTC,OTC,135,1.1552330562855828,0.027032523566969335,0.023400060637017193,EDGX,1294,0.3497440043238762,0.006905536286698833,0.01974454515681717,9.585185185185185,1
2024-05-14T14:33:02.278Z,GME,hybrid,0.0018507211823932158,0.00997553171466217,0.001320088063089487,1,0.8999000000000024,EDGX|CBOE|OTC,OTC,204,0.4606897452532421,0.0018507211823932158,0.004017283218179451,EDGX,1270,0.3281514441209064,0.004968310941418246,0.015140298878549768,6.2254901960784315,1
2024-05-14T14:33:32.574Z,GME,hybrid,0.0015394621870147439,0.007400379506641377,0.001577027339898924,1,0.9705000000000013,EDGX|CBOE|OTC,OTC,139,1.0162166884319943,0.0015394621870147439,0.0015148955971094203,EDGX,1471,0.24220168581398008,0.005805096659541998,0.023968027472775433,10.582733812949641,1
2024-05-14T14:33:42.608Z,GME,hybrid,0.021747335722033835,0.007235338918507148,0.0014914984267009861,1,0.9500000000000028,EDGX|CBOE|OTC,OTC,137,2.8058424499348473,0.021747335722033835,0.007750733018719143,EDGX,1463,0.24081276368869095,0.005309176466378569,0.02204690642246011,10.678832116788321,1
2024-05-14T14:35:53.304Z,GME,hybrid,0.003583968388256875,0.009442870632672332,0.000891950773823816,1,0.7999000000000009,EDGX|CBOE|OTC,OTC,181,0.5700221778672296,0.003583968388256875,0.006287419204751815,EDGX,1322,0.32039140180389664,0.002491548254521732,0.007776576526378648,7.303867403314917,1
2024-05-14T14:38:03.834Z,GME,hybrid,0.009727545918318023,0.008620689655172467,0.0010023940539092661,1,0.4998999999999967,EDGX|CBOE|OTC,OTC,170,0.9698922016829399,0.009727545918318023,0.01002951245657915,EDGX,1190,0.2377524900196242,0.003268969515869535,0.013749464897716583,7,1
2024-05-14T14:38:43.983Z,GME,hybrid,0.008407177550818821,0.00790513833992092,0.0008586163273922214,1,1.4998999999999967,EDGX|CBOE|OTC,OTC,380,0.5502909553382058,0.008407177550818821,0.01527769531602026,EDGX,2236,0.38636803875834985,0.0016631458316978846,0.0043045636928009025,5.88421052631579,1
2024-05-14T14:38:54.015Z,GME,hybrid,0.007857271945019008,0.0071870632860850355,0.0008448199950878862,1,1.3599999999999994,EDGX|CBOE|OTC,OTC,353,0.8109173949860441,0.007857271945019008,0.009689361695286154,EDGX,2657,0.34692352821418204,0.0016699421493269898,0.004813574213092888,7.526912181303116,1
2024-05-14T14:39:04.034Z,GME,hybrid,0.0030583027002754983,0.008231677080234041,0.0008218126209806918,1,0.8699999999999974,EDGX|CBOE|OTC,OTC,502,0.6276314324039045,0.0030583027002754983,0.004872768542776495,EDGX,3001,0.2670046394348934,0.0008857303464244705,0.0033172844797719247,5.97808764940239,1
2024-05-14T14:40:44.380Z,GME,hybrid,0.006301399954554094,0.013010774547672303,0.001665994159008003,1,2.3226999999999975,EDGX|CBOE|OTC,OTC,205,0.48695637022666594,0.006301399954554094,0.012940378932964673,EDGX,2395,0.3781567777259897,0.0019254792476504556,0.005091748610798792,11.682926829268293,1
2024-05-14T14:40:59.425Z,GME,hybrid,0.005364249638662548,0.010631772643631078,0.0011651165169228295,1,1.0600000000000023,EDGX|CBOE|OTC,OTC,276,0.5208908044833945,0.005364249638662548,0.010298222952856052,EDGX,2322,0.28793077894032865,0.0017269910500499106,0.0059979383114433064,8.41304347826087,1
2024-05-14T14:41:14.462Z,GME,hybrid,0.011509319533447871,0.011971104231166116,0.0011599626777710275,1,1.1000000000000014,EDGX|CBOE|OTC,OTC,304,0.7860354507980956,0.011509319533447871,0.014642239763819767,EDGX,2332,0.34956099470930646,0.0022010120313168094,0.006296503513348686,7.671052631578948,1
2024-05-14T14:41:19.475Z,GME,hybrid,0.008939138755425308,0.010809708341831554,0.0011270327737706995,1,1.1000000000000014,EDGX|CBOE|OTC,OTC,314,0.6049452566383828,0.008939138755425308,0.01477677303414058,EDGX,2350,0.38978260662575415,0.0024134346347402806,0.0061917453311545936,7.484076433121019,1
2024-05-14T14:41:29.520Z,GME,hybrid,0.015861811257412116,0.00760221902609405,0.0012497734421920428,1,1.1300000000000026,EDGX|CBOE|OTC,OTC,237,0.5376704204166772,0.015861811257412116,0.029500992904016785,EDGX,2182,0.43147211892169113,0.0028839034564281576,0.00668386977966371,9.20675105485232,1
2024-05-14T14:42:14.639Z,GME,hybrid,0.018206587751561643,0.008178286648947162,0.0010788090842177673,1,0.8399999999999963,EDGX|CBOE|OTC,OTC,237,0.7270824654079013,0.018206587751561643,0.02504060903373257,EDGX,1848,0.34802766589811623,0.002252138433599125,0.006471147711166243,7.7974683544303796,1
2024-05-14T14:42:24.665Z,GME,hybrid,0.007054859163689759,0.007509640755023288,0.0009504169364765668,1,1.1599999999999966,EDGX|CBOE|OTC,OTC,251,0.5921246758678427,0.007054859163689759,0.011914482627074884,EDGX,1950,0.342008960620283,0.001574826157517184,0.004604634202159522,7.768924302788845,1
2024-05-14T14:43:19.957Z,GME,hybrid,0.00627443247664702,0.008467575382073452,0.0009805350437565217,1,1.170500000000004,EDGX|CBOE|OTC,OTC,336,0.6497173722715409,0.00627443247664702,0.009657172094245162,EDGX,2234,0.3118185771525233,0.001641742317770623,0.0052650561514414815,6.648809523809524,1
2024-05-14T14:44:05.110Z,GME,hybrid,0.0035627298675285825,0.012590299277605767,0.0010359988281295573,1,1.7800000000000011,EDGX|CBOE|OTC,OTC,390,0.6274081719410288,0.0035627298675285825,0.005678488146729861,EDGX,2909,0.3473212900093379,0.0018601202247454812,0.005355618207842861,7.458974358974359,1
2024-05-14T14:45:10.316Z,GME,hybrid,0.007212932929886002,0.007552561747295459,0.00101589437022157,1,0.9600000000000009,EDGX|CBOE|OTC,OTC,271,0.8455260224006682,0.007212932929886002,0.008530704837926348,EDGX,1740,0.2685869298275449,0.0017648025100533576,0.006570693932078182,6.4206642066420665,1
2024-05-14T14:46:20.652Z,GME,hybrid,0.0008056669698643607,0.013991769547325096,0.000976987414300709,1,1.0700000000000003,EDGX|CBOE|OTC,OTC,265,0.5621432043760477,0.0008056669698643607,0.0014332059226058115,EDGX,1532,0.3311477049485713,0.001993854591961175,0.006021043063761621,5.781132075471698,1
2024-05-14T14:46:25.659Z,GME,hybrid,0.0009961560909689004,0.009287925696594486,0.001055321365707219,1,1.1200000000000045,EDGX|CBOE|OTC,OTC,279,0.5755407035329371,0.0009961560909689004,0.0017308177942133892,EDGX,1640,0.34346196807862645,0.002559291017418458,0.007451453887996637,5.878136200716846,1
2024-05-14T14:47:20.856Z,GME,hybrid,0.0034586267442593475,0.014066764644131735,0.0010289143508680795,1,0.9199999999999946,EDGX|CBOE|OTC,OTC,345,0.5138214799278422,0.0034586267442593475,0.006731183649124702,EDGX,2552,0.30411809121480177,0.0013065348417124806,0.004296143108400813,7.397101449275362,1
2024-05-14T14:47:25.868Z,GME,hybrid,0.007719520629993074,0.008488612836439001,0.0010823988160979657,1,1.25,EDGX|CBOE|OTC,OTC,321,0.6437513441184398,0.007719520629993074,0.01199146331968327,EDGX,2458,0.31222334345624847,0.0015387526041165526,0.004928371425028239,7.657320872274143,1
2024-05-14T14:48:06.008Z,GME,hybrid,0.0051877325630566426,0.008111480865224638,0.0011645802358616342,1,1.009999999999998,EDGX|CBOE|OTC,OTC,374,0.6746425993168682,0.0051877325630566426,0.007689601232281587,EDGX,2010,0.39293655754423007,0.0022535824143597003,0.00573523224320005,5.374331550802139,1
2024-05-14T14:50:16.464Z,GME,hybrid,0.005041697924917891,0.010053344275748912,0.0011487886504955682,1,1.009999999999998,EDGX|CBOE|OTC,OTC,202,0.6022526941022632,0.005041697924917891,0.008371399537586468,EDGX,1506,0.19721283806480314,0.002965924517622585,0.0150392061020287,7.455445544554456,1
2024-05-14T14:50:51.620Z,GME,hybrid,0.0013157256271807442,0.007049554219365464,0.0009717902534896454,1,0.6799999999999997,EDGX|CBOE|OTC,OTC,195,0.7150289054926642,0.0013157256271807442,0.0018401013120919808,EDGX,1431,0.33832061675359415,0.0025045472142955954,0.0074028808481385235,7.338461538461538,1
2024-05-14T14:51:36.743Z,GME,hybrid,0.014935330086285855,0.00869565217391308,0.0018151288330586477,1,1.4500000000000028,EDGX|CBOE|OTC,OTC,256,0.5427879355459315,0.014935330086285855,0.02751595809008545,EDGX,1928,0.260717541271948,0.0044369515121204925,0.017018231648220472,7.53125,1
2024-05-14T14:52:06.906Z,GME,hybrid,0.0028294799168346618,0.010256410256410256,0.0009205602472140346,1,0.832099999999997,EDGX|CBOE|OTC,OTC,180,1.1983384109609005,0.0028294799168346618,0.002361169341610116,EDGX,1259,0.2734243260073864,0.001851984939227535,0.006773299824016041,6.9944444444444445,1
2024-05-14T14:53:07.228Z,GME,hybrid,0.003951566003289772,0.0079591836734694,0.000937341248653374,1,0.5799999999999983,EDGX|CBOE|OTC,OTC,191,0.8146320828298701,0.003951566003289772,0.004850737021751975,EDGX,1126,0.28932931901579995,0.0028528522665424976,0.009860225283241021,5.895287958115183,1
2024-05-14T14:55:33.039Z,GME,hybrid,0.0011835135876977054,0.007150153217568831,0.001177699105752251,1,0.8946000000000041,EDGX|CBOE|OTC,OTC,175,0.6670566209078231,0.0011835135876977054,0.0017742325772691018,EDGX,1149,0.2843846739317142,0.0025007204736251353,0.00879344318753831,6.565714285714286,1
2024-05-14T14:55:43.098Z,GME,hybrid,0.0009787354200939376,0.009304207119741118,0.0011647528852058101,1,1.4247000000000014,EDGX|CBOE|OTC,OTC,238,0.6237860418654827,0.0009787354200939376,0.0015690242397328256,EDGX,1354,0.33111625220056656,0.002910950166061515,0.00879132373212013,5.689075630252101,1
2024-05-14T14:56:18.168Z,GME,hybrid,0.014698119596289435,0.00852618757612671,0.0021375476026343153,1,1.9699999999999989,EDGX|CBOE|OTC,OTC,312,0.48575550966640874,0.014698119596289435,0.030258266357870708,EDGX,2203,0.32810151785871033,0.0094576812869297,0.02882547252037536,7.060897435897436,1
2024-05-14T14:57:33.668Z,GME,hybrid,0.0015859355791483327,0.008608608608608603,0.0009968130428829624,1,0.8000000000000043,EDGX|CBOE|OTC,OTC,221,0.913968264350115,0.0015859355791483327,0.0017352195267699212,EDGX,1320,0.25270559273241106,0.0023230034541284767,0.00919252885941585,5.972850678733032,1
2024-05-14T14:57:38.707Z,GME,hybrid,0.003949721508266777,0.008481421647819096,0.0010417766403817928,1,1.0399999999999991,EDGX|CBOE|OTC,OTC,224,0.6917689691256502,0.003949721508266777,0.005709596244623348,EDGX,1223,0.24496132643666224,0.0024789157296845133,0.010119620781550051,5.459821428571429,1
2024-05-14T15:00:54.579Z,GME,hybrid,0.005574920867305597,0.008084696823869,0.0017888048383708315,1,2.2051000000000016,EDGX|CBOE|OTC,OTC,304,0.6504928913912962,0.005574920867305597,0.008570302521495304,EDGX,2154,0.3157072047558139,0.004730389682500999,0.01498347079585895,7.0855263157894735,1
2024-05-14T15:06:27.704Z,GME,hybrid,0.0030676937691989548,0.01401151631477921,0.0016064243551621514,1,1.9299999999999997,EDGX|CBOE|OTC,OTC,407,0.4792774956348729,0.0030676937691989548,0.00640066307543889,EDGX,3954,0.5039193776767301,0.008944967312875333,0.017750790521521936,9.714987714987714,1
2024-05-14T15:06:32.713Z,GME,hybrid,0.0023312900226205445,0.009085746734809844,0.0015133556700048629,1,2.289999999999999,EDGX|CBOE|OTC,OTC,585,0.5040222967128419,0.0023312900226205445,0.00462537081757071,EDGX,4507,0.462357239430468,0.00806597677228445,0.017445334655557955,7.704273504273504,1
2024-05-14T15:06:37.725Z,GME,hybrid,0.002578317573795959,0.009266263237518814,0.0015165214302677718,1,2.3799999999999955,EDGX|CBOE|OTC,OTC,620,0.5579617354813714,0.002578317573795959,0.0046209576926840015,EDGX,5021,0.45292005909691313,0.007096397012190098,0.015668100517207725,8.098387096774193,1
2024-05-14T15:07:07.775Z,GME,hybrid,0.005233767165191465,0.01580432737535284,0.0009708960414602985,1,0.8699000000000012,EDGX|CBOE|OTC,OTC,517,0.6195843695426267,0.005233767165191465,0.00844722272296023,EDGX,2914,0.3236133366837711,0.001904002311399357,0.005883571829611931,5.636363636363637,1
2024-05-14T15:08:22.923Z,GME,hybrid,0.009133632324436126,0.008067473414008026,0.0009616087781908677,1,1.1103999999999985,EDGX|CBOE|OTC,OTC,448,0.6722945168541333,0.009133632324436126,0.013585760549074708,EDGX,2422,0.29075594337960425,0.001296113659618605,0.004457737456896724,5.40625,1
2024-05-14T15:08:48.023Z,GME,hybrid,0.005934180966152351,0.007406035919274183,0.001161184738718257,1,1.059899999999999,EDGX|CBOE|OTC,OTC,344,0.9268123995010515,0.005934180966152351,0.006402785471306826,EDGX,2073,0.2387644834231019,0.002251971295278547,0.009431768339212948,6.026162790697675,1
2024-05-14T15:12:44.158Z,GME,hybrid,0.005946611799165245,0.007707836300238607,0.0008529840609226433,1,0.990000000000002,EDGX|CBOE|OTC,OTC,390,0.5669361021442418,0.005946611799165245,0.010489033555411661,EDGX,2243,0.3352562095387269,0.0014538969035136856,0.004336674048525683,5.751282051282051,1
2024-05-14T15:16:20.005Z,GME,hybrid,0.007276384077112512,0.00793350963354731,0.0013001779391556608,1,0.9474000000000018,EDGX|CBOE|OTC,OTC,226,0.5980038037979135,0.007276384077112512,0.01216778895201051,EDGX,1287,0.36708943539520306,0.0063125390770679135,0.017196188362849307,5.6946902654867255,1
2024-05-14T15:17:55.611Z,GME,hybrid,0.0033996177874629076,0.008628954937679689,0.0010606203318249256,1,0.8900000000000006,EDGX|CBOE|OTC,OTC,221,0.6292430830475078,0.0033996177874629076,0.005402709825586175,EDGX,1340,0.32636656040690387,0.0033691112096743236,0.010323089490154317,6.0633484162895925,1
2024-05-14T15:18:25.751Z,GME,hybrid,0.006507860416326223,0.0072336265884653875,0.0012305132449813684,1,1.0899999999999963,EDGX|CBOE|OTC,OTC,250,0.9812846424895197,0.006507860416326223,0.006631980298617308,EDGX,1767,0.3154335958263364,0.003874391508905358,0.012282748445851735,7.068,1
2024-05-14T15:19:00.993Z,GME,hybrid,0.002899278935592739,0.007025761124121769,0.0014476535441288593,1,1.4924999999999997,EDGX|CBOE|OTC,OTC,154,0.8961338551643078,0.002899278935592739,0.0032353190529345096,EDGX,1043,0.33957090890475583,0.004619040024991719,0.013602578736470283,6.7727272727272725,1
2024-05-14T15:23:52.778Z,GME,hybrid,0.007931851252252363,0.007018912068629352,0.001023601680435402,1,0.490000000000002,EDGX|CBOE|OTC,OTC,92,6.140656131828083,0.007931851252252363,0.001291694418637156,EDGX,831,0.34335579374676256,0.005507812739959258,0.01604112363987506,9.032608695652174,1
2024-05-14T15:29:30.223Z,GME,hybrid,0.0003781270675904029,0.010151312009193662,0.0008945933281090042,1,0.6199999999999974,EDGX|CBOE|OTC,OTC,152,0.3462329581773114,0.0003781270675904029,0.0010921174852359318,EDGX,826,0.3851498667225502,0.005254657776387902,0.013643150966408595,5.434210526315789,1
2024-05-14T15:31:16.075Z,GME,hybrid,0.01183541412798736,0.008709422011084673,0.001045676273215937,1,1.698599999999999,EDGX|CBOE|OTC,OTC,219,0.9933557491653897,0.01183541412798736,0.011914577569950532,EDGX,1426,0.3210098198921225,0.0028663413781767995,0.008929139236737531,6.511415525114155,1
2024-05-14T15:35:23.307Z,GME,hybrid,0.0015027433246224276,0.007335907335907248,0.0013509875475193477,1,0.7600000000000051,EDGX|CBOE|OTC,OTC,118,0.9901258916710082,0.0015027433246224276,0.0015177295506193552,EDGX,660,0.33232783515961234,0.01349716011256554,0.040613992222719004,5.593220338983051,1
2024-05-14T15:36:43.696Z,GME,hybrid,0.0352151674848489,0.00790201501382864,0.0015265624124247371,1,0.7999999999999972,EDGX|CBOE|OTC,OTC,73,3.731352917054479,0.0352151674848489,0.009437640520116674,EDGX,789,0.25937642493360563,0.007589356875236432,0.029260010338947078,10.808219178082192,1
2024-05-14T15:37:03.778Z,GME,hybrid,0.006963805180586235,0.007615700058582319,0.0010940671091805268,1,0.8999999999999986,EDGX|CBOE|OTC,OTC,87,1.6910214638952037,0.006963805180586235,0.004118105730334951,EDGX,808,0.2745131902592052,0.00606700597939567,0.022100963431545804,9.28735632183908,1
2024-05-14T15:37:34.110Z,GME,hybrid,0.0016027163633548776,0.009417304296645024,0.0010809679834126807,1,0.7199999999999989,EDGX|CBOE|OTC,OTC,132,0.8285030822109157,0.0016027163633548776,0.0019344724211259685,EDGX,742,0.4290556796656772,0.006251092926365801,0.014569421225787502,5.621212121212121,1
2024-05-14T15:43:01.374Z,GME,hybrid,0.0023630202401041574,0.008173273395995212,0.001159375619524721,1,0.940100000000001,EDGX|CBOE|OTC,OTC,179,0.8221607367700512,0.0023630202401041574,0.002874158463693538,EDGX,1284,0.26268788632132406,0.002549826081916881,0.009706675544215589,7.173184357541899,1
2024-05-14T15:43:46.720Z,GME,hybrid,0.0018164095608402882,0.012257405515832365,0.0009047638175435476,1,0.7000000000000028,EDGX|CBOE|OTC,OTC,134,1.5718199397115113,0.0018164095608402882,0.001155609185854754,EDGX,1007,0.32905484855090994,0.003311248679271018,0.010062908034490536,7.514925373134329,1
2024-05-14T16:00:24.772Z,GME,hybrid,0.0010435429013493597,0.008440514469453412,0.0010824433333067203,1,1.0900000000000034,EDGX|CBOE|OTC,OTC,162,0.4820270844048431,0.0010435429013493597,0.0021649051165616925,EDGX,960,0.3317587431005376,0.005834227411225771,0.01758575329982409,5.925925925925926,1
2024-05-14T16:00:44.879Z,GME,hybrid,0.004151700746381463,0.0072274643645854125,0.0009473706341886974,1,0.6500000000000057,EDGX|CBOE|OTC,OTC,145,0.9500885115510674,0.004151700746381463,0.004369804177090408,EDGX,913,0.2615242864188927,0.004202898699753526,0.016070777813046375,6.296551724137931,1
2024-05-14T16:02:20.939Z,GME,hybrid,0.0004289431347149691,0.009037959429604253,0.0008163975221635348,1,0.5300000000000011,EDGX|CBOE|OTC,OTC,116,0.9925392620380713,0.0004289431347149691,0.00043216742261075,EDGX,827,0.32801232639058164,0.002688314715601335,0.008195773449075253,7.129310344827586,1
2024-05-14T16:04:57.104Z,GME,hybrid,0.0004628559512904594,0.007157057654075536,0.0009043536197188353,1,0.6500000000000057,EDGX|CBOE|OTC,OTC,114,0.5356562240225629,0.0004628559512904594,0.0008640914275476859,EDGX,705,0.3227909744360085,0.0038847976947926225,0.012035025767310486,6.184210526315789,1
2024-05-14T16:05:17.274Z,GME,hybrid,0.00844758857199969,0.008394963022186721,0.000915262299906577,1,0.6700000000000017,EDGX|CBOE|OTC,OTC,127,0.794039047522005,0.00844758857199969,0.010638757122036348,EDGX,729,0.4229139061571133,0.005184081279674106,0.012258006190385735,5.74015748031496,1
2024-05-14T16:11:10.126Z,GME,hybrid,0.003238054674843686,0.007602339181286561,0.001038222250994207,1,0.4236000000000004,EDGX|CBOE|OTC,OTC,79,2.3366110246120155,0.003238054674843686,0.00138579106267007,EDGX,727,0.3023257786009397,0.004741443307108234,0.015683225324185097,9.20253164556962,1
2024-05-14T16:12:10.516Z,GME,hybrid,0.004369325371179599,0.008595988538682002,0.0015374412214092558,1,1.4076000000000022,EDGX|CBOE|OTC,OTC,214,0.6095181348257613,0.004369325371179599,0.00716849117611345,EDGX,1204,0.29912147384676463,0.006536998700731002,0.021853993351476354,5.626168224299065,1
2024-05-14T16:12:50.800Z,GME,hybrid,0.012775235854205657,0.007395873880887555,0.0012290145091241147,1,1.3299999999999983,EDGX|CBOE|OTC,OTC,158,0.7579264102172381,0.012775235854205657,0.016855509561335906,EDGX,1194,0.3514658618202464,0.0067135432739724625,0.019101551539608803,7.556962025316456,1
2024-05-14T16:13:15.913Z,GME,hybrid,0.0029269131416727254,0.009926041261191223,0.0010573836870367383,1,0.6400000000000006,EDGX|CBOE|OTC,OTC,114,4.215335993117058,0.0029269131416727254,0.0006943487177420464,EDGX,1004,0.294304960974654,0.0035510694908433378,0.01206595185851849,8.807017543859649,1
2024-05-14T16:14:26.396Z,GME,hybrid,0.000247504622140747,0.011977223640290583,0.001323762740822383,1,1.0900000000000034,EDGX|CBOE|OTC,OTC,118,0.5035559711434721,0.000247504622140747,0.0004915136277278471,EDGX,922,0.36917969748952034,0.007880535159052172,0.021346068629020075,7.813559322033898,1
2024-05-14T16:15:11.680Z,GME,hybrid,0.0011080967142035705,0.012891709639032101,0.0013382073197623996,1,1.1400000000000006,EDGX|CBOE|OTC,OTC,111,0.9918448051756027,0.0011080967142035705,0.0011172077611551192,EDGX,845,0.37831040629327317,0.008859045534363976,0.02341739848281171,7.612612612612613,1
2024-05-14T16:15:41.880Z,GME,hybrid,0.0011520224431203223,0.008040201005025097,0.0014212310613072744,1,0.6099999999999994,EDGX|CBOE|OTC,OTC,113,0.6468966483022002,0.0011520224431203223,0.001780844662194247,EDGX,985,0.3553774305042528,0.0082722166963888,0.023277270829076484,8.716814159292035,1
2024-05-14T16:40:49.136Z,GME,hybrid,0.00203985550540617,0.008111944838775212,0.0009704861416860707,1,0.7398999999999987,EDGX|CBOE|OTC,OTC,118,0.9780579488753222,0.00203985550540617,0.0020856182476220544,EDGX,918,0.3276325992841019,0.004768059125749131,0.014553066868704898,7.779661016949152,1
2024-05-14T16:41:29.471Z,GME,hybrid,0.006009426816544051,0.011183407889385872,0.0011031042975857012,1,1.5,EDGX|CBOE|OTC,OTC,224,0.41952419868975904,0.006009426816544051,0.0143243866153906,EDGX,1319,0.3013110523711234,0.0037547601010215004,0.012461408472984856,5.888392857142857,1
2024-05-14T16:42:55.121Z,GME,hybrid,0.00046754663899885865,0.007731434384537039,0.0008605725533269793,1,0.8299999999999983,EDGX|CBOE|OTC,OTC,129,0.5922471809412433,0.00046754663899885865,0.00078944510678092,EDGX,722,0.3382525695693504,0.0034311975977291587,0.010143892187124023,5.596899224806202,1
2024-05-14T16:44:40.844Z,GME,hybrid,0.0024997325050073317,0.00761943986820423,0.000934488217453927,1,0.7100000000000009,EDGX|CBOE|OTC,OTC,204,0.5044520327327832,0.0024997325050073317,0.004955342317614334,EDGX,1100,0.36477682887946167,0.0030885277248399734,0.008466896689483966,5.392156862745098,1
2024-05-14T16:45:41.191Z,GME,hybrid,0.00497788565226502,0.017204301075268755,0.0015515309549515802,1,2.1467000000000027,EDGX|CBOE|OTC,OTC,530,0.6031810605374143,0.00497788565226502,0.008252722072921007,EDGX,3077,0.3484143340184692,0.005594834711074644,0.016057992352226432,5.805660377358491,1
2024-05-14T16:45:46.193Z,GME,hybrid,0.012310104102247027,0.021775898520084443,0.0017499721070073245,1,2.1467000000000027,EDGX|CBOE|OTC,OTC,516,0.5616050310777493,0.012310104102247027,0.021919504671500712,EDGX,2775,0.3163518024056052,0.007694398188492237,0.024322283388248232,5.377906976744186,1
2024-05-14T16:51:10.252Z,GME,hybrid,0.014310584923843862,0.011428571428571498,0.0024757019132570527,1,1.1099999999999994,EDGX|CBOE|OTC,OTC,457,0.5919833831704995,0.014310584923843862,0.024173963882567654,EDGX,2632,0.4477062272827167,0.024648788306994657,0.0550557191410909,5.759299781181619,1
2024-05-14T16:51:15.257Z,GME,hybrid,0.011677479026222208,0.017166449369839337,0.002466116708657395,1,1.1199999999999974,EDGX|CBOE|OTC,OTC,520,0.6104941012011921,0.011677479026222208,0.01912791459122358,EDGX,3021,0.3835031918435847,0.017383754872586556,0.045328840130427595,5.809615384615385,1
2024-05-14T16:51:20.258Z,GME,hybrid,0.010546686157578861,0.009523809523809518,0.002498635578168282,1,1.1199999999999974,EDGX|CBOE|OTC,OTC,532,0.5832870250982516,0.010546686157578861,0.01808146882026448,EDGX,3334,0.36536020167912353,0.013388886053262078,0.036645715630025916,6.2669172932330826,1
2024-05-14T16:51:25.287Z,GME,hybrid,0.0059782802028822465,0.007898200965335661,0.002453725347176649,1,1.1199999999999974,EDGX|CBOE|OTC,OTC,564,0.5867351507967996,0.0059782802028822465,0.010189060932796692,EDGX,3702,0.3546667412306238,0.010714309486753363,0.030209512878418818,6.5638297872340425,1
2024-05-14T16:51:30.290Z,GME,hybrid,0.005635241662039958,0.013931214627775372,0.0023774589960358964,1,1.1199999999999974,EDGX|CBOE|OTC,OTC,606,0.5732118773468108,0.005635241662039958,0.009830992491159535,EDGX,4105,0.33204883302284544,0.009098559010679746,0.02740126784319628,6.773927392739274,1
2024-05-14T16:52:20.309Z,GME,hybrid,0.008647772535343143,0.01401129943502819,0.0015272412007734885,1,1.6058999999999983,EDGX|CBOE|OTC,OTC,499,0.6992228623607273,0.008647772535343143,0.012367691333985272,EDGX,4028,0.3477403403902286,0.0040807159036283245,0.011734951139258133,8.072144288577155,1
2024-05-14T16:52:35.333Z,GME,hybrid,0.012562504930431616,0.008636363636363694,0.0015823788777262564,1,1.8459999999999965,EDGX|CBOE|OTC,OTC,320,0.7484417034846218,0.012562504930431616,0.016784881002678838,EDGX,2767,0.34626789078021963,0.0030878656443065877,0.00891756274989555,8.646875,1
2024-05-14T16:52:45.376Z,GME,hybrid,0.011412640327566597,0.010340073529411829,0.0014268468865788599,1,2.180099999999996,EDGX|CBOE|OTC,OTC,359,0.6661944580762248,0.011412640327566597,0.01713109466644765,EDGX,2554,0.29357998766281007,0.0026329493199677024,0.00896842234012137,7.114206128133705,1
2024-05-14T16:52:50.380Z,GME,hybrid,0.013157165617054939,0.012537729277919647,0.0014714631809588118,1,2.690100000000001,EDGX|CBOE|OTC,OTC,400,0.6667215206877414,0.013157165617054939,0.01973412468144566,EDGX,2630,0.31008178795489555,0.002355220664700712,0.007595482083079649,6.575,1
2024-05-14T16:53:10.430Z,GME,hybrid,0.021088566259383264,0.01302931596091194,0.002094369714022288,1,1.6000000000000014,EDGX|CBOE|OTC,OTC,459,0.5662961497853752,0.021088566259383264,0.03723946607685003,EDGX,3062,0.3536012288881311,0.008045791242662135,0.022753855431898354,6.671023965141612,1
2024-05-14T16:53:20.436Z,GME,hybrid,0.022806299567327683,0.0073338064821385175,0.002182093283187339,1,1.8200000000000003,EDGX|CBOE|OTC,OTC,426,0.5964603840641849,0.022806299567327683,0.03823606760256102,EDGX,2997,0.39275141353096227,0.009061780206693458,0.023072559116274392,7.035211267605634,1
2024-05-14T16:53:25.457Z,GME,hybrid,0.008085168623059143,0.00986378581493663,0.001568799472383836,1,1.4200000000000017,EDGX|CBOE|OTC,OTC,258,0.5995478519226126,0.008085168623059143,0.013485443400609075,EDGX,2697,0.29087919562896036,0.0027144083798146088,0.009331737781883355,10.453488372093023,1
2024-05-14T16:53:30.462Z,GME,hybrid,0.003962950821301247,0.007827324478178329,0.0013702329321543746,1,1.5700000000000003,EDGX|CBOE|OTC,OTC,497,0.6505052108859797,0.003962950821301247,0.006092112338199044,EDGX,2927,0.3267509780984341,0.0030927988095963035,0.009465308497606377,5.889336016096579,1
2024-05-14T16:58:52.148Z,GME,hybrid,0.013198323421732652,0.015436565364206477,0.004110755510792004,1,3.9799000000000007,EDGX|CBOE|OTC,OTC,390,0.5380483724237695,0.013198323421732652,0.02452999413840358,EDGX,3094,0.5395203419953528,0.020747806068839535,0.03845602186584143,7.933333333333334,1
2024-05-14T16:58:57.164Z,GME,hybrid,0.009333913413558954,0.015662078785002292,0.0038921715460397102,1,3.9799000000000007,EDGX|CBOE|OTC,OTC,456,0.543808923094429,0.009333913413558954,0.01716395781158997,EDGX,3440,0.4290612909667773,0.01683025585273511,0.03922576146361872,7.543859649122807,1
2024-05-14T16:59:02.169Z,GME,hybrid,0.010381266353609255,0.008001882795951902,0.003719792568626841,1,3.9799000000000007,EDGX|CBOE|OTC,OTC,485,0.5296497808453755,0.010381266353609255,0.019600246670620134,EDGX,3913,0.4146372374879402,0.012680290867223071,0.030581649984082485,8.068041237113402,1
2024-05-14T16:59:07.169Z,GME,hybrid,0.007918877311686424,0.01096082089552236,0.003533925629130082,1,3.9799000000000007,EDGX|CBOE|OTC,OTC,530,0.559434250359489,0.007918877311686424,0.014155152829126572,EDGX,4389,0.4492261147240965,0.013358905007811483,0.029737596657790452,8.281132075471698,1
2024-05-14T16:59:12.184Z,GME,hybrid,0.014023424992745484,0.011534025374855825,0.003348410439642609,1,4.227599999999995,EDGX|CBOE|OTC,OTC,694,0.5590642227008534,0.014023424992745484,0.025083746058722847,EDGX,4865,0.4547373169514523,0.011476888432808674,0.025238501449033144,7.010086455331412,1
2024-05-14T16:59:17.192Z,GME,hybrid,0.020797938039846274,0.00807381776239911,0.003142655895515425,1,4.1676,EDGX|CBOE|OTC,OTC,737,0.5938116014947316,0.020797938039846274,0.03502447238736005,EDGX,5096,0.45959385427106936,0.012233982238255326,0.0266191162578943,6.914518317503392,1
2024-05-14T16:59:27.204Z,GME,hybrid,0.04679886520496635,0.015581395348837249,0.002062211636333659,1,1.7775999999999996,EDGX|CBOE|OTC,OTC,374,0.5592014682472699,0.04679886520496635,0.08368873807082468,EDGX,2788,0.48505210467089027,0.009597151334644276,0.019785815260313075,7.454545454545454,1
2024-05-14T16:59:47.250Z,GME,hybrid,0.008772545640479818,0.022426817752596858,0.0017731209141806782,1,1.3500000000000014,EDGX|CBOE|OTC,OTC,297,0.6198695068336866,0.008772545640479818,0.014152245825561358,EDGX,2491,0.37640811525624246,0.005161406515947228,0.013712261523462544,8.387205387205388,1
2024-05-14T17:00:02.282Z,GME,hybrid,0.008846877070344228,0.009953703703703697,0.001318451715133566,1,1.4798999999999936,EDGX|CBOE|OTC,OTC,435,0.6670704512577681,0.008846877070344228,0.013262282947270939,EDGX,2329,0.35320174133610543,0.0026590326876868944,0.007528368001890933,5.354022988505747,1
2024-05-14T17:00:42.411Z,GME,hybrid,0.0016468590715192797,0.030401485263402066,0.0021008139677348575,1,1.9399000000000015,EDGX|CBOE|OTC,OTC,318,0.5696292321116063,0.0016468590715192797,0.002891107019586056,EDGX,1977,0.334545894161452,0.0018134772429550274,0.00542071289650873,6.216981132075472,1
2024-05-14T17:00:47.424Z,GME,hybrid,0.010682651510246693,0.0163406214039124,0.002289063675260175,1,1.8988000000000014,EDGX|CBOE|OTC,OTC,295,0.5652221922915965,0.010682651510246693,0.018899915211990727,EDGX,1931,0.27250896704262084,0.004504475771273312,0.016529642382625907,6.545762711864406,1
2024-05-14T17:00:52.429Z,GME,hybrid,0.009613271553662749,0.009057971014492723,0.0023062747389412295,1,1.8988000000000014,EDGX|CBOE|OTC,OTC,287,0.5578332824056225,0.009613271553662749,0.01723323411648386,EDGX,1976,0.29487652395918035,0.004884594494834511,0.01656488088387356,6.885017421602788,1
2024-05-14T17:00:57.434Z,GME,hybrid,0.012862147215329968,0.010968921389396638,0.002392221084170023,1,1.8988000000000014,EDGX|CBOE|OTC,OTC,303,0.5557248345743854,0.012862147215329968,0.023144812711457713,EDGX,1959,0.2639041185393012,0.004847367101546077,0.018367910013591532,6.465346534653466,1
2024-05-14T17:01:02.503Z,GME,hybrid,0.013932770485785185,0.009011090573012952,0.002490688908242099,1,1.8988000000000014,EDGX|CBOE|OTC,OTC,326,0.5785092831415729,0.013932770485785185,0.024083918602176613,EDGX,1929,0.26845906590402874,0.005792783209836069,0.021577901235441708,5.91717791411043,1
2024-05-14T17:01:22.610Z,GME,hybrid,0.0017317677036049097,0.014787430683918681,0.0015596188389582334,1,1.8299999999999983,EDGX|CBOE|OTC,OTC,304,0.5760392322317898,0.0017317677036049097,0.0030063363859704467,EDGX,1722,0.32262855337410934,0.0026613995664581743,0.008249113535131232,5.6644736842105265,1
2024-05-14T17:01:42.661Z,GME,hybrid,0.011370754031774573,0.01273148148148158,0.0016902788969100878,1,1.0300000000000011,EDGX|CBOE|OTC,OTC,262,0.7697844993283104,0.011370754031774573,0.014771347099995301,EDGX,1656,0.3092900379192554,0.0053641455085470195,0.017343415082600903,6.320610687022901,1
2024-05-14T17:01:52.679Z,GME,hybrid,0.006314162068505297,0.008656995788488475,0.0017616321549358586,1,0.6700000000000017,EDGX|CBOE|OTC,OTC,153,1.2533000796317086,0.006314162068505297,0.005038028937459861,EDGX,1485,0.2467249966637146,0.005413735923025193,0.021942389284552704,9.705882352941176,1
2024-05-14T17:02:12.839Z,GME,hybrid,0.009531932962360283,0.007294117647058877,0.001435674121202828,1,0.7600000000000051,EDGX|CBOE|OTC,OTC,212,0.9421931959734324,0.009531932962360283,0.010116749943744086,EDGX,1353,0.28390400687002376,0.004003278040468945,0.014100815570037784,6.382075471698113,1
2024-05-14T17:02:22.854Z,GME,hybrid,0.002307592799863146,0.012646370023419349,0.0013891896301284838,1,1.0600000000000023,EDGX|CBOE|OTC,OTC,231,0.9850886562058132,0.002307592799863146,0.0023425229651421586,EDGX,1347,0.2809494149200132,0.0034204242798302883,0.012174520031672213,5.8311688311688314,1
2024-05-14T17:02:42.898Z,GME,hybrid,0.005655385060629438,0.02077431539187919,0.0018135617889192825,1,1.757099999999994,EDGX|CBOE|OTC,OTC,291,0.6131519163300859,0.005655385060629438,0.009223464707537344,EDGX,1711,0.3644933468608645,0.004263278827546218,0.011696451702789544,5.879725085910653,1
2024-05-14T17:03:13.002Z,GME,hybrid,0.01069271274759491,0.007228915662650534,0.0017635996908233252,1,2.0253000000000014,EDGX|CBOE|OTC,OTC,349,0.8172303119995886,0.01069271274759491,0.01308408730145131,EDGX,2550,0.313529357006538,0.004504590041151458,0.01436736286566468,7.306590257879656,1
2024-05-14T17:03:18.070Z,GME,hybrid,0.030294970312154692,0.0105263157894738,0.0018092483983005252,1,2.0253000000000014,EDGX|CBOE|OTC,OTC,341,0.8022475718682085,0.030294970312154692,0.03776262013683163,EDGX,2414,0.31705545129596774,0.004639395127502998,0.014632756221472988,7.0791788856304985,1
2024-05-14T17:03:23.146Z,GME,hybrid,0.030928038620977292,0.010199240986717262,0.001888031456026595,1,2.0253000000000014,EDGX|CBOE|OTC,OTC,357,0.667909554214692,0.030928038620977292,0.04630572871104015,EDGX,2386,0.29624731095939916,0.004892138778800623,0.01651369851411442,6.6834733893557425,1
2024-05-14T17:03:33.180Z,GME,hybrid,0.0029018574517473226,0.01904761904761898,0.0020034991221214702,1,1.3999999999999986,EDGX|CBOE|OTC,OTC,209,0.5795170987706283,0.0029018574517473226,0.005007371582138376,EDGX,1889,0.34686223778747355,0.005491193877495314,0.015831051291492364,9.038277511961722,1
2024-05-14T17:03:43.232Z,GME,hybrid,0.011918144342011024,0.01926782273603093,0.002108683359108549,1,1.6799999999999997,EDGX|CBOE|OTC,OTC,215,0.5004922560811133,0.011918144342011024,0.023812844648848048,EDGX,1638,0.3689729684905775,0.007757676912970974,0.02102505488330667,7.618604651162791,1
2024-05-14T17:10:18.698Z,GME,hybrid,0.01068793462383848,0.02185792349726765,0.003162573961940349,1,1.7199999999999989,EDGX|CBOE|OTC,OTC,844,0.5288325953798511,0.01068793462383848,0.02021043089479295,EDGX,5141,0.34746424325691466,0.01844855472936148,0.05309482943176009,6.091232227488152,1
2024-05-14T17:10:23.718Z,GME,hybrid,0.010285140794751978,0.009903504316912152,0.003286450736267144,1,1.8599999999999994,EDGX|CBOE|OTC,OTC,951,0.5533843654419018,0.010285140794751978,0.018585889730619403,EDGX,5906,0.4006243819750264,0.019164701137004855,0.04783708131423593,6.2103049421661405,1
2024-05-14T17:10:38.746Z,GME,hybrid,0.01445256106971216,0.013656274156145351,0.0034765994484037563,1,3.261199999999995,EDGX|CBOE|OTC,OTC,789,0.6299414001855683,0.01445256106971216,0.022942707155704834,EDGX,6371,0.4816321619869896,0.015958287392652648,0.03313376608160094,8.074778200253485,1
2024-05-14T17:11:13.784Z,GME,hybrid,0.013942132130407483,0.018877818563188223,0.0022213845704328167,1,2.3800000000000026,EDGX|CBOE|OTC,OTC,568,0.5853970212122916,0.013942132130407483,0.023816540954606995,EDGX,4299,0.3648474756402803,0.004966469082814386,0.013612452913641791,7.568661971830986,1
2024-05-14T17:11:23.820Z,GME,hybrid,0.011940382816919299,0.0074886333244183236,0.0021958788746726018,1,2.6300000000000026,EDGX|CBOE|OTC,OTC,523,0.5658464031640014,0.011940382816919299,0.021101809166150294,EDGX,3431,0.37128084617339546,0.004313833595178899,0.01161878841755347,6.5602294455066925,1
2024-05-14T17:17:04.435Z,GME,hybrid,0.010543152899358674,0.0070270270270269735,0.003856582781427798,1,3.929400000000001,EDGX|CBOE|OTC,OTC,571,0.6343751405804995,0.010543152899358674,0.016619744729768134,EDGX,3919,0.4348289192028609,0.013050837591418963,0.030013729572872204,6.863397548161121,1
2024-05-14T17:17:09.439Z,GME,hybrid,0.009209783537656654,0.018236254763200916,0.003329100256070691,1,3.929400000000001,EDGX|CBOE|OTC,OTC,1016,0.6289888848470772,0.009209783537656654,0.014642203955473365,EDGX,5466,0.3578323151029385,0.013020171574046037,0.036386237420453466,5.3799212598425195,1
2024-05-14T17:17:19.448Z,GME,hybrid,0.009666219052880584,0.01106314085267125,0.0032983083310772062,1,3.929400000000001,EDGX|CBOE|OTC,OTC,1234,0.6196965751182575,0.009666219052880584,0.015598309626022972,EDGX,6823,0.34940459293207793,0.011658563484913785,0.03336694399772855,5.5291734197730955,1
2024-05-14T17:17:24.451Z,GME,hybrid,0.014631327449217496,0.03442754203362688,0.00295524293701197,1,4.100000000000001,EDGX|CBOE|OTC,OTC,953,0.6230113796286096,0.014631327449217496,0.02348484783366163,EDGX,7223,0.3853163687797263,0.011115605090892352,0.028847996066439643,7.579223504721931,1
2024-05-14T17:17:29.456Z,GME,hybrid,0.013691622593161241,0.027089783281733674,0.0026748925007856372,1,2.780000000000001,EDGX|CBOE|OTC,OTC,924,0.5828210975128529,0.013691622593161241,0.02349198176179492,EDGX,4948,0.3236774398090443,0.0084670605541369,0.026158945643947565,5.354978354978355,1
2024-05-14T17:17:39.472Z,GME,hybrid,0.020098069351146264,0.00980132450331119,0.002582566092852454,1,2.780000000000001,EDGX|CBOE|OTC,OTC,502,0.6345545184708424,0.020098069351146264,0.03167272277814497,EDGX,3536,0.36600334610307594,0.005421268995216826,0.014812074952151005,7.043824701195219,1
2024-05-14T17:17:44.474Z,GME,hybrid,0.014777314340643657,0.013903462749212855,0.0021735768722722076,1,1.980000000000004,EDGX|CBOE|OTC,OTC,383,0.5736709916418176,0.014777314340643657,0.02575921487393275,EDGX,3305,0.4222929589774524,0.004821629200435256,0.01141773524263922,8.629242819843341,1
2024-05-14T17:17:54.479Z,GME,hybrid,0.013658962355969823,0.010584810796506975,0.002006813355472685,1,1.5249000000000024,EDGX|CBOE|OTC,OTC,292,0.6853772396824858,0.013658962355969823,0.019929115770313005,EDGX,2778,0.38342815045514833,0.0030888960356357602,0.00805599701526632,9.513698630136986,1
2024-05-14T17:17:59.482Z,GME,hybrid,0.018400695276447544,0.008117308195862665,0.0019943257311096363,1,1.164900000000003,EDGX|CBOE|OTC,OTC,261,0.7436547784240827,0.018400695276447544,0.024743598522208664,EDGX,2652,0.3070732649317127,0.0026949586342919275,0.008776272447199971,10.160919540229886,1
2024-05-14T17:18:09.528Z,GME,hybrid,0.005885571243787165,0.007135306553911287,0.002065120528291064,1,1.1700000000000017,EDGX|CBOE|OTC,OTC,288,0.3329709146039695,0.005885571243787165,0.017675931997806395,EDGX,2533,0.3297128605871976,0.003426482347976682,0.010392322404028568,8.79513888888889,1
2024-05-14T17:18:19.532Z,GME,hybrid,0.022548631636167448,0.016795521194348052,0.002073930108976504,1,1.6700000000000017,EDGX|CBOE|OTC,OTC,361,0.7401713674555064,0.022548631636167448,0.030464069035368226,EDGX,2629,0.318102316569635,0.0038454526582389612,0.012088728870973696,7.282548476454294,1
2024-05-14T17:18:24.577Z,GME,hybrid,0.011293110358036582,0.011930585683297117,0.0019799368438516195,1,1.6499999999999986,EDGX|CBOE|OTC,OTC,317,0.5231457061669408,0.011293110358036582,0.021586931183628682,EDGX,2492,0.340943101249446,0.003718674138795164,0.010907022682574976,7.861198738170347,1
2024-05-14T17:18:34.588Z,GME,hybrid,0.010479693990868209,0.007731271660890407,0.001935049818683306,1,1.272199999999998,EDGX|CBOE|OTC,OTC,280,0.5775452516101969,0.010479693990868209,0.018145234441198865,EDGX,2353,0.3250386588323794,0.0036386131634609576,0.011194401233784838,8.403571428571428,1
2024-05-14T17:18:59.771Z,GME,hybrid,0.01648109754807897,0.007331378299120197,0.0017241952054443893,1,1.0399999999999991,EDGX|CBOE|OTC,OTC,218,0.9015343419856033,0.01648109754807897,0.018281164433270318,EDGX,2009,0.3913064151159644,0.0035787826286581143,0.009145729511225966,9.215596330275229,1
2024-05-14T17:19:04.787Z,GME,hybrid,0.0068620398840568584,0.012306470821754756,0.0017034243924572835,1,1.4399999999999977,EDGX|CBOE|OTC,OTC,276,0.6613880328778963,0.0068620398840568584,0.010375210229005928,EDGX,1948,0.3975883057468697,0.0037662001688429075,0.00947261303817299,7.057971014492754,1
2024-05-14T17:19:19.857Z,GME,hybrid,0.024798559216334552,0.013874345549738062,0.0015186420800015026,1,1.4613000000000014,EDGX|CBOE|OTC,OTC,282,0.7528733254830309,0.024798559216334552,0.0329385547036405,EDGX,2011,0.3188459330385407,0.0021993946926670916,0.006897985719018842,7.131205673758865,1
2024-05-14T17:19:29.938Z,GME,hybrid,0.004578770456289116,0.015104166666666623,0.0015707120794580583,1,1.3500000000000014,EDGX|CBOE|OTC,OTC,357,0.601455307055222,0.004578770456289116,0.007612819111543264,EDGX,2153,0.3047276613963775,0.002448185787913132,0.008034012326595551,6.030812324929972,1
2024-05-14T17:19:34.960Z,GME,hybrid,0.020657708276888426,0.011369645690111044,0.0016578687240752512,1,1.240000000000002,EDGX|CBOE|OTC,OTC,283,0.7831254680010196,0.020657708276888426,0.026378542291082187,EDGX,2109,0.26975228699072645,0.002634233549886832,0.009765379857474171,7.4522968197879855,1
2024-05-14T17:20:00.059Z,GME,hybrid,0.006476709784763501,0.008551438196424083,0.0018083632076085667,1,1.25,EDGX|CBOE|OTC,OTC,190,0.6914535888573095,0.006476709784763501,0.009366803338842827,EDGX,1812,0.2732061700041474,0.0031003506365378155,0.01134802569243129,9.536842105263158,1
2024-05-14T17:20:05.091Z,GME,hybrid,0.007625496167014051,0.0096706743335077,0.0017771381116655478,1,1.25,EDGX|CBOE|OTC,OTC,224,0.7206949151076236,0.007625496167014051,0.010580754778705927,EDGX,1835,0.2878773922834588,0.003248155121631337,0.011283119858307725,8.191964285714286,1
2024-05-14T17:20:10.103Z,GME,hybrid,0.007016759568184413,0.009060315816722607,0.0016143952652331783,1,1.5701000000000036,EDGX|CBOE|OTC,OTC,316,0.7405300254549217,0.007016759568184413,0.009475320820211014,EDGX,1967,0.2968292015976037,0.0028037902997575925,0.009445803460936262,6.224683544303797,1
2024-05-14T17:20:25.111Z,GME,hybrid,0.005215775093774314,0.010000000000000014,0.0014698140764145948,1,1.3798999999999992,EDGX|CBOE|OTC,OTC,299,0.7318951584232808,0.005215775093774314,0.00712639649784081,EDGX,1984,0.3543879112181081,0.0033546879144353784,0.009466146581875744,6.635451505016722,1
2024-05-14T17:20:35.119Z,GME,hybrid,0.004973322937842108,0.008680112330865545,0.0013071862128868899,1,0.8699000000000012,EDGX|CBOE|OTC,OTC,298,0.6935035300950305,0.004973322937842108,0.007171301546454444,EDGX,2172,0.36380507604652834,0.003005698084936517,0.008261836579080901,7.2885906040268456,1
2024-05-14T17:21:00.234Z,GME,hybrid,0.004253946772890927,0.01393548387096772,0.0017510083716530897,1,1.0488,EDGX|CBOE|OTC,OTC,237,0.5198844889739036,0.004253946772890927,0.008182484500137607,EDGX,1826,0.3446244733730237,0.003081918962920538,0.008942832564257992,7.70464135021097,1
2024-05-14T17:21:05.262Z,GME,hybrid,0.000650148371625692,0.01568627450980396,0.0018582633048770717,1,0.8500000000000014,EDGX|CBOE|OTC,OTC,214,0.6853687820506511,0.000650148371625692,0.0009486110086316186,EDGX,1721,0.2836770155341655,0.0032928123154392884,0.011607610539891303,8.042056074766355,1
2024-05-14T17:27:13.154Z,GME,hybrid,0.012064406816824587,0.007032007759456817,0.0038538510011764514,1,3.539999999999999,EDGX|CBOE|OTC,OTC,65,0.774367320039566,0.012064406816824587,0.015579695197116739,EDGX,2754,0.5892727069476026,0.011779199502463596,0.01998938583712649,42.36923076923077,1
2024-05-14T17:27:18.180Z,GME,hybrid,0.01778089642668929,0.01766871165644169,0.0036188507680165955,1,3.539999999999999,EDGX|CBOE|OTC,OTC,121,0.7711095931153004,0.01778089642668929,0.023058844793843195,EDGX,3234,0.5544520124635656,0.012501693561241629,0.022547836927660436,26.727272727272727,1
2024-05-14T17:27:23.180Z,GME,hybrid,0.06400264316993108,0.010610079575596763,0.003385207125429803,1,3.539999999999999,EDGX|CBOE|OTC,OTC,173,0.6801941935126316,0.06400264316993108,0.0940946626424598,EDGX,3668,0.5170502062273422,0.009183063503827825,0.017760487073067942,21.202312138728324,1
2024-05-14T17:27:33.199Z,GME,hybrid,0.02690164538556378,0.012091898428053204,0.0030436401750505073,1,3.539999999999999,EDGX|CBOE|OTC,OTC,304,0.6203696757832605,0.02690164538556378,0.043363894844793235,EDGX,4625,0.4337326795782123,0.006720655935754149,0.015494926373289922,15.213815789473685,1
2024-05-14T17:27:38.200Z,GME,hybrid,0.02146630163522675,0.010513739545997556,0.002364455452881734,1,3.219999999999999,EDGX|CBOE|OTC,OTC,360,0.6619693805627682,0.02146630163522675,0.03242793740244804,EDGX,4732,0.4175463641311995,0.0057079416942616,0.013670198532654632,13.144444444444444,1
2024-05-14T17:27:58.218Z,GME,hybrid,0.007975440012207553,0.010895310279488415,0.0020080090398518526,1,3.4168999999999983,EDGX|CBOE|OTC,OTC,499,0.613709115756621,0.007975440012207553,0.012995472622848213,EDGX,2830,0.26506952766797454,0.0035829589662818013,0.013517053422941195,5.671342685370742,1
2024-05-14T17:28:18.227Z,GME,hybrid,0.00818778536596531,0.007195914577530065,0.001494475058381913,1,1.2199999999999989,EDGX|CBOE|OTC,OTC,469,0.6979980611404368,0.00818778536596531,0.0117303841110784,EDGX,2661,0.2637228315265664,0.00251862430270075,0.009550270214079034,5.673773987206823,1
2024-05-14T17:28:23.227Z,GME,hybrid,0.009346113403700665,0.012661195779601387,0.001421792838705231,1,1.2698999999999998,EDGX|CBOE|OTC,OTC,388,0.6243990855444045,0.009346113403700665,0.014968172792168527,EDGX,2541,0.28918468344883325,0.0022185376035390846,0.007671698158701481,6.548969072164948,1
2024-05-14T17:28:33.233Z,GME,hybrid,0.010525288108755634,0.00901734104046244,0.001540707507992858,1,1.4698999999999955,EDGX|CBOE|OTC,OTC,407,0.6297685946014722,0.010525288108755634,0.016712945356406994,EDGX,2574,0.3179522607580781,0.0021416190268903454,0.006735662208484341,6.324324324324325,1
2024-05-14T17:29:03.346Z,GME,hybrid,0.005606621524340247,0.011282523601197376,0.0016117985878349218,1,1.1700000000000017,EDGX|CBOE|OTC,OTC,388,0.5062926442884795,0.005606621524340247,0.011073875134448252,EDGX,2663,0.33241414713141776,0.0022178434733443587,0.006671928654310699,6.86340206185567,1
2024-05-14T17:29:13.394Z,GME,hybrid,0.010308730488023093,0.013311536665109768,0.0019823053928290533,1,1.1499999999999986,EDGX|CBOE|OTC,OTC,328,0.665220482116561,0.010308730488023093,0.015496712391090777,EDGX,2333,0.26232683811401153,0.0037257231755660047,0.014202600093653948,7.112804878048781,1
2024-05-14T17:29:23.427Z,GME,hybrid,0.012103097430069229,0.022878059940517045,0.002147919403696454,1,1.240000000000002,EDGX|CBOE|OTC,OTC,368,0.6112852905159459,0.012103097430069229,0.019799425273023984,EDGX,2086,0.31169058768091795,0.004851212867838684,0.015564194299010849,5.668478260869565,1
2024-05-14T17:29:28.430Z,GME,hybrid,0.015883482898135955,0.010770311402481874,0.0022341057155530093,1,1.240000000000002,EDGX|CBOE|OTC,OTC,368,0.48924347377834393,0.015883482898135955,0.03246539555340519,EDGX,2037,0.3434195760948535,0.009667129724987194,0.028149617546313385,5.5353260869565215,1
2024-05-14T17:29:38.434Z,GME,hybrid,0.02381822663808905,0.008788159111933454,0.0021106338961436747,1,1.240000000000002,EDGX|CBOE|OTC,OTC,285,0.4970731716579451,0.02381822663808905,0.04791694260755492,EDGX,1777,0.34060993324906463,0.008030142163347308,0.023575772106080705,6.235087719298246,1
2024-05-14T17:29:58.454Z,GME,hybrid,0.027017288236403227,0.012882447665056413,0.002026049123877296,1,1.1499999999999986,EDGX|CBOE|OTC,OTC,316,0.680865396287436,0.027017288236403227,0.03968080678460201,EDGX,1695,0.22440669690153076,0.004701347308545687,0.020950120354958166,5.363924050632911,1
2024-05-14T17:30:33.663Z,GME,hybrid,0.005259458220383733,0.008086876155268055,0.001976020092092439,1,1.7600000000000051,EDGX|CBOE|OTC,OTC,205,0.5278999566819927,0.005259458220383733,0.009962982860315016,EDGX,1329,0.2858635318018131,0.006999985062191285,0.024487156574572507,6.482926829268293,1
2024-05-14T17:36:54.293Z,GME,hybrid,0.003964719919160993,0.02711713714158699,0.004887910132602331,1,2.0600000000000023,EDGX|CBOE|OTC,OTC,155,0.6714894140519949,0.003964719919160993,0.005904366973168688,EDGX,2947,0.43358358091353905,0.03075274584344335,0.07092691512591147,19.01290322580645,1
2024-05-14T17:37:04.360Z,GME,hybrid,0.004764784221699121,0.00821542674577817,0.004335834343174341,1,2.5500000000000043,EDGX|CBOE|OTC,OTC,191,0.6007171510649418,0.004764784221699121,0.007931826506455138,EDGX,3742,0.3910573869507522,0.0140531926300737,0.03593639475692474,19.591623036649214,1
2024-05-14T17:37:09.371Z,GME,hybrid,0.004234736356093712,0.0105844454670962,0.004234279380568594,1,2.5500000000000043,EDGX|CBOE|OTC,OTC,236,0.6262038085663298,0.004234736356093712,0.006762552859250381,EDGX,4039,0.36591600280502096,0.014093265579037359,0.038515029326407955,17.114406779661017,1
2024-05-14T17:37:14.380Z,GME,hybrid,0.010115966997923182,0.016606005459508733,0.004086823866566473,1,2.5500000000000043,EDGX|CBOE|OTC,OTC,275,0.6034901328474401,0.010115966997923182,0.016762439760519592,EDGX,4349,0.35258328741339073,0.01290802174311316,0.03660985135684831,15.814545454545454,1
2024-05-14T17:37:19.380Z,GME,hybrid,0.013641531282851655,0.02382604672680995,0.0038701642526804223,1,3.3599999999999994,EDGX|CBOE|OTC,OTC,334,0.5655157646942308,0.013641531282851655,0.02412228293976474,EDGX,4481,0.3515309089824297,0.01186638726454358,0.03375631263519046,13.416167664670658,1
2024-05-14T17:37:24.380Z,GME,hybrid,0.020352343830800444,0.010035005834305711,0.00250631034600811,1,2.789999999999999,EDGX|CBOE|OTC,OTC,280,0.5061727653881155,0.020352343830800444,0.04020829491921594,EDGX,2117,0.31550936693345094,0.009411526895984604,0.02982962752408469,7.560714285714286,1
2024-05-14T17:37:59.463Z,GME,hybrid,0.009759947665688995,0.007457469121416761,0.0017674535612992011,1,1.1162000000000063,EDGX|CBOE|OTC,OTC,234,0.9263705729172831,0.009759947665688995,0.010535684045914177,EDGX,1507,0.3217535215437883,0.00616390852273824,0.01915723717074959,6.44017094017094,1
2024-05-14T17:38:14.536Z,GME,hybrid,0.006437338962288349,0.008695652173913151,0.001799885011120277,1,1.1662000000000035,EDGX|CBOE|OTC,OTC,229,0.7448712397626569,0.006437338962288349,0.00864221709558758,EDGX,1372,0.32507393259806017,0.006726663172222665,0.02069271786409245,5.991266375545852,1
2024-05-14T17:39:04.878Z,GME,hybrid,0.0033544302512260493,0.009824561403508812,0.0014209359289071076,1,0.9799999999999969,EDGX|CBOE|OTC,OTC,136,0.6290175067461575,0.0033544302512260493,0.005332809047840607,EDGX,905,0.3726678424336016,0.005879254086182976,0.01577612398158686,6.654411764705882,1
2024-05-14T17:39:09.886Z,GME,hybrid,0.0018142848202085376,0.008802409080379952,0.00131781838524319,1,0.8699999999999974,EDGX|CBOE|OTC,OTC,162,0.6739528691271732,0.0018142848202085376,0.0026920054848318877,EDGX,910,0.43637182146894954,0.005499247388282022,0.012602205545193128,5.617283950617284,1
2024-05-14T17:42:10.834Z,GME,hybrid,0.0011721414229550556,0.007192575406032535,0.0008713317703554392,1,0.5499000000000009,EDGX|CBOE|OTC,OTC,137,0.845786792734153,0.0011721414229550556,0.0013858592177419847,EDGX,931,0.2909916685292542,0.0025240922506067653,0.00867410487511264,6.795620437956204,1
2024-05-14T17:42:36.027Z,GME,hybrid,0.0005887311384591351,0.007419429631347096,0.0009383768131621285,1,0.8200000000000003,EDGX|CBOE|OTC,OTC,178,0.6980784841078486,0.0005887311384591351,0.0008433595245548063,EDGX,1053,0.3343982924828408,0.0025363650708650136,0.007584862506423126,5.915730337078652,1
2024-05-14T17:44:26.956Z,GME,hybrid,0.0011542252098359464,0.011973290352291116,0.0011591842983968452,1,0.7800000000000011,EDGX|CBOE|OTC,OTC,130,1.0327524242394788,0.0011542252098359464,0.001117620431330307,EDGX,768,0.38833377643622136,0.005447405609525782,0.014027637924048684,5.907692307692308,1
2024-05-14T17:44:42.007Z,GME,hybrid,0.005231529475277943,0.010575793184488903,0.0012576985470925586,1,1.0600000000000023,EDGX|CBOE|OTC,OTC,133,0.584294772971936,0.005231529475277943,0.008953579113276128,EDGX,1094,0.36305090096460757,0.0036146494860705616,0.00995631597791556,8.225563909774436,1
2024-05-14T17:46:32.595Z,GME,hybrid,0.008376562628045692,0.00706048481995757,0.0012664719600759189,1,0.37000000000000455,EDGX|CBOE|OTC,OTC,42,5.434318183738557,0.008376562628045692,0.0015414192442966246,EDGX,564,0.3327824184157927,0.006609071211760102,0.01986003720756198,13.428571428571429,1
2024-05-14T17:47:28.240Z,GME,hybrid,0.017350105103367635,0.009011145364002906,0.00890156961865222,1,12.080000000000005,EDGX|CBOE|OTC,OTC,112,1.4560393408910843,0.017350105103367635,0.01191595901024866,EDGX,985,0.29698834391101153,0.864425199164731,2.9106367872260472,8.794642857142858,1
2024-05-14T17:47:33.248Z,GME,hybrid,0.013296445582042746,0.00813786500718055,0.008465982657164224,1,12.370000000000005,EDGX|CBOE|OTC,OTC,132,0.6990973292250298,0.013296445582042746,0.019019448403246302,EDGX,1039,0.3125377340666453,0.1278435738430937,0.40905004390872185,7.871212121212121,1
2024-05-14T17:49:54.507Z,GME,hybrid,0.007238591737281067,0.007352941176470519,0.0016142839795823946,1,1.843500000000006,EDGX|CBOE|OTC,OTC,86,5.313214364785098,0.007238591737281067,0.0013623752478832735,EDGX,1009,0.34453426648644947,0.004849252268418393,0.014074803989370716,11.732558139534884,1
2024-05-14T17:50:34.747Z,GME,hybrid,0.005182557843197587,0.010281517747858059,0.0014892677318851584,1,1.2912000000000035,EDGX|CBOE|OTC,OTC,121,0.8922347791869286,0.005182557843197587,0.005808513593160225,EDGX,828,0.3760201518777989,0.005943571595026122,0.01580652410607423,6.8429752066115705,1
2024-05-14T17:50:39.762Z,GME,hybrid,0.0016184002268779013,0.00957995578481947,0.0014743549432060675,1,1.5712000000000046,EDGX|CBOE|OTC,OTC,156,0.4408764015787799,0.0016184002268779013,0.0036708706138101396,EDGX,1013,0.37825147312785196,0.005257887040966327,0.013900506447437205,6.493589743589744,1
2024-05-14T17:51:40.249Z,GME,hybrid,0.0019942588233847753,0.009088676000982496,0.0017700331291559438,1,1.7999999999999972,EDGX|CBOE|OTC,OTC,175,0.5638516605247937,0.0019942588233847753,0.0035368501380818114,EDGX,952,0.37719761181373235,0.010531191587539247,0.027919560616782902,5.44,1
2024-05-14T17:55:38.070Z,GME,hybrid,0.0017082847415108146,0.007661000718218823,0.0011730349705341575,1,0.9162999999999997,EDGX|CBOE|OTC,OTC,106,1.3956275925728139,0.0017082847415108146,0.00122402620197672,EDGX,602,0.4089584285089027,0.00473803472656689,0.011585614566845264,5.679245283018868,1
2024-05-14T17:56:33.440Z,GME,hybrid,0.004372943739002116,0.011944577161968466,0.0010867772171906953,1,0.7089999999999961,EDGX|CBOE|OTC,OTC,92,1.2733692898611857,0.004372943739002116,0.0034341520357215665,EDGX,599,0.4079848410546116,0.007202474800589026,0.017653780424711725,6.510869565217392,1
2024-05-14T17:59:10.342Z,GME,hybrid,0.00010102709701035501,0.00915063350539654,0.0011850395713560806,1,0.6499999999999986,EDGX|CBOE|OTC,OTC,91,0.5658406949486205,0.00010102709701035501,0.00017854335665894175,EDGX,515,0.45362719143632924,0.006567114270574836,0.014476897316894177,5.65934065934066,1
2024-05-14T18:00:36.702Z,GME,hybrid,0.0004727758666747313,0.011842728564661299,0.0009406064211769028,1,0.7800000000000011,EDGX|CBOE|OTC,OTC,66,0.9342776039300352,0.0004727758666747313,0.0005060336078762901,EDGX,531,0.3479736582772409,0.0033106466201106174,0.009514072520607084,8.045454545454545,1
2024-05-14T18:08:50.950Z,GME,hybrid,0.006254206462666865,0.007259528130671513,0.001453641709983288,1,0.6400000000000006,EDGX|CBOE|OTC,OTC,76,33.80994938233001,0.006254206462666865,0.00018498124300462518,EDGX,598,0.24624438130776738,0.0066874347351753224,0.027157715029513967,7.868421052631579,1
2024-05-14T18:12:27.142Z,GME,hybrid,0.0035473274221212645,0.007412252016568638,0.0009643166132849774,1,1.8485999999999976,EDGX|CBOE|OTC,OTC,275,0.7977256096042363,0.0035473274221212645,0.004446801480876547,EDGX,1579,0.26177498004584104,0.0021783697606404724,0.008321535389894804,5.741818181818182,1
2024-05-14T18:18:44.374Z,GME,hybrid,0.04031416676982122,0.009735449735449753,0.004441253689873824,1,2.9200000000000017,EDGX|CBOE|OTC,OTC,101,0.7392086975618065,0.04031416676982122,0.05453692157951169,EDGX,2488,0.3308888766573879,0.012584661802586179,0.03803289469780729,24.633663366336634,1
2024-05-14T18:18:59.434Z,GME,hybrid,0.025403526605668397,0.014740440076906747,0.00382570589611401,1,3.4975999999999985,EDGX|CBOE|OTC,OTC,293,0.617427069276742,0.025403526605668397,0.04114417373282038,EDGX,3268,0.40316215920759013,0.015259833380840184,0.037850361281012046,11.15358361774744,1
2024-05-14T18:19:04.444Z,GME,hybrid,0.07135304190190318,0.01951431049436266,0.0026568089368987535,1,3.4975999999999985,EDGX|CBOE|OTC,OTC,277,0.5968658144383887,0.07135304190190318,0.1195462031428985,EDGX,3192,0.35689108493785054,0.013931763448770073,0.039036456882065765,11.52346570397112,1
2024-05-14T18:19:29.640Z,GME,hybrid,0.016541137694273497,0.00944386149003154,0.0022498563837920838,1,3.6700000000000017,EDGX|CBOE|OTC,OTC,275,0.7796216736003705,0.016541137694273497,0.02121687769131004,EDGX,1508,0.3430695788321959,0.008621300461586646,0.02512988907653495,5.483636363636363,1
2024-05-14T18:20:09.734Z,GME,hybrid,0.010484985431611006,0.008091286307053953,0.0012253797593042746,1,0.7094000000000023,EDGX|CBOE|OTC,OTC,216,0.9939083012357472,0.010484985431611006,0.010549248274287278,EDGX,1613,0.3020757216276142,0.0031179433037982333,0.010321727568830897,7.467592592592593,1
2024-05-14T18:20:39.884Z,GME,hybrid,0.005463092206296487,0.007005975685143134,0.001132833191788369,1,1.161999999999999,EDGX|CBOE|OTC,OTC,257,0.521825533286111,0.005463092206296487,0.010469192973163954,EDGX,1546,0.29150219371072694,0.0023415175514845143,0.008032589812370764,6.01556420233463,1
2024-05-14T18:22:25.206Z,GME,hybrid,0.001422479295722399,0.01015754560530684,0.001479074289720301,1,1.3999999999999986,EDGX|CBOE|OTC,OTC,225,0.4918904636613593,0.001422479295722399,0.0028918619099346904,EDGX,1519,0.34281515796437184,0.0034440806829501933,0.010046465574629376,6.751111111111111,1
2024-05-14T18:23:10.403Z,GME,hybrid,0.0011491699532828685,0.02296296296296298,0.001734503976768608,1,2.3590000000000018,EDGX|CBOE|OTC,OTC,248,0.5761442683776444,0.0011491699532828685,0.0019945871483175526,EDGX,1346,0.34167358770788125,0.0029841762181473516,0.008733997374999662,5.42741935483871,1
2024-05-14T18:23:35.507Z,GME,hybrid,0.027092383780365867,0.008029513888888834,0.0018761935634115103,1,2.8190000000000026,EDGX|CBOE|OTC,OTC,352,0.588608728702262,0.027092383780365867,0.046027832173161844,EDGX,1912,0.2657841000952483,0.008352506355341056,0.03142590678805765,5.431818181818182,1
2024-05-14T18:23:50.546Z,GME,hybrid,0.007398601001531354,0.011930585683297272,0.0026405231313386657,1,4.600000000000001,EDGX|CBOE|OTC,OTC,219,0.8333963046404035,0.007398601001531354,0.008877650357141584,EDGX,1333,0.23469345255318907,0.021484263242046078,0.0915418091485831,6.0867579908675795,1
2024-05-14T18:29:12.049Z,GME,hybrid,0.0026154203764791437,0.012500000000000051,0.003207060826664618,1,2.3699999999999974,EDGX|CBOE|OTC,OTC,70,0.6513531853603464,0.0026154203764791437,0.0040153643756761885,EDGX,1622,0.573028425012787,0.022696765546181857,0.039608446205221644,23.17142857142857,1
2024-05-14T18:29:37.136Z,GME,hybrid,0.009445972668744971,0.008364516839093167,0.002061731509063988,1,1.7000000000000028,EDGX|CBOE|OTC,OTC,237,0.9627475649856607,0.009445972668744971,0.00981147396502183,EDGX,2529,0.5461926997369939,0.011746579763724918,0.021506292137154534,10.670886075949367,1
2024-05-14T18:30:32.358Z,GME,hybrid,0.004211106473153549,0.011599912453490943,0.0012104645125954568,1,1.029900000000005,EDGX|CBOE|OTC,OTC,160,0.5291178171455657,0.004211106473153549,0.007958731187453154,EDGX,1022,0.3262001570859484,0.005396805319907496,0.016544459598422344,6.3875,1
2024-05-14T18:30:42.560Z,GME,hybrid,0.0013719448179149057,0.009708737864077732,0.0011483585050926217,1,1.1799999999999997,EDGX|CBOE|OTC,OTC,197,0.6208533017339742,0.0013719448179149057,0.0022097729271684896,EDGX,1094,0.3260603523137803,0.0046642859573370185,0.014304977358450495,5.553299492385787,1
2024-05-14T18:30:47.575Z,GME,hybrid,0.006376321178563402,0.008061002178649336,0.0010761015529387986,1,1.1799999999999997,EDGX|CBOE|OTC,OTC,151,1.522779862045437,0.006376321178563402,0.004187290190453769,EDGX,1011,0.2879809601270269,0.0039579327035867504,0.013743730494685923,6.695364238410596,1
2024-05-14T18:31:32.859Z,GME,hybrid,0.009304739463325239,0.007430997876857779,0.0011877356008674067,1,1.5450000000000017,EDGX|CBOE|OTC,OTC,202,0.8022280297285933,0.009304739463325239,0.011598621736606713,EDGX,1176,0.2907089508091523,0.003975908382210147,0.01367659430899427,5.821782178217822,1
2024-05-14T18:31:47.890Z,GME,hybrid,0.006307381453357716,0.009959737232464481,0.0009918295463976629,1,1.1099999999999994,EDGX|CBOE|OTC,OTC,198,0.5454146098193793,0.006307381453357716,0.011564379354352979,EDGX,1246,0.34798696631807813,0.0035386252512983347,0.010168844220630515,6.292929292929293,1
2024-05-14T18:33:08.419Z,GME,hybrid,0.007628437337458194,0.007454739084131934,0.0011490918177714273,1,1.3000000000000043,EDGX|CBOE|OTC,OTC,163,1.001086250193655,0.007628437337458194,0.007620159937250673,EDGX,894,0.38956287147563073,0.006023943985644697,0.01546334218871145,5.484662576687117,1
2024-05-14T18:33:54.148Z,GME,hybrid,0.02019227457642078,0.00854700854700867,0.0011210479175982936,1,0.5899999999999963,EDGX|CBOE|OTC,OTC,66,27.561688025158336,0.02019227457642078,0.0007326211136991773,EDGX,565,0.49696881420942196,0.0116505706579892,0.023443263087892,8.56060606060606,1
2024-05-14T18:37:16.176Z,GME,hybrid,0.006300603730251223,0.009470512268618118,0.0012016264595123942,1,0.7700000000000031,EDGX|CBOE|OTC,OTC,113,5.421652756960006,0.006300603730251223,0.0011621186403284259,EDGX,749,0.28384595696905135,0.005547488987989057,0.019544012700501198,6.628318584070796,1
2024-05-14T18:37:56.453Z,GME,hybrid,0.005200956354015405,0.009483667017913653,0.0009305875695308878,1,0.5300000000000011,EDGX|CBOE|OTC,OTC,107,1.1898328744397004,0.005200956354015405,0.004371165451672839,EDGX,722,0.38540381332711393,0.005911653274805354,0.015338855170557953,6.747663551401869,1
2024-05-14T18:44:30.001Z,GME,hybrid,0.010789942264441313,0.007217847769028834,0.001048783600493297,1,0.6200000000000045,EDGX|CBOE|OTC,OTC,68,6.185901875364716,0.010789942264441313,0.0017442795701968915,EDGX,643,0.46750121782552395,0.0067327078826789595,0.014401476672070772,9.455882352941176,1
2024-05-14T18:44:35.007Z,GME,hybrid,0.009421624650926603,0.008298755186722047,0.00102740895528355,1,0.7120999999999995,EDGX|CBOE|OTC,OTC,74,7.599252253259245,0.009421624650926603,0.0012398094361041588,EDGX,627,0.4517355546680549,0.0057671701476910186,0.012766695222670398,8.472972972972974,1
2024-05-14T18:46:36.117Z,GME,hybrid,0.008419228531582097,0.007138221933809179,0.0008220567124943766,1,0.38000000000000256,EDGX|CBOE|OTC,OTC,99,3.890287620384409,0.008419228531582097,0.0021641660856813903,EDGX,565,0.46660097430898206,0.006311851102891446,0.013527299449468686,5.707070707070707,1
2024-05-14T18:53:10.919Z,GME,hybrid,0.003417798433101048,0.007877560207067329,0.0019037986716979685,1,1.0300000000000011,EDGX|CBOE|OTC,OTC,226,0.7916431036049266,0.003417798433101048,0.004317347574351784,EDGX,1231,0.32443538430408186,0.007659798362836632,0.02360962685764686,5.446902654867257,1
2024-05-14T18:54:31.708Z,GME,hybrid,0.005887139390643528,0.007699275362318918,0.001002913853373953,1,0.6599999999999966,EDGX|CBOE|OTC,OTC,100,2.1232327741519925,0.005887139390643528,0.0027727244333795756,EDGX,752,0.39124537051413383,0.005129405552923113,0.013110456862869926,7.52,1
2024-05-14T18:56:37.985Z,GME,hybrid,0.0008605520116152076,0.012042818911686133,0.0009996172034690103,1,0.6499999999999986,EDGX|CBOE|OTC,OTC,99,0.8653714283414061,0.0008605520116152076,0.0009944308113621968,EDGX,608,0.43707686157002174,0.004567860168576248,0.010450931106643484,6.141414141414141,1
2024-05-14T18:56:58.074Z,GME,hybrid,0.008984008157123764,0.008591453764413353,0.0011339380338133375,1,0.6799999999999997,EDGX|CBOE|OTC,OTC,77,3.5965538064898914,0.008984008157123764,0.0024979490480337998,EDGX,564,0.534275585417472,0.012773820570872632,0.023908673575064134,7.324675324675325,1
2024-05-14T19:00:40.203Z,GME,hybrid,0.004438112612442462,0.009035464196973087,0.0012100966450542272,1,0.5899999999999963,EDGX|CBOE|OTC,OTC,73,2.4850059901710493,0.004438112612442462,0.0017859565047313932,EDGX,666,0.38863057407976204,0.005931274118673028,0.015261985325569627,9.123287671232877,1
2024-05-14T19:00:45.216Z,GME,hybrid,0.010118243360547216,0.010073875083949023,0.0011262402190639698,1,0.5899999999999963,EDGX|CBOE|OTC,OTC,82,2.7571327297151385,0.010118243360547216,0.003669842678046411,EDGX,643,0.30288818784051774,0.004481065698968331,0.014794455112022343,7.841463414634147,1
2024-05-14T19:02:15.910Z,GME,hybrid,0.004279795272129672,0.009970541581690407,0.0011223933709333285,1,0.6600000000000037,EDGX|CBOE|OTC,OTC,89,2.80561665732971,0.004279795272129672,0.001525438359851711,EDGX,545,0.4972002224428294,0.009903538362890072,0.019918612091990428,6.123595505617978,1
2024-05-14T19:03:01.496Z,GME,hybrid,0.00020027106244012373,0.009101251422070663,0.0013241540227996403,1,0.4799999999999969,EDGX|CBOE|OTC,OTC,103,0.47145492890629753,0.00020027106244012373,0.0004247936550471995,EDGX,618,0.33766174696733514,0.00700686220422433,0.020751128213828032,6,1
2024-05-14T19:03:11.576Z,GME,hybrid,0.0021314540461877998,0.007154396492037902,0.0012547062012418218,1,0.6499999999999986,EDGX|CBOE|OTC,OTC,61,0.6016071176300727,0.0021314540461877998,0.0035429335586724684,EDGX,555,0.39908697342871097,0.0075393144333013844,0.018891406974595563,9.098360655737705,1
2024-05-14T19:03:36.997Z,GME,hybrid,0.000544759451912393,0.007341133287451256,0.0011541313142392957,1,0.5,EDGX|CBOE|OTC,OTC,45,7.311214217614749,0.000544759451912393,0.0000745101204393541,EDGX,535,0.4781387421278848,0.007915075909134553,0.016553931341998545,11.88888888888889,1
2024-05-14T19:07:14.796Z,GME,hybrid,0.005640052634169312,0.008833100883310147,0.0009151990338328254,1,0.5998999999999981,EDGX|CBOE|OTC,OTC,99,8.428493403358287,0.005640052634169312,0.0006691649817180925,EDGX,575,0.3590579110107761,0.003751317675936504,0.010447667523537502,5.808080808080808,1
2024-05-14T19:07:45.472Z,GME,hybrid,0.0003362303596021377,0.007945781724701947,0.0012457845597285558,1,0.5600000000000023,EDGX|CBOE|OTC,OTC,39,2.2409114806800625,0.0003362303596021377,0.00015004178545245344,EDGX,485,0.4093100899755477,0.009549451063143782,0.02333060263360297,12.435897435897436,1
2024-05-14T19:12:33.832Z,GME,hybrid,0.005329723686749999,0.007038948850304955,0.0009105952178948942,1,0.4299999999999997,EDGX|CBOE|OTC,OTC,106,2.275569307392432,0.005329723686749999,0.0023421495752451124,EDGX,597,0.4196933541564432,0.003886327485531912,0.009259921433216835,5.632075471698113,1
2024-05-14T19:13:39.711Z,GME,hybrid,0.000052711075982495575,0.007715688566752356,0.0009338864581836411,1,0.7274000000000029,EDGX|CBOE|OTC,OTC,119,0.544388037116609,0.000052711075982495575,0.0000968262937254897,EDGX,709,0.43728386981998724,0.0022942309076885267,0.005246548217369583,5.957983193277311,1
2024-05-14T19:15:30.435Z,GME,hybrid,0.0006787731771405579,0.007570543702684225,0.0013262913547017203,1,0.697499999999998,EDGX|CBOE|OTC,OTC,128,0.47215673003300784,0.0006787731771405579,0.0014376014021723375,EDGX,778,0.3417333291600307,0.008841036034804234,0.025871155314394444,6.078125,1
2024-05-14T19:17:16.684Z,GME,hybrid,0.0004159948939859718,0.011797362942401066,0.0009818825292859854,1,0.6200000000000045,EDGX|CBOE|OTC,OTC,86,1.1592633249719955,0.0004159948939859718,0.0003588441771812466,EDGX,495,0.3289216630078474,0.003366696770156818,0.010235558033392574,5.755813953488372,1
2024-05-14T19:19:18.410Z,GME,hybrid,0.007345703690205588,0.007101947308132927,0.001267446510375032,1,0.5277999999999992,EDGX|CBOE|OTC,OTC,70,1.923161697231136,0.007345703690205588,0.0038195975412683887,EDGX,545,0.5065863642850895,0.009412454972905656,0.01858015856030552,7.785714285714286,1
2024-05-14T19:19:58.780Z,GME,hybrid,0.0023979909445193733,0.007215332581736195,0.004072502486454698,1,5.549999999999997,EDGX|CBOE|OTC,OTC,155,0.5859206408862178,0.0023979909445193733,0.004092688970459139,EDGX,903,0.5245220889757448,0.3909749849325295,0.7453927930776032,5.825806451612904,1
2024-05-14T19:20:24.044Z,GME,hybrid,0.0062431803902577255,0.007048658481127837,0.0011889511229703558,1,0.44999999999999574,EDGX|CBOE|OTC,OTC,124,0.7426446239330255,0.0062431803902577255,0.00840668630602079,EDGX,800,0.42161995594913515,0.007691012180284722,0.018241575313889025,6.451612903225806,1
2024-05-14T19:21:29.576Z,GME,hybrid,0.0016338046003567066,0.007045454545454597,0.0008582702423486383,1,0.39000000000000057,EDGX|CBOE|OTC,OTC,100,6.722241521992651,0.0016338046003567066,0.00024304461465889186,EDGX,597,0.3238247557536051,0.0031626869373870803,0.009766662002189654,5.97,1
2024-05-14T19:23:36.006Z,GME,hybrid,0.001531959925089232,0.011128421989761852,0.0010666571702157247,1,0.9715999999999951,EDGX|CBOE|OTC,OTC,140,1.5362145320778793,0.001531959925089232,0.000997230460394817,EDGX,793,0.3388230795544085,0.004508723793833023,0.013307014975964789,5.664285714285715,1
2024-05-14T19:24:51.536Z,GME,hybrid,0.0017256903397613469,0.0078843626806833,0.0011476471448772275,1,1.1104999999999947,EDGX|CBOE|OTC,OTC,170,1.557267683713169,0.0017256903397613469,0.0011081526688119468,EDGX,971,0.3362473022337446,0.003642560851856846,0.01083298164077074,5.711764705882353,1
2024-05-14T19:27:07.883Z,GME,hybrid,0.005222278124814084,0.008124576844955978,0.0011804328468145947,1,0.75,EDGX|CBOE|OTC,OTC,89,3.52466792869575,0.005222278124814084,0.0014816369174234546,EDGX,769,0.35493563608251427,0.0037151267019784615,0.010467043385620432,8.640449438202246,1
2024-05-14T19:27:53.672Z,GME,hybrid,0.010793992988582713,0.007310589277802355,0.0010381746583114438,1,0.6888999999999967,EDGX|CBOE|OTC,OTC,109,1.5461337905854649,0.010793992988582713,0.0069812800511237895,EDGX,734,0.4299503156936883,0.0061148922498149546,0.014222322967594745,6.73394495412844,1
2024-05-14T19:28:38.985Z,GME,hybrid,0.0014663811531369826,0.010176991150442497,0.0009340695894156345,1,0.8400000000000034,EDGX|CBOE|OTC,OTC,115,0.7418228396763078,0.0014663811531369826,0.0019767268877523827,EDGX,649,0.3747374637152299,0.005366687866175186,0.01432119386454895,5.643478260869565,1
2024-05-14T19:29:44.478Z,GME,hybrid,0.001432696776926969,0.008928571428571556,0.0011008458286366942,1,0.6799999999999997,EDGX|CBOE|OTC,OTC,90,0.7367725227718496,0.001432696776926969,0.0019445578284284371,EDGX,504,0.4645063135668229,0.008854983821900827,0.019063215209941312,5.6,1
2024-05-14T19:32:20.635Z,GME,hybrid,0.003897593363963483,0.007583737097113955,0.0008193540441716681,1,0.5900000000000034,EDGX|CBOE|OTC,OTC,227,0.9302833690626287,0.003897593363963483,0.004189684018419864,EDGX,1435,0.35078611075158145,0.001572027785132393,0.004481442500001565,6.3215859030837,1
2024-05-14T19:34:01.230Z,GME,hybrid,0.0039127088237203645,0.007427843803055907,0.0011368769938285839,1,0.7299000000000007,EDGX|CBOE|OTC,OTC,194,1.5660316082855144,0.0039127088237203645,0.002498486494793029,EDGX,1373,0.31480649241922243,0.003392680974244451,0.01077703623001039,7.077319587628866,1
2024-05-14T19:37:32.919Z,GME,hybrid,0.0006840979776085074,0.009649674847912751,0.000995171154164142,1,0.7798000000000016,EDGX|CBOE|OTC,OTC,191,0.6300003771840272,0.0006840979776085074,0.0010858691556127084,EDGX,1067,0.3553842470554816,0.004112463890337062,0.011571880083066923,5.5863874345549736,1
2024-05-14T19:38:58.779Z,GME,hybrid,0.004680288030596115,0.00748182984181277,0.0011622548393152908,1,0.509999999999998,EDGX|CBOE|OTC,OTC,103,0.9726749025585704,0.004680288030596115,0.004811770117934433,EDGX,762,0.3687318744716636,0.006112967335195988,0.016578353428097138,7.398058252427185,1
2024-05-14T19:51:59.371Z,GME,hybrid,0.0013028680696582273,0.01613545816733072,0.0015302452375481,1,1.3799999999999955,EDGX|CBOE|OTC,OTC,226,0.5554655678057125,0.0013028680696582273,0.002345542451542085,EDGX,1801,0.29419894725797735,0.00254167686705813,0.008639313263175557,7.969026548672566,1
2024-05-14T19:53:04.679Z,GME,hybrid,0.002385388222085001,0.008782679738562086,0.0008130595638997591,1,1.3385999999999996,EDGX|CBOE|OTC,OTC,267,0.6545799565143908,0.002385388222085001,0.003644151028985194,EDGX,1514,0.2967264210502911,0.002419826459845424,0.008155075814550723,5.670411985018727,1
2024-05-14T19:57:46.136Z,GME,hybrid,0.0026514712123909003,0.0073664825046040406,0.0005548609305435555,1,0.9500000000000028,EDGX|CBOE|OTC,OTC,201,0.7777742898564899,0.0026514712123909003,0.0034090497037130574,EDGX,1805,0.3472492199986021,0.0007445438043093835,0.0021441194434141013,8.980099502487562,1